level,dest,origin,airline,flight_number,route,scheduled_departure_bucket,scheduled_departure_hour,data_period_start,data_period_end,total_scheduled_flights,completed_flights,cancelled_count,diverted_count,cancellation_rate,delay_over_60min_count,delay_over_60min_rate,delay_over_180min_count,delay_over_180min_rate,avg_arrival_delay_minutes,median_arrival_delay_minutes,p90_arrival_delay_minutes,avg_departure_delay_minutes,median_departure_delay_minutes,p90_departure_delay_minutes,departure_delay_over_15min_count,departure_delay_over_15min_rate,departure_delay_over_30min_count,departure_delay_over_30min_rate,departure_delay_over_60min_count,departure_delay_over_60min_rate,avg_delay_recovery_minutes,median_delay_recovery_minutes,recovered_from_30min_departure_delay_count,recovered_from_30min_departure_delay_rate,recovered_from_60min_departure_delay_count,recovered_from_60min_departure_delay_rate
airport_total,SJU,,,,,,,2024-01-01,2024-12-31,35435,35034,401,75,0.011316,3231,0.092225,601,0.017155,11.72,-4.0,56.0,20.33,0.0,57.0,9288,0.265114,6102,0.174174,3261,0.093081,0.44,0.0,266,0.042731,12,0.003612
origin_route,SJU,ATL,,,ATL→SJU,,,2024-01-01,2024-12-31,2117,2108,9,5,0.004251,135,0.064042,14,0.006641,7.97,-3.0,43.0,13.91,0.0,40.8,448,0.212524,273,0.129507,137,0.064991,-0.25,0.0,9,0.032491,0,0.0
origin_route,SJU,AUS,,,AUS→SJU,,,2024-01-01,2024-12-31,30,30,0,0,0.0,2,0.066667,0,0.0,10.1,-2.0,40.6,18.77,5.5,42.2,9,0.3,8,0.266667,2,0.066667,3.73,3.5,0,0.0,0,0.0
origin_route,SJU,BDL,,,BDL→SJU,,,2024-01-01,2024-12-31,1000,981,19,2,0.019,173,0.176351,28,0.028542,28.72,6.0,91.0,35.99,11.0,89.0,423,0.431193,296,0.301733,159,0.16208,0.12,0.0,14,0.04698,1,0.006173
origin_route,SJU,BNA,,,BNA→SJU,,,2024-01-01,2024-12-31,48,48,0,0,0.0,1,0.020833,0,0.0,7.27,4.0,29.0,11.21,5.5,31.0,12,0.25,6,0.125,1,0.020833,1.17,0.0,0,0.0,0,0.0
origin_route,SJU,BOS,,,BOS→SJU,,,2024-01-01,2024-12-31,2040,2014,26,3,0.012745,241,0.119662,46,0.02284,18.29,0.0,71.0,24.24,3.0,67.0,603,0.299404,402,0.199603,232,0.115194,-1.22,0.0,15,0.036675,1,0.004237
origin_route,SJU,BWI,,,BWI→SJU,,,2024-01-01,2024-12-31,1334,1315,19,3,0.014243,113,0.085932,14,0.010646,12.3,-1.0,53.0,21.74,6.0,56.0,445,0.338403,274,0.208365,123,0.093536,2.07,0.0,17,0.060714,0,0.0
origin_route,SJU,CLE,,,CLE→SJU,,,2024-01-01,2024-12-31,203,198,5,1,0.024631,25,0.126263,4,0.020202,17.68,0.0,77.4,22.55,0.0,62.8,47,0.237374,37,0.186869,21,0.106061,-2.54,0.0,3,0.081081,0,0.0
origin_route,SJU,CLT,,,CLT→SJU,,,2024-01-01,2024-12-31,1107,1101,6,3,0.00542,98,0.08901,27,0.024523,17.04,-5.0,54.3,26.91,0.0,52.0,290,0.263397,192,0.174387,100,0.090827,0.73,0.0,11,0.056122,0,0.0
origin_route,SJU,DCA,,,DCA→SJU,,,2024-01-01,2024-12-31,366,365,1,2,0.002732,31,0.084932,6,0.016438,6.61,-7.0,51.0,13.98,0.0,30.8,58,0.158904,37,0.10137,24,0.065753,-3.39,0.0,0,0.0,0,0.0
origin_route,SJU,DEN,,,DEN→SJU,,,2024-01-01,2024-12-31,307,305,2,0,0.006515,11,0.036066,2,0.006557,7.51,2.0,35.6,8.82,0.0,21.8,45,0.147541,18,0.059016,10,0.032787,-4.36,0.0,1,0.05,0,0.0
origin_route,SJU,DFW,,,DFW→SJU,,,2024-01-01,2024-12-31,948,940,8,4,0.008439,107,0.11383,15,0.015957,15.1,0.0,68.5,22.7,2.0,67.0,291,0.309574,206,0.219149,106,0.112766,0.15,0.0,10,0.048309,0,0.0
origin_route,SJU,DTW,,,DTW→SJU,,,2024-01-01,2024-12-31,324,324,0,2,0.0,15,0.046296,4,0.012346,2.55,-5.0,26.8,9.24,0.0,20.0,37,0.114198,22,0.067901,13,0.040123,-2.02,0.0,1,0.043478,0,0.0
origin_route,SJU,EWR,,,EWR→SJU,,,2024-01-01,2024-12-31,2252,2222,30,6,0.013321,245,0.110261,55,0.024752,14.36,-4.0,64.5,22.16,0.0,61.0,582,0.261926,399,0.179568,224,0.10081,-1.28,0.0,18,0.044554,0,0.0
origin_route,SJU,FLL,,,FLL→SJU,,,2024-01-01,2024-12-31,2409,2386,23,1,0.009548,185,0.077536,29,0.012154,10.0,-3.0,49.0,18.44,2.0,50.6,708,0.296731,439,0.18399,190,0.079631,1.69,0.0,11,0.024664,0,0.0
origin_route,SJU,HOU,,,HOU→SJU,,,2024-01-01,2024-12-31,105,104,1,0,0.009524,10,0.096154,2,0.019231,23.63,11.5,56.5,23.99,14.0,60.4,46,0.442308,18,0.173077,11,0.105769,-1.54,0.0,0,0.0,0,0.0
origin_route,SJU,HPN,,,HPN→SJU,,,2024-01-01,2024-12-31,64,64,0,0,0.0,8,0.125,2,0.03125,20.77,1.5,68.0,17.75,0.0,42.1,12,0.1875,9,0.140625,2,0.03125,-9.44,-1.5,0,0.0,0,0.0
origin_route,SJU,IAD,,,IAD→SJU,,,2024-01-01,2024-12-31,420,417,3,1,0.007143,22,0.052758,5,0.01199,0.26,-9.0,25.5,10.13,0.0,17.5,45,0.107914,28,0.067146,19,0.045564,-1.07,0.0,1,0.035714,0,0.0
origin_route,SJU,IAH,,,IAH→SJU,,,2024-01-01,2024-12-31,953,936,17,2,0.017838,77,0.082265,20,0.021368,6.95,-9.0,48.7,19.34,0.0,58.7,196,0.209402,148,0.15812,90,0.096154,0.75,0.0,14,0.092715,2,0.021505
origin_route,SJU,JAX,,,JAX→SJU,,,2024-01-01,2024-12-31,256,247,9,0,0.035156,29,0.117409,10,0.040486,19.67,-5.0,67.4,29.46,0.0,72.2,73,0.295547,48,0.194332,28,0.11336,0.63,0.0,1,0.019608,0,0.0
origin_route,SJU,JFK,,,JFK→SJU,,,2024-01-01,2024-12-31,3725,3689,36,3,0.009664,395,0.107075,82,0.022228,12.18,-5.0,64.0,22.2,0.0,63.0,1020,0.276498,685,0.185687,386,0.104635,0.04,0.0,43,0.06108,3,0.007557
origin_route,SJU,MCO,,,MCO→SJU,,,2024-01-01,2024-12-31,6308,6239,69,11,0.010938,495,0.07934,85,0.013624,8.88,-4.0,48.0,18.93,1.0,55.0,1707,0.273602,1081,0.173265,560,0.089758,2.82,0.0,31,0.027903,0,0.0
origin_route,SJU,MDW,,,MDW→SJU,,,2024-01-01,2024-12-31,111,108,3,1,0.027027,5,0.046296,0,0.0,6.44,1.0,41.0,13.56,2.0,40.2,28,0.259259,15,0.138889,6,0.055556,-0.21,0.0,1,0.066667,0,0.0
origin_route,SJU,MIA,,,MIA→SJU,,,2024-01-01,2024-12-31,2963,2935,28,6,0.00945,282,0.096082,54,0.018399,10.31,-7.0,58.0,20.17,0.0,58.0,723,0.246337,507,0.172743,285,0.097104,0.72,0.0,14,0.027132,1,0.00346
origin_route,SJU,MSP,,,MSP→SJU,,,2024-01-01,2024-12-31,129,128,1,1,0.007752,3,0.023438,0,0.0,-13.54,-18.0,15.2,5.77,0.0,13.4,11,0.085938,5,0.039062,3,0.023438,0.28,0.0,0,0.0,0,0.0
origin_route,SJU,MSY,,,MSY→SJU,,,2024-01-01,2024-12-31,100,98,2,0,0.02,5,0.05102,2,0.020408,-1.05,-11.0,28.3,12.57,0.0,32.2,17,0.173469,12,0.122449,5,0.05102,0.92,0.0,4,0.307692,0,0.0
origin_route,SJU,ORD,,,ORD→SJU,,,2024-01-01,2024-12-31,1204,1196,8,5,0.006645,74,0.061873,19,0.015886,5.98,-4.0,41.0,14.57,0.0,34.0,224,0.187291,135,0.112876,75,0.062709,-0.32,0.0,9,0.066176,0,0.0
origin_route,SJU,ORF,,,ORF→SJU,,,2024-01-01,2024-12-31,27,26,1,0,0.037037,5,0.192308,1,0.038462,51.81,-2.5,78.0,57.65,4.0,87.0,8,0.307692,7,0.269231,4,0.153846,-3.85,0.0,0,0.0,0,0.0
origin_route,SJU,PBI,,,PBI→SJU,,,2024-01-01,2024-12-31,4,3,1,0,0.25,0,0.0,0,0.0,8.67,10.0,35.6,14.0,4.0,31.2,1,0.333333,1,0.333333,0,0.0,-3.33,-4.0,0,0.0,0,
origin_route,SJU,PHL,,,PHL→SJU,,,2024-01-01,2024-12-31,1443,1419,24,6,0.016632,166,0.116984,25,0.017618,19.93,4.0,68.8,23.34,0.0,64.0,413,0.29105,277,0.195208,154,0.108527,-3.96,0.0,21,0.075269,4,0.025478
origin_route,SJU,PVD,,,PVD→SJU,,,2024-01-01,2024-12-31,64,64,0,1,0.0,2,0.03125,0,0.0,-1.63,-5.0,25.4,7.25,0.0,20.6,8,0.125,3,0.046875,1,0.015625,-1.7,0.0,0,0.0,0,0.0
origin_route,SJU,RDU,,,RDU→SJU,,,2024-01-01,2024-12-31,575,567,8,2,0.013913,84,0.148148,14,0.024691,21.06,-2.0,79.6,30.11,3.0,88.8,193,0.340388,140,0.246914,84,0.148148,0.91,0.0,9,0.06338,0,0.0
origin_route,SJU,RSW,,,RSW→SJU,,,2024-01-01,2024-12-31,116,112,4,0,0.034483,9,0.080357,2,0.017857,5.41,-11.0,45.3,16.77,0.0,45.9,23,0.205357,17,0.151786,9,0.080357,0.21,0.0,1,0.055556,0,0.0
origin_route,SJU,STL,,,STL→SJU,,,2024-01-01,2024-12-31,39,39,0,0,0.0,3,0.076923,0,0.0,8.41,3.0,38.2,10.85,3.0,31.4,9,0.230769,4,0.102564,2,0.051282,-2.85,0.0,0,0.0,0,0.0
origin_route,SJU,STT,,,STT→SJU,,,2024-01-01,2024-12-31,755,740,15,2,0.019868,76,0.102703,13,0.017568,13.5,-5.0,64.3,21.92,0.0,62.0,187,0.252703,129,0.174324,76,0.102703,-0.77,0.0,2,0.015152,0,0.0
origin_route,SJU,STX,,,STX→SJU,,,2024-01-01,2024-12-31,33,33,0,0,0.0,2,0.060606,0,0.0,11.61,0.0,34.0,11.3,0.0,26.6,6,0.181818,3,0.090909,2,0.060606,-4.06,0.0,0,0.0,0,0.0
origin_route,SJU,TPA,,,TPA→SJU,,,2024-01-01,2024-12-31,1556,1533,23,2,0.014781,97,0.063275,21,0.013699,6.33,-5.0,39.0,16.54,0.0,46.0,340,0.221787,221,0.144162,117,0.076321,2.43,0.0,5,0.022222,0,0.0
origin_airline_route,SJU,ATL,DL,,ATL→SJU DL,,,2024-01-01,2024-12-31,1639,1634,5,3,0.003051,75,0.0459,6,0.003672,4.85,-3.0,33.0,9.83,0.0,29.0,266,0.162791,158,0.096695,74,0.045288,-1.01,0.0,5,0.031056,0,0.0
origin_airline_route,SJU,ATL,F9,,ATL→SJU F9,,,2024-01-01,2024-12-31,189,186,3,1,0.015873,27,0.145161,2,0.010753,24.0,7.0,86.8,31.81,7.0,87.4,81,0.435484,54,0.290323,30,0.16129,2.16,0.0,2,0.037037,0,0.0
origin_airline_route,SJU,ATL,NK,,ATL→SJU NK,,,2024-01-01,2024-12-31,289,288,1,1,0.00346,33,0.114583,6,0.020833,15.35,-3.0,67.4,25.55,3.0,66.4,101,0.350694,61,0.211806,33,0.114583,2.51,0.0,2,0.032258,0,0.0
origin_airline_route,SJU,AUS,WN,,AUS→SJU WN,,,2024-01-01,2024-12-31,30,30,0,0,0.0,2,0.066667,0,0.0,10.1,-2.0,40.6,18.77,5.5,42.2,9,0.3,8,0.266667,2,0.066667,3.73,3.5,0,0.0,0,0.0
origin_airline_route,SJU,BDL,B6,,BDL→SJU B6,,,2024-01-01,2024-12-31,654,646,8,1,0.012232,101,0.156347,17,0.026316,19.34,1.0,88.8,28.83,9.0,87.8,255,0.394737,176,0.272446,100,0.154799,1.95,0.0,11,0.062147,0,0.0
origin_airline_route,SJU,BDL,F9,,BDL→SJU F9,,,2024-01-01,2024-12-31,342,331,11,1,0.032164,71,0.214502,10,0.030211,46.88,18.5,96.3,49.78,17.5,87.2,167,0.504532,119,0.359517,58,0.175227,-3.49,0.0,3,0.025,1,0.016667
origin_airline_route,SJU,BDL,NK,,BDL→SJU NK,,,2024-01-01,2024-12-31,4,4,0,0,0.0,1,0.25,1,0.25,43.0,-3.0,137.3,52.5,4.0,143.8,1,0.25,1,0.25,1,0.25,2.75,4.0,0,0.0,0,0.0
origin_airline_route,SJU,BNA,WN,,BNA→SJU WN,,,2024-01-01,2024-12-31,48,48,0,0,0.0,1,0.020833,0,0.0,7.27,4.0,29.0,11.21,5.5,31.0,12,0.25,6,0.125,1,0.020833,1.17,0.0,0,0.0,0,0.0
origin_airline_route,SJU,BOS,B6,,BOS→SJU B6,,,2024-01-01,2024-12-31,1253,1246,7,1,0.005587,154,0.123596,31,0.02488,18.88,1.0,74.0,23.36,3.0,67.0,370,0.29695,250,0.200642,142,0.113965,-1.94,0.0,8,0.031621,0,0.0
origin_airline_route,SJU,BOS,DL,,BOS→SJU DL,,,2024-01-01,2024-12-31,392,391,1,0,0.002551,19,0.048593,1,0.002558,0.61,-7.0,33.0,9.94,0.0,28.0,70,0.179028,35,0.089514,16,0.040921,-0.82,0.0,2,0.054054,0,0.0
origin_airline_route,SJU,BOS,F9,,BOS→SJU F9,,,2024-01-01,2024-12-31,114,110,4,2,0.035088,18,0.163636,6,0.054545,51.68,17.0,79.3,52.28,11.0,84.2,48,0.436364,34,0.309091,16,0.145455,-2.97,0.0,0,0.0,0,0.0
origin_airline_route,SJU,BOS,NK,,BOS→SJU NK,,,2024-01-01,2024-12-31,281,267,14,0,0.049822,50,0.187266,8,0.029963,27.91,4.0,94.4,37.98,9.0,92.4,115,0.430712,83,0.310861,58,0.217228,2.24,0.0,5,0.058824,1,0.016667
origin_airline_route,SJU,BWI,F9,,BWI→SJU F9,,,2024-01-01,2024-12-31,143,137,6,1,0.041958,17,0.124088,4,0.029197,30.98,0.0,63.0,38.47,0.0,71.5,40,0.291971,34,0.248175,17,0.124088,-0.22,0.0,0,0.0,0,0.0
origin_airline_route,SJU,BWI,NK,,BWI→SJU NK,,,2024-01-01,2024-12-31,387,378,9,1,0.023256,33,0.087302,5,0.013228,7.36,-8.0,49.0,22.3,1.0,67.4,121,0.320106,85,0.224868,46,0.121693,3.94,0.0,10,0.114943,0,0.0
origin_airline_route,SJU,BWI,WN,,BWI→SJU WN,,,2024-01-01,2024-12-31,804,800,4,1,0.004975,63,0.07875,5,0.00625,11.45,2.0,51.2,18.62,8.0,51.0,284,0.355,155,0.19375,60,0.075,1.58,1.0,7,0.044025,0,0.0
origin_airline_route,SJU,CLE,F9,,CLE→SJU F9,,,2024-01-01,2024-12-31,203,198,5,1,0.024631,25,0.126263,4,0.020202,17.68,0.0,77.4,22.55,0.0,62.8,47,0.237374,37,0.186869,21,0.106061,-2.54,0.0,3,0.081081,0,0.0
origin_airline_route,SJU,CLT,AA,,CLT→SJU AA,,,2024-01-01,2024-12-31,988,984,4,3,0.004049,81,0.082317,24,0.02439,14.04,-7.0,52.0,25.08,0.0,49.0,240,0.243902,157,0.159553,87,0.088415,1.28,0.0,11,0.068323,0,0.0
origin_airline_route,SJU,CLT,F9,,CLT→SJU F9,,,2024-01-01,2024-12-31,119,117,2,0,0.016807,17,0.145299,3,0.025641,42.18,19.0,66.6,42.27,13.0,66.2,50,0.42735,35,0.299145,13,0.111111,-3.83,0.0,0,0.0,0,0.0
origin_airline_route,SJU,DCA,B6,,DCA→SJU B6,,,2024-01-01,2024-12-31,366,365,1,2,0.002732,31,0.084932,6,0.016438,6.61,-7.0,51.0,13.98,0.0,30.8,58,0.158904,37,0.10137,24,0.065753,-3.39,0.0,0,0.0,0,0.0
origin_airline_route,SJU,DEN,UA,,DEN→SJU UA,,,2024-01-01,2024-12-31,307,305,2,0,0.006515,11,0.036066,2,0.006557,7.51,2.0,35.6,8.82,0.0,21.8,45,0.147541,18,0.059016,10,0.032787,-4.36,0.0,1,0.05,0,0.0
origin_airline_route,SJU,DFW,AA,,DFW→SJU AA,,,2024-01-01,2024-12-31,485,483,2,4,0.004124,53,0.109731,9,0.018634,14.16,-2.0,67.2,22.88,1.0,68.4,143,0.296066,99,0.204969,50,0.10352,0.03,0.0,5,0.050505,0,0.0
origin_airline_route,SJU,DFW,F9,,DFW→SJU F9,,,2024-01-01,2024-12-31,115,112,3,0,0.026087,20,0.178571,0,0.0,28.38,19.5,81.0,32.3,16.0,80.9,56,0.5,43,0.383929,25,0.223214,1.68,2.5,0,0.0,0,0.0
origin_airline_route,SJU,DFW,NK,,DFW→SJU NK,,,2024-01-01,2024-12-31,348,345,3,0,0.008621,34,0.098551,6,0.017391,12.09,-3.0,57.0,19.34,0.0,53.4,92,0.266667,64,0.185507,31,0.089855,-0.18,0.0,5,0.076923,0,0.0
origin_airline_route,SJU,DTW,DL,,DTW→SJU DL,,,2024-01-01,2024-12-31,324,324,0,2,0.0,15,0.046296,4,0.012346,2.55,-5.0,26.8,9.24,0.0,20.0,37,0.114198,22,0.067901,13,0.040123,-2.02,0.0,1,0.043478,0,0.0
origin_airline_route,SJU,EWR,B6,,EWR→SJU B6,,,2024-01-01,2024-12-31,584,578,6,0,0.010274,57,0.098616,15,0.025952,11.93,-6.0,58.0,18.8,0.0,53.3,121,0.209343,87,0.150519,52,0.089965,-2.68,0.0,1,0.011494,0,0.0
origin_airline_route,SJU,EWR,F9,,EWR→SJU F9,,,2024-01-01,2024-12-31,315,310,5,2,0.015873,35,0.112903,14,0.045161,24.07,-1.5,63.0,30.11,1.0,53.7,81,0.26129,49,0.158065,30,0.096774,-1.43,0.0,4,0.078431,0,0.0
origin_airline_route,SJU,EWR,NK,,EWR→SJU NK,,,2024-01-01,2024-12-31,256,248,8,0,0.03125,31,0.125,4,0.016129,12.41,-5.0,67.6,25.81,1.5,78.6,85,0.342742,56,0.225806,32,0.129032,2.01,0.0,5,0.087719,0,0.0
origin_airline_route,SJU,EWR,UA,,EWR→SJU UA,,,2024-01-01,2024-12-31,1097,1086,11,4,0.010027,122,0.112339,22,0.020258,13.34,-3.0,64.0,20.86,0.0,61.0,295,0.271639,207,0.190608,110,0.101289,-1.25,0.0,8,0.038278,0,0.0
origin_airline_route,SJU,FLL,B6,,FLL→SJU B6,,,2024-01-01,2024-12-31,1375,1369,6,0,0.004364,106,0.077429,19,0.013879,8.38,-5.0,47.0,17.6,0.0,49.0,375,0.273923,236,0.172389,104,0.075968,1.69,0.0,9,0.0375,0,0.0
origin_airline_route,SJU,FLL,F9,,FLL→SJU F9,,,2024-01-01,2024-12-31,101,95,6,0,0.059406,10,0.105263,2,0.021053,29.83,8.0,65.2,29.33,3.0,66.6,31,0.326316,19,0.2,10,0.105263,-3.61,0.0,0,0.0,0,0.0
origin_airline_route,SJU,FLL,NK,,FLL→SJU NK,,,2024-01-01,2024-12-31,479,473,6,1,0.012526,31,0.065539,2,0.004228,7.83,-4.0,42.0,16.97,1.0,50.9,144,0.30444,95,0.200846,35,0.073996,2.38,0.0,2,0.021053,0,0.0
origin_airline_route,SJU,FLL,WN,,FLL→SJU WN,,,2024-01-01,2024-12-31,454,449,5,0,0.011013,38,0.084633,6,0.013363,13.04,1.0,51.0,20.22,6.0,56.0,158,0.351893,89,0.198218,41,0.091314,2.11,1.0,0,0.0,0,0.0
origin_airline_route,SJU,HOU,WN,,HOU→SJU WN,,,2024-01-01,2024-12-31,105,104,1,0,0.009524,10,0.096154,2,0.019231,23.63,11.5,56.5,23.99,14.0,60.4,46,0.442308,18,0.173077,11,0.105769,-1.54,0.0,0,0.0,0,0.0
origin_airline_route,SJU,HPN,B6,,HPN→SJU B6,,,2024-01-01,2024-12-31,64,64,0,0,0.0,8,0.125,2,0.03125,20.77,1.5,68.0,17.75,0.0,42.1,12,0.1875,9,0.140625,2,0.03125,-9.44,-1.5,0,0.0,0,0.0
origin_airline_route,SJU,IAD,UA,,IAD→SJU UA,,,2024-01-01,2024-12-31,420,417,3,1,0.007143,22,0.052758,5,0.01199,0.26,-9.0,25.5,10.13,0.0,17.5,45,0.107914,28,0.067146,19,0.045564,-1.07,0.0,1,0.035714,0,0.0
origin_airline_route,SJU,IAH,NK,,IAH→SJU NK,,,2024-01-01,2024-12-31,155,149,6,1,0.03871,13,0.087248,3,0.020134,4.6,-12.0,49.3,19.29,0.0,60.9,36,0.241611,31,0.208054,15,0.100671,2.26,0.0,2,0.064516,1,0.0625
origin_airline_route,SJU,IAH,UA,,IAH→SJU UA,,,2024-01-01,2024-12-31,798,787,11,1,0.013784,64,0.081321,17,0.021601,7.4,-9.0,48.5,19.35,0.0,57.0,160,0.203304,117,0.148666,75,0.095299,0.47,0.0,12,0.1,1,0.012987
origin_airline_route,SJU,JAX,F9,,JAX→SJU F9,,,2024-01-01,2024-12-31,256,247,9,0,0.035156,29,0.117409,10,0.040486,19.67,-5.0,67.4,29.46,0.0,72.2,73,0.295547,48,0.194332,28,0.11336,0.63,0.0,1,0.019608,0,0.0
origin_airline_route,SJU,JFK,B6,,JFK→SJU B6,,,2024-01-01,2024-12-31,2211,2182,29,1,0.013116,296,0.135655,64,0.029331,17.86,0.0,82.0,27.09,3.0,81.0,744,0.340972,514,0.235564,301,0.137947,0.85,0.0,30,0.057252,2,0.006431
origin_airline_route,SJU,JFK,DL,,JFK→SJU DL,,,2024-01-01,2024-12-31,1100,1100,0,0,0.0,66,0.06,10,0.009091,0.69,-11.0,40.1,12.25,0.0,34.1,192,0.174545,120,0.109091,58,0.052727,-0.82,0.0,10,0.079365,0,0.0
origin_airline_route,SJU,JFK,F9,,JFK→SJU F9,,,2024-01-01,2024-12-31,414,407,7,2,0.016908,33,0.081081,8,0.019656,12.79,-8.0,48.6,22.83,0.0,40.0,84,0.206388,51,0.125307,27,0.066339,-2.0,0.0,3,0.055556,1,0.037037
origin_airline_route,SJU,MCO,B6,,MCO→SJU B6,,,2024-01-01,2024-12-31,1941,1920,21,5,0.010819,174,0.090625,34,0.017708,9.84,-6.0,54.6,20.3,0.0,61.0,514,0.267708,343,0.178646,194,0.101042,2.49,0.0,10,0.028653,0,0.0
origin_airline_route,SJU,MCO,F9,,MCO→SJU F9,,,2024-01-01,2024-12-31,1303,1281,22,3,0.016884,105,0.081967,19,0.014832,10.04,-4.0,51.0,19.4,0.0,54.0,354,0.276347,233,0.181889,117,0.091335,1.75,0.0,5,0.021097,0,0.0
origin_airline_route,SJU,MCO,NK,,MCO→SJU NK,,,2024-01-01,2024-12-31,1086,1072,14,1,0.012891,99,0.092351,18,0.016791,9.62,-6.0,56.0,20.84,0.0,66.0,309,0.288246,198,0.184701,114,0.106343,3.33,0.0,5,0.02439,0,0.0
origin_airline_route,SJU,MCO,WN,,MCO→SJU WN,,,2024-01-01,2024-12-31,1978,1966,12,2,0.006067,117,0.059512,14,0.007121,6.79,-3.0,37.0,16.26,4.0,45.0,530,0.269583,307,0.156155,135,0.068667,3.57,2.0,11,0.034375,0,0.0
origin_airline_route,SJU,MDW,F9,,MDW→SJU F9,,,2024-01-01,2024-12-31,50,47,3,0,0.06,3,0.06383,0,0.0,4.13,0.0,51.0,11.09,0.0,46.6,11,0.234043,6,0.12766,3,0.06383,-3.15,0.0,0,0.0,0,0.0
origin_airline_route,SJU,MDW,WN,,MDW→SJU WN,,,2024-01-01,2024-12-31,61,61,0,1,0.0,2,0.032787,0,0.0,8.25,4.0,38.3,15.5,5.0,39.0,17,0.278689,9,0.147541,3,0.04918,2.1,0.0,1,0.111111,0,0.0
origin_airline_route,SJU,MIA,AA,,MIA→SJU AA,,,2024-01-01,2024-12-31,1912,1903,9,4,0.004707,191,0.100368,34,0.017867,10.86,-6.0,61.0,20.61,0.0,62.2,503,0.264319,357,0.187599,193,0.101419,0.95,0.0,12,0.033058,1,0.005128
origin_airline_route,SJU,MIA,F9,,MIA→SJU F9,,,2024-01-01,2024-12-31,629,617,12,2,0.019078,58,0.094003,12,0.019449,9.81,-9.0,53.2,20.56,0.0,55.0,124,0.200972,86,0.139384,59,0.095624,0.24,0.0,2,0.022472,0,0.0
origin_airline_route,SJU,MIA,MQ,,MIA→SJU MQ,,,2024-01-01,2024-12-31,16,16,0,0,0.0,1,0.0625,0,0.0,12.19,0.0,16.0,10.31,0.0,0.0,1,0.0625,1,0.0625,1,0.0625,-3.62,-0.5,0,0.0,0,0.0
origin_airline_route,SJU,MIA,NK,,MIA→SJU NK,,,2024-01-01,2024-12-31,406,399,7,0,0.017241,32,0.080201,8,0.02005,8.37,-8.0,48.4,17.88,0.0,51.6,95,0.238095,63,0.157895,32,0.080201,0.55,0.0,0,0.0,0,0.0
origin_airline_route,SJU,MSP,DL,,MSP→SJU DL,,,2024-01-01,2024-12-31,129,128,1,1,0.007752,3,0.023438,0,0.0,-13.54,-18.0,15.2,5.77,0.0,13.4,11,0.085938,5,0.039062,3,0.023438,0.28,0.0,0,0.0,0,0.0
origin_airline_route,SJU,MSY,NK,,MSY→SJU NK,,,2024-01-01,2024-12-31,100,98,2,0,0.02,5,0.05102,2,0.020408,-1.05,-11.0,28.3,12.57,0.0,32.2,17,0.173469,12,0.122449,5,0.05102,0.92,0.0,4,0.307692,0,0.0
origin_airline_route,SJU,ORD,AA,,ORD→SJU AA,,,2024-01-01,2024-12-31,243,243,0,4,0.0,11,0.045267,2,0.00823,2.21,-7.0,32.2,9.1,0.0,20.0,33,0.135802,17,0.069959,10,0.041152,-2.74,0.0,1,0.058824,0,0.0
origin_airline_route,SJU,ORD,NK,,ORD→SJU NK,,,2024-01-01,2024-12-31,456,450,6,0,0.013158,43,0.095556,12,0.026667,10.44,-6.0,50.3,22.62,0.5,70.0,119,0.264444,77,0.171111,48,0.106667,2.2,0.0,5,0.064935,0,0.0
origin_airline_route,SJU,ORD,UA,,ORD→SJU UA,,,2024-01-01,2024-12-31,505,503,2,1,0.00396,20,0.039761,5,0.00994,3.79,-3.0,31.9,9.94,0.0,23.9,72,0.143141,41,0.081511,17,0.033797,-1.42,0.0,3,0.071429,0,0.0
origin_airline_route,SJU,ORF,F9,,ORF→SJU F9,,,2024-01-01,2024-12-31,27,26,1,0,0.037037,5,0.192308,1,0.038462,51.81,-2.5,78.0,57.65,4.0,87.0,8,0.307692,7,0.269231,4,0.153846,-3.85,0.0,0,0.0,0,0.0
origin_airline_route,SJU,PBI,F9,,PBI→SJU F9,,,2024-01-01,2024-12-31,4,3,1,0,0.25,0,0.0,0,0.0,8.67,10.0,35.6,14.0,4.0,31.2,1,0.333333,1,0.333333,0,0.0,-3.33,-4.0,0,0.0,0,
origin_airline_route,SJU,PHL,AA,,PHL→SJU AA,,,2024-01-01,2024-12-31,370,369,1,2,0.002703,44,0.119241,11,0.02981,19.58,1.0,70.4,23.78,0.0,63.4,97,0.262873,69,0.186992,41,0.111111,-3.31,0.0,3,0.043478,0,0.0
origin_airline_route,SJU,PHL,F9,,PHL→SJU F9,,,2024-01-01,2024-12-31,765,750,15,3,0.019608,92,0.122667,12,0.016,22.68,7.0,70.0,24.18,0.0,67.8,216,0.288,150,0.2,86,0.114667,-5.57,0.0,15,0.099338,3,0.033708
origin_airline_route,SJU,PHL,NK,,PHL→SJU NK,,,2024-01-01,2024-12-31,308,300,8,1,0.025974,30,0.1,2,0.006667,13.47,0.0,59.6,20.67,4.0,54.0,100,0.333333,58,0.193333,27,0.09,-0.75,0.0,3,0.050847,1,0.037037
origin_airline_route,SJU,PVD,B6,,PVD→SJU B6,,,2024-01-01,2024-12-31,64,64,0,1,0.0,2,0.03125,0,0.0,-1.63,-5.0,25.4,7.25,0.0,20.6,8,0.125,3,0.046875,1,0.015625,-1.7,0.0,0,0.0,0,0.0
origin_airline_route,SJU,RDU,B6,,RDU→SJU B6,,,2024-01-01,2024-12-31,354,350,4,1,0.011299,45,0.128571,9,0.025714,19.53,-5.0,79.2,31.75,2.0,90.2,110,0.314286,83,0.237143,51,0.145714,2.76,0.0,6,0.072289,0,0.0
origin_airline_route,SJU,RDU,F9,,RDU→SJU F9,,,2024-01-01,2024-12-31,221,217,4,1,0.0181,39,0.179724,5,0.023041,23.52,6.0,79.5,27.45,6.5,84.0,83,0.382488,57,0.262673,33,0.152074,-2.08,0.0,3,0.050847,0,0.0
origin_airline_route,SJU,RSW,F9,,RSW→SJU F9,,,2024-01-01,2024-12-31,7,7,0,0,0.0,2,0.285714,1,0.142857,46.0,16.0,142.6,33.0,4.0,93.0,2,0.285714,1,0.142857,1,0.142857,-15.43,0.0,0,0.0,0,0.0
origin_airline_route,SJU,RSW,NK,,RSW→SJU NK,,,2024-01-01,2024-12-31,109,105,4,0,0.036697,7,0.066667,1,0.009524,2.7,-12.0,38.2,15.69,0.0,45.6,21,0.2,16,0.152381,8,0.07619,1.26,0.0,1,0.058824,0,0.0
origin_airline_route,SJU,STL,WN,,STL→SJU WN,,,2024-01-01,2024-12-31,39,39,0,0,0.0,3,0.076923,0,0.0,8.41,3.0,38.2,10.85,3.0,31.4,9,0.230769,4,0.102564,2,0.051282,-2.85,0.0,0,0.0,0,0.0
origin_airline_route,SJU,STT,B6,,STT→SJU B6,,,2024-01-01,2024-12-31,683,670,13,2,0.019034,66,0.098507,12,0.01791,12.43,-7.0,59.3,22.51,0.0,61.3,170,0.253731,116,0.173134,68,0.101493,0.2,0.0,2,0.016807,0,0.0
origin_airline_route,SJU,STT,F9,,STT→SJU F9,,,2024-01-01,2024-12-31,70,68,2,0,0.028571,9,0.132353,1,0.014706,23.0,10.0,82.9,15.56,0.0,60.6,16,0.235294,12,0.176471,7,0.102941,-9.93,-5.0,0,0.0,0,0.0
origin_airline_route,SJU,STT,UA,,STT→SJU UA,,,2024-01-01,2024-12-31,2,2,0,0,0.0,1,0.5,0,0.0,50.0,50.0,80.4,39.5,39.5,71.1,1,0.5,1,0.5,1,0.5,-10.5,-10.5,0,0.0,0,0.0
origin_airline_route,SJU,STX,B6,,STX→SJU B6,,,2024-01-01,2024-12-31,20,20,0,0,0.0,2,0.1,0,0.0,13.55,1.5,30.8,15.4,0.0,34.2,4,0.2,2,0.1,2,0.1,-2.45,0.0,0,0.0,0,0.0
origin_airline_route,SJU,STX,F9,,STX→SJU F9,,,2024-01-01,2024-12-31,13,13,0,0,0.0,0,0.0,0,0.0,8.62,0.0,34.0,5.0,0.0,21.2,2,0.153846,1,0.076923,0,0.0,-6.54,0.0,0,0.0,0,
origin_airline_route,SJU,TPA,B6,,TPA→SJU B6,,,2024-01-01,2024-12-31,517,506,11,1,0.021277,31,0.061265,8,0.01581,2.63,-10.0,34.6,13.56,0.0,34.6,78,0.15415,56,0.110672,37,0.073123,1.02,0.0,0,0.0,0,0.0
origin_airline_route,SJU,TPA,F9,,TPA→SJU F9,,,2024-01-01,2024-12-31,482,475,7,0,0.014523,33,0.069474,7,0.014737,8.36,-6.0,46.0,20.47,1.0,52.0,136,0.286316,92,0.193684,40,0.084211,3.63,0.0,4,0.043011,0,0.0
origin_airline_route,SJU,TPA,NK,,TPA→SJU NK,,,2024-01-01,2024-12-31,78,78,0,0,0.0,7,0.089744,1,0.012821,7.53,-7.0,51.6,17.26,0.0,58.9,19,0.24359,13,0.166667,8,0.102564,1.47,0.0,0,0.0,0,0.0
origin_airline_route,SJU,TPA,WN,,TPA→SJU WN,,,2024-01-01,2024-12-31,479,474,5,1,0.010438,26,0.054852,5,0.010549,8.04,-1.0,35.0,15.65,4.0,40.8,107,0.225738,60,0.126582,32,0.067511,2.89,1.0,1,0.016393,0,0.0
flight_number,SJU,ATL,DL,DL1750.0,ATL→SJU,,,2024-01-01,2024-12-31,90,88,2,1,0.022222,11,0.125,0,0.0,17.48,3.0,75.0,21.25,0.0,69.2,28,0.318182,19,0.215909,10,0.113636,-1.16,0.0,0,0.0,0,0.0
flight_number,SJU,ATL,DL,DL1757.0,ATL→SJU,,,2024-01-01,2024-12-31,191,190,1,1,0.005236,4,0.021053,1,0.005263,3.0,-3.0,20.0,6.7,0.0,14.0,16,0.084211,9,0.047368,4,0.021053,-1.78,0.0,0,0.0,0,0.0
flight_number,SJU,ATL,DL,DL1784.0,ATL→SJU,,,2024-01-01,2024-12-31,45,45,0,0,0.0,1,0.022222,0,0.0,-3.8,-10.0,6.6,4.73,0.0,7.8,3,0.066667,2,0.044444,2,0.044444,-0.27,0.0,0,0.0,0,0.0
flight_number,SJU,ATL,DL,DL1791.0,ATL→SJU,,,2024-01-01,2024-12-31,112,112,0,0,0.0,5,0.044643,1,0.008929,1.74,-6.0,33.3,11.79,0.0,37.6,26,0.232143,14,0.125,7,0.0625,1.66,0.0,0,0.0,0,0.0
flight_number,SJU,ATL,DL,DL1840.0,ATL→SJU,,,2024-01-01,2024-12-31,13,13,0,0,0.0,0,0.0,0,0.0,-6.15,-9.0,11.4,5.92,0.0,19.6,2,0.153846,1,0.076923,0,0.0,2.08,0.0,0,0.0,0,
flight_number,SJU,ATL,DL,DL1861.0,ATL→SJU,,,2024-01-01,2024-12-31,330,330,0,0,0.0,21,0.063636,1,0.00303,8.43,-1.5,44.2,13.53,0.0,51.0,75,0.227273,50,0.151515,21,0.063636,0.01,0.0,0,0.0,0,0.0
flight_number,SJU,ATL,DL,DL1882.0,ATL→SJU,,,2024-01-01,2024-12-31,366,365,1,1,0.002732,15,0.041096,1,0.00274,5.77,0.0,28.4,8.36,0.0,22.0,55,0.150685,25,0.068493,13,0.035616,-2.38,0.0,5,0.185185,0,0.0
flight_number,SJU,ATL,DL,DL1883.0,ATL→SJU,,,2024-01-01,2024-12-31,13,13,0,0,0.0,0,0.0,0,0.0,-8.31,-14.0,12.4,0.77,0.0,3.2,0,0.0,0,0.0,0,0.0,-2.38,0.0,0,,0,
flight_number,SJU,ATL,DL,DL1946.0,ATL→SJU,,,2024-01-01,2024-12-31,365,364,1,0,0.00274,18,0.049451,2,0.005495,4.49,-4.0,32.4,9.49,0.0,29.0,55,0.151099,36,0.098901,16,0.043956,-1.05,0.0,0,0.0,0,0.0
flight_number,SJU,ATL,DL,DL573.0,ATL→SJU,,,2024-01-01,2024-12-31,112,112,0,0,0.0,0,0.0,0,0.0,-4.62,-6.5,13.9,3.02,0.0,10.9,6,0.053571,2,0.017857,1,0.008929,-1.24,0.0,0,0.0,0,0.0
flight_number,SJU,ATL,DL,DL8771.0,ATL→SJU,,,2024-01-01,2024-12-31,1,1,0,0,0.0,0,0.0,0,0.0,-7.0,-7.0,-7.0,0.0,0.0,0.0,0,0.0,0,0.0,0,0.0,0.0,0.0,0,,0,
flight_number,SJU,ATL,DL,DL8787.0,ATL→SJU,,,2024-01-01,2024-12-31,1,1,0,0,0.0,0,0.0,0,0.0,-1.0,-1.0,-1.0,0.0,0.0,0.0,0,0.0,0,0.0,0,0.0,0.0,0.0,0,,0,
flight_number,SJU,ATL,F9,F92082.0,ATL→SJU,,,2024-01-01,2024-12-31,142,139,3,1,0.021127,21,0.151079,2,0.014388,27.12,7.0,85.9,34.48,11.0,89.3,64,0.460432,41,0.294964,24,0.172662,2.58,0.0,0,0.0,0,0.0
flight_number,SJU,ATL,F9,F92872.0,ATL→SJU,,,2024-01-01,2024-12-31,9,9,0,0,0.0,4,0.444444,0,0.0,64.89,44.0,133.4,73.11,54.0,138.8,9,1.0,7,0.777778,4,0.444444,8.22,9.0,0,0.0,0,0.0
flight_number,SJU,ATL,F9,F93310.0,ATL→SJU,,,2024-01-01,2024-12-31,3,3,0,0,0.0,0,0.0,0,0.0,-10.33,-5.0,0.6,3.33,0.0,8.0,0,0.0,0,0.0,0,0.0,2.67,0.0,0,,0,
flight_number,SJU,ATL,F9,F93992.0,ATL→SJU,,,2024-01-01,2024-12-31,34,34,0,0,0.0,1,0.029412,0,0.0,0.38,-8.5,28.5,9.26,0.0,32.7,7,0.205882,5,0.147059,1,0.029412,-1.47,0.0,2,0.4,0,0.0
flight_number,SJU,ATL,F9,F93994.0,ATL→SJU,,,2024-01-01,2024-12-31,1,1,0,0,0.0,1,1.0,0,0.0,132.0,132.0,132.0,143.0,143.0,143.0,1,1.0,1,1.0,1,1.0,11.0,11.0,0,0.0,0,0.0
flight_number,SJU,ATL,NK,NK2720.0,ATL→SJU,,,2024-01-01,2024-12-31,215,215,0,1,0.0,17,0.07907,4,0.018605,8.0,-7.0,43.7,17.44,0.0,41.0,65,0.302326,33,0.153488,14,0.065116,1.0,0.0,1,0.030303,0,0.0
flight_number,SJU,ATL,NK,NK843.0,ATL→SJU,,,2024-01-01,2024-12-31,74,73,1,0,0.013514,16,0.219178,2,0.027397,36.88,5.0,99.0,49.33,15.0,110.0,36,0.493151,28,0.383562,19,0.260274,6.92,7.0,1,0.034483,0,0.0
flight_number,SJU,AUS,WN,WN1045.0,AUS→SJU,,,2024-01-01,2024-12-31,8,8,0,0,0.0,0,0.0,0,0.0,-9.88,-9.5,-2.0,5.88,5.0,11.8,1,0.125,0,0.0,0,0.0,5.25,5.0,0,,0,
flight_number,SJU,AUS,WN,WN2141.0,AUS→SJU,,,2024-01-01,2024-12-31,4,4,0,0,0.0,0,0.0,0,0.0,5.0,-2.0,22.4,10.25,2.5,26.7,1,0.25,1,0.25,0,0.0,2.25,2.0,0,0.0,0,
flight_number,SJU,AUS,WN,WN3935.0,AUS→SJU,,,2024-01-01,2024-12-31,9,9,0,0,0.0,1,0.111111,0,0.0,17.78,-2.0,58.2,24.67,5.0,64.6,2,0.222222,2,0.222222,1,0.111111,4.0,3.0,0,0.0,0,0.0
flight_number,SJU,AUS,WN,WN4283.0,AUS→SJU,,,2024-01-01,2024-12-31,5,5,0,0,0.0,1,0.2,0,0.0,25.6,24.0,64.0,35.6,35.0,73.8,3,0.6,3,0.6,1,0.2,7.2,8.0,0,0.0,0,0.0
flight_number,SJU,AUS,WN,WN459.0,AUS→SJU,,,2024-01-01,2024-12-31,4,4,0,0,0.0,0,0.0,0,0.0,18.5,20.0,43.9,18.75,17.5,37.9,2,0.5,2,0.5,0,0.0,-2.75,0.0,0,0.0,0,
flight_number,SJU,BDL,B6,B61475.0,BDL→SJU,,,2024-01-01,2024-12-31,273,271,2,1,0.007326,35,0.129151,6,0.02214,16.32,-2.0,77.1,26.98,9.5,78.1,99,0.365314,64,0.236162,37,0.136531,3.01,2.0,5,0.078125,0,0.0
flight_number,SJU,BDL,B6,B62471.0,BDL→SJU,,,2024-01-01,2024-12-31,3,3,0,0,0.0,0,0.0,0,0.0,4.67,8.0,22.4,21.67,21.0,39.4,2,0.666667,1,0.333333,0,0.0,10.33,13.0,0,0.0,0,
flight_number,SJU,BDL,B6,B62475.0,BDL→SJU,,,2024-01-01,2024-12-31,68,68,0,0,0.0,11,0.161765,3,0.044118,29.57,14.0,109.0,27.29,8.5,87.5,26,0.382353,16,0.235294,10,0.147059,-6.21,0.0,1,0.0625,0,0.0
flight_number,SJU,BDL,B6,B6275.0,BDL→SJU,,,2024-01-01,2024-12-31,244,238,6,0,0.02459,52,0.218487,8,0.033613,24.17,3.0,109.2,36.65,14.0,104.6,115,0.483193,89,0.37395,51,0.214286,3.95,2.0,5,0.05618,0,0.0
flight_number,SJU,BDL,B6,B62775.0,BDL→SJU,,,2024-01-01,2024-12-31,53,53,0,0,0.0,3,0.056604,0,0.0,5.43,-1.0,30.8,11.42,0.0,29.6,12,0.226415,5,0.09434,2,0.037736,-1.36,0.0,0,0.0,0,0.0
flight_number,SJU,BDL,B6,B6475.0,BDL→SJU,,,2024-01-01,2024-12-31,13,13,0,0,0.0,0,0.0,0,0.0,0.31,-3.0,25.6,4.85,0.0,6.8,1,0.076923,1,0.076923,0,0.0,-2.69,0.0,0,0.0,0,
flight_number,SJU,BDL,F9,F91148.0,BDL→SJU,,,2024-01-01,2024-12-31,31,29,2,1,0.064516,8,0.275862,0,0.0,33.79,21.0,94.7,31.86,23.0,88.1,16,0.551724,10,0.344828,6,0.206897,-4.0,-2.5,0,0.0,0,0.0
flight_number,SJU,BDL,F9,F91154.0,BDL→SJU,,,2024-01-01,2024-12-31,1,1,0,0,0.0,1,1.0,0,0.0,69.0,69.0,69.0,78.0,78.0,78.0,1,1.0,1,1.0,1,1.0,9.0,9.0,0,0.0,0,0.0
flight_number,SJU,BDL,F9,F93660.0,BDL→SJU,,,2024-01-01,2024-12-31,1,1,0,0,0.0,0,0.0,0,0.0,53.0,53.0,53.0,48.0,48.0,48.0,1,1.0,1,1.0,0,0.0,-5.0,-5.0,0,0.0,0,
flight_number,SJU,BDL,F9,F93938.0,BDL→SJU,,,2024-01-01,2024-12-31,265,258,7,0,0.026415,48,0.186047,7,0.027132,45.22,15.0,87.3,49.84,15.0,86.3,125,0.484496,87,0.337209,42,0.162791,-1.47,0.0,2,0.022727,1,0.022727
flight_number,SJU,BDL,F9,F93940.0,BDL→SJU,,,2024-01-01,2024-12-31,5,5,0,0,0.0,1,0.2,0,0.0,31.0,25.0,88.4,40.6,20.0,100.4,3,0.6,2,0.4,1,0.2,4.2,4.0,0,0.0,0,0.0
flight_number,SJU,BDL,F9,F94418.0,BDL→SJU,,,2024-01-01,2024-12-31,12,12,0,0,0.0,5,0.416667,3,0.25,180.58,50.5,296.3,148.75,51.5,144.0,11,0.916667,9,0.75,5,0.416667,-31.83,-13.5,0,0.0,0,0.0
flight_number,SJU,BDL,F9,F94420.0,BDL→SJU,,,2024-01-01,2024-12-31,10,9,1,0,0.1,0,0.0,0,0.0,-46.56,-50.0,-18.0,4.89,0.0,13.8,1,0.111111,1,0.111111,0,0.0,4.67,0.0,1,1.0,0,
flight_number,SJU,BDL,F9,F94760.0,BDL→SJU,,,2024-01-01,2024-12-31,17,16,1,0,0.058824,8,0.5,0,0.0,51.94,58.0,116.0,32.31,25.5,82.5,9,0.5625,8,0.5,3,0.1875,-21.56,-12.0,0,0.0,0,0.0
flight_number,SJU,BDL,NK,NK2327.0,BDL→SJU,,,2024-01-01,2024-12-31,4,4,0,0,0.0,1,0.25,1,0.25,43.0,-3.0,137.3,52.5,4.0,143.8,1,0.25,1,0.25,1,0.25,2.75,4.0,0,0.0,0,0.0
flight_number,SJU,BNA,WN,WN1409.0,BNA→SJU,,,2024-01-01,2024-12-31,4,4,0,0,0.0,0,0.0,0,0.0,-2.0,-3.0,2.6,0.25,0.0,0.7,0,0.0,0,0.0,0,0.0,-1.0,0.0,0,,0,
flight_number,SJU,BNA,WN,WN1488.0,BNA→SJU,,,2024-01-01,2024-12-31,1,1,0,0,0.0,0,0.0,0,0.0,2.0,2.0,2.0,1.0,1.0,1.0,0,0.0,0,0.0,0,0.0,-1.0,-1.0,0,,0,
flight_number,SJU,BNA,WN,WN155.0,BNA→SJU,,,2024-01-01,2024-12-31,9,9,0,0,0.0,0,0.0,0,0.0,19.44,17.0,37.6,21.44,16.0,38.8,6,0.666667,3,0.333333,0,0.0,1.33,1.0,0,0.0,0,
flight_number,SJU,BNA,WN,WN3780.0,BNA→SJU,,,2024-01-01,2024-12-31,8,8,0,0,0.0,0,0.0,0,0.0,0.38,6.0,14.6,7.0,4.5,17.6,1,0.125,0,0.0,0,0.0,0.25,2.5,0,,0,
flight_number,SJU,BNA,WN,WN4265.0,BNA→SJU,,,2024-01-01,2024-12-31,5,5,0,0,0.0,0,0.0,0,0.0,-0.2,1.0,5.2,2.8,0.0,8.4,0,0.0,0,0.0,0,0.0,0.6,0.0,0,,0,
flight_number,SJU,BNA,WN,WN4295.0,BNA→SJU,,,2024-01-01,2024-12-31,4,4,0,0,0.0,0,0.0,0,0.0,11.75,13.0,16.4,11.5,8.0,20.2,1,0.25,0,0.0,0,0.0,-0.25,-1.5,0,,0,
flight_number,SJU,BNA,WN,WN4688.0,BNA→SJU,,,2024-01-01,2024-12-31,9,9,0,0,0.0,0,0.0,0,0.0,0.89,2.0,13.4,4.67,4.0,10.6,0,0.0,0,0.0,0,0.0,0.33,0.0,0,,0,
flight_number,SJU,BNA,WN,WN859.0,BNA→SJU,,,2024-01-01,2024-12-31,8,8,0,0,0.0,1,0.125,0,0.0,15.38,9.5,40.9,23.12,16.0,53.8,4,0.5,3,0.375,1,0.125,5.25,3.5,0,0.0,0,0.0
flight_number,SJU,BOS,B6,B61061.0,BOS→SJU,,,2024-01-01,2024-12-31,76,76,0,0,0.0,5,0.065789,2,0.026316,12.67,-2.0,42.5,20.32,0.0,37.5,18,0.236842,14,0.184211,5,0.065789,-1.0,0.0,0,0.0,0,0.0
flight_number,SJU,BOS,B6,B61161.0,BOS→SJU,,,2024-01-01,2024-12-31,14,14,0,0,0.0,4,0.285714,0,0.0,41.07,34.5,97.5,32.0,28.0,59.1,8,0.571429,7,0.5,2,0.142857,-9.86,-3.5,0,0.0,0,0.0
flight_number,SJU,BOS,B6,B61261.0,BOS→SJU,,,2024-01-01,2024-12-31,38,38,0,0,0.0,5,0.131579,1,0.026316,21.34,3.0,71.8,20.39,3.5,53.2,12,0.315789,7,0.184211,4,0.105263,-5.66,0.0,0,0.0,0,0.0
flight_number,SJU,BOS,B6,B62061.0,BOS→SJU,,,2024-01-01,2024-12-31,12,12,0,0,0.0,6,0.5,1,0.083333,57.58,42.0,160.0,38.83,11.0,142.6,5,0.416667,4,0.333333,3,0.25,-20.92,-14.0,0,0.0,0,0.0
flight_number,SJU,BOS,B6,B62131.0,BOS→SJU,,,2024-01-01,2024-12-31,13,13,0,0,0.0,3,0.230769,0,0.0,36.46,35.0,90.4,33.92,17.0,97.8,7,0.538462,5,0.384615,3,0.230769,-6.08,-1.0,0,0.0,0,0.0
flight_number,SJU,BOS,B6,B6261.0,BOS→SJU,,,2024-01-01,2024-12-31,228,226,2,0,0.008772,34,0.150442,7,0.030973,21.72,2.0,79.0,26.74,4.0,78.0,67,0.29646,50,0.221239,31,0.137168,-1.72,0.0,2,0.04,0,0.0
flight_number,SJU,BOS,B6,B62861.0,BOS→SJU,,,2024-01-01,2024-12-31,3,3,0,0,0.0,0,0.0,0,0.0,2.33,5.0,9.8,0.0,0.0,0.0,0,0.0,0,0.0,0,0.0,-5.33,-5.0,0,,0,
flight_number,SJU,BOS,B6,B62962.0,BOS→SJU,,,2024-01-01,2024-12-31,1,1,0,0,0.0,1,1.0,0,0.0,155.0,155.0,155.0,168.0,168.0,168.0,1,1.0,1,1.0,1,1.0,13.0,13.0,0,0.0,0,0.0
flight_number,SJU,BOS,B6,B6531.0,BOS→SJU,,,2024-01-01,2024-12-31,53,53,0,0,0.0,6,0.113208,1,0.018868,15.7,2.0,63.6,20.02,4.0,59.8,20,0.377358,9,0.169811,6,0.113208,-2.87,0.0,0,0.0,0,0.0
flight_number,SJU,BOS,B6,B6561.0,BOS→SJU,,,2024-01-01,2024-12-31,298,296,2,0,0.006711,37,0.125,7,0.023649,19.94,-1.0,77.5,27.56,4.0,83.5,96,0.324324,65,0.219595,43,0.14527,0.51,0.0,4,0.061538,0,0.0
flight_number,SJU,BOS,B6,B661.0,BOS→SJU,,,2024-01-01,2024-12-31,153,153,0,1,0.0,17,0.111111,3,0.019608,16.41,1.5,69.1,23.36,6.0,57.7,49,0.320261,35,0.228758,15,0.098039,1.03,0.0,1,0.028571,0,0.0
flight_number,SJU,BOS,B6,B6731.0,BOS→SJU,,,2024-01-01,2024-12-31,83,83,0,0,0.0,9,0.108434,1,0.012048,19.59,4.0,62.0,20.98,6.0,50.0,24,0.289157,17,0.204819,6,0.072289,-2.83,0.0,0,0.0,0,0.0
flight_number,SJU,BOS,B6,B6861.0,BOS→SJU,,,2024-01-01,2024-12-31,281,278,3,0,0.010676,27,0.097122,8,0.028777,14.63,0.0,55.6,16.85,0.0,40.0,63,0.226619,36,0.129496,23,0.082734,-4.25,0.0,1,0.026316,0,0.0
flight_number,SJU,BOS,DL,DL1780.0,BOS→SJU,,,2024-01-01,2024-12-31,366,365,1,0,0.002732,15,0.041096,1,0.00274,-0.01,-8.0,31.6,9.81,0.0,26.6,65,0.178082,31,0.084932,13,0.035616,-0.45,0.0,2,0.060606,0,0.0
flight_number,SJU,BOS,DL,DL1852.0,BOS→SJU,,,2024-01-01,2024-12-31,13,13,0,0,0.0,3,0.230769,0,0.0,21.85,1.0,87.8,15.77,1.0,61.2,3,0.230769,3,0.230769,2,0.153846,-11.54,0.0,0,0.0,0,0.0
flight_number,SJU,BOS,DL,DL1864.0,BOS→SJU,,,2024-01-01,2024-12-31,13,13,0,0,0.0,1,0.076923,0,0.0,-3.38,-17.0,24.0,7.85,0.0,20.2,2,0.153846,1,0.076923,1,0.076923,-0.54,0.0,0,0.0,0,0.0
flight_number,SJU,BOS,F9,F93001.0,BOS→SJU,,,2024-01-01,2024-12-31,114,110,4,2,0.035088,18,0.163636,6,0.054545,51.68,17.0,79.3,52.28,11.0,84.2,48,0.436364,34,0.309091,16,0.145455,-2.97,0.0,0,0.0,0,0.0
flight_number,SJU,BOS,NK,NK2324.0,BOS→SJU,,,2024-01-01,2024-12-31,223,211,12,0,0.053812,38,0.180095,6,0.028436,27.78,4.0,88.0,39.15,10.0,92.0,91,0.43128,68,0.322275,47,0.222749,3.01,1.0,5,0.071429,1,0.020408
flight_number,SJU,BOS,NK,NK2326.0,BOS→SJU,,,2024-01-01,2024-12-31,16,15,1,0,0.0625,3,0.2,0,0.0,13.33,-1.0,85.0,16.93,0.0,59.6,4,0.266667,3,0.2,2,0.133333,-3.07,0.0,0,0.0,0,0.0
flight_number,SJU,BOS,NK,NK3809.0,BOS→SJU,,,2024-01-01,2024-12-31,28,27,1,0,0.035714,5,0.185185,1,0.037037,23.89,2.0,96.0,30.63,9.0,68.4,13,0.481481,6,0.222222,5,0.185185,0.59,0.0,0,0.0,0,0.0
flight_number,SJU,BOS,NK,NK934.0,BOS→SJU,,,2024-01-01,2024-12-31,14,14,0,0,0.0,4,0.285714,1,0.071429,53.29,18.0,167.1,57.14,11.0,171.8,7,0.5,6,0.428571,4,0.285714,-0.43,0.0,0,0.0,0,0.0
flight_number,SJU,BWI,F9,F92266.0,BWI→SJU,,,2024-01-01,2024-12-31,104,98,6,1,0.057692,14,0.142857,4,0.040816,43.06,4.0,79.4,46.91,0.0,76.0,32,0.326531,28,0.285714,14,0.142857,-1.96,0.0,0,0.0,0,0.0
flight_number,SJU,BWI,F9,F92268.0,BWI→SJU,,,2024-01-01,2024-12-31,6,6,0,0,0.0,0,0.0,0,0.0,-8.67,-8.5,7.5,0.0,0.0,0.0,0,0.0,0,0.0,0,0.0,-2.5,0.0,0,,0,
flight_number,SJU,BWI,F9,F93650.0,BWI→SJU,,,2024-01-01,2024-12-31,33,33,0,0,0.0,3,0.090909,0,0.0,2.67,-11.0,26.4,20.67,0.0,48.4,8,0.242424,6,0.181818,3,0.090909,5.3,0.0,0,0.0,0,0.0
flight_number,SJU,BWI,NK,NK1863.0,BWI→SJU,,,2024-01-01,2024-12-31,62,60,2,0,0.032258,5,0.083333,1,0.016667,10.65,-10.0,44.0,25.53,0.5,67.1,18,0.3,14,0.233333,9,0.15,3.6,0.0,0,0.0,0,0.0
flight_number,SJU,BWI,NK,NK2331.0,BWI→SJU,,,2024-01-01,2024-12-31,225,219,6,0,0.026667,25,0.114155,4,0.018265,9.12,-10.0,62.4,25.72,5.0,77.2,84,0.383562,56,0.255708,31,0.141553,5.07,0.0,9,0.157895,0,0.0
flight_number,SJU,BWI,NK,NK3123.0,BWI→SJU,,,2024-01-01,2024-12-31,72,71,1,1,0.013889,3,0.042254,0,0.0,5.26,-2.5,42.2,16.79,0.0,50.6,17,0.239437,14,0.197183,6,0.084507,2.51,0.0,1,0.071429,0,0.0
flight_number,SJU,BWI,NK,NK3904.0,BWI→SJU,,,2024-01-01,2024-12-31,1,1,0,0,0.0,0,0.0,0,0.0,27.0,27.0,27.0,0.0,0.0,0.0,0,0.0,0,0.0,0,0.0,-27.0,-27.0,0,,0,
flight_number,SJU,BWI,NK,NK925.0,BWI→SJU,,,2024-01-01,2024-12-31,27,27,0,0,0.0,0,0.0,0,0.0,-9.59,-11.0,4.4,2.48,0.0,4.2,2,0.074074,1,0.037037,0,0.0,0.44,0.0,0,0.0,0,
flight_number,SJU,BWI,WN,WN1165.0,BWI→SJU,,,2024-01-01,2024-12-31,1,1,0,0,0.0,0,0.0,0,0.0,53.0,53.0,53.0,25.0,25.0,25.0,1,1.0,0,0.0,0,0.0,-28.0,-28.0,0,,0,
flight_number,SJU,BWI,WN,WN1311.0,BWI→SJU,,,2024-01-01,2024-12-31,1,1,0,0,0.0,0,0.0,0,0.0,24.0,24.0,24.0,37.0,37.0,37.0,1,1.0,1,1.0,0,0.0,13.0,13.0,0,0.0,0,
flight_number,SJU,BWI,WN,WN1329.0,BWI→SJU,,,2024-01-01,2024-12-31,6,6,0,0,0.0,0,0.0,0,0.0,2.33,3.0,16.0,4.67,1.5,12.5,0,0.0,0,0.0,0,0.0,-2.83,-1.0,0,,0,
flight_number,SJU,BWI,WN,WN148.0,BWI→SJU,,,2024-01-01,2024-12-31,8,8,0,0,0.0,1,0.125,0,0.0,22.38,4.0,73.5,31.25,14.0,71.7,4,0.5,3,0.375,1,0.125,4.0,3.5,0,0.0,0,0.0
flight_number,SJU,BWI,WN,WN1518.0,BWI→SJU,,,2024-01-01,2024-12-31,14,14,0,0,0.0,0,0.0,0,0.0,12.07,5.5,54.5,16.64,9.5,53.5,4,0.285714,3,0.214286,2,0.142857,-0.07,0.0,0,0.0,0,0.0
flight_number,SJU,BWI,WN,WN1649.0,BWI→SJU,,,2024-01-01,2024-12-31,1,1,0,0,0.0,1,1.0,0,0.0,82.0,82.0,82.0,82.0,82.0,82.0,1,1.0,1,1.0,1,1.0,0.0,0.0,0,0.0,0,0.0
flight_number,SJU,BWI,WN,WN1682.0,BWI→SJU,,,2024-01-01,2024-12-31,33,33,0,0,0.0,4,0.121212,1,0.030303,12.39,-2.0,64.6,19.94,4.0,69.2,9,0.272727,4,0.121212,4,0.121212,0.61,0.0,1,0.2,0,0.0
flight_number,SJU,BWI,WN,WN1752.0,BWI→SJU,,,2024-01-01,2024-12-31,25,24,1,0,0.04,3,0.125,0,0.0,20.83,14.5,59.7,30.29,26.0,76.2,15,0.625,9,0.375,4,0.166667,6.62,6.0,0,0.0,0,0.0
flight_number,SJU,BWI,WN,WN1902.0,BWI→SJU,,,2024-01-01,2024-12-31,58,58,0,0,0.0,4,0.068966,0,0.0,6.59,-1.0,34.3,18.88,12.5,46.0,21,0.362069,9,0.155172,4,0.068966,5.74,5.0,0,0.0,0,0.0
flight_number,SJU,BWI,WN,WN1956.0,BWI→SJU,,,2024-01-01,2024-12-31,16,16,0,0,0.0,1,0.0625,0,0.0,12.25,7.0,39.5,15.69,3.5,29.5,7,0.4375,2,0.125,1,0.0625,-0.38,0.0,0,0.0,0,0.0
flight_number,SJU,BWI,WN,WN2001.0,BWI→SJU,,,2024-01-01,2024-12-31,1,1,0,0,0.0,0,0.0,0,0.0,-8.0,-8.0,-8.0,6.0,6.0,6.0,0,0.0,0,0.0,0,0.0,6.0,6.0,0,,0,
flight_number,SJU,BWI,WN,WN2023.0,BWI→SJU,,,2024-01-01,2024-12-31,1,1,0,0,0.0,0,0.0,0,0.0,19.0,19.0,19.0,34.0,34.0,34.0,1,1.0,1,1.0,0,0.0,15.0,15.0,0,0.0,0,
flight_number,SJU,BWI,WN,WN2192.0,BWI→SJU,,,2024-01-01,2024-12-31,8,8,0,0,0.0,0,0.0,0,0.0,15.0,16.0,33.5,18.88,20.0,30.6,5,0.625,1,0.125,0,0.0,2.0,2.0,0,0.0,0,
flight_number,SJU,BWI,WN,WN2240.0,BWI→SJU,,,2024-01-01,2024-12-31,21,21,0,0,0.0,0,0.0,0,0.0,3.71,1.0,21.0,11.81,7.0,25.0,8,0.380952,2,0.095238,0,0.0,2.9,3.0,1,0.5,0,
flight_number,SJU,BWI,WN,WN2306.0,BWI→SJU,,,2024-01-01,2024-12-31,5,5,0,0,0.0,0,0.0,0,0.0,5.2,5.0,20.4,18.4,18.0,29.0,4,0.8,1,0.2,0,0.0,10.0,9.0,0,0.0,0,
flight_number,SJU,BWI,WN,WN235.0,BWI→SJU,,,2024-01-01,2024-12-31,26,26,0,0,0.0,1,0.038462,1,0.038462,5.0,-7.0,24.0,13.69,2.0,32.5,4,0.153846,4,0.153846,1,0.038462,-1.27,0.0,0,0.0,0,0.0
flight_number,SJU,BWI,WN,WN2510.0,BWI→SJU,,,2024-01-01,2024-12-31,43,42,1,0,0.023256,3,0.071429,1,0.02381,11.24,0.0,36.7,22.19,6.0,52.9,16,0.380952,8,0.190476,3,0.071429,3.98,2.5,0,0.0,0,0.0
flight_number,SJU,BWI,WN,WN2552.0,BWI→SJU,,,2024-01-01,2024-12-31,36,36,0,0,0.0,7,0.194444,1,0.027778,32.25,16.0,92.0,40.89,28.0,95.0,22,0.611111,18,0.5,7,0.194444,5.67,6.5,2,0.111111,0,0.0
flight_number,SJU,BWI,WN,WN268.0,BWI→SJU,,,2024-01-01,2024-12-31,4,4,0,0,0.0,0,0.0,0,0.0,1.5,3.5,16.7,14.0,10.5,28.7,1,0.25,1,0.25,0,0.0,5.75,3.5,0,0.0,0,
flight_number,SJU,BWI,WN,WN2773.0,BWI→SJU,,,2024-01-01,2024-12-31,31,31,0,1,0.0,1,0.032258,0,0.0,0.73,-4.0,20.1,9.13,4.0,21.0,6,0.193548,1,0.032258,1,0.032258,2.6,0.0,0,0.0,0,0.0
flight_number,SJU,BWI,WN,WN294.0,BWI→SJU,,,2024-01-01,2024-12-31,1,1,0,0,0.0,0,0.0,0,0.0,-3.0,-3.0,-3.0,2.0,2.0,2.0,0,0.0,0,0.0,0,0.0,2.0,2.0,0,,0,
flight_number,SJU,BWI,WN,WN3103.0,BWI→SJU,,,2024-01-01,2024-12-31,33,33,0,0,0.0,1,0.030303,0,0.0,0.64,-11.0,28.0,8.55,3.0,32.2,5,0.151515,4,0.121212,1,0.030303,-1.0,0.0,0,0.0,0,0.0
flight_number,SJU,BWI,WN,WN3446.0,BWI→SJU,,,2024-01-01,2024-12-31,9,9,0,0,0.0,0,0.0,0,0.0,8.22,5.0,21.0,16.22,14.0,27.2,4,0.444444,0,0.0,0,0.0,6.89,8.0,0,,0,
flight_number,SJU,BWI,WN,WN3466.0,BWI→SJU,,,2024-01-01,2024-12-31,24,24,0,0,0.0,7,0.291667,0,0.0,29.33,5.0,93.7,29.88,19.0,77.3,13,0.541667,7,0.291667,5,0.208333,-1.92,5.0,0,0.0,0,0.0
flight_number,SJU,BWI,WN,WN4175.0,BWI→SJU,,,2024-01-01,2024-12-31,62,62,0,0,0.0,2,0.032258,0,0.0,5.74,-1.0,32.6,10.08,3.0,30.3,14,0.225806,7,0.112903,1,0.016129,-1.32,0.0,0,0.0,0,0.0
flight_number,SJU,BWI,WN,WN4211.0,BWI→SJU,,,2024-01-01,2024-12-31,16,16,0,0,0.0,0,0.0,0,0.0,-0.12,-5.0,15.5,6.75,4.0,12.0,1,0.0625,1,0.0625,0,0.0,1.38,3.0,0,0.0,0,
flight_number,SJU,BWI,WN,WN426.0,BWI→SJU,,,2024-01-01,2024-12-31,41,40,1,0,0.02439,4,0.1,0,0.0,13.3,2.5,57.7,14.22,4.0,47.6,10,0.25,6,0.15,3,0.075,-4.58,0.0,0,0.0,0,0.0
flight_number,SJU,BWI,WN,WN4279.0,BWI→SJU,,,2024-01-01,2024-12-31,1,1,0,0,0.0,1,1.0,0,0.0,72.0,72.0,72.0,20.0,20.0,20.0,1,1.0,0,0.0,0,0.0,-52.0,-52.0,0,,0,
flight_number,SJU,BWI,WN,WN428.0,BWI→SJU,,,2024-01-01,2024-12-31,24,23,1,0,0.041667,7,0.304348,0,0.0,44.87,30.0,113.0,53.57,48.0,138.0,17,0.73913,13,0.565217,8,0.347826,6.7,9.0,0,0.0,0,0.0
flight_number,SJU,BWI,WN,WN4285.0,BWI→SJU,,,2024-01-01,2024-12-31,10,10,0,0,0.0,1,0.1,0,0.0,3.6,-3.0,38.9,17.0,10.0,40.7,3,0.3,3,0.3,0,0.0,4.8,4.0,0,0.0,0,
flight_number,SJU,BWI,WN,WN4355.0,BWI→SJU,,,2024-01-01,2024-12-31,18,18,0,0,0.0,0,0.0,0,0.0,6.5,7.0,28.7,16.61,14.5,30.2,9,0.5,2,0.111111,0,0.0,6.28,7.0,1,0.5,0,
flight_number,SJU,BWI,WN,WN4375.0,BWI→SJU,,,2024-01-01,2024-12-31,18,18,0,0,0.0,2,0.111111,0,0.0,19.22,15.5,45.0,24.72,15.0,47.7,9,0.5,4,0.222222,2,0.111111,4.17,5.0,1,0.25,0,0.0
flight_number,SJU,BWI,WN,WN4398.0,BWI→SJU,,,2024-01-01,2024-12-31,56,56,0,0,0.0,1,0.017857,0,0.0,-4.71,-9.5,14.5,7.36,1.0,23.5,9,0.160714,4,0.071429,1,0.017857,2.18,0.0,1,0.25,0,0.0
flight_number,SJU,BWI,WN,WN4399.0,BWI→SJU,,,2024-01-01,2024-12-31,56,56,0,0,0.0,2,0.035714,0,0.0,10.77,9.5,42.0,18.0,10.0,47.0,24,0.428571,14,0.25,2,0.035714,2.05,3.0,0,0.0,0,0.0
flight_number,SJU,BWI,WN,WN541.0,BWI→SJU,,,2024-01-01,2024-12-31,4,4,0,0,0.0,1,0.25,0,0.0,41.25,34.5,77.3,36.75,29.5,75.1,2,0.5,2,0.5,1,0.25,-4.5,-4.0,0,0.0,0,0.0
flight_number,SJU,BWI,WN,WN6464.0,BWI→SJU,,,2024-01-01,2024-12-31,1,1,0,0,0.0,0,0.0,0,0.0,37.0,37.0,37.0,11.0,11.0,11.0,0,0.0,0,0.0,0,0.0,-26.0,-26.0,0,,0,
flight_number,SJU,BWI,WN,WN758.0,BWI→SJU,,,2024-01-01,2024-12-31,22,22,0,0,0.0,0,0.0,0,0.0,8.5,4.0,36.2,10.86,7.0,21.0,6,0.272727,2,0.090909,0,0.0,-1.36,0.5,0,0.0,0,
flight_number,SJU,BWI,WN,WN800.0,BWI→SJU,,,2024-01-01,2024-12-31,1,1,0,0,0.0,0,0.0,0,0.0,2.0,2.0,2.0,0.0,0.0,0.0,0,0.0,0,0.0,0,0.0,-2.0,-2.0,0,,0,
flight_number,SJU,BWI,WN,WN854.0,BWI→SJU,,,2024-01-01,2024-12-31,1,1,0,0,0.0,0,0.0,0,0.0,-1.0,-1.0,-1.0,6.0,6.0,6.0,0,0.0,0,0.0,0,0.0,6.0,6.0,0,,0,
flight_number,SJU,BWI,WN,WN948.0,BWI→SJU,,,2024-01-01,2024-12-31,33,33,0,0,0.0,3,0.090909,0,0.0,7.09,-2.0,54.4,10.09,1.0,34.8,7,0.212121,5,0.151515,1,0.030303,-3.94,0.0,0,0.0,0,0.0
flight_number,SJU,BWI,WN,WN949.0,BWI→SJU,,,2024-01-01,2024-12-31,33,33,0,0,0.0,5,0.151515,1,0.030303,27.45,10.0,78.4,33.36,21.0,75.0,20,0.606061,12,0.363636,6,0.181818,1.55,1.0,0,0.0,0,0.0
flight_number,SJU,BWI,WN,WN967.0,BWI→SJU,,,2024-01-01,2024-12-31,1,1,0,0,0.0,0,0.0,0,0.0,-37.0,-37.0,-37.0,0.0,0.0,0.0,0,0.0,0,0.0,0,0.0,0.0,0.0,0,,0,
flight_number,SJU,CLE,F9,F93140.0,CLE→SJU,,,2024-01-01,2024-12-31,3,3,0,0,0.0,0,0.0,0,0.0,-6.67,-10.0,13.2,6.33,5.0,12.2,0,0.0,0,0.0,0,0.0,0.0,0.0,0,,0,
flight_number,SJU,CLE,F9,F94120.0,CLE→SJU,,,2024-01-01,2024-12-31,8,8,0,0,0.0,1,0.125,0,0.0,20.25,7.0,68.1,28.38,10.5,67.7,3,0.375,3,0.375,1,0.125,-0.25,1.5,0,0.0,0,0.0
flight_number,SJU,CLE,F9,F94140.0,CLE→SJU,,,2024-01-01,2024-12-31,192,187,5,1,0.026042,24,0.128342,4,0.02139,17.96,0.0,77.5,22.56,0.0,63.0,44,0.235294,34,0.181818,20,0.106952,-2.68,0.0,3,0.088235,0,0.0
flight_number,SJU,CLT,AA,AA1737.0,CLT→SJU,,,2024-01-01,2024-12-31,7,7,0,0,0.0,0,0.0,0,0.0,5.86,0.0,23.2,10.0,3.0,24.6,1,0.142857,1,0.142857,0,0.0,1.71,0.0,0,0.0,0,
flight_number,SJU,CLT,AA,AA1847.0,CLT→SJU,,,2024-01-01,2024-12-31,28,28,0,0,0.0,1,0.035714,0,0.0,-6.61,-15.5,26.5,8.71,0.0,27.9,6,0.214286,2,0.071429,1,0.035714,1.61,0.0,0,0.0,0,0.0
flight_number,SJU,CLT,AA,AA1852.0,CLT→SJU,,,2024-01-01,2024-12-31,86,86,0,0,0.0,1,0.011628,0,0.0,-15.98,-20.0,5.5,4.5,0.0,14.5,8,0.093023,5,0.05814,1,0.011628,1.4,0.0,1,0.2,0,0.0
flight_number,SJU,CLT,AA,AA1881.0,CLT→SJU,,,2024-01-01,2024-12-31,32,32,0,0,0.0,4,0.125,2,0.0625,12.81,-9.0,60.7,24.59,0.0,68.9,9,0.28125,5,0.15625,4,0.125,2.19,0.0,0,0.0,0,0.0
flight_number,SJU,CLT,AA,AA1998.0,CLT→SJU,,,2024-01-01,2024-12-31,1,1,0,0,0.0,0,0.0,0,0.0,60.0,60.0,60.0,66.0,66.0,66.0,1,1.0,1,1.0,1,1.0,6.0,6.0,0,0.0,0,0.0
flight_number,SJU,CLT,AA,AA2150.0,CLT→SJU,,,2024-01-01,2024-12-31,208,208,0,0,0.0,17,0.081731,6,0.028846,19.17,-5.0,44.3,27.93,1.0,43.6,54,0.259615,37,0.177885,15,0.072115,0.19,0.0,1,0.027027,0,0.0
flight_number,SJU,CLT,AA,AA2218.0,CLT→SJU,,,2024-01-01,2024-12-31,49,48,1,0,0.020408,1,0.020833,1,0.020833,13.85,-11.0,14.0,27.33,0.0,12.8,5,0.104167,4,0.083333,3,0.0625,1.06,0.0,0,0.0,0,0.0
flight_number,SJU,CLT,AA,AA2436.0,CLT→SJU,,,2024-01-01,2024-12-31,46,46,0,0,0.0,1,0.021739,0,0.0,-8.02,-13.0,9.0,4.02,0.0,10.0,4,0.086957,2,0.043478,1,0.021739,0.33,0.0,1,0.5,0,0.0
flight_number,SJU,CLT,AA,AA2674.0,CLT→SJU,,,2024-01-01,2024-12-31,62,62,0,0,0.0,3,0.048387,1,0.016129,-6.27,-14.5,12.7,6.85,0.0,16.0,8,0.129032,2,0.032258,1,0.016129,-0.56,0.0,0,0.0,0,0.0
flight_number,SJU,CLT,AA,AA2830.0,CLT→SJU,,,2024-01-01,2024-12-31,91,91,0,0,0.0,11,0.120879,2,0.021978,19.02,-3.0,63.0,31.41,6.0,72.0,33,0.362637,20,0.21978,12,0.131868,3.46,0.0,3,0.15,0,0.0
flight_number,SJU,CLT,AA,AA2918.0,CLT→SJU,,,2024-01-01,2024-12-31,57,57,0,0,0.0,1,0.017544,0,0.0,-2.28,-8.0,23.4,10.7,0.0,34.0,11,0.192982,7,0.122807,2,0.035088,2.65,0.0,1,0.125,0,0.0
flight_number,SJU,CLT,AA,AA2993.0,CLT→SJU,,,2024-01-01,2024-12-31,152,149,3,3,0.019737,35,0.234899,11,0.073826,61.64,12.0,106.5,71.41,20.5,117.5,79,0.530201,62,0.416107,40,0.268456,5.62,5.0,3,0.047619,0,0.0
flight_number,SJU,CLT,AA,AA3016.0,CLT→SJU,,,2024-01-01,2024-12-31,1,1,0,0,0.0,0,0.0,0,0.0,-7.0,-7.0,-7.0,17.0,17.0,17.0,1,1.0,0,0.0,0,0.0,17.0,17.0,0,,0,
flight_number,SJU,CLT,AA,AA750.0,CLT→SJU,,,2024-01-01,2024-12-31,27,27,0,0,0.0,4,0.148148,0,0.0,14.44,-5.0,81.6,19.96,0.0,80.4,6,0.222222,4,0.148148,4,0.148148,-0.93,0.0,0,0.0,0,0.0
flight_number,SJU,CLT,AA,AA783.0,CLT→SJU,,,2024-01-01,2024-12-31,141,141,0,0,0.0,2,0.014184,1,0.007092,-0.41,-6.0,24.0,6.16,0.0,15.0,14,0.099291,5,0.035461,2,0.014184,-2.45,0.0,1,0.166667,0,0.0
flight_number,SJU,CLT,F9,F93004.0,CLT→SJU,,,2024-01-01,2024-12-31,118,116,2,0,0.016949,16,0.137931,2,0.017241,33.4,18.5,64.0,33.66,13.0,62.0,49,0.422414,34,0.293103,12,0.103448,-3.7,0.0,0,0.0,0,0.0
flight_number,SJU,CLT,F9,F94722.0,CLT→SJU,,,2024-01-01,2024-12-31,1,1,0,0,0.0,1,1.0,1,1.0,1061.0,1061.0,1061.0,1042.0,1042.0,1042.0,1,1.0,1,1.0,1,1.0,-19.0,-19.0,0,0.0,0,0.0
flight_number,SJU,DCA,B6,B61347.0,DCA→SJU,,,2024-01-01,2024-12-31,366,365,1,2,0.002732,31,0.084932,6,0.016438,6.61,-7.0,51.0,13.98,0.0,30.8,58,0.158904,37,0.10137,24,0.065753,-3.39,0.0,0,0.0,0,0.0
flight_number,SJU,DEN,UA,UA1339.0,DEN→SJU,,,2024-01-01,2024-12-31,307,305,2,0,0.006515,11,0.036066,2,0.006557,7.51,2.0,35.6,8.82,0.0,21.8,45,0.147541,18,0.059016,10,0.032787,-4.36,0.0,1,0.05,0,0.0
flight_number,SJU,DFW,AA,AA164.0,DFW→SJU,,,2024-01-01,2024-12-31,24,24,0,0,0.0,0,0.0,0,0.0,-9.25,-9.0,1.7,8.04,0.0,34.7,4,0.166667,3,0.125,0,0.0,6.92,0.0,2,0.666667,0,
flight_number,SJU,DFW,AA,AA1821.0,DFW→SJU,,,2024-01-01,2024-12-31,32,32,0,1,0.0,3,0.09375,0,0.0,8.06,-2.0,45.0,6.1,0.0,19.0,5,0.15625,1,0.03125,1,0.03125,-8.26,0.0,0,0.0,0,0.0
flight_number,SJU,DFW,AA,AA1823.0,DFW→SJU,,,2024-01-01,2024-12-31,10,10,0,0,0.0,1,0.1,0,0.0,18.6,10.5,36.7,22.0,10.0,37.6,3,0.3,1,0.1,1,0.1,-0.9,2.5,0,0.0,0,0.0
flight_number,SJU,DFW,AA,AA188.0,DFW→SJU,,,2024-01-01,2024-12-31,61,61,0,0,0.0,15,0.245902,2,0.032787,38.64,22.0,92.0,39.95,18.0,91.0,33,0.540984,24,0.393443,12,0.196721,-0.2,0.0,0,0.0,0,0.0
flight_number,SJU,DFW,AA,AA2138.0,DFW→SJU,,,2024-01-01,2024-12-31,1,1,0,0,0.0,1,1.0,1,1.0,259.0,259.0,259.0,240.0,240.0,240.0,1,1.0,1,1.0,1,1.0,-19.0,-19.0,0,0.0,0,0.0
flight_number,SJU,DFW,AA,AA2144.0,DFW→SJU,,,2024-01-01,2024-12-31,9,9,0,0,0.0,2,0.222222,1,0.111111,40.67,1.0,126.4,45.22,9.0,119.4,4,0.444444,4,0.444444,2,0.222222,2.56,0.0,0,0.0,0,0.0
flight_number,SJU,DFW,AA,AA2154.0,DFW→SJU,,,2024-01-01,2024-12-31,29,27,2,0,0.068966,7,0.259259,0,0.0,35.41,28.0,102.2,45.89,35.0,120.4,18,0.666667,16,0.592593,7,0.259259,3.89,0.0,1,0.0625,0,0.0
flight_number,SJU,DFW,AA,AA2233.0,DFW→SJU,,,2024-01-01,2024-12-31,30,30,0,1,0.0,4,0.133333,0,0.0,17.66,-4.0,120.0,25.97,3.0,108.4,8,0.266667,6,0.2,5,0.166667,0.52,0.0,0,0.0,0,0.0
flight_number,SJU,DFW,AA,AA2437.0,DFW→SJU,,,2024-01-01,2024-12-31,150,150,0,1,0.0,11,0.073333,3,0.02,7.0,-3.0,45.8,14.58,0.0,41.2,33,0.22,20,0.133333,8,0.053333,-3.05,0.0,2,0.1,0,0.0
flight_number,SJU,DFW,AA,AA2481.0,DFW→SJU,,,2024-01-01,2024-12-31,7,7,0,0,0.0,0,0.0,0,0.0,4.29,-2.0,42.2,24.43,12.0,60.8,3,0.428571,2,0.285714,1,0.142857,11.14,10.0,0,0.0,0,0.0
flight_number,SJU,DFW,AA,AA2552.0,DFW→SJU,,,2024-01-01,2024-12-31,5,5,0,0,0.0,1,0.2,0,0.0,13.2,-4.0,65.8,23.4,0.0,67.6,1,0.2,1,0.2,1,0.2,1.2,0.0,0,0.0,0,0.0
flight_number,SJU,DFW,AA,AA3074.0,DFW→SJU,,,2024-01-01,2024-12-31,40,40,0,0,0.0,1,0.025,0,0.0,0.93,-6.5,33.6,11.97,2.5,45.2,10,0.25,5,0.125,1,0.025,3.23,0.0,0,0.0,0,0.0
flight_number,SJU,DFW,AA,AA447.0,DFW→SJU,,,2024-01-01,2024-12-31,28,28,0,0,0.0,2,0.071429,1,0.035714,6.57,-13.5,46.1,22.79,0.0,70.9,6,0.214286,5,0.178571,5,0.178571,2.64,0.0,0,0.0,0,0.0
flight_number,SJU,DFW,AA,AA452.0,DFW→SJU,,,2024-01-01,2024-12-31,28,28,0,1,0.0,0,0.0,0,0.0,-21.04,-23.0,-5.6,3.07,0.0,10.8,3,0.107143,1,0.035714,0,0.0,1.89,0.0,0,0.0,0,
flight_number,SJU,DFW,AA,AA970.0,DFW→SJU,,,2024-01-01,2024-12-31,31,31,0,0,0.0,5,0.16129,1,0.032258,42.77,8.0,86.0,52.32,8.0,91.0,11,0.354839,9,0.290323,5,0.16129,3.71,3.0,0,0.0,0,0.0
flight_number,SJU,DFW,F9,F93082.0,DFW→SJU,,,2024-01-01,2024-12-31,11,11,0,0,0.0,1,0.090909,0,0.0,21.09,8.0,47.0,18.18,0.0,18.0,2,0.181818,1,0.090909,1,0.090909,-8.18,0.0,0,0.0,0,0.0
flight_number,SJU,DFW,F9,F94250.0,DFW→SJU,,,2024-01-01,2024-12-31,104,101,3,0,0.028846,19,0.188119,0,0.0,29.18,20.0,81.0,33.84,20.0,81.0,54,0.534653,42,0.415842,24,0.237624,2.75,4.0,0,0.0,0,0.0
flight_number,SJU,DFW,NK,NK1110.0,DFW→SJU,,,2024-01-01,2024-12-31,214,212,2,0,0.009346,23,0.108491,3,0.014151,10.98,-5.0,66.8,19.29,0.0,59.9,58,0.273585,40,0.188679,21,0.099057,-0.73,0.0,3,0.073171,0,0.0
flight_number,SJU,DFW,NK,NK1330.0,DFW→SJU,,,2024-01-01,2024-12-31,27,27,0,0,0.0,2,0.074074,1,0.037037,14.22,1.0,40.6,17.59,5.0,39.8,7,0.259259,4,0.148148,1,0.037037,-0.07,0.0,0,0.0,0,0.0
flight_number,SJU,DFW,NK,NK1861.0,DFW→SJU,,,2024-01-01,2024-12-31,15,14,1,0,0.066667,2,0.142857,0,0.0,17.21,5.5,74.4,33.43,31.0,60.9,9,0.642857,7,0.5,2,0.142857,10.57,9.5,2,0.285714,0,0.0
flight_number,SJU,DFW,NK,NK3707.0,DFW→SJU,,,2024-01-01,2024-12-31,92,92,0,0,0.0,7,0.076087,2,0.021739,13.25,-1.0,48.2,17.82,0.0,44.7,18,0.195652,13,0.141304,7,0.076087,-0.6,0.0,0,0.0,0,0.0
flight_number,SJU,DTW,DL,DL1857.0,DTW→SJU,,,2024-01-01,2024-12-31,13,13,0,0,0.0,3,0.230769,2,0.153846,43.38,3.0,181.4,43.15,0.0,169.8,3,0.230769,3,0.230769,3,0.230769,-4.0,-2.0,0,0.0,0,0.0
flight_number,SJU,DTW,DL,DL1885.0,DTW→SJU,,,2024-01-01,2024-12-31,13,13,0,0,0.0,0,0.0,0,0.0,-0.46,-3.0,16.6,1.46,0.0,3.8,0,0.0,0,0.0,0,0.0,-3.85,0.0,0,,0,
flight_number,SJU,DTW,DL,DL1913.0,DTW→SJU,,,2024-01-01,2024-12-31,298,298,0,2,0.0,12,0.040268,2,0.006711,0.89,-5.0,24.5,8.09,0.0,20.0,34,0.114094,19,0.063758,10,0.033557,-1.85,0.0,1,0.05,0,0.0
flight_number,SJU,EWR,B6,B61089.0,EWR→SJU,,,2024-01-01,2024-12-31,44,44,0,0,0.0,3,0.068182,0,0.0,4.34,-5.0,37.1,13.39,0.0,35.2,10,0.227273,6,0.136364,3,0.068182,-0.73,0.0,0,0.0,0,0.0
flight_number,SJU,EWR,B6,B61289.0,EWR→SJU,,,2024-01-01,2024-12-31,217,214,3,0,0.013825,29,0.135514,8,0.037383,21.35,-4.0,96.5,29.58,0.0,89.1,67,0.313084,51,0.238318,30,0.140187,-2.06,0.0,0,0.0,0,0.0
flight_number,SJU,EWR,B6,B61389.0,EWR→SJU,,,2024-01-01,2024-12-31,13,13,0,0,0.0,2,0.153846,0,0.0,15.15,13.0,63.4,5.0,0.0,15.6,2,0.153846,1,0.076923,0,0.0,-17.31,-2.0,0,0.0,0,
flight_number,SJU,EWR,B6,B61489.0,EWR→SJU,,,2024-01-01,2024-12-31,13,13,0,0,0.0,0,0.0,0,0.0,4.15,-1.0,25.8,4.77,0.0,18.0,2,0.153846,0,0.0,0,0.0,-2.92,0.0,0,,0,
flight_number,SJU,EWR,B6,B61589.0,EWR→SJU,,,2024-01-01,2024-12-31,45,44,1,0,0.022222,3,0.068182,0,0.0,6.86,-6.5,47.6,8.43,0.0,22.8,5,0.113636,4,0.090909,2,0.045455,-6.75,0.0,0,0.0,0,0.0
flight_number,SJU,EWR,B6,B61889.0,EWR→SJU,,,2024-01-01,2024-12-31,179,178,1,0,0.005587,14,0.078652,7,0.039326,5.67,-9.0,29.6,14.12,0.0,22.2,22,0.123596,16,0.089888,11,0.061798,-1.59,0.0,0,0.0,0,0.0
flight_number,SJU,EWR,B6,B62189.0,EWR→SJU,,,2024-01-01,2024-12-31,1,1,0,0,0.0,0,0.0,0,0.0,14.0,14.0,14.0,35.0,35.0,35.0,1,1.0,1,1.0,0,0.0,21.0,21.0,1,1.0,0,
flight_number,SJU,EWR,B6,B62389.0,EWR→SJU,,,2024-01-01,2024-12-31,63,63,0,0,0.0,5,0.079365,0,0.0,8.21,-1.0,25.6,10.54,0.0,26.8,10,0.15873,6,0.095238,4,0.063492,-4.63,0.0,0,0.0,0,0.0
flight_number,SJU,EWR,B6,B6389.0,EWR→SJU,,,2024-01-01,2024-12-31,9,8,1,0,0.111111,1,0.125,0,0.0,5.25,-13.0,81.4,29.75,0.0,92.5,2,0.25,2,0.25,2,0.25,5.0,0.0,0,0.0,0,0.0
flight_number,SJU,EWR,F9,F91061.0,EWR→SJU,,,2024-01-01,2024-12-31,1,1,0,0,0.0,0,0.0,0,0.0,37.0,37.0,37.0,0.0,0.0,0.0,0,0.0,0,0.0,0,0.0,-37.0,-37.0,0,,0,
flight_number,SJU,EWR,F9,F93571.0,EWR→SJU,,,2024-01-01,2024-12-31,186,184,2,0,0.010753,20,0.108696,11,0.059783,25.25,-3.5,62.7,33.81,0.0,48.0,38,0.206522,25,0.13587,17,0.092391,-0.44,0.0,3,0.12,0,0.0
flight_number,SJU,EWR,F9,F93573.0,EWR→SJU,,,2024-01-01,2024-12-31,128,125,3,2,0.023438,15,0.12,3,0.024,22.2,2.0,66.0,24.82,5.0,66.4,43,0.344,24,0.192,13,0.104,-2.61,0.0,1,0.038462,0,0.0
flight_number,SJU,EWR,NK,NK1035.0,EWR→SJU,,,2024-01-01,2024-12-31,191,184,7,0,0.036649,25,0.13587,3,0.016304,16.99,-1.0,76.0,28.31,3.0,82.8,64,0.347826,47,0.255435,25,0.13587,1.71,0.0,4,0.083333,0,0.0
flight_number,SJU,EWR,NK,NK1679.0,EWR→SJU,,,2024-01-01,2024-12-31,65,64,1,0,0.015385,6,0.09375,1,0.015625,-0.78,-16.0,48.9,18.61,0.0,65.8,21,0.328125,9,0.140625,7,0.109375,2.86,0.0,1,0.111111,0,0.0
flight_number,SJU,EWR,UA,UA1543.0,EWR→SJU,,,2024-01-01,2024-12-31,365,361,4,2,0.010959,64,0.177285,8,0.022161,24.21,8.0,87.2,28.24,8.0,83.4,143,0.396122,107,0.296399,60,0.166205,-1.82,0.0,5,0.045872,0,0.0
flight_number,SJU,EWR,UA,UA1556.0,EWR→SJU,,,2024-01-01,2024-12-31,366,365,1,0,0.002732,22,0.060274,2,0.005479,5.74,-5.0,39.0,12.35,0.0,34.4,70,0.191781,43,0.117808,17,0.046575,-1.75,0.0,1,0.023256,0,0.0
flight_number,SJU,EWR,UA,UA2143.0,EWR→SJU,,,2024-01-01,2024-12-31,366,360,6,2,0.016393,36,0.1,12,0.033333,10.18,-9.5,59.2,22.15,0.0,58.0,82,0.227778,57,0.158333,33,0.091667,-0.18,0.0,2,0.035088,0,0.0
flight_number,SJU,FLL,B6,B61035.0,FLL→SJU,,,2024-01-01,2024-12-31,12,12,0,0,0.0,1,0.083333,0,0.0,-3.33,-14.0,19.5,5.08,0.0,17.2,2,0.166667,0,0.0,0,0.0,-2.42,0.0,0,,0,
flight_number,SJU,FLL,B6,B61453.0,FLL→SJU,,,2024-01-01,2024-12-31,261,259,2,0,0.007663,43,0.166023,7,0.027027,18.8,-1.0,86.0,30.39,6.0,96.0,106,0.409266,76,0.293436,44,0.169884,4.35,2.0,6,0.076923,0,0.0
flight_number,SJU,FLL,B6,B61553.0,FLL→SJU,,,2024-01-01,2024-12-31,366,365,1,0,0.002732,23,0.063014,3,0.008219,8.21,-3.0,45.6,15.67,0.0,45.0,91,0.249315,58,0.158904,23,0.063014,0.4,0.0,1,0.016949,0,0.0
flight_number,SJU,FLL,B6,B61653.0,FLL→SJU,,,2024-01-01,2024-12-31,52,52,0,0,0.0,1,0.019231,0,0.0,2.77,-1.0,17.8,10.17,1.5,28.0,12,0.230769,5,0.096154,1,0.019231,1.73,0.0,0,0.0,0,0.0
flight_number,SJU,FLL,B6,B61753.0,FLL→SJU,,,2024-01-01,2024-12-31,14,14,0,0,0.0,2,0.142857,0,0.0,18.93,15.0,61.0,25.07,15.0,59.4,7,0.5,6,0.428571,1,0.071429,0.71,0.0,0,0.0,0,0.0
flight_number,SJU,FLL,B6,B61773.0,FLL→SJU,,,2024-01-01,2024-12-31,1,1,0,0,0.0,0,0.0,0,0.0,38.0,38.0,38.0,49.0,49.0,49.0,1,1.0,1,1.0,0,0.0,11.0,11.0,0,0.0,0,
flight_number,SJU,FLL,B6,B62153.0,FLL→SJU,,,2024-01-01,2024-12-31,13,13,0,0,0.0,2,0.153846,1,0.076923,37.69,2.0,71.4,39.85,3.0,82.2,5,0.384615,2,0.153846,2,0.153846,-0.85,0.0,0,0.0,0,0.0
flight_number,SJU,FLL,B6,B62191.0,FLL→SJU,,,2024-01-01,2024-12-31,13,13,0,0,0.0,0,0.0,0,0.0,-5.23,-6.0,2.0,1.0,0.0,0.0,0,0.0,0,0.0,0,0.0,-0.62,0.0,0,,0,
flight_number,SJU,FLL,B6,B62353.0,FLL→SJU,,,2024-01-01,2024-12-31,37,36,1,0,0.027027,1,0.027778,1,0.027778,10.92,-6.0,47.5,22.03,8.0,46.0,13,0.361111,7,0.194444,2,0.055556,4.14,0.0,0,0.0,0,0.0
flight_number,SJU,FLL,B6,B62453.0,FLL→SJU,,,2024-01-01,2024-12-31,3,3,0,0,0.0,0,0.0,0,0.0,14.0,13.0,33.0,19.67,18.0,34.8,2,0.666667,1,0.333333,0,0.0,2.67,2.0,0,0.0,0,
flight_number,SJU,FLL,B6,B6253.0,FLL→SJU,,,2024-01-01,2024-12-31,253,251,2,0,0.007905,7,0.027888,2,0.007968,-2.74,-10.0,17.0,7.88,0.0,17.0,28,0.111554,17,0.067729,6,0.023904,0.45,0.0,0,0.0,0,0.0
flight_number,SJU,FLL,B6,B62953.0,FLL→SJU,,,2024-01-01,2024-12-31,4,4,0,0,0.0,1,0.25,0,0.0,17.75,4.0,64.9,28.5,19.0,64.6,2,0.5,2,0.5,1,0.25,2.75,0.0,0,0.0,0,0.0
flight_number,SJU,FLL,B6,B6353.0,FLL→SJU,,,2024-01-01,2024-12-31,94,94,0,0,0.0,9,0.095745,1,0.010638,6.71,-8.5,53.6,15.15,0.0,41.5,23,0.244681,13,0.138298,6,0.06383,-0.19,0.0,0,0.0,0,0.0
flight_number,SJU,FLL,B6,B6553.0,FLL→SJU,,,2024-01-01,2024-12-31,51,51,0,0,0.0,1,0.019608,0,0.0,2.78,-4.0,30.0,11.47,0.0,39.0,14,0.27451,7,0.137255,2,0.039216,2.14,0.0,0,0.0,0,0.0
flight_number,SJU,FLL,B6,B6953.0,FLL→SJU,,,2024-01-01,2024-12-31,16,16,0,0,0.0,0,0.0,0,0.0,-9.94,-13.5,1.0,1.69,0.0,2.5,1,0.0625,0,0.0,0,0.0,0.81,0.0,0,,0,
flight_number,SJU,FLL,B6,B6991.0,FLL→SJU,,,2024-01-01,2024-12-31,136,136,0,0,0.0,11,0.080882,4,0.029412,15.61,4.0,54.5,24.64,9.5,57.0,57,0.419118,34,0.25,13,0.095588,4.23,3.0,2,0.057143,0,0.0
flight_number,SJU,FLL,B6,B6992.0,FLL→SJU,,,2024-01-01,2024-12-31,49,49,0,0,0.0,4,0.081633,0,0.0,4.43,-7.0,41.0,13.49,0.0,41.8,11,0.22449,7,0.142857,3,0.061224,0.41,0.0,0,0.0,0,0.0
flight_number,SJU,FLL,F9,F93018.0,FLL→SJU,,,2024-01-01,2024-12-31,99,93,6,0,0.060606,9,0.096774,2,0.021505,28.91,8.0,54.8,28.24,3.0,59.4,30,0.322581,18,0.193548,9,0.096774,-3.69,0.0,0,0.0,0,0.0
flight_number,SJU,FLL,F9,F94916.0,FLL→SJU,,,2024-01-01,2024-12-31,2,2,0,0,0.0,1,0.5,0,0.0,72.5,72.5,142.5,80.0,80.0,144.0,1,0.5,1,0.5,1,0.5,0.0,0.0,0,0.0,0,0.0
flight_number,SJU,FLL,NK,NK1524.0,FLL→SJU,,,2024-01-01,2024-12-31,225,224,1,1,0.004444,6,0.026786,0,0.0,0.62,-5.0,25.0,8.77,0.0,25.8,40,0.178571,21,0.09375,5,0.022321,1.2,0.0,0,0.0,0,0.0
flight_number,SJU,FLL,NK,NK261.0,FLL→SJU,,,2024-01-01,2024-12-31,254,249,5,0,0.019685,25,0.100402,2,0.008032,14.29,0.0,60.4,24.32,7.0,70.2,104,0.417671,74,0.297189,30,0.120482,3.45,0.0,2,0.027027,0,0.0
flight_number,SJU,FLL,WN,WN1139.0,FLL→SJU,,,2024-01-01,2024-12-31,31,31,0,0,0.0,1,0.032258,0,0.0,5.55,-2.0,34.0,12.29,3.0,42.0,8,0.258065,6,0.193548,1,0.032258,1.55,0.0,0,0.0,0,0.0
flight_number,SJU,FLL,WN,WN2052.0,FLL→SJU,,,2024-01-01,2024-12-31,59,59,0,0,0.0,6,0.101695,2,0.033898,14.22,-1.0,60.8,18.92,3.0,70.0,17,0.288136,9,0.152542,7,0.118644,-1.07,0.0,0,0.0,0,0.0
flight_number,SJU,FLL,WN,WN2149.0,FLL→SJU,,,2024-01-01,2024-12-31,58,58,0,0,0.0,2,0.034483,1,0.017241,2.24,-6.5,31.3,11.72,3.0,22.8,8,0.137931,4,0.068966,2,0.034483,1.93,1.0,0,0.0,0,0.0
flight_number,SJU,FLL,WN,WN2275.0,FLL→SJU,,,2024-01-01,2024-12-31,18,18,0,0,0.0,2,0.111111,0,0.0,12.39,-3.5,43.0,22.33,7.5,50.3,7,0.388889,2,0.111111,2,0.111111,4.56,1.0,0,0.0,0,0.0
flight_number,SJU,FLL,WN,WN2667.0,FLL→SJU,,,2024-01-01,2024-12-31,8,8,0,0,0.0,0,0.0,0,0.0,-5.38,-5.0,0.9,1.88,0.0,5.3,0,0.0,0,0.0,0,0.0,1.5,0.0,0,,0,
flight_number,SJU,FLL,WN,WN3022.0,FLL→SJU,,,2024-01-01,2024-12-31,1,1,0,0,0.0,0,0.0,0,0.0,21.0,21.0,21.0,34.0,34.0,34.0,1,1.0,1,1.0,0,0.0,13.0,13.0,0,0.0,0,
flight_number,SJU,FLL,WN,WN3430.0,FLL→SJU,,,2024-01-01,2024-12-31,60,57,3,0,0.05,9,0.157895,2,0.035088,29.05,12.0,83.0,36.82,22.0,92.2,36,0.631579,24,0.421053,11,0.192982,5.37,6.0,0,0.0,0,0.0
flight_number,SJU,FLL,WN,WN3535.0,FLL→SJU,,,2024-01-01,2024-12-31,16,16,0,0,0.0,0,0.0,0,0.0,-5.69,-8.0,12.5,4.81,0.0,14.0,2,0.125,0,0.0,0,0.0,1.5,0.0,0,,0,
flight_number,SJU,FLL,WN,WN3562.0,FLL→SJU,,,2024-01-01,2024-12-31,8,8,0,0,0.0,2,0.25,0,0.0,45.62,24.0,104.1,35.88,25.0,77.0,7,0.875,3,0.375,2,0.25,-9.75,2.0,0,0.0,0,0.0
flight_number,SJU,FLL,WN,WN3633.0,FLL→SJU,,,2024-01-01,2024-12-31,1,1,0,0,0.0,0,0.0,0,0.0,-10.0,-10.0,-10.0,3.0,3.0,3.0,0,0.0,0,0.0,0,0.0,3.0,3.0,0,,0,
flight_number,SJU,FLL,WN,WN3718.0,FLL→SJU,,,2024-01-01,2024-12-31,6,6,0,0,0.0,1,0.166667,0,0.0,8.33,-4.0,40.0,17.83,7.5,46.0,2,0.333333,1,0.166667,1,0.166667,4.5,3.5,0,0.0,0,0.0
flight_number,SJU,FLL,WN,WN3729.0,FLL→SJU,,,2024-01-01,2024-12-31,1,1,0,0,0.0,0,0.0,0,0.0,-1.0,-1.0,-1.0,0.0,0.0,0.0,0,0.0,0,0.0,0,0.0,0.0,0.0,0,,0,
flight_number,SJU,FLL,WN,WN3730.0,FLL→SJU,,,2024-01-01,2024-12-31,25,25,0,0,0.0,2,0.08,1,0.04,22.84,9.0,41.0,27.76,10.0,47.6,10,0.4,3,0.12,3,0.12,3.08,5.0,0,0.0,0,0.0
flight_number,SJU,FLL,WN,WN4287.0,FLL→SJU,,,2024-01-01,2024-12-31,10,10,0,0,0.0,0,0.0,0,0.0,4.5,-5.0,48.1,9.5,0.0,33.3,3,0.3,2,0.2,0,0.0,-1.4,0.0,0,0.0,0,
flight_number,SJU,FLL,WN,WN435.0,FLL→SJU,,,2024-01-01,2024-12-31,61,60,1,0,0.016393,2,0.033333,0,0.0,3.55,-3.0,34.1,10.35,2.5,30.0,14,0.233333,5,0.083333,2,0.033333,1.52,0.0,0,0.0,0,0.0
flight_number,SJU,FLL,WN,WN4743.0,FLL→SJU,,,2024-01-01,2024-12-31,1,1,0,0,0.0,0,0.0,0,0.0,-19.0,-19.0,-19.0,0.0,0.0,0.0,0,0.0,0,0.0,0,0.0,0.0,0.0,0,,0,
flight_number,SJU,FLL,WN,WN634.0,FLL→SJU,,,2024-01-01,2024-12-31,1,1,0,0,0.0,0,0.0,0,0.0,-3.0,-3.0,-3.0,7.0,7.0,7.0,0,0.0,0,0.0,0,0.0,7.0,7.0,0,,0,
flight_number,SJU,FLL,WN,WN755.0,FLL→SJU,,,2024-01-01,2024-12-31,56,56,0,0,0.0,5,0.089286,0,0.0,14.93,2.0,51.5,25.45,9.0,54.5,26,0.464286,19,0.339286,5,0.089286,4.48,2.5,0,0.0,0,0.0
flight_number,SJU,FLL,WN,WN956.0,FLL→SJU,,,2024-01-01,2024-12-31,33,32,1,0,0.030303,6,0.1875,0,0.0,28.12,11.0,90.9,32.41,19.0,77.5,17,0.53125,10,0.3125,5,0.15625,1.5,3.5,0,0.0,0,0.0
flight_number,SJU,HOU,WN,WN1509.0,HOU→SJU,,,2024-01-01,2024-12-31,1,1,0,0,0.0,0,0.0,0,0.0,51.0,51.0,51.0,69.0,69.0,69.0,1,1.0,1,1.0,1,1.0,18.0,18.0,0,0.0,0,0.0
flight_number,SJU,HOU,WN,WN2449.0,HOU→SJU,,,2024-01-01,2024-12-31,1,1,0,0,0.0,0,0.0,0,0.0,-5.0,-5.0,-5.0,3.0,3.0,3.0,0,0.0,0,0.0,0,0.0,3.0,3.0,0,,0,
flight_number,SJU,HOU,WN,WN3168.0,HOU→SJU,,,2024-01-01,2024-12-31,8,8,0,0,0.0,1,0.125,0,0.0,34.75,19.0,73.1,31.88,15.0,76.4,4,0.5,2,0.25,1,0.125,-2.88,-1.0,0,0.0,0,0.0
flight_number,SJU,HOU,WN,WN4042.0,HOU→SJU,,,2024-01-01,2024-12-31,61,60,1,0,0.016393,5,0.083333,2,0.033333,26.82,14.0,52.6,24.53,15.5,51.5,30,0.5,10,0.166667,5,0.083333,-2.93,-1.0,0,0.0,0,0.0
flight_number,SJU,HOU,WN,WN4213.0,HOU→SJU,,,2024-01-01,2024-12-31,16,16,0,0,0.0,1,0.0625,0,0.0,7.81,0.0,35.5,14.62,12.0,27.5,4,0.25,1,0.0625,1,0.0625,2.25,2.5,0,0.0,0,0.0
flight_number,SJU,HOU,WN,WN4294.0,HOU→SJU,,,2024-01-01,2024-12-31,10,10,0,0,0.0,3,0.3,0,0.0,33.1,12.5,103.2,40.3,19.0,91.1,6,0.6,4,0.4,3,0.3,2.8,2.5,0,0.0,0,0.0
flight_number,SJU,HOU,WN,WN459.0,HOU→SJU,,,2024-01-01,2024-12-31,4,4,0,0,0.0,0,0.0,0,0.0,19.75,15.0,33.4,11.25,13.0,17.8,1,0.25,0,0.0,0,0.0,-8.5,-8.0,0,,0,
flight_number,SJU,HOU,WN,WN5156.0,HOU→SJU,,,2024-01-01,2024-12-31,4,4,0,0,0.0,0,0.0,0,0.0,-2.5,-1.5,15.0,3.5,1.0,9.0,0,0.0,0,0.0,0,0.0,-3.0,-3.0,0,,0,
flight_number,SJU,HPN,B6,B62601.0,HPN→SJU,,,2024-01-01,2024-12-31,64,64,0,0,0.0,8,0.125,2,0.03125,20.77,1.5,68.0,17.75,0.0,42.1,12,0.1875,9,0.140625,2,0.03125,-9.44,-1.5,0,0.0,0,0.0
flight_number,SJU,IAD,UA,UA2021.0,IAD→SJU,,,2024-01-01,2024-12-31,349,347,2,1,0.005731,10,0.028818,2,0.005764,-4.58,-11.0,18.5,5.25,0.0,7.0,24,0.069164,11,0.0317,7,0.020173,-1.93,0.0,1,0.090909,0,0.0
flight_number,SJU,IAD,UA,UA2023.0,IAD→SJU,,,2024-01-01,2024-12-31,23,22,1,0,0.043478,3,0.136364,0,0.0,12.73,-2.5,62.5,24.64,5.5,72.7,8,0.363636,6,0.272727,3,0.136364,4.77,3.0,0,0.0,0,0.0
flight_number,SJU,IAD,UA,UA2025.0,IAD→SJU,,,2024-01-01,2024-12-31,48,48,0,0,0.0,9,0.1875,3,0.0625,29.44,0.0,97.9,38.71,2.0,113.3,13,0.270833,11,0.229167,9,0.1875,2.48,0.5,0,0.0,0,0.0
flight_number,SJU,IAH,NK,NK1151.0,IAH→SJU,,,2024-01-01,2024-12-31,85,85,0,0,0.0,3,0.035294,1,0.011765,-8.91,-18.0,10.4,8.18,0.0,5.0,4,0.047059,4,0.047059,4,0.047059,-0.88,0.0,0,0.0,0,0.0
flight_number,SJU,IAH,NK,NK484.0,IAH→SJU,,,2024-01-01,2024-12-31,70,64,6,1,0.085714,10,0.15625,2,0.03125,22.83,7.0,74.4,34.29,16.0,80.4,32,0.5,27,0.421875,11,0.171875,6.51,7.0,2,0.074074,1,0.083333
flight_number,SJU,IAH,UA,UA1192.0,IAH→SJU,,,2024-01-01,2024-12-31,366,360,6,0,0.016393,23,0.063889,4,0.011111,5.85,-4.0,46.0,12.44,0.0,48.3,55,0.152778,44,0.122222,30,0.083333,-2.3,0.0,3,0.068182,1,0.032258
flight_number,SJU,IAH,UA,UA1497.0,IAH→SJU,,,2024-01-01,2024-12-31,75,73,2,0,0.026667,7,0.09589,1,0.013699,1.51,-10.0,46.8,16.55,0.0,68.6,16,0.219178,11,0.150685,8,0.109589,2.81,0.0,0,0.0,0,0.0
flight_number,SJU,IAH,UA,UA1833.0,IAH→SJU,,,2024-01-01,2024-12-31,29,29,0,0,0.0,1,0.034483,1,0.034483,-2.9,-23.0,23.0,23.0,0.0,31.6,5,0.172414,3,0.103448,1,0.034483,3.9,0.0,0,0.0,0,0.0
flight_number,SJU,IAH,UA,UA1914.0,IAH→SJU,,,2024-01-01,2024-12-31,88,87,1,0,0.011364,8,0.091954,2,0.022989,12.61,-12.0,49.4,33.54,0.0,70.0,28,0.321839,19,0.218391,11,0.126437,5.87,0.0,6,0.272727,0,0.0
flight_number,SJU,IAH,UA,UA701.0,IAH→SJU,,,2024-01-01,2024-12-31,240,238,2,1,0.008333,25,0.105042,9,0.037815,10.91,-11.0,65.6,25.05,0.0,72.8,56,0.235294,40,0.168067,25,0.105042,1.55,0.0,3,0.075,0,0.0
flight_number,SJU,JAX,F9,F92414.0,JAX→SJU,,,2024-01-01,2024-12-31,7,7,0,0,0.0,0,0.0,0,0.0,-6.71,-7.0,5.6,5.71,0.0,17.8,1,0.142857,1,0.142857,0,0.0,3.86,0.0,1,1.0,0,
flight_number,SJU,JAX,F9,F93306.0,JAX→SJU,,,2024-01-01,2024-12-31,249,240,9,0,0.036145,29,0.120833,10,0.041667,20.44,-5.0,68.1,30.15,0.0,74.0,72,0.3,47,0.195833,28,0.116667,0.53,0.0,0,0.0,0,0.0
flight_number,SJU,JFK,B6,B61181.0,JFK→SJU,,,2024-01-01,2024-12-31,1,1,0,0,0.0,0,0.0,0,0.0,-17.0,-17.0,-17.0,0.0,0.0,0.0,0,0.0,0,0.0,0,0.0,0.0,0.0,0,,0,
flight_number,SJU,JFK,B6,B61203.0,JFK→SJU,,,2024-01-01,2024-12-31,13,13,0,0,0.0,4,0.307692,0,0.0,48.0,32.0,145.4,37.77,3.0,107.6,5,0.384615,5,0.384615,4,0.307692,-11.92,-5.0,0,0.0,0,0.0
flight_number,SJU,JFK,B6,B61403.0,JFK→SJU,,,2024-01-01,2024-12-31,45,45,0,0,0.0,5,0.111111,0,0.0,5.0,-7.0,69.4,21.84,0.0,80.0,14,0.311111,11,0.244444,7,0.155556,5.16,0.0,2,0.181818,0,0.0
flight_number,SJU,JFK,B6,B61503.0,JFK→SJU,,,2024-01-01,2024-12-31,43,43,0,0,0.0,3,0.069767,2,0.046512,18.44,4.0,55.2,26.56,6.0,56.2,17,0.395349,13,0.302326,4,0.093023,2.84,0.0,3,0.230769,0,0.0
flight_number,SJU,JFK,B6,B61603.0,JFK→SJU,,,2024-01-01,2024-12-31,227,226,1,0,0.004405,30,0.132743,6,0.026549,15.51,-2.0,85.0,22.79,0.0,71.0,57,0.252212,43,0.190265,29,0.128319,-0.77,0.0,2,0.045455,0,0.0
flight_number,SJU,JFK,B6,B61803.0,JFK→SJU,,,2024-01-01,2024-12-31,69,68,1,0,0.014493,7,0.102941,0,0.0,5.76,-2.0,59.6,19.49,2.0,60.9,21,0.308824,15,0.220588,7,0.102941,2.24,0.0,0,0.0,0,0.0
flight_number,SJU,JFK,B6,B61903.0,JFK→SJU,,,2024-01-01,2024-12-31,232,231,1,0,0.00431,24,0.103896,5,0.021645,7.64,-7.0,65.0,22.32,0.0,81.0,66,0.285714,46,0.199134,29,0.125541,2.58,0.0,5,0.108696,0,0.0
flight_number,SJU,JFK,B6,B62103.0,JFK→SJU,,,2024-01-01,2024-12-31,10,10,0,0,0.0,2,0.2,0,0.0,31.0,14.5,109.9,32.7,18.5,92.2,6,0.6,3,0.3,2,0.2,-3.0,0.0,0,0.0,0,0.0
flight_number,SJU,JFK,B6,B62203.0,JFK→SJU,,,2024-01-01,2024-12-31,13,13,0,0,0.0,6,0.461538,1,0.076923,61.62,36.0,131.6,64.15,38.0,142.8,9,0.692308,9,0.692308,4,0.307692,0.08,9.0,0,0.0,0,0.0
flight_number,SJU,JFK,B6,B62503.0,JFK→SJU,,,2024-01-01,2024-12-31,83,80,3,0,0.036145,6,0.075,1,0.0125,6.53,-7.0,51.4,17.57,2.0,44.7,26,0.325,14,0.175,6,0.075,0.8,0.0,0,0.0,0,0.0
flight_number,SJU,JFK,B6,B62703.0,JFK→SJU,,,2024-01-01,2024-12-31,119,118,1,0,0.008403,21,0.177966,2,0.016949,22.75,8.0,88.0,29.61,7.0,85.6,48,0.40678,34,0.288136,25,0.211864,0.97,0.0,0,0.0,0,0.0
flight_number,SJU,JFK,B6,B62803.0,JFK→SJU,,,2024-01-01,2024-12-31,4,4,0,0,0.0,1,0.25,0,0.0,7.0,1.0,52.0,17.25,0.5,47.9,1,0.25,1,0.25,1,0.25,-3.75,0.0,0,0.0,0,0.0
flight_number,SJU,JFK,B6,B62903.0,JFK→SJU,,,2024-01-01,2024-12-31,310,306,4,1,0.012903,48,0.156863,10,0.03268,24.65,6.0,91.8,33.22,9.0,94.2,127,0.415033,94,0.30719,51,0.166667,2.26,0.0,4,0.041667,1,0.018868
flight_number,SJU,JFK,B6,B63.0,JFK→SJU,,,2024-01-01,2024-12-31,41,39,2,0,0.04878,11,0.282051,3,0.076923,50.92,17.0,144.6,46.9,5.0,148.8,15,0.384615,13,0.333333,10,0.25641,-5.77,-1.0,0,0.0,0,0.0
flight_number,SJU,JFK,B6,B6403.0,JFK→SJU,,,2024-01-01,2024-12-31,258,249,9,0,0.034884,48,0.192771,12,0.048193,29.91,6.0,124.0,39.29,11.0,130.8,109,0.437751,81,0.325301,45,0.180723,1.69,0.0,4,0.049383,0,0.0
flight_number,SJU,JFK,B6,B6503.0,JFK→SJU,,,2024-01-01,2024-12-31,366,363,3,0,0.008197,26,0.071625,7,0.019284,6.05,-8.0,41.8,15.13,0.0,32.8,70,0.192837,39,0.107438,25,0.068871,-1.16,0.0,1,0.02439,0,0.0
flight_number,SJU,JFK,B6,B6703.0,JFK→SJU,,,2024-01-01,2024-12-31,14,14,0,0,0.0,1,0.071429,0,0.0,7.29,-3.0,41.6,17.43,5.5,45.0,4,0.285714,2,0.142857,1,0.071429,2.36,0.0,0,0.0,0,0.0
flight_number,SJU,JFK,B6,B6803.0,JFK→SJU,,,2024-01-01,2024-12-31,287,284,3,0,0.010453,43,0.151408,13,0.045775,24.26,3.5,90.4,32.38,10.0,79.0,125,0.440141,76,0.267606,40,0.140845,1.12,0.0,7,0.08642,1,0.023256
flight_number,SJU,JFK,B6,B6903.0,JFK→SJU,,,2024-01-01,2024-12-31,76,75,1,0,0.013158,10,0.133333,2,0.026667,15.77,-5.0,103.0,27.21,4.0,98.6,24,0.32,15,0.2,11,0.146667,1.69,0.0,2,0.133333,0,0.0
flight_number,SJU,JFK,DL,DL1797.0,JFK→SJU,,,2024-01-01,2024-12-31,20,20,0,0,0.0,1,0.05,0,0.0,1.3,-4.0,22.4,9.2,0.0,30.5,5,0.25,2,0.1,0,0.0,-1.7,0.0,1,0.5,0,0.0
flight_number,SJU,JFK,DL,DL1859.0,JFK→SJU,,,2024-01-01,2024-12-31,348,348,0,0,0.0,37,0.106322,4,0.011494,13.43,0.0,61.3,20.89,1.5,53.5,110,0.316092,71,0.204023,32,0.091954,-1.39,0.0,7,0.093333,0,0.0
flight_number,SJU,JFK,DL,DL1877.0,JFK→SJU,,,2024-01-01,2024-12-31,366,366,0,0,0.0,11,0.030055,3,0.008197,-7.49,-15.0,19.0,7.04,0.0,18.0,40,0.10929,20,0.054645,11,0.030055,-0.58,0.0,0,0.0,0,0.0
flight_number,SJU,JFK,DL,DL1961.0,JFK→SJU,,,2024-01-01,2024-12-31,338,338,0,0,0.0,16,0.047337,3,0.008876,-3.19,-14.0,23.3,9.55,0.0,15.6,34,0.100592,25,0.073964,13,0.038462,-0.5,0.0,2,0.076923,0,0.0
flight_number,SJU,JFK,DL,DL882.0,JFK→SJU,,,2024-01-01,2024-12-31,28,28,0,0,0.0,1,0.035714,0,0.0,-4.43,-9.5,12.4,7.68,0.0,12.5,3,0.107143,2,0.071429,2,0.071429,-0.07,0.0,0,0.0,0,0.0
flight_number,SJU,JFK,F9,F93545.0,JFK→SJU,,,2024-01-01,2024-12-31,206,201,5,2,0.024272,17,0.084577,4,0.0199,19.65,-7.0,52.4,27.73,0.0,43.0,47,0.233831,26,0.129353,14,0.069652,-2.94,0.0,1,0.037037,1,0.071429
flight_number,SJU,JFK,F9,F93547.0,JFK→SJU,,,2024-01-01,2024-12-31,208,206,2,0,0.009615,16,0.07767,4,0.019417,6.17,-9.5,45.0,18.1,0.0,38.0,37,0.179612,25,0.121359,13,0.063107,-1.09,0.0,2,0.074074,0,0.0
flight_number,SJU,MCO,B6,B61033.0,MCO→SJU,,,2024-01-01,2024-12-31,323,320,3,1,0.009288,29,0.090625,11,0.034375,12.37,-6.0,56.2,22.81,0.0,64.6,80,0.25,53,0.165625,34,0.10625,2.43,0.0,0,0.0,0,0.0
flight_number,SJU,MCO,B6,B61133.0,MCO→SJU,,,2024-01-01,2024-12-31,353,351,2,2,0.005666,32,0.091168,4,0.011396,10.25,-4.0,42.4,19.61,0.0,47.2,99,0.282051,49,0.139601,31,0.088319,2.36,0.0,4,0.078431,0,0.0
flight_number,SJU,MCO,B6,B61233.0,MCO→SJU,,,2024-01-01,2024-12-31,363,357,6,1,0.016529,9,0.02521,2,0.005602,-5.19,-11.0,8.0,6.57,0.0,12.0,29,0.081232,17,0.047619,10,0.028011,0.29,0.0,1,0.055556,0,0.0
flight_number,SJU,MCO,B6,B6133.0,MCO→SJU,,,2024-01-01,2024-12-31,25,25,0,0,0.0,2,0.08,0,0.0,8.84,-5.0,53.4,20.08,4.0,68.0,9,0.36,6,0.24,4,0.16,4.36,1.0,0,0.0,0,0.0
flight_number,SJU,MCO,B6,B61383.0,MCO→SJU,,,2024-01-01,2024-12-31,3,3,0,0,0.0,0,0.0,0,0.0,4.33,-6.0,24.4,19.0,0.0,45.6,1,0.333333,1,0.333333,0,0.0,8.33,0.0,0,0.0,0,
flight_number,SJU,MCO,B6,B61433.0,MCO→SJU,,,2024-01-01,2024-12-31,139,139,0,1,0.0,19,0.136691,3,0.021583,20.71,3.0,76.8,28.5,8.0,68.1,62,0.446043,45,0.323741,19,0.136691,2.46,1.5,0,0.0,0,0.0
flight_number,SJU,MCO,B6,B61633.0,MCO→SJU,,,2024-01-01,2024-12-31,122,121,1,0,0.008197,14,0.115702,3,0.024793,13.1,-4.0,67.0,23.06,0.0,71.0,30,0.247934,26,0.214876,13,0.107438,3.06,0.0,2,0.076923,0,0.0
flight_number,SJU,MCO,B6,B61833.0,MCO→SJU,,,2024-01-01,2024-12-31,43,42,1,0,0.023256,6,0.142857,2,0.047619,25.17,1.5,105.9,34.02,7.5,115.1,17,0.404762,10,0.238095,6,0.142857,4.17,2.5,0,0.0,0,0.0
flight_number,SJU,MCO,B6,B62133.0,MCO→SJU,,,2024-01-01,2024-12-31,350,346,4,0,0.011429,48,0.138728,9,0.026012,18.63,-1.0,89.0,30.0,5.0,94.0,134,0.387283,101,0.291908,59,0.17052,4.49,0.0,3,0.029703,0,0.0
flight_number,SJU,MCO,B6,B62233.0,MCO→SJU,,,2024-01-01,2024-12-31,29,28,1,0,0.034483,2,0.071429,0,0.0,7.46,-1.5,43.8,19.18,1.0,51.9,9,0.321429,6,0.214286,2,0.071429,3.86,0.5,0,0.0,0,0.0
flight_number,SJU,MCO,B6,B62333.0,MCO→SJU,,,2024-01-01,2024-12-31,1,1,0,0,0.0,0,0.0,0,0.0,8.0,8.0,8.0,0.0,0.0,0.0,0,0.0,0,0.0,0,0.0,-8.0,-8.0,0,,0,
flight_number,SJU,MCO,B6,B62633.0,MCO→SJU,,,2024-01-01,2024-12-31,37,37,0,0,0.0,0,0.0,0,0.0,-10.92,-11.0,-0.6,1.0,0.0,1.2,0,0.0,0,0.0,0,0.0,-0.08,0.0,0,,0,
flight_number,SJU,MCO,B6,B62733.0,MCO→SJU,,,2024-01-01,2024-12-31,25,25,0,0,0.0,0,0.0,0,0.0,0.72,-5.0,33.0,12.32,3.0,34.4,8,0.32,4,0.16,0,0.0,4.48,0.0,0,0.0,0,0.0
flight_number,SJU,MCO,B6,B6293.0,MCO→SJU,,,2024-01-01,2024-12-31,1,1,0,0,0.0,0,0.0,0,0.0,-24.0,-24.0,-24.0,0.0,0.0,0.0,0,0.0,0,0.0,0,0.0,0.0,0.0,0,,0,
flight_number,SJU,MCO,B6,B62933.0,MCO→SJU,,,2024-01-01,2024-12-31,58,58,0,0,0.0,5,0.086207,0,0.0,4.16,-10.0,34.4,16.34,0.0,45.1,14,0.241379,10,0.172414,5,0.086207,1.16,0.0,0,0.0,0,0.0
flight_number,SJU,MCO,B6,B6633.0,MCO→SJU,,,2024-01-01,2024-12-31,15,14,1,0,0.066667,1,0.071429,0,0.0,13.07,0.5,48.6,23.79,0.0,66.8,4,0.285714,3,0.214286,2,0.142857,4.71,0.0,0,0.0,0,0.0
flight_number,SJU,MCO,B6,B6833.0,MCO→SJU,,,2024-01-01,2024-12-31,1,1,0,0,0.0,0,0.0,0,0.0,-18.0,-18.0,-18.0,0.0,0.0,0.0,0,0.0,0,0.0,0,0.0,0.0,0.0,0,,0,
flight_number,SJU,MCO,B6,B6933.0,MCO→SJU,,,2024-01-01,2024-12-31,53,51,2,0,0.037736,7,0.137255,0,0.0,15.14,3.0,69.0,22.67,7.0,82.0,18,0.352941,12,0.235294,9,0.176471,2.82,4.0,0,0.0,0,0.0
flight_number,SJU,MCO,F9,F91746.0,MCO→SJU,,,2024-01-01,2024-12-31,14,14,0,0,0.0,0,0.0,0,0.0,-10.36,-13.5,9.6,2.93,0.0,11.3,1,0.071429,0,0.0,0,0.0,-0.21,0.0,0,,0,
flight_number,SJU,MCO,F9,F91822.0,MCO→SJU,,,2024-01-01,2024-12-31,3,3,0,0,0.0,0,0.0,0,0.0,-12.33,-14.0,-9.2,2.67,0.0,6.4,0,0.0,0,0.0,0,0.0,2.67,0.0,0,,0,
flight_number,SJU,MCO,F9,F91824.0,MCO→SJU,,,2024-01-01,2024-12-31,202,200,2,1,0.009901,10,0.05,3,0.015,1.2,-7.0,17.0,11.01,0.0,22.0,31,0.155,14,0.07,10,0.05,1.23,0.0,2,0.133333,0,0.0
flight_number,SJU,MCO,F9,F91826.0,MCO→SJU,,,2024-01-01,2024-12-31,5,5,0,0,0.0,0,0.0,0,0.0,6.6,3.0,23.0,12.6,0.0,34.2,2,0.4,1,0.2,0,0.0,4.0,0.0,0,0.0,0,
flight_number,SJU,MCO,F9,F92066.0,MCO→SJU,,,2024-01-01,2024-12-31,5,5,0,0,0.0,0,0.0,0,0.0,7.4,-4.0,45.8,19.2,0.0,48.8,2,0.4,2,0.4,0,0.0,1.4,0.0,0,0.0,0,
flight_number,SJU,MCO,F9,F92068.0,MCO→SJU,,,2024-01-01,2024-12-31,15,15,0,0,0.0,2,0.133333,0,0.0,6.73,2.0,49.8,13.47,3.0,43.6,4,0.266667,3,0.2,1,0.066667,-0.07,0.0,0,0.0,0,0.0
flight_number,SJU,MCO,F9,F92222.0,MCO→SJU,,,2024-01-01,2024-12-31,3,3,0,0,0.0,1,0.333333,1,0.333333,119.0,20.0,284.0,131.33,34.0,294.8,2,0.666667,2,0.666667,1,0.333333,8.0,10.0,0,0.0,0,0.0
flight_number,SJU,MCO,F9,F92250.0,MCO→SJU,,,2024-01-01,2024-12-31,268,265,3,0,0.011194,17,0.064151,2,0.007547,4.85,-8.0,34.6,14.93,0.0,36.6,57,0.215094,31,0.116981,18,0.067925,0.62,0.0,0,0.0,0,0.0
flight_number,SJU,MCO,F9,F92254.0,MCO→SJU,,,2024-01-01,2024-12-31,1,1,0,0,0.0,0,0.0,0,0.0,44.0,44.0,44.0,49.0,49.0,49.0,1,1.0,1,1.0,0,0.0,5.0,5.0,0,0.0,0,
flight_number,SJU,MCO,F9,F92868.0,MCO→SJU,,,2024-01-01,2024-12-31,10,10,0,0,0.0,3,0.3,1,0.1,101.1,44.0,190.3,104.4,51.5,183.2,9,0.9,7,0.7,4,0.4,1.9,7.0,0,0.0,0,0.0
flight_number,SJU,MCO,F9,F92982.0,MCO→SJU,,,2024-01-01,2024-12-31,155,152,3,1,0.019355,14,0.092105,3,0.019737,17.01,5.0,59.0,21.11,1.0,60.0,49,0.322368,29,0.190789,15,0.098684,-0.36,0.0,1,0.034483,0,0.0
flight_number,SJU,MCO,F9,F93001.0,MCO→SJU,,,2024-01-01,2024-12-31,1,0,1,0,1.0,0,,0,,,,,,,,0,,0,,0,,,,0,,0,
flight_number,SJU,MCO,F9,F93228.0,MCO→SJU,,,2024-01-01,2024-12-31,21,21,0,0,0.0,3,0.142857,1,0.047619,17.05,-1.0,77.0,24.67,0.0,89.0,5,0.238095,4,0.190476,3,0.142857,2.05,0.0,0,0.0,0,0.0
flight_number,SJU,MCO,F9,F93504.0,MCO→SJU,,,2024-01-01,2024-12-31,2,2,0,0,0.0,0,0.0,0,0.0,2.0,2.0,9.2,7.5,7.5,13.5,0,0.0,0,0.0,0,0.0,2.0,2.0,0,,0,
flight_number,SJU,MCO,F9,F93506.0,MCO→SJU,,,2024-01-01,2024-12-31,173,169,4,0,0.023121,16,0.094675,4,0.023669,17.14,0.0,56.6,27.74,7.0,64.2,59,0.349112,43,0.254438,18,0.106509,4.01,1.0,1,0.023256,0,0.0
flight_number,SJU,MCO,F9,F93908.0,MCO→SJU,,,2024-01-01,2024-12-31,178,175,3,0,0.016854,19,0.108571,4,0.022857,12.11,-3.0,61.0,21.95,3.0,66.4,56,0.32,42,0.24,20,0.114286,2.35,0.0,1,0.023256,0,0.0
flight_number,SJU,MCO,F9,F93910.0,MCO→SJU,,,2024-01-01,2024-12-31,2,2,0,0,0.0,0,0.0,0,0.0,10.5,10.5,24.5,19.5,19.5,31.9,1,0.5,1,0.5,0,0.0,5.5,5.5,0,0.0,0,
flight_number,SJU,MCO,F9,F94726.0,MCO→SJU,,,2024-01-01,2024-12-31,235,229,6,0,0.025532,19,0.082969,0,0.0,8.03,-5.0,57.2,18.98,0.0,65.2,73,0.318777,52,0.227074,26,0.113537,3.09,0.0,0,0.0,0,0.0
flight_number,SJU,MCO,F9,F94894.0,MCO→SJU,,,2024-01-01,2024-12-31,9,9,0,1,0.0,1,0.111111,0,0.0,12.88,-1.5,57.9,13.62,0.0,39.9,2,0.222222,1,0.111111,1,0.111111,-6.75,0.0,0,0.0,0,0.0
flight_number,SJU,MCO,F9,F94896.0,MCO→SJU,,,2024-01-01,2024-12-31,1,1,0,0,0.0,0,0.0,0,0.0,-7.0,-7.0,-7.0,7.0,7.0,7.0,0,0.0,0,0.0,0,0.0,7.0,7.0,0,,0,
flight_number,SJU,MCO,NK,NK1049.0,MCO→SJU,,,2024-01-01,2024-12-31,170,168,2,0,0.011765,29,0.172619,5,0.029762,24.92,1.5,88.8,36.05,8.0,103.5,75,0.446429,53,0.315476,32,0.190476,5.41,2.0,0,0.0,0,0.0
flight_number,SJU,MCO,NK,NK1400.0,MCO→SJU,,,2024-01-01,2024-12-31,44,44,0,1,0.0,5,0.113636,0,0.0,20.51,5.0,67.8,29.7,13.0,71.6,20,0.454545,13,0.295455,6,0.136364,4.42,2.0,0,0.0,0,0.0
flight_number,SJU,MCO,NK,NK2008.0,MCO→SJU,,,2024-01-01,2024-12-31,116,116,0,0,0.0,15,0.12931,3,0.025862,17.66,-1.5,69.5,24.34,3.5,72.5,34,0.293103,20,0.172414,13,0.112069,1.72,0.0,0,0.0,0,0.0
flight_number,SJU,MCO,NK,NK3159.0,MCO→SJU,,,2024-01-01,2024-12-31,136,133,3,0,0.022059,1,0.007519,1,0.007519,-10.62,-14.0,-2.0,3.22,0.0,1.8,5,0.037594,3,0.022556,1,0.007519,0.48,0.0,0,0.0,0,0.0
flight_number,SJU,MCO,NK,NK3163.0,MCO→SJU,,,2024-01-01,2024-12-31,131,127,4,0,0.030534,3,0.023622,0,0.0,-4.16,-9.0,16.8,6.74,0.0,24.0,23,0.181102,10,0.07874,3,0.023622,1.53,0.0,0,0.0,0,0.0
flight_number,SJU,MCO,NK,NK3397.0,MCO→SJU,,,2024-01-01,2024-12-31,40,40,0,0,0.0,2,0.05,0,0.0,-1.48,-7.5,13.9,9.62,0.0,21.5,6,0.15,4,0.1,2,0.05,2.15,0.0,0,0.0,0,0.0
flight_number,SJU,MCO,NK,NK3782.0,MCO→SJU,,,2024-01-01,2024-12-31,13,13,0,0,0.0,2,0.153846,2,0.153846,42.69,3.0,174.8,48.77,4.0,177.4,6,0.461538,5,0.384615,2,0.153846,3.54,3.0,0,0.0,0,0.0
flight_number,SJU,MCO,NK,NK3880.0,MCO→SJU,,,2024-01-01,2024-12-31,1,1,0,0,0.0,1,1.0,0,0.0,90.0,90.0,90.0,106.0,106.0,106.0,1,1.0,1,1.0,1,1.0,16.0,16.0,0,0.0,0,0.0
flight_number,SJU,MCO,NK,NK795.0,MCO→SJU,,,2024-01-01,2024-12-31,275,270,5,0,0.018182,25,0.092593,3,0.011111,6.34,-7.0,57.2,18.91,1.0,65.2,76,0.281481,50,0.185185,31,0.114815,3.84,0.0,4,0.075472,0,0.0
flight_number,SJU,MCO,NK,NK880.0,MCO→SJU,,,2024-01-01,2024-12-31,160,160,0,0,0.0,16,0.1,4,0.025,17.7,-1.0,59.1,29.05,6.0,75.0,63,0.39375,39,0.24375,23,0.14375,5.12,2.0,1,0.025,0,0.0
flight_number,SJU,MCO,WN,WN1106.0,MCO→SJU,,,2024-01-01,2024-12-31,22,19,3,0,0.136364,0,0.0,0,0.0,0.42,0.0,16.2,5.37,2.0,16.6,3,0.157895,0,0.0,0,0.0,0.84,1.0,0,,0,
flight_number,SJU,MCO,WN,WN1161.0,MCO→SJU,,,2024-01-01,2024-12-31,61,61,0,0,0.0,0,0.0,0,0.0,-2.95,-5.0,17.0,5.39,1.0,14.0,6,0.098361,3,0.04918,0,0.0,2.34,0.0,0,0.0,0,
flight_number,SJU,MCO,WN,WN1206.0,MCO→SJU,,,2024-01-01,2024-12-31,4,4,0,0,0.0,0,0.0,0,0.0,2.5,0.5,12.1,7.0,3.5,13.8,1,0.25,0,0.0,0,0.0,2.25,2.5,0,,0,
flight_number,SJU,MCO,WN,WN1338.0,MCO→SJU,,,2024-01-01,2024-12-31,59,59,0,0,0.0,1,0.016949,0,0.0,-2.12,-8.0,12.6,6.63,1.0,21.0,8,0.135593,3,0.050847,1,0.016949,1.51,0.0,0,0.0,0,0.0
flight_number,SJU,MCO,WN,WN139.0,MCO→SJU,,,2024-01-01,2024-12-31,59,59,0,0,0.0,2,0.033898,0,0.0,4.19,-4.0,33.0,13.12,4.0,40.6,17,0.288136,8,0.135593,2,0.033898,2.73,1.0,0,0.0,0,0.0
flight_number,SJU,MCO,WN,WN1395.0,MCO→SJU,,,2024-01-01,2024-12-31,31,29,2,0,0.064516,1,0.034483,0,0.0,10.0,3.0,35.0,15.0,7.0,32.6,10,0.344828,3,0.103448,1,0.034483,2.24,3.0,0,0.0,0,0.0
flight_number,SJU,MCO,WN,WN1396.0,MCO→SJU,,,2024-01-01,2024-12-31,22,20,2,0,0.090909,0,0.0,0,0.0,5.55,2.5,25.0,7.45,1.0,22.5,5,0.25,1,0.05,0,0.0,-0.9,0.0,0,0.0,0,
flight_number,SJU,MCO,WN,WN1464.0,MCO→SJU,,,2024-01-01,2024-12-31,15,15,0,0,0.0,0,0.0,0,0.0,-6.8,-8.0,9.4,4.6,1.0,14.2,2,0.133333,0,0.0,0,0.0,1.93,1.0,0,,0,
flight_number,SJU,MCO,WN,WN1507.0,MCO→SJU,,,2024-01-01,2024-12-31,1,1,0,0,0.0,0,0.0,0,0.0,-18.0,-18.0,-18.0,0.0,0.0,0.0,0,0.0,0,0.0,0,0.0,0.0,0.0,0,,0,
flight_number,SJU,MCO,WN,WN1622.0,MCO→SJU,,,2024-01-01,2024-12-31,16,16,0,0,0.0,0,0.0,0,0.0,-9.38,-8.0,-1.5,0.69,0.0,3.0,0,0.0,0,0.0,0,0.0,0.31,0.0,0,,0,
flight_number,SJU,MCO,WN,WN167.0,MCO→SJU,,,2024-01-01,2024-12-31,34,34,0,0,0.0,1,0.029412,0,0.0,-1.68,-5.5,9.0,7.09,0.0,19.4,5,0.147059,2,0.058824,0,0.0,2.38,0.0,0,0.0,0,
flight_number,SJU,MCO,WN,WN1685.0,MCO→SJU,,,2024-01-01,2024-12-31,59,59,0,0,0.0,2,0.033898,0,0.0,3.14,-4.0,25.2,10.07,2.0,30.0,7,0.118644,6,0.101695,2,0.033898,1.56,0.0,0,0.0,0,0.0
flight_number,SJU,MCO,WN,WN1768.0,MCO→SJU,,,2024-01-01,2024-12-31,43,43,0,0,0.0,9,0.209302,2,0.046512,38.53,27.0,91.8,48.37,39.0,101.6,32,0.744186,26,0.604651,13,0.302326,7.49,9.0,0,0.0,0,0.0
flight_number,SJU,MCO,WN,WN1839.0,MCO→SJU,,,2024-01-01,2024-12-31,1,1,0,0,0.0,0,0.0,0,0.0,-14.0,-14.0,-14.0,0.0,0.0,0.0,0,0.0,0,0.0,0,0.0,0.0,0.0,0,,0,
flight_number,SJU,MCO,WN,WN184.0,MCO→SJU,,,2024-01-01,2024-12-31,1,1,0,0,0.0,1,1.0,0,0.0,71.0,71.0,71.0,82.0,82.0,82.0,1,1.0,1,1.0,1,1.0,11.0,11.0,0,0.0,0,0.0
flight_number,SJU,MCO,WN,WN1954.0,MCO→SJU,,,2024-01-01,2024-12-31,5,5,0,0,0.0,0,0.0,0,0.0,0.2,-1.0,7.8,2.6,0.0,7.0,0,0.0,0,0.0,0,0.0,-0.4,0.0,0,,0,
flight_number,SJU,MCO,WN,WN1975.0,MCO→SJU,,,2024-01-01,2024-12-31,61,61,0,0,0.0,4,0.065574,0,0.0,4.61,-2.0,33.0,11.82,2.0,39.0,12,0.196721,9,0.147541,4,0.065574,1.97,0.0,0,0.0,0,0.0
flight_number,SJU,MCO,WN,WN199.0,MCO→SJU,,,2024-01-01,2024-12-31,1,1,0,0,0.0,0,0.0,0,0.0,2.0,2.0,2.0,6.0,6.0,6.0,0,0.0,0,0.0,0,0.0,4.0,4.0,0,,0,
flight_number,SJU,MCO,WN,WN1992.0,MCO→SJU,,,2024-01-01,2024-12-31,1,1,0,0,0.0,0,0.0,0,0.0,43.0,43.0,43.0,55.0,55.0,55.0,1,1.0,1,1.0,0,0.0,12.0,12.0,0,0.0,0,
flight_number,SJU,MCO,WN,WN209.0,MCO→SJU,,,2024-01-01,2024-12-31,4,4,0,0,0.0,0,0.0,0,0.0,1.5,-4.0,15.5,7.5,2.5,18.7,1,0.25,0,0.0,0,0.0,1.75,1.5,0,,0,
flight_number,SJU,MCO,WN,WN2092.0,MCO→SJU,,,2024-01-01,2024-12-31,5,5,0,0,0.0,0,0.0,0,0.0,13.8,12.0,31.0,19.2,18.0,36.4,3,0.6,1,0.2,0,0.0,4.6,6.0,0,0.0,0,
flight_number,SJU,MCO,WN,WN2128.0,MCO→SJU,,,2024-01-01,2024-12-31,55,55,0,0,0.0,0,0.0,0,0.0,-0.05,-2.0,21.2,5.67,0.0,16.6,7,0.127273,3,0.054545,0,0.0,0.38,0.0,0,0.0,0,
flight_number,SJU,MCO,WN,WN2180.0,MCO→SJU,,,2024-01-01,2024-12-31,1,1,0,0,0.0,0,0.0,0,0.0,-10.0,-10.0,-10.0,0.0,0.0,0.0,0,0.0,0,0.0,0,0.0,0.0,0.0,0,,0,
flight_number,SJU,MCO,WN,WN222.0,MCO→SJU,,,2024-01-01,2024-12-31,1,1,0,0,0.0,0,0.0,0,0.0,-4.0,-4.0,-4.0,7.0,7.0,7.0,0,0.0,0,0.0,0,0.0,7.0,7.0,0,,0,
flight_number,SJU,MCO,WN,WN2346.0,MCO→SJU,,,2024-01-01,2024-12-31,1,1,0,0,0.0,0,0.0,0,0.0,1.0,1.0,1.0,0.0,0.0,0.0,0,0.0,0,0.0,0,0.0,-1.0,-1.0,0,,0,
flight_number,SJU,MCO,WN,WN2370.0,MCO→SJU,,,2024-01-01,2024-12-31,8,8,0,0,0.0,3,0.375,0,0.0,45.25,19.0,116.0,54.12,26.0,123.5,5,0.625,4,0.5,3,0.375,5.88,6.5,0,0.0,0,0.0
flight_number,SJU,MCO,WN,WN2401.0,MCO→SJU,,,2024-01-01,2024-12-31,51,51,0,0,0.0,3,0.058824,0,0.0,8.04,-5.0,46.0,18.96,7.0,52.0,16,0.313725,10,0.196078,4,0.078431,4.18,4.0,1,0.090909,0,0.0
flight_number,SJU,MCO,WN,WN2446.0,MCO→SJU,,,2024-01-01,2024-12-31,1,1,0,0,0.0,0,0.0,0,0.0,-12.0,-12.0,-12.0,4.0,4.0,4.0,0,0.0,0,0.0,0,0.0,4.0,4.0,0,,0,
flight_number,SJU,MCO,WN,WN2464.0,MCO→SJU,,,2024-01-01,2024-12-31,39,39,0,0,0.0,0,0.0,0,0.0,0.82,-3.0,12.2,9.59,7.0,20.2,7,0.179487,2,0.051282,1,0.025641,4.74,4.0,0,0.0,0,0.0
flight_number,SJU,MCO,WN,WN2523.0,MCO→SJU,,,2024-01-01,2024-12-31,1,1,0,0,0.0,0,0.0,0,0.0,8.0,8.0,8.0,6.0,6.0,6.0,0,0.0,0,0.0,0,0.0,-2.0,-2.0,0,,0,
flight_number,SJU,MCO,WN,WN2605.0,MCO→SJU,,,2024-01-01,2024-12-31,23,22,1,0,0.043478,0,0.0,0,0.0,3.95,1.0,19.9,8.36,3.0,21.1,3,0.136364,1,0.045455,1,0.045455,1.91,0.5,0,0.0,0,0.0
flight_number,SJU,MCO,WN,WN2658.0,MCO→SJU,,,2024-01-01,2024-12-31,56,56,0,0,0.0,9,0.160714,2,0.035714,19.91,1.0,73.5,29.88,10.0,90.5,23,0.410714,13,0.232143,9,0.160714,5.27,4.5,0,0.0,0,0.0
flight_number,SJU,MCO,WN,WN270.0,MCO→SJU,,,2024-01-01,2024-12-31,1,1,0,0,0.0,0,0.0,0,0.0,16.0,16.0,16.0,29.0,29.0,29.0,1,1.0,0,0.0,0,0.0,13.0,13.0,0,,0,
flight_number,SJU,MCO,WN,WN2728.0,MCO→SJU,,,2024-01-01,2024-12-31,59,59,0,0,0.0,1,0.016949,0,0.0,1.68,-1.0,25.0,9.46,5.0,29.0,12,0.20339,5,0.084746,0,0.0,2.85,2.0,0,0.0,0,
flight_number,SJU,MCO,WN,WN2878.0,MCO→SJU,,,2024-01-01,2024-12-31,51,51,0,0,0.0,2,0.039216,1,0.019608,10.1,5.0,32.0,18.94,9.0,32.0,18,0.352941,7,0.137255,2,0.039216,3.82,5.0,0,0.0,0,0.0
flight_number,SJU,MCO,WN,WN3018.0,MCO→SJU,,,2024-01-01,2024-12-31,24,24,0,0,0.0,0,0.0,0,0.0,-9.25,-9.5,-2.9,0.88,0.0,2.1,0,0.0,0,0.0,0,0.0,-0.12,0.0,0,,0,
flight_number,SJU,MCO,WN,WN3106.0,MCO→SJU,,,2024-01-01,2024-12-31,7,7,0,0,0.0,0,0.0,0,0.0,-9.0,-9.0,-3.6,2.86,2.0,6.6,0,0.0,0,0.0,0,0.0,2.86,2.0,0,,0,
flight_number,SJU,MCO,WN,WN3204.0,MCO→SJU,,,2024-01-01,2024-12-31,1,1,0,0,0.0,0,0.0,0,0.0,-9.0,-9.0,-9.0,0.0,0.0,0.0,0,0.0,0,0.0,0,0.0,0.0,0.0,0,,0,
flight_number,SJU,MCO,WN,WN3244.0,MCO→SJU,,,2024-01-01,2024-12-31,18,18,0,0,0.0,0,0.0,0,0.0,1.28,-0.5,12.8,9.33,6.5,18.9,5,0.277778,1,0.055556,0,0.0,4.83,4.0,0,0.0,0,
flight_number,SJU,MCO,WN,WN3324.0,MCO→SJU,,,2024-01-01,2024-12-31,8,8,0,0,0.0,2,0.25,0,0.0,34.12,26.0,89.5,45.25,34.0,98.9,5,0.625,4,0.5,2,0.25,6.88,7.0,0,0.0,0,0.0
flight_number,SJU,MCO,WN,WN3393.0,MCO→SJU,,,2024-01-01,2024-12-31,1,1,0,0,0.0,0,0.0,0,0.0,-21.0,-21.0,-21.0,0.0,0.0,0.0,0,0.0,0,0.0,0,0.0,0.0,0.0,0,,0,
flight_number,SJU,MCO,WN,WN3593.0,MCO→SJU,,,2024-01-01,2024-12-31,60,60,0,0,0.0,8,0.133333,0,0.0,28.0,21.0,86.9,42.12,36.5,96.9,47,0.783333,37,0.616667,12,0.2,11.53,12.0,4,0.102564,0,0.0
flight_number,SJU,MCO,WN,WN3629.0,MCO→SJU,,,2024-01-01,2024-12-31,51,51,0,0,0.0,0,0.0,0,0.0,-8.31,-9.0,8.0,3.67,0.0,14.0,5,0.098039,0,0.0,0,0.0,1.98,0.0,0,,0,
flight_number,SJU,MCO,WN,WN3678.0,MCO→SJU,,,2024-01-01,2024-12-31,24,24,0,1,0.0,0,0.0,0,0.0,-6.09,-7.0,5.6,2.61,0.0,7.0,1,0.041667,0,0.0,0,0.0,1.39,0.0,0,,0,
flight_number,SJU,MCO,WN,WN3747.0,MCO→SJU,,,2024-01-01,2024-12-31,5,5,0,0,0.0,0,0.0,0,0.0,-1.2,-5.0,12.8,13.8,8.0,26.6,2,0.4,1,0.2,0,0.0,9.4,8.0,0,0.0,0,
flight_number,SJU,MCO,WN,WN3819.0,MCO→SJU,,,2024-01-01,2024-12-31,31,28,3,0,0.096774,0,0.0,0,0.0,4.79,2.5,26.0,8.43,5.0,22.2,6,0.214286,1,0.035714,0,0.0,0.14,0.0,0,0.0,0,
flight_number,SJU,MCO,WN,WN3833.0,MCO→SJU,,,2024-01-01,2024-12-31,59,59,0,0,0.0,3,0.050847,0,0.0,10.31,0.0,47.2,20.15,11.0,52.0,24,0.40678,12,0.20339,5,0.084746,4.86,4.0,0,0.0,0,0.0
flight_number,SJU,MCO,WN,WN392.0,MCO→SJU,,,2024-01-01,2024-12-31,1,1,0,0,0.0,0,0.0,0,0.0,-11.0,-11.0,-11.0,0.0,0.0,0.0,0,0.0,0,0.0,0,0.0,0.0,0.0,0,,0,
flight_number,SJU,MCO,WN,WN3947.0,MCO→SJU,,,2024-01-01,2024-12-31,8,8,0,0,0.0,1,0.125,0,0.0,21.5,19.0,48.2,26.75,24.5,53.4,5,0.625,2,0.25,1,0.125,2.88,3.0,0,0.0,0,0.0
flight_number,SJU,MCO,WN,WN4035.0,MCO→SJU,,,2024-01-01,2024-12-31,4,4,0,0,0.0,0,0.0,0,0.0,20.0,11.5,41.0,31.0,19.0,54.3,4,1.0,1,0.25,1,0.25,11.0,10.5,0,0.0,0,0.0
flight_number,SJU,MCO,WN,WN4097.0,MCO→SJU,,,2024-01-01,2024-12-31,4,4,0,0,0.0,0,0.0,0,0.0,-3.75,-4.5,-1.2,1.25,0.0,3.5,0,0.0,0,0.0,0,0.0,1.25,0.0,0,,0,
flight_number,SJU,MCO,WN,WN4286.0,MCO→SJU,,,2024-01-01,2024-12-31,9,9,0,0,0.0,0,0.0,0,0.0,-9.22,-9.0,-0.4,2.33,0.0,8.4,0,0.0,0,0.0,0,0.0,1.22,0.0,0,,0,
flight_number,SJU,MCO,WN,WN4289.0,MCO→SJU,,,2024-01-01,2024-12-31,10,10,0,0,0.0,0,0.0,0,0.0,-5.5,-3.0,0.2,5.6,0.0,14.6,1,0.1,0,0.0,0,0.0,5.4,0.0,0,,0,
flight_number,SJU,MCO,WN,WN4324.0,MCO→SJU,,,2024-01-01,2024-12-31,36,36,0,1,0.0,1,0.027778,0,0.0,8.26,1.0,41.2,17.94,10.0,53.0,10,0.277778,5,0.138889,3,0.083333,6.26,5.0,0,0.0,0,0.0
flight_number,SJU,MCO,WN,WN4375.0,MCO→SJU,,,2024-01-01,2024-12-31,5,5,0,0,0.0,0,0.0,0,0.0,0.6,3.0,8.2,6.8,8.0,13.6,1,0.2,0,0.0,0,0.0,3.0,0.0,0,,0,
flight_number,SJU,MCO,WN,WN4401.0,MCO→SJU,,,2024-01-01,2024-12-31,48,48,0,0,0.0,0,0.0,0,0.0,-8.58,-10.5,1.6,2.25,0.0,7.0,2,0.041667,1,0.020833,0,0.0,0.67,0.0,0,0.0,0,
flight_number,SJU,MCO,WN,WN4402.0,MCO→SJU,,,2024-01-01,2024-12-31,56,56,0,0,0.0,0,0.0,0,0.0,-0.18,-3.0,16.5,9.05,3.0,24.0,15,0.267857,4,0.071429,0,0.0,3.25,0.5,1,0.25,0,
flight_number,SJU,MCO,WN,WN4404.0,MCO→SJU,,,2024-01-01,2024-12-31,56,56,0,0,0.0,12,0.214286,1,0.017857,23.27,6.5,75.0,35.61,13.0,88.5,25,0.446429,20,0.357143,13,0.232143,7.82,7.0,2,0.095238,0,0.0
flight_number,SJU,MCO,WN,WN4405.0,MCO→SJU,,,2024-01-01,2024-12-31,55,55,0,0,0.0,7,0.127273,1,0.018182,14.35,0.0,68.8,24.71,10.0,78.0,21,0.381818,13,0.236364,7,0.127273,4.45,4.0,2,0.153846,0,0.0
flight_number,SJU,MCO,WN,WN449.0,MCO→SJU,,,2024-01-01,2024-12-31,4,4,0,0,0.0,0,0.0,0,0.0,7.0,8.0,12.5,8.0,5.5,18.0,1,0.25,0,0.0,0,0.0,0.5,2.0,0,,0,
flight_number,SJU,MCO,WN,WN4514.0,MCO→SJU,,,2024-01-01,2024-12-31,52,52,0,0,0.0,6,0.115385,2,0.038462,17.75,-3.0,60.6,29.4,9.0,68.7,20,0.384615,14,0.269231,6,0.115385,6.9,6.0,1,0.071429,0,0.0
flight_number,SJU,MCO,WN,WN4518.0,MCO→SJU,,,2024-01-01,2024-12-31,59,59,0,0,0.0,1,0.016949,0,0.0,-5.61,-12.0,5.2,5.64,0.0,12.8,6,0.101695,2,0.033898,1,0.016949,1.07,0.0,0,0.0,0,0.0
flight_number,SJU,MCO,WN,WN4563.0,MCO→SJU,,,2024-01-01,2024-12-31,18,18,0,0,0.0,0,0.0,0,0.0,-1.61,-2.5,8.3,2.17,1.0,5.5,0,0.0,0,0.0,0,0.0,-0.22,0.0,0,,0,
flight_number,SJU,MCO,WN,WN4699.0,MCO→SJU,,,2024-01-01,2024-12-31,61,61,0,0,0.0,5,0.081967,1,0.016393,12.13,-5.0,56.0,27.75,11.0,66.0,23,0.377049,17,0.278689,7,0.114754,7.7,7.0,0,0.0,0,0.0
flight_number,SJU,MCO,WN,WN4703.0,MCO→SJU,,,2024-01-01,2024-12-31,25,25,0,0,0.0,2,0.08,0,0.0,10.96,1.0,30.8,17.48,6.0,34.2,6,0.24,3,0.12,2,0.08,2.68,3.0,0,0.0,0,0.0
flight_number,SJU,MCO,WN,WN499.0,MCO→SJU,,,2024-01-01,2024-12-31,8,8,0,0,0.0,0,0.0,0,0.0,5.62,4.0,22.1,8.12,2.5,20.4,1,0.125,1,0.125,0,0.0,-0.75,-0.5,0,0.0,0,
flight_number,SJU,MCO,WN,WN552.0,MCO→SJU,,,2024-01-01,2024-12-31,6,6,0,0,0.0,0,0.0,0,0.0,-7.83,-5.0,-2.0,7.5,8.5,14.0,1,0.166667,0,0.0,0,0.0,7.5,8.5,0,,0,
flight_number,SJU,MCO,WN,WN5615.0,MCO→SJU,,,2024-01-01,2024-12-31,22,22,0,0,0.0,2,0.090909,0,0.0,4.77,-4.0,35.3,16.5,7.0,48.0,6,0.272727,3,0.136364,2,0.090909,6.45,6.5,0,0.0,0,0.0
flight_number,SJU,MCO,WN,WN580.0,MCO→SJU,,,2024-01-01,2024-12-31,8,8,0,0,0.0,0,0.0,0,0.0,-2.25,-8.5,29.2,10.62,2.5,35.3,2,0.25,2,0.25,0,0.0,3.12,2.5,0,0.0,0,
flight_number,SJU,MCO,WN,WN588.0,MCO→SJU,,,2024-01-01,2024-12-31,1,1,0,0,0.0,0,0.0,0,0.0,-4.0,-4.0,-4.0,7.0,7.0,7.0,0,0.0,0,0.0,0,0.0,7.0,7.0,0,,0,
flight_number,SJU,MCO,WN,WN599.0,MCO→SJU,,,2024-01-01,2024-12-31,1,1,0,0,0.0,0,0.0,0,0.0,11.0,11.0,11.0,27.0,27.0,27.0,1,1.0,0,0.0,0,0.0,16.0,16.0,0,,0,
flight_number,SJU,MCO,WN,WN655.0,MCO→SJU,,,2024-01-01,2024-12-31,16,16,0,0,0.0,0,0.0,0,0.0,-10.81,-11.0,-0.5,2.19,0.0,8.0,1,0.0625,0,0.0,0,0.0,1.75,0.0,0,,0,
flight_number,SJU,MCO,WN,WN671.0,MCO→SJU,,,2024-01-01,2024-12-31,5,5,0,0,0.0,0,0.0,0,0.0,-8.8,-9.0,-2.2,3.4,2.0,8.4,0,0.0,0,0.0,0,0.0,3.4,2.0,0,,0,
flight_number,SJU,MCO,WN,WN675.0,MCO→SJU,,,2024-01-01,2024-12-31,9,9,0,0,0.0,0,0.0,0,0.0,-5.33,-5.0,3.2,2.67,0.0,7.0,0,0.0,0,0.0,0,0.0,1.56,0.0,0,,0,
flight_number,SJU,MCO,WN,WN713.0,MCO→SJU,,,2024-01-01,2024-12-31,18,18,0,0,0.0,2,0.111111,0,0.0,3.94,-2.5,44.2,13.72,3.5,45.3,4,0.222222,3,0.166667,1,0.055556,3.06,0.0,0,0.0,0,0.0
flight_number,SJU,MCO,WN,WN755.0,MCO→SJU,,,2024-01-01,2024-12-31,10,9,1,0,0.1,2,0.222222,0,0.0,23.89,9.0,90.0,38.22,17.0,109.2,5,0.555556,4,0.444444,2,0.222222,10.11,15.0,0,0.0,0,0.0
flight_number,SJU,MCO,WN,WN807.0,MCO→SJU,,,2024-01-01,2024-12-31,10,10,0,0,0.0,1,0.1,0,0.0,10.2,0.0,50.9,19.2,2.0,67.1,4,0.4,3,0.3,2,0.2,2.2,1.0,0,0.0,0,0.0
flight_number,SJU,MCO,WN,WN888.0,MCO→SJU,,,2024-01-01,2024-12-31,18,18,0,0,0.0,2,0.111111,0,0.0,6.28,-8.5,52.0,13.11,0.0,51.6,4,0.222222,4,0.222222,1,0.055556,-2.61,0.0,0,0.0,0,0.0
flight_number,SJU,MCO,WN,WN927.0,MCO→SJU,,,2024-01-01,2024-12-31,1,1,0,0,0.0,0,0.0,0,0.0,-1.0,-1.0,-1.0,7.0,7.0,7.0,0,0.0,0,0.0,0,0.0,7.0,7.0,0,,0,
flight_number,SJU,MCO,WN,WN945.0,MCO→SJU,,,2024-01-01,2024-12-31,8,8,0,0,0.0,1,0.125,0,0.0,15.25,-1.0,61.0,29.12,4.5,72.8,3,0.375,2,0.25,1,0.125,6.12,4.5,0,0.0,0,0.0
flight_number,SJU,MCO,WN,WN957.0,MCO→SJU,,,2024-01-01,2024-12-31,33,33,0,0,0.0,1,0.030303,0,0.0,-8.97,-13.0,7.6,6.12,0.0,15.8,4,0.121212,2,0.060606,1,0.030303,1.67,0.0,0,0.0,0,0.0
flight_number,SJU,MCO,WN,WN958.0,MCO→SJU,,,2024-01-01,2024-12-31,33,33,0,0,0.0,3,0.090909,0,0.0,8.33,0.0,56.4,16.3,5.0,41.8,10,0.30303,7,0.212121,3,0.090909,1.33,0.0,0,0.0,0,0.0
flight_number,SJU,MCO,WN,WN961.0,MCO→SJU,,,2024-01-01,2024-12-31,33,33,0,0,0.0,5,0.151515,2,0.060606,28.03,0.0,115.4,33.79,6.0,124.0,8,0.242424,6,0.181818,5,0.151515,1.58,2.0,0,0.0,0,0.0
flight_number,SJU,MCO,WN,WN962.0,MCO→SJU,,,2024-01-01,2024-12-31,33,33,0,0,0.0,5,0.151515,1,0.030303,15.7,-6.0,84.6,29.48,6.0,99.2,11,0.333333,9,0.272727,6,0.181818,5.76,4.0,0,0.0,0,0.0
flight_number,SJU,MCO,WN,WN964.0,MCO→SJU,,,2024-01-01,2024-12-31,33,33,0,0,0.0,5,0.151515,1,0.030303,25.97,5.0,95.8,36.0,13.0,96.6,16,0.484848,11,0.333333,6,0.181818,6.45,6.0,0,0.0,0,0.0
flight_number,SJU,MCO,WN,WN966.0,MCO→SJU,,,2024-01-01,2024-12-31,15,15,0,0,0.0,1,0.066667,0,0.0,14.07,13.0,29.8,21.0,19.0,35.8,8,0.533333,3,0.2,1,0.066667,5.6,6.0,0,0.0,0,0.0
flight_number,SJU,MCO,WN,WN991.0,MCO→SJU,,,2024-01-01,2024-12-31,4,4,0,0,0.0,0,0.0,0,0.0,-9.75,-10.0,-3.2,0.25,0.0,0.7,0,0.0,0,0.0,0,0.0,0.25,0.0,0,,0,
flight_number,SJU,MDW,F9,F92700.0,MDW→SJU,,,2024-01-01,2024-12-31,41,38,3,0,0.073171,2,0.052632,0,0.0,3.16,0.5,35.6,10.68,0.0,45.7,9,0.236842,5,0.131579,2,0.052632,-2.45,0.0,0,0.0,0,0.0
flight_number,SJU,MDW,F9,F93272.0,MDW→SJU,,,2024-01-01,2024-12-31,9,9,0,0,0.0,1,0.111111,0,0.0,8.22,-8.0,56.2,12.78,0.0,37.0,2,0.222222,1,0.111111,1,0.111111,-6.11,0.0,0,0.0,0,0.0
flight_number,SJU,MDW,WN,WN1085.0,MDW→SJU,,,2024-01-01,2024-12-31,16,16,0,0,0.0,0,0.0,0,0.0,-1.75,-6.5,27.0,8.69,3.5,30.5,3,0.1875,2,0.125,0,0.0,1.38,0.0,0,0.0,0,
flight_number,SJU,MDW,WN,WN241.0,MDW→SJU,,,2024-01-01,2024-12-31,4,4,0,0,0.0,0,0.0,0,0.0,13.5,13.0,16.4,12.0,6.5,26.2,1,0.25,1,0.25,0,0.0,-1.5,-7.5,1,1.0,0,
flight_number,SJU,MDW,WN,WN3660.0,MDW→SJU,,,2024-01-01,2024-12-31,9,9,0,1,0.0,0,0.0,0,0.0,6.88,3.5,23.7,11.5,7.5,27.3,2,0.222222,1,0.111111,0,0.0,1.5,0.5,0,0.0,0,
flight_number,SJU,MDW,WN,WN3799.0,MDW→SJU,,,2024-01-01,2024-12-31,4,4,0,0,0.0,0,0.0,0,0.0,2.0,-1.0,16.4,4.25,0.5,11.5,1,0.25,0,0.0,0,0.0,-1.75,-0.5,0,,0,
flight_number,SJU,MDW,WN,WN4164.0,MDW→SJU,,,2024-01-01,2024-12-31,9,9,0,0,0.0,0,0.0,0,0.0,-0.56,-1.0,14.6,12.11,5.0,28.4,2,0.222222,1,0.111111,1,0.111111,6.0,0.0,0,0.0,0,0.0
flight_number,SJU,MDW,WN,WN492.0,MDW→SJU,,,2024-01-01,2024-12-31,1,1,0,0,0.0,0,0.0,0,0.0,18.0,18.0,18.0,13.0,13.0,13.0,0,0.0,0,0.0,0,0.0,-5.0,-5.0,0,,0,
flight_number,SJU,MDW,WN,WN497.0,MDW→SJU,,,2024-01-01,2024-12-31,10,10,0,0,0.0,1,0.1,0,0.0,25.6,9.5,58.8,31.1,12.0,54.3,4,0.4,2,0.2,1,0.1,3.3,0.5,0,0.0,0,0.0
flight_number,SJU,MDW,WN,WN982.0,MDW→SJU,,,2024-01-01,2024-12-31,8,8,0,0,0.0,1,0.125,0,0.0,17.12,5.5,55.7,25.12,13.0,61.8,4,0.5,2,0.25,1,0.125,2.88,2.5,0,0.0,0,0.0
flight_number,SJU,MIA,AA,AA1143.0,MIA→SJU,,,2024-01-01,2024-12-31,1,1,0,0,0.0,0,0.0,0,0.0,-26.0,-26.0,-26.0,0.0,0.0,0.0,0,0.0,0,0.0,0,0.0,0.0,0.0,0,,0,
flight_number,SJU,MIA,AA,AA1172.0,MIA→SJU,,,2024-01-01,2024-12-31,215,213,2,0,0.009302,29,0.13615,2,0.00939,13.74,2.0,64.0,23.99,6.0,75.4,84,0.394366,58,0.2723,26,0.122066,2.91,0.0,4,0.067797,0,0.0
flight_number,SJU,MIA,AA,AA1329.0,MIA→SJU,,,2024-01-01,2024-12-31,148,148,0,1,0.0,18,0.121622,1,0.006757,15.35,2.0,68.4,21.82,0.0,85.4,42,0.283784,29,0.195946,19,0.128378,-0.61,0.0,0,0.0,0,0.0
flight_number,SJU,MIA,AA,AA1341.0,MIA→SJU,,,2024-01-01,2024-12-31,150,150,0,0,0.0,4,0.026667,0,0.0,-7.16,-14.0,15.0,6.26,0.0,18.0,16,0.106667,11,0.073333,3,0.02,0.61,0.0,1,0.083333,0,0.0
flight_number,SJU,MIA,AA,AA1364.0,MIA→SJU,,,2024-01-01,2024-12-31,118,117,1,0,0.008475,15,0.128205,3,0.025641,16.2,-2.0,74.8,23.74,1.0,75.2,33,0.282051,25,0.213675,15,0.128205,1.19,0.0,1,0.04,0,0.0
flight_number,SJU,MIA,AA,AA1613.0,MIA→SJU,,,2024-01-01,2024-12-31,365,361,4,2,0.010959,29,0.080332,4,0.01108,4.04,-11.0,53.4,14.92,0.0,45.2,75,0.207756,50,0.138504,26,0.072022,-0.42,0.0,1,0.02,0,0.0
flight_number,SJU,MIA,AA,AA165.0,MIA→SJU,,,2024-01-01,2024-12-31,6,6,0,0,0.0,0,0.0,0,0.0,1.0,-3.5,23.5,16.67,10.0,40.0,2,0.333333,1,0.166667,1,0.166667,8.33,8.5,0,0.0,0,0.0
flight_number,SJU,MIA,AA,AA1699.0,MIA→SJU,,,2024-01-01,2024-12-31,2,2,0,0,0.0,0,0.0,0,0.0,8.5,8.5,38.5,32.0,32.0,57.6,1,0.5,1,0.5,1,0.5,9.0,9.0,0,0.0,0,0.0
flight_number,SJU,MIA,AA,AA1802.0,MIA→SJU,,,2024-01-01,2024-12-31,2,2,0,0,0.0,0,0.0,0,0.0,21.0,21.0,24.2,18.0,18.0,27.6,1,0.5,0,0.0,0,0.0,-3.0,-3.0,0,0.0,0,
flight_number,SJU,MIA,AA,AA2045.0,MIA→SJU,,,2024-01-01,2024-12-31,21,21,0,0,0.0,3,0.142857,0,0.0,7.76,-6.0,71.0,13.0,0.0,43.0,5,0.238095,4,0.190476,2,0.095238,-3.67,0.0,0,0.0,0,0.0
flight_number,SJU,MIA,AA,AA2093.0,MIA→SJU,,,2024-01-01,2024-12-31,9,9,0,0,0.0,0,0.0,0,0.0,14.67,24.0,40.4,23.33,16.0,55.4,5,0.555556,3,0.333333,1,0.111111,1.78,0.0,0,0.0,0,0.0
flight_number,SJU,MIA,AA,AA2141.0,MIA→SJU,,,2024-01-01,2024-12-31,153,153,0,0,0.0,4,0.026144,2,0.013072,-5.08,-12.0,7.0,6.93,0.0,6.0,10,0.065359,6,0.039216,4,0.026144,-0.03,0.0,0,0.0,0,0.0
flight_number,SJU,MIA,AA,AA22.0,MIA→SJU,,,2024-01-01,2024-12-31,32,32,0,0,0.0,1,0.03125,0,0.0,-2.75,-11.5,11.7,7.94,0.0,10.2,3,0.09375,2,0.0625,1,0.03125,0.03,0.0,0,0.0,0,0.0
flight_number,SJU,MIA,AA,AA2395.0,MIA→SJU,,,2024-01-01,2024-12-31,13,13,0,0,0.0,0,0.0,0,0.0,-15.85,-18.0,-6.0,1.15,0.0,4.0,0,0.0,0,0.0,0,0.0,1.15,0.0,0,,0,
flight_number,SJU,MIA,AA,AA2421.0,MIA→SJU,,,2024-01-01,2024-12-31,213,212,1,0,0.004695,25,0.117925,8,0.037736,22.27,-3.0,68.9,32.89,1.0,73.9,65,0.306604,47,0.221698,29,0.136792,2.4,0.0,1,0.020833,0,0.0
flight_number,SJU,MIA,AA,AA2436.0,MIA→SJU,,,2024-01-01,2024-12-31,182,181,1,0,0.005495,32,0.176796,11,0.060773,30.61,2.0,117.0,38.07,6.0,120.0,74,0.40884,54,0.298343,34,0.187845,1.78,0.0,1,0.018182,0,0.0
flight_number,SJU,MIA,AA,AA2700.0,MIA→SJU,,,2024-01-01,2024-12-31,38,38,0,0,0.0,7,0.184211,0,0.0,14.08,-5.0,73.5,24.53,2.5,79.8,13,0.342105,12,0.315789,9,0.236842,2.29,0.0,0,0.0,0,0.0
flight_number,SJU,MIA,AA,AA2994.0,MIA→SJU,,,2024-01-01,2024-12-31,33,33,0,0,0.0,1,0.030303,0,0.0,-6.61,-14.0,22.0,5.64,0.0,9.2,3,0.090909,3,0.090909,1,0.030303,0.03,0.0,0,0.0,0,0.0
flight_number,SJU,MIA,AA,AA3103.0,MIA→SJU,,,2024-01-01,2024-12-31,1,1,0,0,0.0,0,0.0,0,0.0,-5.0,-5.0,-5.0,9.0,9.0,9.0,0,0.0,0,0.0,0,0.0,9.0,9.0,0,,0,
flight_number,SJU,MIA,AA,AA807.0,MIA→SJU,,,2024-01-01,2024-12-31,32,32,0,1,0.0,1,0.03125,0,0.0,14.23,7.0,34.0,14.35,0.0,44.0,8,0.25,7,0.21875,1,0.03125,-2.65,0.0,0,0.0,0,0.0
flight_number,SJU,MIA,AA,AA877.0,MIA→SJU,,,2024-01-01,2024-12-31,30,30,0,0,0.0,2,0.066667,1,0.033333,13.77,3.5,33.0,30.5,15.0,60.5,14,0.466667,11,0.366667,3,0.1,11.1,9.5,3,0.272727,1,0.25
flight_number,SJU,MIA,AA,AA967.0,MIA→SJU,,,2024-01-01,2024-12-31,148,148,0,0,0.0,20,0.135135,2,0.013514,16.74,-0.5,68.3,22.84,2.0,64.3,49,0.331081,33,0.222973,17,0.114865,0.04,0.0,0,0.0,0,0.0
flight_number,SJU,MIA,F9,F91796.0,MIA→SJU,,,2024-01-01,2024-12-31,35,35,0,0,0.0,4,0.114286,1,0.028571,8.6,-6.0,66.4,15.34,0.0,65.0,6,0.171429,6,0.171429,4,0.114286,-1.43,0.0,1,0.166667,0,0.0
flight_number,SJU,MIA,F9,F92282.0,MIA→SJU,,,2024-01-01,2024-12-31,4,4,0,0,0.0,0,0.0,0,0.0,-7.75,-11.5,14.3,8.0,2.5,20.4,1,0.25,0,0.0,0,0.0,2.25,2.0,0,,0,
flight_number,SJU,MIA,F9,F92284.0,MIA→SJU,,,2024-01-01,2024-12-31,317,312,5,1,0.015773,16,0.051282,4,0.012821,3.17,-12.0,26.0,15.05,0.0,26.0,44,0.141026,29,0.092949,16,0.051282,0.25,0.0,0,0.0,0,0.0
flight_number,SJU,MIA,F9,F93374.0,MIA→SJU,,,2024-01-01,2024-12-31,1,1,0,0,0.0,0,0.0,0,0.0,-11.0,-11.0,-11.0,0.0,0.0,0.0,0,0.0,0,0.0,0,0.0,0.0,0.0,0,,0,
flight_number,SJU,MIA,F9,F93378.0,MIA→SJU,,,2024-01-01,2024-12-31,199,195,4,1,0.020101,30,0.153846,5,0.025641,18.46,-7.0,84.0,29.42,0.0,88.4,59,0.302564,42,0.215385,31,0.158974,1.1,0.0,1,0.023256,0,0.0
flight_number,SJU,MIA,F9,F94880.0,MIA→SJU,,,2024-01-01,2024-12-31,3,3,0,0,0.0,0,0.0,0,0.0,-20.33,-19.0,-19.0,0.0,0.0,0.0,0,0.0,0,0.0,0,0.0,0.0,0.0,0,,0,
flight_number,SJU,MIA,F9,F94996.0,MIA→SJU,,,2024-01-01,2024-12-31,70,67,3,0,0.042857,8,0.119403,2,0.029851,18.96,-4.0,74.6,25.25,0.0,64.2,14,0.208955,9,0.134328,8,0.119403,-1.52,0.0,0,0.0,0,0.0
flight_number,SJU,MIA,MQ,MQ3834.0,MIA→SJU,,,2024-01-01,2024-12-31,16,16,0,0,0.0,1,0.0625,0,0.0,12.19,0.0,16.0,10.31,0.0,0.0,1,0.0625,1,0.0625,1,0.0625,-3.62,-0.5,0,0.0,0,0.0
flight_number,SJU,MIA,NK,NK1844.0,MIA→SJU,,,2024-01-01,2024-12-31,111,110,1,0,0.009009,8,0.072727,0,0.0,2.89,-10.5,45.5,10.85,0.0,38.5,21,0.190909,14,0.127273,8,0.072727,-1.83,0.0,0,0.0,0,0.0
flight_number,SJU,MIA,NK,NK302.0,MIA→SJU,,,2024-01-01,2024-12-31,69,67,2,0,0.028986,4,0.059701,1,0.014925,4.6,-5.0,31.4,10.24,0.0,37.2,12,0.179104,8,0.119403,2,0.029851,-1.96,0.0,0,0.0,0,0.0
flight_number,SJU,MIA,NK,NK3148.0,MIA→SJU,,,2024-01-01,2024-12-31,226,222,4,0,0.017699,20,0.09009,7,0.031532,12.23,-8.0,51.8,23.67,0.0,59.9,62,0.279279,41,0.184685,22,0.099099,2.48,0.0,0,0.0,0,0.0
flight_number,SJU,MSP,DL,DL1753.0,MSP→SJU,,,2024-01-01,2024-12-31,2,2,0,0,0.0,0,0.0,0,0.0,8.5,8.5,15.3,4.0,4.0,7.2,0,0.0,0,0.0,0,0.0,-4.5,-4.5,0,,0,
flight_number,SJU,MSP,DL,DL1925.0,MSP→SJU,,,2024-01-01,2024-12-31,114,113,1,1,0.008772,2,0.017699,0,0.0,-14.61,-18.0,13.0,5.27,0.0,12.9,8,0.070796,3,0.026549,2,0.017699,0.27,0.0,0,0.0,0,0.0
flight_number,SJU,MSP,DL,DL1966.0,MSP→SJU,,,2024-01-01,2024-12-31,13,13,0,0,0.0,1,0.076923,0,0.0,-7.77,-12.0,21.4,10.38,0.0,33.2,3,0.230769,2,0.153846,1,0.076923,1.15,0.0,0,0.0,0,0.0
flight_number,SJU,MSY,NK,NK1646.0,MSY→SJU,,,2024-01-01,2024-12-31,100,98,2,0,0.02,5,0.05102,2,0.020408,-1.05,-11.0,28.3,12.57,0.0,32.2,17,0.173469,12,0.122449,5,0.05102,0.92,0.0,4,0.307692,0,0.0
flight_number,SJU,ORD,AA,AA1165.0,ORD→SJU,,,2024-01-01,2024-12-31,62,62,0,2,0.0,6,0.096774,1,0.016129,15.5,-3.5,58.8,21.0,0.0,64.8,13,0.209677,10,0.16129,7,0.112903,-1.07,0.0,0,0.0,0,0.0
flight_number,SJU,ORD,AA,AA2268.0,ORD→SJU,,,2024-01-01,2024-12-31,25,25,0,0,0.0,0,0.0,0,0.0,-5.6,-7.0,8.2,3.2,0.0,11.0,3,0.12,1,0.04,0,0.0,-0.24,0.0,0,0.0,0,
flight_number,SJU,ORD,AA,AA388.0,ORD→SJU,,,2024-01-01,2024-12-31,94,94,0,0,0.0,5,0.053191,1,0.010638,3.52,-4.0,34.4,7.7,0.0,20.0,16,0.170213,6,0.06383,3,0.031915,-5.6,0.0,1,0.166667,0,0.0
flight_number,SJU,ORD,AA,AA524.0,ORD→SJU,,,2024-01-01,2024-12-31,30,30,0,1,0.0,0,0.0,0,0.0,-4.24,-9.0,23.4,2.24,0.0,10.0,1,0.033333,0,0.0,0,0.0,-3.14,0.0,0,,0,
flight_number,SJU,ORD,AA,AA528.0,ORD→SJU,,,2024-01-01,2024-12-31,32,32,0,1,0.0,0,0.0,0,0.0,-15.19,-16.0,0.0,1.52,0.0,6.0,0,0.0,0,0.0,0,0.0,1.03,0.0,0,,0,
flight_number,SJU,ORD,NK,NK129.0,ORD→SJU,,,2024-01-01,2024-12-31,90,90,0,0,0.0,5,0.055556,1,0.011111,-0.47,-14.5,34.6,15.03,0.0,35.6,16,0.177778,12,0.133333,6,0.066667,-0.24,0.0,1,0.083333,0,0.0
flight_number,SJU,ORD,NK,NK175.0,ORD→SJU,,,2024-01-01,2024-12-31,124,122,2,0,0.016129,15,0.122951,4,0.032787,19.49,2.0,74.8,27.75,2.0,80.3,40,0.327869,26,0.213115,15,0.122951,1.3,0.0,1,0.038462,0,0.0
flight_number,SJU,ORD,NK,NK1865.0,ORD→SJU,,,2024-01-01,2024-12-31,146,142,4,0,0.027397,16,0.112676,6,0.042254,12.93,-7.5,66.6,29.49,5.0,84.9,43,0.302817,29,0.204225,20,0.140845,5.75,2.0,3,0.103448,0,0.0
flight_number,SJU,ORD,NK,NK491.0,ORD→SJU,,,2024-01-01,2024-12-31,70,70,0,0,0.0,5,0.071429,1,0.014286,2.14,-6.0,15.1,12.91,0.0,28.1,11,0.157143,6,0.085714,5,0.071429,2.0,0.0,0,0.0,0,0.0
flight_number,SJU,ORD,NK,NK519.0,ORD→SJU,,,2024-01-01,2024-12-31,13,13,0,0,0.0,1,0.076923,0,0.0,9.15,1.0,35.6,8.69,0.0,20.0,3,0.230769,1,0.076923,1,0.076923,-3.77,0.0,0,0.0,0,0.0
flight_number,SJU,ORD,NK,NK850.0,ORD→SJU,,,2024-01-01,2024-12-31,13,13,0,0,0.0,1,0.076923,0,0.0,19.69,12.0,45.0,18.23,10.0,33.8,6,0.461538,3,0.230769,1,0.076923,-4.23,-2.0,0,0.0,0,0.0
flight_number,SJU,ORD,UA,UA1144.0,ORD→SJU,,,2024-01-01,2024-12-31,24,24,0,0,0.0,2,0.083333,0,0.0,13.04,-0.5,46.3,25.96,16.0,53.4,13,0.541667,5,0.208333,2,0.083333,5.83,4.5,1,0.166667,0,0.0
flight_number,SJU,ORD,UA,UA1996.0,ORD→SJU,,,2024-01-01,2024-12-31,366,365,1,1,0.002732,12,0.032877,4,0.010959,3.22,-3.0,27.0,8.55,0.0,18.7,41,0.112329,25,0.068493,10,0.027397,-2.38,0.0,2,0.08,0,0.0
flight_number,SJU,ORD,UA,UA695.0,ORD→SJU,,,2024-01-01,2024-12-31,111,110,1,0,0.009009,6,0.054545,1,0.009091,3.82,-3.0,33.3,11.41,0.0,29.2,18,0.163636,11,0.1,5,0.045455,0.28,0.0,0,0.0,0,0.0
flight_number,SJU,ORD,UA,UA795.0,ORD→SJU,,,2024-01-01,2024-12-31,4,4,0,0,0.0,0,0.0,0,0.0,-1.25,-4.5,10.8,0.0,0.0,0.0,0,0.0,0,0.0,0,0.0,-4.0,-0.5,0,,0,
flight_number,SJU,ORF,F9,F93023.0,ORF→SJU,,,2024-01-01,2024-12-31,27,26,1,0,0.037037,5,0.192308,1,0.038462,51.81,-2.5,78.0,57.65,4.0,87.0,8,0.307692,7,0.269231,4,0.153846,-3.85,0.0,0,0.0,0,0.0
flight_number,SJU,PBI,F9,F93028.0,PBI→SJU,,,2024-01-01,2024-12-31,4,3,1,0,0.25,0,0.0,0,0.0,8.67,10.0,35.6,14.0,4.0,31.2,1,0.333333,1,0.333333,0,0.0,-3.33,-4.0,0,0.0,0,
flight_number,SJU,PHL,AA,AA1529.0,PHL→SJU,,,2024-01-01,2024-12-31,159,159,0,1,0.0,23,0.144654,6,0.037736,32.3,9.5,84.5,35.06,3.5,83.8,57,0.358491,37,0.232704,21,0.132075,-2.24,0.0,2,0.054054,0,0.0
flight_number,SJU,PHL,AA,AA1706.0,PHL→SJU,,,2024-01-01,2024-12-31,1,1,0,0,0.0,0,0.0,0,0.0,-15.0,-15.0,-15.0,0.0,0.0,0.0,0,0.0,0,0.0,0,0.0,0.0,0.0,0,,0,
flight_number,SJU,PHL,AA,AA1717.0,PHL→SJU,,,2024-01-01,2024-12-31,1,1,0,0,0.0,0,0.0,0,0.0,48.0,48.0,48.0,21.0,21.0,21.0,1,1.0,0,0.0,0,0.0,-27.0,-27.0,0,,0,
flight_number,SJU,PHL,AA,AA1753.0,PHL→SJU,,,2024-01-01,2024-12-31,11,11,0,0,0.0,2,0.181818,1,0.090909,20.64,-13.0,67.0,31.09,2.0,91.0,4,0.363636,3,0.272727,3,0.272727,-3.18,1.0,0,0.0,0,0.0
flight_number,SJU,PHL,AA,AA2433.0,PHL→SJU,,,2024-01-01,2024-12-31,150,149,1,1,0.006667,17,0.114094,3,0.020134,12.41,-2.0,70.3,14.97,0.0,53.4,26,0.174497,22,0.147651,14,0.09396,-5.65,0.0,0,0.0,0,0.0
flight_number,SJU,PHL,AA,AA2481.0,PHL→SJU,,,2024-01-01,2024-12-31,1,1,0,0,0.0,0,0.0,0,0.0,2.0,2.0,2.0,0.0,0.0,0.0,0,0.0,0,0.0,0,0.0,-2.0,-2.0,0,,0,
flight_number,SJU,PHL,AA,AA3065.0,PHL→SJU,,,2024-01-01,2024-12-31,14,14,0,0,0.0,0,0.0,0,0.0,3.86,-1.5,42.1,19.79,1.0,57.7,6,0.428571,5,0.357143,1,0.071429,7.21,1.0,1,0.2,0,0.0
flight_number,SJU,PHL,AA,AA564.0,PHL→SJU,,,2024-01-01,2024-12-31,7,7,0,0,0.0,0,0.0,0,0.0,-13.57,-17.0,7.4,0.0,0.0,0.0,0,0.0,0,0.0,0,0.0,-2.43,0.0,0,,0,
flight_number,SJU,PHL,AA,AA694.0,PHL→SJU,,,2024-01-01,2024-12-31,26,26,0,0,0.0,2,0.076923,1,0.038462,0.92,-14.0,40.5,12.73,0.0,18.5,3,0.115385,2,0.076923,2,0.076923,-1.65,0.0,0,0.0,0,0.0
flight_number,SJU,PHL,F9,F91016.0,PHL→SJU,,,2024-01-01,2024-12-31,193,192,1,0,0.005181,11,0.057292,1,0.005208,6.23,1.0,50.0,11.16,0.0,29.9,34,0.177083,19,0.098958,12,0.0625,-5.5,0.0,2,0.1,0,0.0
flight_number,SJU,PHL,F9,F91166.0,PHL→SJU,,,2024-01-01,2024-12-31,198,193,5,1,0.025253,33,0.170984,5,0.025907,34.94,21.0,88.3,25.64,0.0,66.8,61,0.316062,41,0.212435,21,0.108808,-12.72,-7.0,1,0.02439,0,0.0
flight_number,SJU,PHL,F9,F91276.0,PHL→SJU,,,2024-01-01,2024-12-31,34,33,1,0,0.029412,6,0.181818,0,0.0,20.85,3.0,74.6,20.64,0.0,72.6,10,0.30303,6,0.181818,5,0.151515,-3.94,0.0,0,0.0,0,0.0
flight_number,SJU,PHL,F9,F91726.0,PHL→SJU,,,2024-01-01,2024-12-31,5,5,0,0,0.0,0,0.0,0,0.0,14.4,14.0,39.0,19.4,18.0,35.0,3,0.6,2,0.4,0,0.0,2.6,4.0,1,0.5,0,
flight_number,SJU,PHL,F9,F93248.0,PHL→SJU,,,2024-01-01,2024-12-31,75,73,2,1,0.026667,5,0.068493,0,0.0,19.94,11.5,53.8,12.99,0.0,35.5,16,0.219178,9,0.123288,6,0.082192,-8.97,-3.5,0,0.0,0,0.0
flight_number,SJU,PHL,F9,F93250.0,PHL→SJU,,,2024-01-01,2024-12-31,2,2,0,0,0.0,1,0.5,0,0.0,62.5,62.5,106.9,58.0,58.0,101.2,1,0.5,1,0.5,1,0.5,-4.5,-4.5,0,0.0,0,0.0
flight_number,SJU,PHL,F9,F94460.0,PHL→SJU,,,2024-01-01,2024-12-31,8,8,0,0,0.0,1,0.125,0,0.0,21.5,12.0,57.2,16.12,3.5,44.9,2,0.25,1,0.125,1,0.125,-8.0,-8.0,0,0.0,0,0.0
flight_number,SJU,PHL,F9,F94462.0,PHL→SJU,,,2024-01-01,2024-12-31,244,238,6,0,0.02459,34,0.142857,6,0.02521,26.84,2.0,75.0,37.31,5.0,87.3,87,0.365546,69,0.289916,39,0.163866,0.77,0.0,11,0.15942,3,0.075
flight_number,SJU,PHL,F9,F94466.0,PHL→SJU,,,2024-01-01,2024-12-31,6,6,0,1,0.0,1,0.166667,0,0.0,31.0,11.0,88.2,32.4,1.0,86.8,2,0.333333,2,0.333333,1,0.166667,-2.2,-1.0,0,0.0,0,0.0
flight_number,SJU,PHL,NK,NK2165.0,PHL→SJU,,,2024-01-01,2024-12-31,83,81,2,0,0.024096,12,0.148148,1,0.012346,24.27,3.0,76.0,30.74,5.0,66.0,29,0.358025,18,0.222222,9,0.111111,-1.96,0.0,0,0.0,0,0.0
flight_number,SJU,PHL,NK,NK3806.0,PHL→SJU,,,2024-01-01,2024-12-31,225,219,6,1,0.026667,18,0.082192,1,0.004566,9.46,-1.5,55.3,16.93,3.0,44.5,71,0.324201,40,0.182648,18,0.082192,-0.29,0.0,3,0.073171,1,0.055556
flight_number,SJU,PVD,B6,B6525.0,PVD→SJU,,,2024-01-01,2024-12-31,64,64,0,1,0.0,2,0.03125,0,0.0,-1.63,-5.0,25.4,7.25,0.0,20.6,8,0.125,3,0.046875,1,0.015625,-1.7,0.0,0,0.0,0,0.0
flight_number,SJU,RDU,B6,B61929.0,RDU→SJU,,,2024-01-01,2024-12-31,12,12,0,0,0.0,1,0.083333,1,0.083333,61.67,-6.5,27.7,66.58,0.0,7.2,1,0.083333,1,0.083333,1,0.083333,-4.75,0.0,0,0.0,0,0.0
flight_number,SJU,RDU,B6,B62573.0,RDU→SJU,,,2024-01-01,2024-12-31,3,3,0,0,0.0,2,0.666667,1,0.333333,250.0,69.0,565.8,246.33,36.0,557.6,2,0.666667,2,0.666667,1,0.333333,-6.67,-2.0,0,0.0,0,0.0
flight_number,SJU,RDU,B6,B62929.0,RDU→SJU,,,2024-01-01,2024-12-31,339,335,4,1,0.011799,42,0.125373,7,0.020896,15.95,-5.0,78.7,28.57,2.0,90.0,107,0.319403,80,0.238806,49,0.146269,3.11,0.0,6,0.075,0,0.0
flight_number,SJU,RDU,F9,F91226.0,RDU→SJU,,,2024-01-01,2024-12-31,131,128,3,0,0.022901,18,0.140625,0,0.0,18.41,5.5,69.3,21.77,5.0,71.3,47,0.367188,31,0.242188,14,0.109375,-2.34,0.0,2,0.0625,0,0.0
flight_number,SJU,RDU,F9,F92060.0,RDU→SJU,,,2024-01-01,2024-12-31,36,35,1,1,0.027778,8,0.228571,4,0.114286,32.35,2.0,157.9,37.76,4.0,156.3,12,0.342857,8,0.228571,6,0.171429,-1.85,0.0,0,0.0,0,0.0
flight_number,SJU,RDU,F9,F92180.0,RDU→SJU,,,2024-01-01,2024-12-31,14,14,0,0,0.0,2,0.142857,1,0.071429,34.29,5.5,119.2,32.36,6.5,112.7,5,0.357143,4,0.285714,2,0.142857,-5.36,0.0,0,0.0,0,0.0
flight_number,SJU,RDU,F9,F94498.0,RDU→SJU,,,2024-01-01,2024-12-31,3,3,0,0,0.0,0,0.0,0,0.0,-26.0,-28.0,-19.2,0.0,0.0,0.0,0,0.0,0,0.0,0,0.0,0.0,0.0,0,,0,
flight_number,SJU,RDU,F9,F94744.0,RDU→SJU,,,2024-01-01,2024-12-31,30,30,0,0,0.0,10,0.333333,0,0.0,37.73,21.5,119.6,41.8,26.5,116.0,18,0.6,13,0.433333,10,0.333333,0.03,0.0,1,0.071429,0,0.0
flight_number,SJU,RDU,F9,F9758.0,RDU→SJU,,,2024-01-01,2024-12-31,7,7,0,0,0.0,1,0.142857,0,0.0,13.0,-10.0,66.4,21.71,0.0,60.8,1,0.142857,1,0.142857,1,0.142857,-1.86,0.0,0,0.0,0,0.0
flight_number,SJU,RSW,F9,F93030.0,RSW→SJU,,,2024-01-01,2024-12-31,7,7,0,0,0.0,2,0.285714,1,0.142857,46.0,16.0,142.6,33.0,4.0,93.0,2,0.285714,1,0.142857,1,0.142857,-15.43,0.0,0,0.0,0,0.0
flight_number,SJU,RSW,NK,NK375.0,RSW→SJU,,,2024-01-01,2024-12-31,109,105,4,0,0.036697,7,0.066667,1,0.009524,2.7,-12.0,38.2,15.69,0.0,45.6,21,0.2,16,0.152381,8,0.07619,1.26,0.0,1,0.058824,0,0.0
flight_number,SJU,STL,WN,WN1282.0,STL→SJU,,,2024-01-01,2024-12-31,1,1,0,0,0.0,0,0.0,0,0.0,-6.0,-6.0,-6.0,3.0,3.0,3.0,0,0.0,0,0.0,0,0.0,3.0,3.0,0,,0,
flight_number,SJU,STL,WN,WN1585.0,STL→SJU,,,2024-01-01,2024-12-31,8,8,0,0,0.0,2,0.25,0,0.0,25.5,26.5,62.6,24.5,14.5,57.8,4,0.5,3,0.375,1,0.125,-3.12,-1.5,0,0.0,0,0.0
flight_number,SJU,STL,WN,WN2932.0,STL→SJU,,,2024-01-01,2024-12-31,4,4,0,0,0.0,0,0.0,0,0.0,7.75,9.5,17.9,2.5,1.5,5.5,0,0.0,0,0.0,0,0.0,-7.25,-5.5,0,,0,
flight_number,SJU,STL,WN,WN2998.0,STL→SJU,,,2024-01-01,2024-12-31,8,8,0,0,0.0,0,0.0,0,0.0,-9.12,-12.0,7.8,4.88,0.0,15.0,1,0.125,0,0.0,0,0.0,2.12,0.0,0,,0,
flight_number,SJU,STL,WN,WN3478.0,STL→SJU,,,2024-01-01,2024-12-31,9,9,0,0,0.0,0,0.0,0,0.0,1.78,-6.0,19.0,4.11,2.0,14.2,0,0.0,0,0.0,0,0.0,-3.11,0.0,0,,0,
flight_number,SJU,STL,WN,WN4296.0,STL→SJU,,,2024-01-01,2024-12-31,5,5,0,0,0.0,1,0.2,0,0.0,13.2,1.0,54.4,18.2,3.0,46.8,2,0.4,1,0.2,1,0.2,-1.2,2.0,0,0.0,0,0.0
flight_number,SJU,STL,WN,WN4860.0,STL→SJU,,,2024-01-01,2024-12-31,4,4,0,0,0.0,0,0.0,0,0.0,22.5,16.5,41.7,11.75,8.5,25.8,2,0.5,0,0.0,0,0.0,-10.75,-12.5,0,0.0,0,
flight_number,SJU,STT,B6,B61135.0,STT→SJU,,,2024-01-01,2024-12-31,365,358,7,0,0.019178,35,0.097765,9,0.02514,16.29,-7.0,57.9,25.8,0.0,63.6,81,0.226257,58,0.162011,38,0.106145,-0.4,0.0,1,0.016667,0,0.0
flight_number,SJU,STT,B6,B61235.0,STT→SJU,,,2024-01-01,2024-12-31,76,72,4,0,0.052632,2,0.027778,0,0.0,-1.94,-10.0,24.9,7.22,0.0,24.7,13,0.180556,5,0.069444,2,0.027778,-0.71,0.0,0,0.0,0,0.0
flight_number,SJU,STT,B6,B6435.0,STT→SJU,,,2024-01-01,2024-12-31,128,127,1,0,0.007812,17,0.133858,1,0.007874,10.0,-9.0,83.0,24.71,0.0,92.8,45,0.354331,31,0.244094,16,0.125984,3.1,0.0,1,0.03125,0,0.0
flight_number,SJU,STT,B6,B6808.0,STT→SJU,,,2024-01-01,2024-12-31,112,111,1,2,0.008929,11,0.099099,2,0.018018,11.33,-5.0,59.4,18.72,0.0,57.2,30,0.27027,21,0.189189,11,0.099099,-0.68,0.0,0,0.0,0,0.0
flight_number,SJU,STT,B6,B6908.0,STT→SJU,,,2024-01-01,2024-12-31,2,2,0,0,0.0,1,0.5,0,0.0,51.0,51.0,91.0,53.0,53.0,95.4,1,0.5,1,0.5,1,0.5,2.0,2.0,0,0.0,0,0.0
flight_number,SJU,STT,F9,F94893.0,STT→SJU,,,2024-01-01,2024-12-31,70,68,2,0,0.028571,9,0.132353,1,0.014706,23.0,10.0,82.9,15.56,0.0,60.6,16,0.235294,12,0.176471,7,0.102941,-9.93,-5.0,0,0.0,0,0.0
flight_number,SJU,STT,UA,UA2208.0,STT→SJU,,,2024-01-01,2024-12-31,2,2,0,0,0.0,1,0.5,0,0.0,50.0,50.0,80.4,39.5,39.5,71.1,1,0.5,1,0.5,1,0.5,-10.5,-10.5,0,0.0,0,0.0
flight_number,SJU,STX,B6,B62941.0,STX→SJU,,,2024-01-01,2024-12-31,20,20,0,0,0.0,2,0.1,0,0.0,13.55,1.5,30.8,15.4,0.0,34.2,4,0.2,2,0.1,2,0.1,-2.45,0.0,0,0.0,0,0.0
flight_number,SJU,STX,F9,F93041.0,STX→SJU,,,2024-01-01,2024-12-31,13,13,0,0,0.0,0,0.0,0,0.0,8.62,0.0,34.0,5.0,0.0,21.2,2,0.153846,1,0.076923,0,0.0,-6.54,0.0,0,0.0,0,
flight_number,SJU,TPA,B6,B61751.0,TPA→SJU,,,2024-01-01,2024-12-31,94,93,1,0,0.010638,18,0.193548,4,0.043011,31.83,7.0,117.2,39.53,17.0,102.6,47,0.505376,30,0.322581,20,0.215054,3.0,2.0,0,0.0,0,0.0
flight_number,SJU,TPA,B6,B62451.0,TPA→SJU,,,2024-01-01,2024-12-31,52,52,0,0,0.0,1,0.019231,0,0.0,0.1,-1.5,12.9,4.33,0.0,10.7,3,0.057692,2,0.038462,1,0.019231,-0.31,0.0,0,0.0,0,0.0
flight_number,SJU,TPA,B6,B62751.0,TPA→SJU,,,2024-01-01,2024-12-31,356,346,10,1,0.02809,8,0.023121,2,0.00578,-6.78,-13.0,1.0,6.07,0.0,4.0,20,0.057803,17,0.049133,11,0.031792,0.56,0.0,0,0.0,0,0.0
flight_number,SJU,TPA,B6,B6691.0,TPA→SJU,,,2024-01-01,2024-12-31,15,15,0,0,0.0,4,0.266667,2,0.133333,46.87,28.0,153.6,56.8,29.0,160.8,8,0.533333,7,0.466667,5,0.333333,3.93,1.0,0,0.0,0,0.0
flight_number,SJU,TPA,F9,F91196.0,TPA→SJU,,,2024-01-01,2024-12-31,1,1,0,0,0.0,0,0.0,0,0.0,-7.0,-7.0,-7.0,3.0,3.0,3.0,0,0.0,0,0.0,0,0.0,3.0,3.0,0,,0,
flight_number,SJU,TPA,F9,F91536.0,TPA→SJU,,,2024-01-01,2024-12-31,15,15,0,0,0.0,2,0.133333,0,0.0,5.53,-17.0,79.4,22.93,0.0,84.2,3,0.2,3,0.2,2,0.133333,1.67,0.0,0,0.0,0,0.0
flight_number,SJU,TPA,F9,F91796.0,TPA→SJU,,,2024-01-01,2024-12-31,36,36,0,0,0.0,3,0.083333,0,0.0,14.61,2.0,51.5,25.08,15.5,57.0,18,0.5,11,0.305556,4,0.111111,6.08,4.0,1,0.090909,0,0.0
flight_number,SJU,TPA,F9,F91844.0,TPA→SJU,,,2024-01-01,2024-12-31,34,33,1,0,0.029412,0,0.0,0,0.0,-9.7,-9.0,2.6,2.73,0.0,8.8,2,0.060606,1,0.030303,0,0.0,1.3,0.0,0,0.0,0,
flight_number,SJU,TPA,F9,F92216.0,TPA→SJU,,,2024-01-01,2024-12-31,51,50,1,0,0.019608,6,0.12,1,0.02,11.3,-6.0,66.3,22.9,2.0,83.8,14,0.28,11,0.22,6,0.12,2.64,0.0,1,0.090909,0,0.0
flight_number,SJU,TPA,F9,F92542.0,TPA→SJU,,,2024-01-01,2024-12-31,255,250,5,0,0.019608,10,0.04,4,0.016,5.27,-8.0,34.1,18.13,0.0,44.1,60,0.24,35,0.14,15,0.06,3.82,0.0,1,0.027778,0,0.0
flight_number,SJU,TPA,F9,F92544.0,TPA→SJU,,,2024-01-01,2024-12-31,8,8,0,0,0.0,0,0.0,0,0.0,-7.88,-9.0,14.1,9.25,2.0,22.6,1,0.125,1,0.125,0,0.0,4.25,0.0,0,0.0,0,
flight_number,SJU,TPA,F9,F93450.0,TPA→SJU,,,2024-01-01,2024-12-31,5,5,0,0,0.0,0,0.0,0,0.0,-18.4,-23.0,-7.6,2.0,0.0,6.0,0,0.0,0,0.0,0,0.0,2.0,0.0,0,,0,
flight_number,SJU,TPA,F9,F93980.0,TPA→SJU,,,2024-01-01,2024-12-31,41,41,0,0,0.0,7,0.170732,1,0.02439,27.68,4.0,86.0,35.2,15.0,93.0,20,0.487805,15,0.365854,8,0.195122,3.93,3.0,0,0.0,0,0.0
flight_number,SJU,TPA,F9,F94362.0,TPA→SJU,,,2024-01-01,2024-12-31,36,36,0,0,0.0,5,0.138889,1,0.027778,22.92,6.5,85.5,32.72,16.5,92.0,18,0.5,15,0.416667,5,0.138889,4.03,1.5,1,0.066667,0,0.0
flight_number,SJU,TPA,NK,NK538.0,TPA→SJU,,,2024-01-01,2024-12-31,78,78,0,0,0.0,7,0.089744,1,0.012821,7.53,-7.0,51.6,17.26,0.0,58.9,19,0.24359,13,0.166667,8,0.102564,1.47,0.0,0,0.0,0,0.0
flight_number,SJU,TPA,WN,WN1082.0,TPA→SJU,,,2024-01-01,2024-12-31,4,4,0,0,0.0,1,0.25,0,0.0,37.5,33.0,73.3,45.0,38.0,86.3,3,0.75,3,0.75,1,0.25,6.5,5.0,0,0.0,0,0.0
flight_number,SJU,TPA,WN,WN1381.0,TPA→SJU,,,2024-01-01,2024-12-31,6,6,0,0,0.0,0,0.0,0,0.0,-8.67,-10.0,4.5,5.5,3.5,13.0,0,0.0,0,0.0,0,0.0,3.67,1.5,0,,0,
flight_number,SJU,TPA,WN,WN1427.0,TPA→SJU,,,2024-01-01,2024-12-31,5,5,0,0,0.0,0,0.0,0,0.0,4.8,7.0,9.6,5.4,1.0,13.6,1,0.2,0,0.0,0,0.0,-0.6,1.0,0,,0,
flight_number,SJU,TPA,WN,WN1876.0,TPA→SJU,,,2024-01-01,2024-12-31,16,16,0,0,0.0,2,0.125,0,0.0,6.88,-5.0,48.5,16.62,5.0,56.5,4,0.25,3,0.1875,2,0.125,3.88,0.5,0,0.0,0,0.0
flight_number,SJU,TPA,WN,WN2096.0,TPA→SJU,,,2024-01-01,2024-12-31,31,28,3,0,0.096774,1,0.035714,0,0.0,8.32,5.5,21.1,11.0,5.0,17.6,4,0.142857,1,0.035714,1,0.035714,0.57,0.0,0,0.0,0,0.0
flight_number,SJU,TPA,WN,WN2174.0,TPA→SJU,,,2024-01-01,2024-12-31,8,8,0,0,0.0,0,0.0,0,0.0,-5.12,-4.0,5.0,8.62,9.0,15.6,1,0.125,0,0.0,0,0.0,6.75,8.0,0,,0,
flight_number,SJU,TPA,WN,WN2206.0,TPA→SJU,,,2024-01-01,2024-12-31,9,9,0,0,0.0,0,0.0,0,0.0,-4.78,-4.0,3.4,4.33,2.0,11.4,0,0.0,0,0.0,0,0.0,2.78,2.0,0,,0,
flight_number,SJU,TPA,WN,WN2410.0,TPA→SJU,,,2024-01-01,2024-12-31,59,59,0,1,0.0,1,0.016949,0,0.0,2.86,-3.0,19.0,9.17,3.5,22.6,11,0.186441,4,0.067797,2,0.033898,1.9,1.0,0,0.0,0,0.0
flight_number,SJU,TPA,WN,WN2556.0,TPA→SJU,,,2024-01-01,2024-12-31,16,16,0,0,0.0,0,0.0,0,0.0,-0.56,-1.0,9.5,7.19,3.0,20.0,4,0.25,0,0.0,0,0.0,4.12,2.0,0,,0,
flight_number,SJU,TPA,WN,WN2558.0,TPA→SJU,,,2024-01-01,2024-12-31,1,1,0,0,0.0,0,0.0,0,0.0,5.0,5.0,5.0,3.0,3.0,3.0,0,0.0,0,0.0,0,0.0,-2.0,-2.0,0,,0,
flight_number,SJU,TPA,WN,WN2690.0,TPA→SJU,,,2024-01-01,2024-12-31,1,1,0,0,0.0,0,0.0,0,0.0,37.0,37.0,37.0,45.0,45.0,45.0,1,1.0,1,1.0,0,0.0,8.0,8.0,0,0.0,0,
flight_number,SJU,TPA,WN,WN2750.0,TPA→SJU,,,2024-01-01,2024-12-31,8,8,0,0,0.0,0,0.0,0,0.0,-3.5,-1.5,9.2,4.88,1.0,16.4,1,0.125,0,0.0,0,0.0,1.5,0.5,0,,0,
flight_number,SJU,TPA,WN,WN2853.0,TPA→SJU,,,2024-01-01,2024-12-31,1,1,0,0,0.0,0,0.0,0,0.0,48.0,48.0,48.0,52.0,52.0,52.0,1,1.0,1,1.0,0,0.0,4.0,4.0,0,0.0,0,
flight_number,SJU,TPA,WN,WN3208.0,TPA→SJU,,,2024-01-01,2024-12-31,43,43,0,0,0.0,2,0.046512,0,0.0,0.86,-4.0,32.2,13.37,4.0,42.2,10,0.232558,5,0.116279,3,0.069767,5.21,4.0,0,0.0,0,0.0
flight_number,SJU,TPA,WN,WN3812.0,TPA→SJU,,,2024-01-01,2024-12-31,1,1,0,0,0.0,0,0.0,0,0.0,-9.0,-9.0,-9.0,0.0,0.0,0.0,0,0.0,0,0.0,0,0.0,0.0,0.0,0,,0,
flight_number,SJU,TPA,WN,WN3857.0,TPA→SJU,,,2024-01-01,2024-12-31,59,58,1,0,0.016949,0,0.0,0,0.0,0.45,-1.0,10.0,5.88,3.0,15.3,6,0.103448,1,0.017241,0,0.0,1.38,0.0,0,0.0,0,
flight_number,SJU,TPA,WN,WN4298.0,TPA→SJU,,,2024-01-01,2024-12-31,10,10,0,0,0.0,2,0.2,0,0.0,17.7,-2.0,66.2,24.6,5.5,63.1,4,0.4,4,0.4,2,0.2,3.8,4.5,0,0.0,0,0.0
flight_number,SJU,TPA,WN,WN4356.0,TPA→SJU,,,2024-01-01,2024-12-31,61,61,0,0,0.0,7,0.114754,1,0.016393,15.08,-1.0,63.0,24.66,5.0,72.0,16,0.262295,12,0.196721,8,0.131148,4.0,3.0,0,0.0,0,0.0
flight_number,SJU,TPA,WN,WN4630.0,TPA→SJU,,,2024-01-01,2024-12-31,24,24,0,0,0.0,1,0.041667,0,0.0,23.25,16.0,42.9,30.79,26.0,55.8,19,0.791667,9,0.375,2,0.083333,6.67,6.0,0,0.0,0,0.0
flight_number,SJU,TPA,WN,WN5018.0,TPA→SJU,,,2024-01-01,2024-12-31,18,17,1,0,0.055556,0,0.0,0,0.0,3.24,-3.0,19.4,10.88,5.0,29.4,3,0.176471,2,0.117647,1,0.058824,3.12,1.0,0,0.0,0,0.0
flight_number,SJU,TPA,WN,WN5167.0,TPA→SJU,,,2024-01-01,2024-12-31,9,9,0,0,0.0,0,0.0,0,0.0,-6.89,-8.0,2.2,3.44,1.0,8.6,0,0.0,0,0.0,0,0.0,2.56,1.0,0,,0,
flight_number,SJU,TPA,WN,WN5301.0,TPA→SJU,,,2024-01-01,2024-12-31,56,56,0,0,0.0,5,0.089286,3,0.053571,16.75,-0.5,24.0,21.57,1.0,24.0,7,0.125,5,0.089286,5,0.089286,0.73,0.0,0,0.0,0,0.0
flight_number,SJU,TPA,WN,WN970.0,TPA→SJU,,,2024-01-01,2024-12-31,33,33,0,0,0.0,4,0.121212,1,0.030303,17.06,-1.0,93.6,26.24,2.0,102.2,11,0.333333,9,0.272727,5,0.151515,3.09,0.0,1,0.111111,0,0.0
origin_route_time_bucket,SJU,ATL,,,ATL→SJU,afternoon,,2024-01-01,2024-12-31,515,513,2,1,0.003883,29,0.05653,5,0.009747,7.19,-4.0,36.0,13.47,0.0,33.9,100,0.194932,60,0.116959,30,0.05848,-0.08,0.0,0,0.0,0,0.0
origin_route_time_bucket,SJU,ATL,,,ATL→SJU,early_morning,,2024-01-01,2024-12-31,417,416,1,1,0.002398,6,0.014423,2,0.004808,-0.74,-6.0,14.0,5.73,0.0,12.0,31,0.074519,17,0.040865,8,0.019231,-1.02,0.0,0,0.0,0,0.0
origin_route_time_bucket,SJU,ATL,,,ATL→SJU,evening,,2024-01-01,2024-12-31,487,483,4,1,0.008214,46,0.095238,1,0.00207,12.54,0.0,59.0,18.15,1.0,60.8,147,0.304348,97,0.200828,49,0.101449,0.48,0.0,0,0.0,0,0.0
origin_route_time_bucket,SJU,ATL,,,ATL→SJU,late_morning,,2024-01-01,2024-12-31,612,611,1,2,0.001634,33,0.05401,4,0.006547,6.3,-2.0,37.0,11.01,0.0,30.2,122,0.199673,61,0.099836,26,0.042553,-1.53,0.0,8,0.126984,0,0.0
origin_route_time_bucket,SJU,ATL,,,ATL→SJU,night,,2024-01-01,2024-12-31,86,85,1,0,0.011628,21,0.247059,2,0.023529,41.24,14.0,123.2,53.22,23.0,129.8,48,0.564706,38,0.447059,24,0.282353,7.46,7.0,1,0.025641,0,0.0
origin_route_time_bucket,SJU,AUS,,,AUS→SJU,late_morning,,2024-01-01,2024-12-31,30,30,0,0,0.0,2,0.066667,0,0.0,10.1,-2.0,40.6,18.77,5.5,42.2,9,0.3,8,0.266667,2,0.066667,3.73,3.5,0,0.0,0,0.0
origin_route_time_bucket,SJU,BDL,,,BDL→SJU,afternoon,,2024-01-01,2024-12-31,236,235,1,1,0.004237,26,0.110638,5,0.021277,14.11,-2.0,76.4,25.32,9.0,74.6,85,0.361702,53,0.225532,29,0.123404,3.31,1.0,5,0.09434,0,0.0
origin_route_time_bucket,SJU,BDL,,,BDL→SJU,evening,,2024-01-01,2024-12-31,161,159,2,0,0.012422,31,0.194969,5,0.031447,31.42,10.0,84.4,35.17,10.0,78.4,68,0.427673,44,0.27673,23,0.144654,-3.81,0.0,2,0.045455,0,0.0
origin_route_time_bucket,SJU,BDL,,,BDL→SJU,late_morning,,2024-01-01,2024-12-31,141,140,1,0,0.007092,11,0.078571,1,0.007143,14.93,4.0,47.0,10.97,0.0,28.2,27,0.192857,13,0.092857,5,0.035714,-8.84,0.0,0,0.0,0,0.0
origin_route_time_bucket,SJU,BDL,,,BDL→SJU,night,,2024-01-01,2024-12-31,462,447,15,1,0.032468,105,0.234899,17,0.038031,39.76,12.5,109.5,49.73,19.0,103.5,243,0.543624,186,0.416107,102,0.228188,2.65,1.0,7,0.037433,1,0.009615
origin_route_time_bucket,SJU,BNA,,,BNA→SJU,early_morning,,2024-01-01,2024-12-31,38,38,0,0,0.0,1,0.026316,0,0.0,4.53,3.0,17.3,9.05,3.5,26.0,6,0.157895,3,0.078947,1,0.026316,1.18,0.0,0,0.0,0,0.0
origin_route_time_bucket,SJU,BNA,,,BNA→SJU,late_morning,,2024-01-01,2024-12-31,10,10,0,0,0.0,0,0.0,0,0.0,17.7,16.5,36.8,19.4,16.0,38.4,6,0.6,3,0.3,0,0.0,1.1,0.5,0,0.0,0,
origin_route_time_bucket,SJU,BOS,,,BOS→SJU,afternoon,,2024-01-01,2024-12-31,492,485,7,3,0.014228,71,0.146392,17,0.035052,27.32,5.0,79.0,32.42,7.0,79.9,184,0.379381,126,0.259794,68,0.140206,-0.85,0.0,3,0.02381,0,0.0
origin_route_time_bucket,SJU,BOS,,,BOS→SJU,early_morning,,2024-01-01,2024-12-31,586,583,3,0,0.005119,31,0.053173,4,0.006861,3.17,-6.0,33.8,10.42,0.0,28.8,100,0.171527,54,0.092624,25,0.042882,-1.7,0.0,3,0.052632,0,0.0
origin_route_time_bucket,SJU,BOS,,,BOS→SJU,evening,,2024-01-01,2024-12-31,319,315,4,0,0.012539,58,0.184127,8,0.025397,24.4,2.0,108.0,29.88,5.0,105.0,114,0.361905,80,0.253968,57,0.180952,-0.81,0.0,2,0.025,0,0.0
origin_route_time_bucket,SJU,BOS,,,BOS→SJU,late_morning,,2024-01-01,2024-12-31,361,361,0,0,0.0,38,0.105263,8,0.022161,19.97,1.0,63.0,23.15,2.0,50.0,97,0.268698,64,0.177285,32,0.088643,-3.07,0.0,0,0.0,0,0.0
origin_route_time_bucket,SJU,BOS,,,BOS→SJU,night,,2024-01-01,2024-12-31,282,270,12,0,0.042553,43,0.159259,9,0.033333,25.41,3.0,88.0,34.38,8.0,84.1,108,0.4,78,0.288889,50,0.185185,1.14,0.0,7,0.0875,1,0.019608
origin_route_time_bucket,SJU,BWI,,,BWI→SJU,afternoon,,2024-01-01,2024-12-31,133,133,0,1,0.0,10,0.075188,0,0.0,9.65,1.5,45.8,17.36,9.0,47.7,45,0.338346,26,0.195489,8,0.06015,2.17,2.5,1,0.037037,0,0.0
origin_route_time_bucket,SJU,BWI,,,BWI→SJU,early_morning,,2024-01-01,2024-12-31,191,191,0,1,0.0,4,0.020942,0,0.0,2.71,-4.0,37.0,8.56,1.0,26.1,36,0.188482,17,0.089005,5,0.026178,-0.91,0.0,1,0.058824,0,0.0
origin_route_time_bucket,SJU,BWI,,,BWI→SJU,evening,,2024-01-01,2024-12-31,408,404,4,1,0.009804,43,0.106436,8,0.019802,14.87,3.0,61.8,25.23,12.0,60.6,179,0.443069,100,0.247525,41,0.101485,3.32,3.0,6,0.058252,0,0.0
origin_route_time_bucket,SJU,BWI,,,BWI→SJU,late_morning,,2024-01-01,2024-12-31,277,275,2,0,0.00722,13,0.047273,1,0.003636,3.1,-5.0,32.0,10.47,2.0,32.0,56,0.203636,30,0.109091,11,0.04,-0.75,0.0,2,0.064516,0,0.0
origin_route_time_bucket,SJU,BWI,,,BWI→SJU,night,,2024-01-01,2024-12-31,325,312,13,0,0.04,43,0.137821,5,0.016026,24.05,0.0,83.7,37.02,8.5,83.9,129,0.413462,101,0.323718,58,0.185897,4.72,1.0,7,0.068627,0,0.0
origin_route_time_bucket,SJU,CLE,,,CLE→SJU,evening,,2024-01-01,2024-12-31,15,14,1,0,0.066667,1,0.071429,0,0.0,11.14,1.0,31.5,20.14,7.5,41.6,4,0.285714,4,0.285714,1,0.071429,1.0,0.0,1,0.25,0,0.0
origin_route_time_bucket,SJU,CLE,,,CLE→SJU,late_morning,,2024-01-01,2024-12-31,188,184,4,1,0.021277,24,0.130435,4,0.021739,18.17,0.0,77.8,22.73,0.0,63.6,43,0.233696,33,0.179348,20,0.108696,-2.81,0.0,2,0.060606,0,0.0
origin_route_time_bucket,SJU,CLT,,,CLT→SJU,afternoon,,2024-01-01,2024-12-31,154,153,1,0,0.006494,11,0.071895,5,0.03268,23.05,-9.0,42.4,34.91,0.0,49.2,27,0.176471,20,0.130719,13,0.084967,1.16,0.0,0,0.0,0,0.0
origin_route_time_bucket,SJU,CLT,,,CLT→SJU,early_morning,,2024-01-01,2024-12-31,179,179,0,0,0.0,7,0.039106,0,0.0,-8.12,-15.0,17.2,7.54,0.0,19.2,24,0.134078,13,0.072626,7,0.039106,0.84,0.0,2,0.142857,0,0.0
origin_route_time_bucket,SJU,CLT,,,CLT→SJU,evening,,2024-01-01,2024-12-31,329,326,3,3,0.009119,49,0.150307,13,0.039877,33.62,2.0,86.0,44.87,9.0,93.8,135,0.41411,97,0.297546,56,0.171779,4.4,1.0,7,0.070707,0,0.0
origin_route_time_bucket,SJU,CLT,,,CLT→SJU,late_morning,,2024-01-01,2024-12-31,431,429,2,0,0.00464,27,0.062937,8,0.018648,10.21,-3.0,42.2,16.05,0.0,33.2,96,0.223776,55,0.128205,19,0.044289,-2.23,0.0,2,0.035714,0,0.0
origin_route_time_bucket,SJU,CLT,,,CLT→SJU,night,,2024-01-01,2024-12-31,12,12,0,0,0.0,4,0.333333,1,0.083333,111.83,22.5,82.9,116.5,29.5,97.3,6,0.5,6,0.5,4,0.333333,-0.83,0.0,0,0.0,0,0.0
origin_route_time_bucket,SJU,CLT,,,CLT→SJU,red_eye,,2024-01-01,2024-12-31,2,2,0,0,0.0,0,0.0,0,0.0,26.5,26.5,53.3,41.5,41.5,61.1,2,1.0,1,0.5,1,0.5,11.5,11.5,0,0.0,0,0.0
origin_route_time_bucket,SJU,DCA,,,DCA→SJU,early_morning,,2024-01-01,2024-12-31,366,365,1,2,0.002732,31,0.084932,6,0.016438,6.61,-7.0,51.0,13.98,0.0,30.8,58,0.158904,37,0.10137,24,0.065753,-3.39,0.0,0,0.0,0,0.0
origin_route_time_bucket,SJU,DEN,,,DEN→SJU,late_morning,,2024-01-01,2024-12-31,307,305,2,0,0.006515,11,0.036066,2,0.006557,7.51,2.0,35.6,8.82,0.0,21.8,45,0.147541,18,0.059016,10,0.032787,-4.36,0.0,1,0.05,0,0.0
origin_route_time_bucket,SJU,DFW,,,DFW→SJU,afternoon,,2024-01-01,2024-12-31,188,186,2,0,0.010638,24,0.129032,2,0.010753,14.06,-3.0,88.0,21.61,1.0,66.0,59,0.317204,41,0.22043,22,0.11828,-0.18,0.0,3,0.073171,0,0.0
origin_route_time_bucket,SJU,DFW,,,DFW→SJU,early_morning,,2024-01-01,2024-12-31,473,473,0,4,0.0,31,0.065539,8,0.016913,6.35,-5.0,42.2,14.59,0.0,41.0,93,0.196617,58,0.122622,29,0.061311,-1.37,0.0,4,0.067797,0,0.0
origin_route_time_bucket,SJU,DFW,,,DFW→SJU,evening,,2024-01-01,2024-12-31,98,96,2,0,0.020408,23,0.239583,3,0.03125,37.52,21.5,96.5,42.57,23.0,114.0,55,0.572917,43,0.447917,21,0.21875,1.58,0.0,1,0.023256,0,0.0
origin_route_time_bucket,SJU,DFW,,,DFW→SJU,late_morning,,2024-01-01,2024-12-31,28,27,1,0,0.035714,4,0.148148,1,0.037037,21.07,1.0,85.8,33.19,18.0,77.8,14,0.518519,11,0.407407,4,0.148148,6.7,4.0,2,0.181818,0,0.0
origin_route_time_bucket,SJU,DFW,,,DFW→SJU,night,,2024-01-01,2024-12-31,161,158,3,0,0.018634,25,0.158228,1,0.006329,27.65,11.0,81.0,34.21,13.0,82.2,70,0.443038,53,0.335443,30,0.189873,3.04,3.0,0,0.0,0,0.0
origin_route_time_bucket,SJU,DTW,,,DTW→SJU,early_morning,,2024-01-01,2024-12-31,129,129,0,0,0.0,4,0.031008,0,0.0,-2.43,-8.0,25.8,5.24,0.0,11.0,12,0.093023,6,0.046512,3,0.023256,-2.94,0.0,1,0.166667,0,0.0
origin_route_time_bucket,SJU,DTW,,,DTW→SJU,late_morning,,2024-01-01,2024-12-31,195,195,0,2,0.0,11,0.05641,4,0.020513,5.88,-3.0,26.0,11.92,0.0,25.0,25,0.128205,16,0.082051,10,0.051282,-1.4,0.0,0,0.0,0,0.0
origin_route_time_bucket,SJU,EWR,,,EWR→SJU,afternoon,,2024-01-01,2024-12-31,136,136,0,1,0.0,7,0.051471,1,0.007353,7.89,-2.0,36.8,13.64,3.0,31.0,40,0.294118,15,0.110294,5,0.036765,-0.53,0.0,1,0.058824,0,0.0
origin_route_time_bucket,SJU,EWR,,,EWR→SJU,early_morning,,2024-01-01,2024-12-31,740,732,8,2,0.010811,68,0.092896,28,0.038251,11.73,-9.0,54.3,22.26,0.0,48.1,142,0.193989,97,0.132514,61,0.083333,-0.92,0.0,5,0.051546,0,0.0
origin_route_time_bucket,SJU,EWR,,,EWR→SJU,evening,,2024-01-01,2024-12-31,596,583,13,2,0.021812,103,0.176672,16,0.027444,24.28,4.0,93.0,30.26,6.0,89.0,226,0.38765,169,0.28988,97,0.166381,-1.79,0.0,7,0.040698,0,0.0
origin_route_time_bucket,SJU,EWR,,,EWR→SJU,late_morning,,2024-01-01,2024-12-31,591,585,6,1,0.010152,47,0.080342,7,0.011966,9.72,-3.0,46.7,14.57,0.0,40.4,114,0.194872,75,0.128205,37,0.063248,-2.79,0.0,1,0.013333,0,0.0
origin_route_time_bucket,SJU,EWR,,,EWR→SJU,night,,2024-01-01,2024-12-31,189,186,3,0,0.015873,20,0.107527,3,0.016129,12.95,-5.0,66.0,26.55,0.0,78.0,60,0.322581,43,0.231183,24,0.129032,3.04,0.0,4,0.093023,0,0.0
origin_route_time_bucket,SJU,FLL,,,FLL→SJU,afternoon,,2024-01-01,2024-12-31,625,621,4,0,0.0064,58,0.093398,12,0.019324,14.35,-1.0,57.0,22.41,5.0,60.0,219,0.352657,134,0.215781,62,0.099839,2.13,0.0,4,0.029197,0,0.0
origin_route_time_bucket,SJU,FLL,,,FLL→SJU,early_morning,,2024-01-01,2024-12-31,370,368,2,1,0.005405,6,0.016304,1,0.002717,-4.56,-9.0,10.0,4.06,0.0,13.4,30,0.081522,14,0.038043,4,0.01087,-0.2,0.0,0,0.0,0,0.0
origin_route_time_bucket,SJU,FLL,,,FLL→SJU,evening,,2024-01-01,2024-12-31,697,690,7,0,0.010043,78,0.113043,9,0.013043,13.93,-1.0,65.0,24.19,6.0,69.1,265,0.384058,174,0.252174,83,0.12029,3.69,1.0,7,0.039548,0,0.0
origin_route_time_bucket,SJU,FLL,,,FLL→SJU,late_morning,,2024-01-01,2024-12-31,626,618,8,0,0.01278,32,0.05178,5,0.008091,7.66,-3.5,40.3,14.48,0.0,40.3,145,0.234628,83,0.134304,28,0.045307,-0.17,0.0,0,0.0,0,0.0
origin_route_time_bucket,SJU,FLL,,,FLL→SJU,night,,2024-01-01,2024-12-31,91,89,2,0,0.021978,11,0.123596,2,0.022472,25.48,13.0,75.6,32.85,18.0,71.4,49,0.550562,34,0.382022,13,0.146067,3.93,5.0,0,0.0,0,0.0
origin_route_time_bucket,SJU,HOU,,,HOU→SJU,afternoon,,2024-01-01,2024-12-31,1,1,0,0,0.0,0,0.0,0,0.0,-7.0,-7.0,-7.0,0.0,0.0,0.0,0,0.0,0,0.0,0,0.0,0.0,0.0,0,,0,
origin_route_time_bucket,SJU,HOU,,,HOU→SJU,late_morning,,2024-01-01,2024-12-31,104,103,1,0,0.009615,10,0.097087,2,0.019417,23.93,12.0,57.0,24.22,14.0,60.6,46,0.446602,18,0.174757,11,0.106796,-1.55,0.0,0,0.0,0,0.0
origin_route_time_bucket,SJU,HPN,,,HPN→SJU,early_morning,,2024-01-01,2024-12-31,64,64,0,0,0.0,8,0.125,2,0.03125,20.77,1.5,68.0,17.75,0.0,42.1,12,0.1875,9,0.140625,2,0.03125,-9.44,-1.5,0,0.0,0,0.0
origin_route_time_bucket,SJU,IAD,,,IAD→SJU,early_morning,,2024-01-01,2024-12-31,320,318,2,1,0.00625,10,0.031447,2,0.006289,-3.73,-10.0,19.0,5.61,0.0,8.0,23,0.072327,11,0.034591,7,0.022013,-2.11,0.0,1,0.090909,0,0.0
origin_route_time_bucket,SJU,IAD,,,IAD→SJU,evening,,2024-01-01,2024-12-31,71,70,1,0,0.014085,12,0.171429,3,0.042857,24.19,0.0,94.3,34.29,2.5,113.1,21,0.3,17,0.242857,12,0.171429,3.2,1.0,0,0.0,0,0.0
origin_route_time_bucket,SJU,IAD,,,IAD→SJU,late_morning,,2024-01-01,2024-12-31,29,29,0,0,0.0,0,0.0,0,0.0,-13.83,-15.0,-4.4,1.28,0.0,1.4,1,0.034483,0,0.0,0,0.0,0.07,0.0,0,,0,
origin_route_time_bucket,SJU,IAH,,,IAH→SJU,afternoon,,2024-01-01,2024-12-31,394,385,9,2,0.022843,43,0.111688,13,0.033766,13.44,-9.0,68.0,28.69,0.0,76.4,116,0.301299,86,0.223377,47,0.122078,3.3,0.0,11,0.123596,1,0.020408
origin_route_time_bucket,SJU,IAH,,,IAH→SJU,early_morning,,2024-01-01,2024-12-31,85,85,0,0,0.0,3,0.035294,1,0.011765,-8.91,-18.0,10.4,8.18,0.0,5.0,4,0.047059,4,0.047059,4,0.047059,-0.88,0.0,0,0.0,0,0.0
origin_route_time_bucket,SJU,IAH,,,IAH→SJU,evening,,2024-01-01,2024-12-31,4,4,0,0,0.0,0,0.0,0,0.0,-7.25,-4.0,0.7,6.0,5.0,12.8,0,0.0,0,0.0,0,0.0,5.75,4.5,0,,0,
origin_route_time_bucket,SJU,IAH,,,IAH→SJU,late_morning,,2024-01-01,2024-12-31,366,360,6,0,0.016393,23,0.063889,4,0.011111,5.85,-4.0,46.0,12.44,0.0,48.3,55,0.152778,44,0.122222,30,0.083333,-2.3,0.0,3,0.068182,1,0.032258
origin_route_time_bucket,SJU,IAH,,,IAH→SJU,night,,2024-01-01,2024-12-31,104,102,2,0,0.019231,8,0.078431,2,0.019608,0.25,-13.5,37.7,18.38,0.0,54.9,21,0.205882,14,0.137255,9,0.088235,3.12,0.0,0,0.0,0,0.0
origin_route_time_bucket,SJU,JAX,,,JAX→SJU,afternoon,,2024-01-01,2024-12-31,49,48,1,0,0.020408,5,0.104167,1,0.020833,13.42,-11.0,59.8,24.42,0.0,64.0,13,0.270833,10,0.208333,5,0.104167,0.15,0.0,0,0.0,0,0.0
origin_route_time_bucket,SJU,JAX,,,JAX→SJU,evening,,2024-01-01,2024-12-31,34,34,0,0,0.0,6,0.176471,1,0.029412,18.47,5.5,83.2,26.09,5.0,85.3,13,0.382353,7,0.205882,4,0.117647,0.91,0.0,0,0.0,0,0.0
origin_route_time_bucket,SJU,JAX,,,JAX→SJU,late_morning,,2024-01-01,2024-12-31,141,134,7,0,0.049645,13,0.097015,8,0.059701,21.6,-6.5,54.7,32.58,0.0,60.7,31,0.231343,21,0.156716,14,0.104478,0.71,0.0,0,0.0,0,0.0
origin_route_time_bucket,SJU,JAX,,,JAX→SJU,night,,2024-01-01,2024-12-31,32,31,1,0,0.03125,5,0.16129,0,0.0,22.32,12.0,69.0,27.48,18.0,74.0,16,0.516129,10,0.322581,5,0.16129,0.71,0.0,1,0.1,0,0.0
origin_route_time_bucket,SJU,JFK,,,JFK→SJU,afternoon,,2024-01-01,2024-12-31,819,815,4,0,0.004884,81,0.099387,16,0.019632,8.87,-7.0,59.2,19.56,0.0,59.2,197,0.241718,131,0.160736,80,0.09816,0.43,0.0,7,0.051095,0,0.0
origin_route_time_bucket,SJU,JFK,,,JFK→SJU,early_morning,,2024-01-01,2024-12-31,1000,994,6,0,0.006,53,0.05332,12,0.012072,-0.18,-11.0,30.7,10.6,0.0,22.7,134,0.134809,78,0.078471,45,0.045272,-1.62,0.0,2,0.024691,0,0.0
origin_route_time_bucket,SJU,JFK,,,JFK→SJU,evening,,2024-01-01,2024-12-31,681,678,3,0,0.004405,102,0.150442,21,0.030973,21.25,2.0,94.3,29.72,5.0,88.3,253,0.373156,174,0.256637,100,0.147493,-0.17,0.0,14,0.077778,1,0.009709
origin_route_time_bucket,SJU,JFK,,,JFK→SJU,late_morning,,2024-01-01,2024-12-31,535,527,8,3,0.014953,42,0.079696,10,0.018975,13.39,-3.5,49.0,22.89,0.0,51.0,145,0.275142,83,0.157495,46,0.087287,-0.07,0.0,6,0.070588,2,0.043478
origin_route_time_bucket,SJU,JFK,,,JFK→SJU,night,,2024-01-01,2024-12-31,690,675,15,0,0.021739,117,0.173333,23,0.034074,24.32,6.0,97.6,34.37,9.0,106.6,291,0.431111,219,0.324444,115,0.17037,2.29,0.0,14,0.063348,0,0.0
origin_route_time_bucket,SJU,MCO,,,MCO→SJU,afternoon,,2024-01-01,2024-12-31,1091,1080,11,3,0.010082,81,0.075,19,0.017593,11.43,-2.0,45.0,19.86,4.0,51.4,325,0.300926,187,0.173148,87,0.080556,2.73,0.0,6,0.03125,0,0.0
origin_route_time_bucket,SJU,MCO,,,MCO→SJU,early_morning,,2024-01-01,2024-12-31,1534,1517,17,3,0.011082,32,0.021094,7,0.004614,-5.56,-10.0,8.0,5.45,0.0,12.7,131,0.086355,58,0.038233,31,0.020435,0.66,0.0,2,0.033898,0,0.0
origin_route_time_bucket,SJU,MCO,,,MCO→SJU,evening,,2024-01-01,2024-12-31,1153,1139,14,1,0.012142,142,0.124671,25,0.021949,17.54,0.0,72.0,27.68,8.0,82.3,437,0.38367,292,0.256365,158,0.138718,4.56,3.0,4,0.013423,0,0.0
origin_route_time_bucket,SJU,MCO,,,MCO→SJU,late_morning,,2024-01-01,2024-12-31,822,818,4,3,0.004866,67,0.081907,10,0.012225,9.6,-3.0,37.6,16.65,1.0,42.0,181,0.221271,108,0.132029,61,0.074572,1.06,0.0,1,0.008772,0,0.0
origin_route_time_bucket,SJU,MCO,,,MCO→SJU,night,,2024-01-01,2024-12-31,1707,1684,23,1,0.013474,173,0.102732,24,0.014252,14.05,-2.0,63.8,25.67,6.0,74.8,633,0.375891,436,0.258907,223,0.132423,4.51,2.0,18,0.040179,0,0.0
origin_route_time_bucket,SJU,MCO,,,MCO→SJU,red_eye,,2024-01-01,2024-12-31,1,1,0,0,0.0,0,0.0,0,0.0,-1.0,-1.0,-1.0,0.0,0.0,0.0,0,0.0,0,0.0,0,0.0,0.0,0.0,0,,0,
origin_route_time_bucket,SJU,MDW,,,MDW→SJU,early_morning,,2024-01-01,2024-12-31,84,83,1,1,0.011905,2,0.024096,0,0.0,5.68,1.5,37.0,14.3,4.0,39.0,23,0.277108,12,0.144578,4,0.048193,1.28,0.0,1,0.083333,0,0.0
origin_route_time_bucket,SJU,MDW,,,MDW→SJU,evening,,2024-01-01,2024-12-31,9,9,0,0,0.0,1,0.111111,0,0.0,8.22,-8.0,56.2,12.78,0.0,37.0,2,0.222222,1,0.111111,1,0.111111,-6.11,0.0,0,0.0,0,0.0
origin_route_time_bucket,SJU,MDW,,,MDW→SJU,late_morning,,2024-01-01,2024-12-31,18,16,2,0,0.111111,2,0.125,0,0.0,9.31,1.5,47.0,10.19,0.0,35.0,3,0.1875,2,0.125,1,0.0625,-4.5,0.0,0,0.0,0,0.0
origin_route_time_bucket,SJU,MIA,,,MIA→SJU,afternoon,,2024-01-01,2024-12-31,736,735,1,1,0.001359,92,0.12517,22,0.029932,20.51,-1.0,72.4,28.52,1.0,77.7,231,0.314286,166,0.22585,96,0.130612,0.87,0.0,1,0.005917,0,0.0
origin_route_time_bucket,SJU,MIA,,,MIA→SJU,early_morning,,2024-01-01,2024-12-31,702,697,5,0,0.007123,27,0.038737,7,0.010043,-2.08,-13.0,16.0,10.09,0.0,18.0,75,0.107604,53,0.07604,25,0.035868,0.06,0.0,2,0.037037,0,0.0
origin_route_time_bucket,SJU,MIA,,,MIA→SJU,evening,,2024-01-01,2024-12-31,731,721,10,0,0.01368,90,0.124827,15,0.020804,14.07,-4.0,72.0,24.35,1.0,75.0,233,0.323162,165,0.228849,93,0.128988,2.29,0.0,6,0.036145,0,0.0
origin_route_time_bucket,SJU,MIA,,,MIA→SJU,late_morning,,2024-01-01,2024-12-31,616,610,6,3,0.00974,50,0.081967,7,0.011475,6.39,-7.0,50.4,15.25,0.0,45.4,125,0.204918,86,0.140984,43,0.070492,-0.91,0.0,4,0.046512,1,0.022222
origin_route_time_bucket,SJU,MIA,,,MIA→SJU,night,,2024-01-01,2024-12-31,112,110,2,1,0.017857,7,0.063636,1,0.009091,4.23,-11.0,39.4,17.3,0.0,51.8,28,0.254545,15,0.136364,11,0.1,2.41,0.0,0,0.0,0,0.0
origin_route_time_bucket,SJU,MIA,,,MIA→SJU,red_eye,,2024-01-01,2024-12-31,66,62,4,1,0.060606,16,0.258065,2,0.032258,34.3,9.0,108.0,39.48,22.0,108.0,31,0.5,22,0.354839,17,0.274194,1.3,0.0,1,0.043478,0,0.0
origin_route_time_bucket,SJU,MSP,,,MSP→SJU,early_morning,,2024-01-01,2024-12-31,114,113,1,1,0.008772,2,0.017699,0,0.0,-14.61,-18.0,13.0,5.27,0.0,12.9,8,0.070796,3,0.026549,2,0.017699,0.27,0.0,0,0.0,0,0.0
origin_route_time_bucket,SJU,MSP,,,MSP→SJU,late_morning,,2024-01-01,2024-12-31,15,15,0,0,0.0,1,0.066667,0,0.0,-5.6,-7.0,20.8,9.53,0.0,30.4,3,0.2,2,0.133333,1,0.066667,0.4,0.0,0,0.0,0,0.0
origin_route_time_bucket,SJU,MSY,,,MSY→SJU,afternoon,,2024-01-01,2024-12-31,27,26,1,0,0.037037,3,0.115385,1,0.038462,16.65,-4.5,76.5,28.73,2.0,84.5,10,0.384615,9,0.346154,3,0.115385,3.42,0.5,3,0.333333,0,0.0
origin_route_time_bucket,SJU,MSY,,,MSY→SJU,early_morning,,2024-01-01,2024-12-31,53,52,1,0,0.018868,1,0.019231,0,0.0,-10.98,-13.5,13.7,5.23,0.0,17.7,6,0.115385,2,0.038462,1,0.019231,0.27,0.0,1,0.333333,0,0.0
origin_route_time_bucket,SJU,MSY,,,MSY→SJU,late_morning,,2024-01-01,2024-12-31,20,20,0,0,0.0,1,0.05,1,0.05,1.75,-8.0,3.7,10.65,0.0,4.3,1,0.05,1,0.05,1,0.05,-0.65,0.0,0,0.0,0,0.0
origin_route_time_bucket,SJU,ORD,,,ORD→SJU,afternoon,,2024-01-01,2024-12-31,144,143,1,0,0.006944,7,0.048951,3,0.020979,5.77,-4.0,17.4,13.4,0.0,26.6,20,0.13986,11,0.076923,8,0.055944,0.68,0.0,0,0.0,0,0.0
origin_route_time_bucket,SJU,ORD,,,ORD→SJU,early_morning,,2024-01-01,2024-12-31,660,659,1,5,0.001515,34,0.051593,7,0.010622,3.3,-6.0,33.7,11.16,0.0,26.7,98,0.14871,58,0.088012,30,0.045524,-1.78,0.0,5,0.086207,0,0.0
origin_route_time_bucket,SJU,ORD,,,ORD→SJU,evening,,2024-01-01,2024-12-31,69,69,0,0,0.0,7,0.101449,0,0.0,5.28,-3.0,51.4,18.13,5.0,53.2,24,0.347826,12,0.173913,5,0.072464,3.36,0.0,1,0.076923,0,0.0
origin_route_time_bucket,SJU,ORD,,,ORD→SJU,late_morning,,2024-01-01,2024-12-31,326,322,4,0,0.01227,25,0.07764,9,0.02795,11.57,-2.0,46.0,21.03,1.0,58.0,80,0.248447,53,0.164596,31,0.096273,1.27,0.0,3,0.056604,0,0.0
origin_route_time_bucket,SJU,ORD,,,ORD→SJU,night,,2024-01-01,2024-12-31,5,3,2,0,0.4,1,0.333333,0,0.0,16.0,-7.0,49.0,37.0,20.0,72.0,2,0.666667,1,0.333333,1,0.333333,16.0,20.0,0,0.0,0,0.0
origin_route_time_bucket,SJU,ORF,,,ORF→SJU,late_morning,,2024-01-01,2024-12-31,1,1,0,0,0.0,0,0.0,0,0.0,-2.0,-2.0,-2.0,0.0,0.0,0.0,0,0.0,0,0.0,0,0.0,0.0,0.0,0,,0,
origin_route_time_bucket,SJU,ORF,,,ORF→SJU,night,,2024-01-01,2024-12-31,26,25,1,0,0.038462,5,0.2,1,0.04,53.96,-3.0,78.2,59.96,4.0,87.8,8,0.32,7,0.28,4,0.16,-4.0,0.0,0,0.0,0,0.0
origin_route_time_bucket,SJU,PBI,,,PBI→SJU,afternoon,,2024-01-01,2024-12-31,1,1,0,0,0.0,0,0.0,0,0.0,42.0,42.0,42.0,38.0,38.0,38.0,1,1.0,1,1.0,0,0.0,-4.0,-4.0,0,0.0,0,
origin_route_time_bucket,SJU,PBI,,,PBI→SJU,late_morning,,2024-01-01,2024-12-31,2,1,1,0,0.5,0,0.0,0,0.0,10.0,10.0,10.0,4.0,4.0,4.0,0,0.0,0,0.0,0,0.0,-6.0,-6.0,0,,0,
origin_route_time_bucket,SJU,PBI,,,PBI→SJU,night,,2024-01-01,2024-12-31,1,1,0,0,0.0,0,0.0,0,0.0,-26.0,-26.0,-26.0,0.0,0.0,0.0,0,0.0,0,0.0,0,0.0,0.0,0.0,0,,0,
origin_route_time_bucket,SJU,PHL,,,PHL→SJU,afternoon,,2024-01-01,2024-12-31,82,80,2,0,0.02439,16,0.2,1,0.0125,33.35,19.5,90.9,27.73,7.5,75.3,32,0.4,19,0.2375,13,0.1625,-8.32,-3.5,0,0.0,0,0.0
origin_route_time_bucket,SJU,PHL,,,PHL→SJU,early_morning,,2024-01-01,2024-12-31,408,407,1,2,0.002451,30,0.07371,4,0.009828,10.32,1.0,52.0,11.55,0.0,25.2,58,0.142506,34,0.083538,22,0.054054,-7.61,0.0,2,0.057143,0,0.0
origin_route_time_bucket,SJU,PHL,,,PHL→SJU,evening,,2024-01-01,2024-12-31,200,194,6,1,0.03,34,0.175258,7,0.036082,37.14,10.0,103.6,42.27,13.0,90.8,93,0.479381,64,0.329897,36,0.185567,-0.02,0.0,5,0.078125,0,0.0
origin_route_time_bucket,SJU,PHL,,,PHL→SJU,late_morning,,2024-01-01,2024-12-31,219,215,4,2,0.018265,31,0.144186,6,0.027907,22.83,10.0,87.4,21.29,0.0,73.8,63,0.293023,47,0.218605,25,0.116279,-7.1,0.0,0,0.0,0,0.0
origin_route_time_bucket,SJU,PHL,,,PHL→SJU,night,,2024-01-01,2024-12-31,534,523,11,1,0.020599,55,0.105163,7,0.013384,17.77,2.0,64.7,25.64,3.0,63.9,167,0.319312,113,0.216061,58,0.110899,-0.64,0.0,14,0.122807,4,0.067797
origin_route_time_bucket,SJU,PVD,,,PVD→SJU,early_morning,,2024-01-01,2024-12-31,64,64,0,1,0.0,2,0.03125,0,0.0,-1.63,-5.0,25.4,7.25,0.0,20.6,8,0.125,3,0.046875,1,0.015625,-1.7,0.0,0,0.0,0,0.0
origin_route_time_bucket,SJU,RDU,,,RDU→SJU,afternoon,,2024-01-01,2024-12-31,335,328,7,0,0.020896,51,0.155488,9,0.027439,21.86,0.0,81.6,31.05,5.0,96.9,120,0.365854,88,0.268293,52,0.158537,1.24,0.0,6,0.067416,0,0.0
origin_route_time_bucket,SJU,RDU,,,RDU→SJU,early_morning,,2024-01-01,2024-12-31,20,20,0,0,0.0,1,0.05,1,0.05,35.55,-3.0,17.3,41.95,0.0,13.5,2,0.1,1,0.05,1,0.05,-2.5,0.0,0,0.0,0,0.0
origin_route_time_bucket,SJU,RDU,,,RDU→SJU,evening,,2024-01-01,2024-12-31,76,76,0,0,0.0,6,0.078947,1,0.013158,15.95,-9.5,49.0,28.04,0.0,54.0,21,0.276316,17,0.223684,7,0.092105,2.12,0.0,0,0.0,0,0.0
origin_route_time_bucket,SJU,RDU,,,RDU→SJU,late_morning,,2024-01-01,2024-12-31,70,69,1,2,0.014286,10,0.144928,2,0.028986,11.64,-7.0,64.4,17.1,0.0,39.4,13,0.188406,7,0.101449,6,0.086957,-3.39,0.0,0,0.0,0,0.0
origin_route_time_bucket,SJU,RDU,,,RDU→SJU,night,,2024-01-01,2024-12-31,74,74,0,0,0.0,16,0.216216,1,0.013514,27.38,5.0,119.0,36.62,16.0,113.8,37,0.5,27,0.364865,18,0.243243,3.01,0.5,3,0.107143,0,0.0
origin_route_time_bucket,SJU,RSW,,,RSW→SJU,afternoon,,2024-01-01,2024-12-31,13,13,0,0,0.0,0,0.0,0,0.0,-5.23,-18.0,28.6,10.0,0.0,35.8,3,0.230769,3,0.230769,0,0.0,1.77,0.0,1,0.333333,0,
origin_route_time_bucket,SJU,RSW,,,RSW→SJU,early_morning,,2024-01-01,2024-12-31,9,8,1,0,0.111111,0,0.0,0,0.0,-21.62,-20.0,-16.4,0.0,0.0,0.0,0,0.0,0,0.0,0,0.0,0.0,0.0,0,,0,
origin_route_time_bucket,SJU,RSW,,,RSW→SJU,evening,,2024-01-01,2024-12-31,35,32,3,0,0.085714,4,0.125,1,0.03125,16.28,-3.5,79.6,23.66,2.5,64.3,10,0.3125,8,0.25,4,0.125,-1.19,0.0,0,0.0,0,0.0
origin_route_time_bucket,SJU,RSW,,,RSW→SJU,late_morning,,2024-01-01,2024-12-31,52,52,0,0,0.0,5,0.096154,1,0.019231,7.6,-10.0,43.8,18.62,0.0,35.4,9,0.173077,6,0.115385,5,0.096154,0.71,0.0,0,0.0,0,0.0
origin_route_time_bucket,SJU,RSW,,,RSW→SJU,night,,2024-01-01,2024-12-31,7,7,0,0,0.0,0,0.0,0,0.0,-9.86,-13.0,2.4,3.29,0.0,9.2,1,0.142857,0,0.0,0,0.0,0.29,0.0,0,,0,
origin_route_time_bucket,SJU,STL,,,STL→SJU,early_morning,,2024-01-01,2024-12-31,14,14,0,0,0.0,3,0.214286,0,0.0,18.86,12.0,63.4,20.71,9.5,60.7,6,0.428571,4,0.285714,2,0.142857,-2.0,1.0,0,0.0,0,0.0
origin_route_time_bucket,SJU,STL,,,STL→SJU,late_morning,,2024-01-01,2024-12-31,25,25,0,0,0.0,0,0.0,0,0.0,2.56,-5.0,20.0,5.32,1.0,15.6,3,0.12,0,0.0,0,0.0,-3.32,0.0,0,0.0,0,
origin_route_time_bucket,SJU,STT,,,STT→SJU,afternoon,,2024-01-01,2024-12-31,402,395,7,2,0.017413,39,0.098734,8,0.020253,15.67,-7.0,59.8,23.63,0.0,62.0,88,0.222785,62,0.156962,42,0.106329,-1.27,0.0,1,0.015625,0,0.0
origin_route_time_bucket,SJU,STT,,,STT→SJU,evening,,2024-01-01,2024-12-31,313,306,7,0,0.022364,32,0.104575,3,0.009804,9.97,-3.5,67.5,18.96,0.0,57.5,87,0.284314,58,0.189542,29,0.094771,-0.35,0.0,1,0.016949,0,0.0
origin_route_time_bucket,SJU,STT,,,STT→SJU,late_morning,,2024-01-01,2024-12-31,40,39,1,0,0.025,5,0.128205,2,0.051282,19.33,-4.0,126.4,27.92,0.0,112.2,12,0.307692,9,0.230769,5,0.128205,1.08,0.0,0,0.0,0,0.0
origin_route_time_bucket,SJU,STX,,,STX→SJU,afternoon,,2024-01-01,2024-12-31,12,12,0,0,0.0,0,0.0,0,0.0,6.42,-1.5,29.0,4.92,0.0,22.5,2,0.166667,1,0.083333,0,0.0,-4.67,0.0,0,0.0,0,
origin_route_time_bucket,SJU,STX,,,STX→SJU,evening,,2024-01-01,2024-12-31,20,20,0,0,0.0,2,0.1,0,0.0,13.55,1.5,30.8,15.4,0.0,34.2,4,0.2,2,0.1,2,0.1,-2.45,0.0,0,0.0,0,0.0
origin_route_time_bucket,SJU,STX,,,STX→SJU,late_morning,,2024-01-01,2024-12-31,1,1,0,0,0.0,0,0.0,0,0.0,35.0,35.0,35.0,6.0,6.0,6.0,0,0.0,0,0.0,0,0.0,-29.0,-29.0,0,,0,
origin_route_time_bucket,SJU,TPA,,,TPA→SJU,afternoon,,2024-01-01,2024-12-31,461,453,8,1,0.017354,39,0.086093,10,0.022075,12.76,-1.0,52.8,20.6,3.0,61.8,115,0.253863,74,0.163355,46,0.101545,2.74,0.0,2,0.026316,0,0.0
origin_route_time_bucket,SJU,TPA,,,TPA→SJU,early_morning,,2024-01-01,2024-12-31,593,581,12,1,0.020236,10,0.017212,4,0.006885,-4.15,-12.0,8.0,8.11,0.0,14.1,57,0.098107,33,0.056799,15,0.025818,1.11,0.0,0,0.0,0,0.0
origin_route_time_bucket,SJU,TPA,,,TPA→SJU,evening,,2024-01-01,2024-12-31,124,124,0,0,0.0,18,0.145161,1,0.008065,11.72,-3.0,72.4,23.65,2.5,85.5,32,0.258065,26,0.209677,18,0.145161,3.96,1.0,0,0.0,0,0.0
origin_route_time_bucket,SJU,TPA,,,TPA→SJU,late_morning,,2024-01-01,2024-12-31,118,116,2,0,0.016949,1,0.008621,0,0.0,0.47,-3.5,19.0,7.65,1.0,21.0,18,0.155172,6,0.051724,2,0.017241,1.3,0.0,0,0.0,0,0.0
origin_route_time_bucket,SJU,TPA,,,TPA→SJU,night,,2024-01-01,2024-12-31,215,214,1,0,0.004651,25,0.116822,6,0.028037,19.5,1.0,67.4,29.7,13.0,72.7,96,0.448598,67,0.313084,31,0.14486,4.36,2.5,2,0.029412,0,0.0
origin_route_time_bucket,SJU,TPA,,,TPA→SJU,red_eye,,2024-01-01,2024-12-31,45,45,0,0,0.0,4,0.088889,0,0.0,14.38,3.0,53.0,25.02,15.0,58.6,22,0.488889,15,0.333333,5,0.111111,5.84,4.0,1,0.066667,0,0.0
origin_airline_route_time_bucket,SJU,ATL,DL,,ATL→SJU DL,afternoon,,2024-01-01,2024-12-31,465,464,1,0,0.002151,22,0.047414,3,0.006466,3.83,-4.0,32.4,9.86,0.0,32.0,76,0.163793,48,0.103448,22,0.047414,-0.52,0.0,0,0.0,0,0.0
origin_airline_route_time_bucket,SJU,ATL,DL,,ATL→SJU DL,early_morning,,2024-01-01,2024-12-31,374,373,1,1,0.002674,5,0.013405,1,0.002681,-0.83,-5.0,14.0,5.12,0.0,12.0,27,0.072386,14,0.037534,7,0.018767,-1.32,0.0,0,0.0,0,0.0
origin_airline_route_time_bucket,SJU,ATL,DL,,ATL→SJU DL,evening,,2024-01-01,2024-12-31,403,401,2,1,0.004963,30,0.074813,1,0.002494,9.83,-1.0,51.2,15.31,0.0,51.3,104,0.259352,68,0.169576,30,0.074813,0.29,0.0,0,0.0,0,0.0
origin_airline_route_time_bucket,SJU,ATL,DL,,ATL→SJU DL,late_morning,,2024-01-01,2024-12-31,397,396,1,1,0.002519,18,0.045455,1,0.002525,6.36,0.0,30.6,8.69,0.0,22.0,59,0.14899,28,0.070707,15,0.037879,-2.62,0.0,5,0.166667,0,0.0
origin_airline_route_time_bucket,SJU,ATL,F9,,ATL→SJU F9,afternoon,,2024-01-01,2024-12-31,37,36,1,1,0.027027,6,0.166667,2,0.055556,45.74,-2.0,107.6,55.8,12.0,103.4,17,0.472222,10,0.277778,6,0.166667,4.51,3.0,0,0.0,0,0.0
origin_airline_route_time_bucket,SJU,ATL,F9,,ATL→SJU F9,early_morning,,2024-01-01,2024-12-31,15,15,0,0,0.0,0,0.0,0,0.0,-5.87,-7.0,11.2,3.13,0.0,8.8,1,0.066667,0,0.0,0,0.0,0.4,0.0,0,,0,
origin_airline_route_time_bucket,SJU,ATL,F9,,ATL→SJU F9,evening,,2024-01-01,2024-12-31,82,80,2,0,0.02439,16,0.2,0,0.0,26.74,12.5,89.6,32.83,17.5,90.5,43,0.5375,29,0.3625,19,0.2375,1.49,0.0,0,0.0,0,0.0
origin_airline_route_time_bucket,SJU,ATL,F9,,ATL→SJU F9,late_morning,,2024-01-01,2024-12-31,41,41,0,0,0.0,0,0.0,0,0.0,0.1,-6.0,25.0,8.15,0.0,32.0,8,0.195122,5,0.121951,0,0.0,-0.15,0.0,2,0.4,0,
origin_airline_route_time_bucket,SJU,ATL,F9,,ATL→SJU F9,night,,2024-01-01,2024-12-31,14,14,0,0,0.0,5,0.357143,0,0.0,56.0,41.5,131.0,66.0,52.5,148.3,12,0.857143,10,0.714286,5,0.357143,8.71,10.0,0,0.0,0,0.0
origin_airline_route_time_bucket,SJU,ATL,NK,,ATL→SJU NK,afternoon,,2024-01-01,2024-12-31,13,13,0,0,0.0,1,0.076923,0,0.0,23.46,12.0,49.2,28.15,17.0,58.6,7,0.538462,2,0.153846,2,0.153846,3.23,5.0,0,0.0,0,0.0
origin_airline_route_time_bucket,SJU,ATL,NK,,ATL→SJU NK,early_morning,,2024-01-01,2024-12-31,28,28,0,0,0.0,1,0.035714,1,0.035714,3.25,-10.0,13.4,15.25,0.0,19.2,3,0.107143,3,0.107143,1,0.035714,2.25,0.0,0,0.0,0,0.0
origin_airline_route_time_bucket,SJU,ATL,NK,,ATL→SJU NK,evening,,2024-01-01,2024-12-31,2,2,0,0,0.0,0,0.0,0,0.0,-14.5,-14.5,3.5,0.5,0.5,0.9,0,0.0,0,0.0,0,0.0,-3.5,-3.5,0,,0,
origin_airline_route_time_bucket,SJU,ATL,NK,,ATL→SJU NK,late_morning,,2024-01-01,2024-12-31,174,174,0,1,0.0,15,0.086207,3,0.017241,7.61,-7.0,48.0,16.99,0.0,42.6,55,0.316092,28,0.16092,11,0.063218,0.64,0.0,1,0.035714,0,0.0
origin_airline_route_time_bucket,SJU,ATL,NK,,ATL→SJU NK,night,,2024-01-01,2024-12-31,72,71,1,0,0.013889,16,0.225352,2,0.028169,38.32,5.0,100.0,50.7,19.0,114.0,36,0.507042,28,0.394366,19,0.267606,7.21,7.0,1,0.034483,0,0.0
origin_airline_route_time_bucket,SJU,AUS,WN,,AUS→SJU WN,late_morning,,2024-01-01,2024-12-31,30,30,0,0,0.0,2,0.066667,0,0.0,10.1,-2.0,40.6,18.77,5.5,42.2,9,0.3,8,0.266667,2,0.066667,3.73,3.5,0,0.0,0,0.0
origin_airline_route_time_bucket,SJU,BDL,B6,,BDL→SJU B6,afternoon,,2024-01-01,2024-12-31,233,232,1,1,0.004292,25,0.107759,5,0.021552,13.5,-2.0,75.0,25.16,9.0,69.0,83,0.357759,51,0.219828,28,0.12069,3.65,2.0,5,0.098039,0,0.0
origin_airline_route_time_bucket,SJU,BDL,B6,,BDL→SJU B6,evening,,2024-01-01,2024-12-31,111,111,0,0,0.0,19,0.171171,3,0.027027,23.68,7.0,79.0,28.77,9.0,76.0,42,0.378378,28,0.252252,16,0.144144,-1.07,0.0,1,0.035714,0,0.0
origin_airline_route_time_bucket,SJU,BDL,B6,,BDL→SJU B6,late_morning,,2024-01-01,2024-12-31,70,70,0,0,0.0,2,0.028571,0,0.0,1.33,-3.0,28.0,8.14,0.0,23.0,12,0.171429,4,0.057143,1,0.014286,-0.67,0.0,0,0.0,0,0.0
origin_airline_route_time_bucket,SJU,BDL,B6,,BDL→SJU B6,night,,2024-01-01,2024-12-31,240,233,7,0,0.029167,55,0.236052,9,0.038627,28.48,7.0,117.6,38.71,16.0,106.8,118,0.506438,93,0.399142,55,0.236052,2.48,2.0,5,0.053763,0,0.0
origin_airline_route_time_bucket,SJU,BDL,F9,,BDL→SJU F9,afternoon,,2024-01-01,2024-12-31,3,3,0,0,0.0,1,0.333333,0,0.0,60.67,45.0,112.2,37.67,32.0,71.2,2,0.666667,2,0.666667,1,0.333333,-23.0,-13.0,0,0.0,0,0.0
origin_airline_route_time_bucket,SJU,BDL,F9,,BDL→SJU F9,evening,,2024-01-01,2024-12-31,50,48,2,0,0.04,12,0.25,2,0.041667,49.31,22.0,112.4,49.96,19.5,80.7,26,0.541667,16,0.333333,7,0.145833,-10.12,-0.5,1,0.0625,0,0.0
origin_airline_route_time_bucket,SJU,BDL,F9,,BDL→SJU F9,late_morning,,2024-01-01,2024-12-31,71,70,1,0,0.014085,9,0.128571,1,0.014286,28.53,16.0,69.2,13.8,0.0,41.4,15,0.214286,9,0.128571,4,0.057143,-17.01,-6.5,0,0.0,0,0.0
origin_airline_route_time_bucket,SJU,BDL,F9,,BDL→SJU F9,night,,2024-01-01,2024-12-31,218,210,8,1,0.036697,49,0.233333,7,0.033333,52.26,19.0,99.2,61.96,25.0,93.2,124,0.590476,92,0.438095,46,0.219048,2.84,1.0,2,0.021505,1,0.020833
origin_airline_route_time_bucket,SJU,BDL,NK,,BDL→SJU NK,night,,2024-01-01,2024-12-31,4,4,0,0,0.0,1,0.25,1,0.25,43.0,-3.0,137.3,52.5,4.0,143.8,1,0.25,1,0.25,1,0.25,2.75,4.0,0,0.0,0,0.0
origin_airline_route_time_bucket,SJU,BNA,WN,,BNA→SJU WN,early_morning,,2024-01-01,2024-12-31,38,38,0,0,0.0,1,0.026316,0,0.0,4.53,3.0,17.3,9.05,3.5,26.0,6,0.157895,3,0.078947,1,0.026316,1.18,0.0,0,0.0,0,0.0
origin_airline_route_time_bucket,SJU,BNA,WN,,BNA→SJU WN,late_morning,,2024-01-01,2024-12-31,10,10,0,0,0.0,0,0.0,0,0.0,17.7,16.5,36.8,19.4,16.0,38.4,6,0.6,3,0.3,0,0.0,1.1,0.5,0,0.0,0,
origin_airline_route_time_bucket,SJU,BOS,B6,,BOS→SJU B6,afternoon,,2024-01-01,2024-12-31,352,350,2,1,0.005682,46,0.131429,11,0.031429,21.61,4.0,76.0,26.68,7.0,66.0,128,0.365714,85,0.242857,43,0.122857,-0.96,0.0,3,0.035294,0,0.0
origin_airline_route_time_bucket,SJU,BOS,B6,,BOS→SJU B6,early_morning,,2024-01-01,2024-12-31,220,218,2,0,0.009091,16,0.073394,3,0.013761,8.5,-2.0,39.3,11.44,0.0,31.6,35,0.16055,23,0.105505,12,0.055046,-3.8,0.0,1,0.041667,0,0.0
origin_airline_route_time_bucket,SJU,BOS,B6,,BOS→SJU B6,evening,,2024-01-01,2024-12-31,274,271,3,0,0.010949,50,0.184502,7,0.02583,25.55,2.0,116.0,30.41,4.0,112.0,97,0.357934,68,0.250923,50,0.184502,-1.34,0.0,1,0.014706,0,0.0
origin_airline_route_time_bucket,SJU,BOS,B6,,BOS→SJU B6,late_morning,,2024-01-01,2024-12-31,272,272,0,0,0.0,23,0.084559,3,0.011029,13.88,1.0,55.8,17.68,2.0,47.9,66,0.242647,45,0.165441,19,0.069853,-2.86,0.0,0,0.0,0,0.0
origin_airline_route_time_bucket,SJU,BOS,B6,,BOS→SJU B6,night,,2024-01-01,2024-12-31,135,135,0,0,0.0,19,0.140741,7,0.051852,25.27,1.0,83.8,31.27,5.0,77.4,44,0.325926,29,0.214815,18,0.133333,-0.81,0.0,3,0.103448,0,0.0
origin_airline_route_time_bucket,SJU,BOS,DL,,BOS→SJU DL,early_morning,,2024-01-01,2024-12-31,366,365,1,0,0.002732,15,0.041096,1,0.00274,-0.01,-8.0,31.6,9.81,0.0,26.6,65,0.178082,31,0.084932,13,0.035616,-0.45,0.0,2,0.060606,0,0.0
origin_airline_route_time_bucket,SJU,BOS,DL,,BOS→SJU DL,late_morning,,2024-01-01,2024-12-31,26,26,0,0,0.0,4,0.153846,0,0.0,9.23,-3.0,73.0,11.81,0.0,57.0,5,0.192308,4,0.153846,3,0.115385,-6.04,0.0,0,0.0,0,0.0
origin_airline_route_time_bucket,SJU,BOS,F9,,BOS→SJU F9,afternoon,,2024-01-01,2024-12-31,77,73,4,2,0.051948,11,0.150685,2,0.027397,41.54,16.0,77.0,44.97,11.0,83.0,33,0.452055,23,0.315068,10,0.136986,-0.87,0.0,0,0.0,0,0.0
origin_airline_route_time_bucket,SJU,BOS,F9,,BOS→SJU F9,late_morning,,2024-01-01,2024-12-31,37,37,0,0,0.0,7,0.189189,4,0.108108,71.14,17.0,150.2,66.3,11.0,111.6,15,0.405405,11,0.297297,6,0.162162,-7.0,0.0,0,0.0,0,0.0
origin_airline_route_time_bucket,SJU,BOS,NK,,BOS→SJU NK,afternoon,,2024-01-01,2024-12-31,63,62,1,0,0.015873,14,0.225806,4,0.064516,43.19,4.5,132.7,50.35,6.0,112.8,23,0.370968,18,0.290323,15,0.241935,-0.18,0.0,0,0.0,0,0.0
origin_airline_route_time_bucket,SJU,BOS,NK,,BOS→SJU NK,evening,,2024-01-01,2024-12-31,45,44,1,0,0.022222,8,0.181818,1,0.022727,17.32,2.0,79.5,26.59,8.0,71.3,17,0.386364,12,0.272727,7,0.159091,2.45,0.0,1,0.083333,0,0.0
origin_airline_route_time_bucket,SJU,BOS,NK,,BOS→SJU NK,late_morning,,2024-01-01,2024-12-31,26,26,0,0,0.0,4,0.153846,1,0.038462,21.65,0.5,98.5,30.31,6.0,86.5,11,0.423077,4,0.153846,4,0.153846,3.27,2.5,0,0.0,0,0.0
origin_airline_route_time_bucket,SJU,BOS,NK,,BOS→SJU NK,night,,2024-01-01,2024-12-31,147,135,12,0,0.081633,24,0.177778,2,0.014815,25.56,6.0,91.6,37.49,12.0,85.6,64,0.474074,49,0.362963,32,0.237037,3.09,0.0,4,0.078431,1,0.030303
origin_airline_route_time_bucket,SJU,BWI,F9,,BWI→SJU F9,afternoon,,2024-01-01,2024-12-31,13,13,0,0,0.0,0,0.0,0,0.0,-1.54,0.0,22.8,11.0,0.0,39.4,3,0.230769,2,0.153846,0,0.0,3.92,0.0,0,0.0,0,
origin_airline_route_time_bucket,SJU,BWI,F9,,BWI→SJU F9,evening,,2024-01-01,2024-12-31,49,48,1,1,0.020408,6,0.125,1,0.020833,8.81,-6.0,61.4,22.62,0.0,76.0,11,0.229167,9,0.1875,6,0.125,2.83,0.0,0,0.0,0,0.0
origin_airline_route_time_bucket,SJU,BWI,F9,,BWI→SJU F9,late_morning,,2024-01-01,2024-12-31,44,43,1,0,0.022727,2,0.046512,0,0.0,5.35,-2.0,41.0,10.09,0.0,42.0,8,0.186047,7,0.162791,2,0.046512,-2.63,0.0,0,0.0,0,0.0
origin_airline_route_time_bucket,SJU,BWI,F9,,BWI→SJU F9,night,,2024-01-01,2024-12-31,37,33,4,0,0.108108,9,0.272727,3,0.090909,108.76,35.0,113.8,108.85,22.0,123.0,18,0.545455,16,0.484848,9,0.272727,-3.06,0.0,0,0.0,0,0.0
origin_airline_route_time_bucket,SJU,BWI,NK,,BWI→SJU NK,afternoon,,2024-01-01,2024-12-31,17,17,0,1,0.0,0,0.0,0,0.0,-0.75,-11.0,38.5,9.62,0.0,33.5,3,0.176471,2,0.117647,1,0.058824,0.69,0.0,0,0.0,0,0.0
origin_airline_route_time_bucket,SJU,BWI,NK,,BWI→SJU NK,early_morning,,2024-01-01,2024-12-31,26,26,0,0,0.0,0,0.0,0,0.0,-1.65,-9.5,32.0,6.08,0.0,21.5,4,0.153846,2,0.076923,1,0.038462,-1.27,0.0,0,0.0,0,0.0
origin_airline_route_time_bucket,SJU,BWI,NK,,BWI→SJU NK,evening,,2024-01-01,2024-12-31,102,101,1,0,0.009804,13,0.128713,4,0.039604,14.26,-10.0,77.0,27.62,7.0,66.0,40,0.39604,25,0.247525,12,0.118812,2.04,0.0,4,0.153846,0,0.0
origin_airline_route_time_bucket,SJU,BWI,NK,,BWI→SJU NK,late_morning,,2024-01-01,2024-12-31,24,24,0,0,0.0,0,0.0,0,0.0,-15.54,-19.0,4.4,2.17,0.0,5.1,2,0.083333,0,0.0,0,0.0,0.46,0.0,0,,0,
origin_airline_route_time_bucket,SJU,BWI,NK,,BWI→SJU NK,night,,2024-01-01,2024-12-31,218,210,8,0,0.036697,20,0.095238,1,0.004762,8.39,-6.5,53.1,25.01,4.0,77.3,72,0.342857,56,0.266667,32,0.152381,6.15,0.0,6,0.105263,0,0.0
origin_airline_route_time_bucket,SJU,BWI,WN,,BWI→SJU WN,afternoon,,2024-01-01,2024-12-31,103,103,0,0,0.0,10,0.097087,0,0.0,12.68,4.0,57.0,19.37,11.0,50.4,39,0.378641,22,0.213592,7,0.067961,2.17,3.0,1,0.043478,0,0.0
origin_airline_route_time_bucket,SJU,BWI,WN,,BWI→SJU WN,early_morning,,2024-01-01,2024-12-31,165,165,0,1,0.0,4,0.024242,0,0.0,3.4,-2.5,37.0,8.96,2.0,26.7,32,0.193939,15,0.090909,4,0.024242,-0.85,0.0,1,0.066667,0,0.0
origin_airline_route_time_bucket,SJU,BWI,WN,,BWI→SJU WN,evening,,2024-01-01,2024-12-31,257,255,2,0,0.007782,24,0.094118,3,0.011765,16.23,7.0,53.6,24.77,16.0,57.0,128,0.501961,66,0.258824,23,0.090196,3.91,4.0,2,0.029412,0,0.0
origin_airline_route_time_bucket,SJU,BWI,WN,,BWI→SJU WN,late_morning,,2024-01-01,2024-12-31,209,208,1,0,0.004785,11,0.052885,1,0.004808,4.78,-4.0,32.0,11.51,3.0,32.3,46,0.221154,23,0.110577,9,0.043269,-0.5,0.0,2,0.083333,0,0.0
origin_airline_route_time_bucket,SJU,BWI,WN,,BWI→SJU WN,night,,2024-01-01,2024-12-31,70,69,1,0,0.014286,14,0.202899,1,0.014493,31.22,11.0,110.0,39.2,21.0,102.4,39,0.565217,29,0.42029,17,0.246377,4.07,4.0,1,0.034483,0,0.0
origin_airline_route_time_bucket,SJU,CLE,F9,,CLE→SJU F9,evening,,2024-01-01,2024-12-31,15,14,1,0,0.066667,1,0.071429,0,0.0,11.14,1.0,31.5,20.14,7.5,41.6,4,0.285714,4,0.285714,1,0.071429,1.0,0.0,1,0.25,0,0.0
origin_airline_route_time_bucket,SJU,CLE,F9,,CLE→SJU F9,late_morning,,2024-01-01,2024-12-31,188,184,4,1,0.021277,24,0.130435,4,0.021739,18.17,0.0,77.8,22.73,0.0,63.6,43,0.233696,33,0.179348,20,0.108696,-2.81,0.0,2,0.060606,0,0.0
origin_airline_route_time_bucket,SJU,CLT,AA,,CLT→SJU AA,afternoon,,2024-01-01,2024-12-31,154,153,1,0,0.006494,11,0.071895,5,0.03268,23.05,-9.0,42.4,34.91,0.0,49.2,27,0.176471,20,0.130719,13,0.084967,1.16,0.0,0,0.0,0,0.0
origin_airline_route_time_bucket,SJU,CLT,AA,,CLT→SJU AA,early_morning,,2024-01-01,2024-12-31,179,179,0,0,0.0,7,0.039106,0,0.0,-8.12,-15.0,17.2,7.54,0.0,19.2,24,0.134078,13,0.072626,7,0.039106,0.84,0.0,2,0.142857,0,0.0
origin_airline_route_time_bucket,SJU,CLT,AA,,CLT→SJU AA,evening,,2024-01-01,2024-12-31,291,288,3,3,0.010309,47,0.163194,13,0.045139,37.39,3.0,89.8,48.5,10.0,101.8,122,0.423611,88,0.305556,54,0.1875,4.6,2.0,7,0.077778,0,0.0
origin_airline_route_time_bucket,SJU,CLT,AA,,CLT→SJU AA,late_morning,,2024-01-01,2024-12-31,362,362,0,0,0.0,16,0.044199,6,0.016575,2.74,-7.0,30.0,11.07,0.0,27.9,65,0.179558,35,0.096685,12,0.033149,-1.12,0.0,2,0.055556,0,0.0
origin_airline_route_time_bucket,SJU,CLT,AA,,CLT→SJU AA,red_eye,,2024-01-01,2024-12-31,2,2,0,0,0.0,0,0.0,0,0.0,26.5,26.5,53.3,41.5,41.5,61.1,2,1.0,1,0.5,1,0.5,11.5,11.5,0,0.0,0,0.0
origin_airline_route_time_bucket,SJU,CLT,F9,,CLT→SJU F9,evening,,2024-01-01,2024-12-31,38,38,0,0,0.0,2,0.052632,0,0.0,5.34,-2.5,39.8,17.66,2.5,44.3,13,0.342105,9,0.236842,2,0.052632,2.89,0.0,0,0.0,0,0.0
origin_airline_route_time_bucket,SJU,CLT,F9,,CLT→SJU F9,late_morning,,2024-01-01,2024-12-31,69,67,2,0,0.028986,11,0.164179,2,0.029851,50.6,27.0,63.8,42.94,14.0,61.4,31,0.462687,20,0.298507,7,0.104478,-8.18,-6.0,0,0.0,0,0.0
origin_airline_route_time_bucket,SJU,CLT,F9,,CLT→SJU F9,night,,2024-01-01,2024-12-31,12,12,0,0,0.0,4,0.333333,1,0.083333,111.83,22.5,82.9,116.5,29.5,97.3,6,0.5,6,0.5,4,0.333333,-0.83,0.0,0,0.0,0,0.0
origin_airline_route_time_bucket,SJU,DCA,B6,,DCA→SJU B6,early_morning,,2024-01-01,2024-12-31,366,365,1,2,0.002732,31,0.084932,6,0.016438,6.61,-7.0,51.0,13.98,0.0,30.8,58,0.158904,37,0.10137,24,0.065753,-3.39,0.0,0,0.0,0,0.0
origin_airline_route_time_bucket,SJU,DEN,UA,,DEN→SJU UA,late_morning,,2024-01-01,2024-12-31,307,305,2,0,0.006515,11,0.036066,2,0.006557,7.51,2.0,35.6,8.82,0.0,21.8,45,0.147541,18,0.059016,10,0.032787,-4.36,0.0,1,0.05,0,0.0
origin_airline_route_time_bucket,SJU,DFW,AA,,DFW→SJU AA,afternoon,,2024-01-01,2024-12-31,29,29,0,0,0.0,2,0.068966,0,0.0,6.66,-4.0,52.4,15.55,1.0,47.6,9,0.310345,5,0.172414,2,0.068966,1.31,0.0,0,0.0,0,0.0
origin_airline_route_time_bucket,SJU,DFW,AA,,DFW→SJU AA,early_morning,,2024-01-01,2024-12-31,292,292,0,4,0.0,20,0.068493,4,0.013699,4.16,-8.0,44.0,13.99,0.0,41.3,59,0.202055,36,0.123288,19,0.065068,-1.4,0.0,4,0.111111,0,0.0
origin_airline_route_time_bucket,SJU,DFW,AA,,DFW→SJU AA,evening,,2024-01-01,2024-12-31,98,96,2,0,0.020408,23,0.239583,3,0.03125,37.52,21.5,96.5,42.57,23.0,114.0,55,0.572917,43,0.447917,21,0.21875,1.58,0.0,1,0.023256,0,0.0
origin_airline_route_time_bucket,SJU,DFW,AA,,DFW→SJU AA,late_morning,,2024-01-01,2024-12-31,9,9,0,0,0.0,2,0.222222,1,0.111111,40.67,1.0,126.4,45.22,9.0,119.4,4,0.444444,4,0.444444,2,0.222222,2.56,0.0,0,0.0,0,0.0
origin_airline_route_time_bucket,SJU,DFW,AA,,DFW→SJU AA,night,,2024-01-01,2024-12-31,57,57,0,0,0.0,6,0.105263,1,0.017544,24.95,-1.0,65.4,34.86,7.0,68.2,16,0.280702,11,0.192982,6,0.105263,3.56,3.0,0,0.0,0,0.0
origin_airline_route_time_bucket,SJU,DFW,F9,,DFW→SJU F9,early_morning,,2024-01-01,2024-12-31,9,9,0,0,0.0,1,0.111111,0,0.0,26.0,8.0,70.0,20.22,0.0,44.0,1,0.111111,1,0.111111,1,0.111111,-10.78,0.0,0,0.0,0,0.0
origin_airline_route_time_bucket,SJU,DFW,F9,,DFW→SJU F9,late_morning,,2024-01-01,2024-12-31,2,2,0,0,0.0,0,0.0,0,0.0,-1.0,-1.0,8.6,9.0,9.0,16.2,1,0.5,0,0.0,0,0.0,3.5,3.5,0,,0,
origin_airline_route_time_bucket,SJU,DFW,F9,,DFW→SJU F9,night,,2024-01-01,2024-12-31,104,101,3,0,0.028846,19,0.188119,0,0.0,29.18,20.0,81.0,33.84,20.0,81.0,54,0.534653,42,0.415842,24,0.237624,2.75,4.0,0,0.0,0,0.0
origin_airline_route_time_bucket,SJU,DFW,NK,,DFW→SJU NK,afternoon,,2024-01-01,2024-12-31,159,157,2,0,0.012579,22,0.140127,2,0.012739,15.43,-3.0,99.2,22.73,1.0,71.0,50,0.318471,36,0.229299,20,0.127389,-0.46,0.0,3,0.083333,0,0.0
origin_airline_route_time_bucket,SJU,DFW,NK,,DFW→SJU NK,early_morning,,2024-01-01,2024-12-31,172,172,0,0,0.0,10,0.05814,4,0.023256,8.97,-3.0,38.9,15.3,0.0,39.9,33,0.19186,21,0.122093,9,0.052326,-0.83,0.0,0,0.0,0,0.0
origin_airline_route_time_bucket,SJU,DFW,NK,,DFW→SJU NK,late_morning,,2024-01-01,2024-12-31,17,16,1,0,0.058824,2,0.125,0,0.0,12.81,1.0,70.0,29.44,26.5,59.5,9,0.5625,7,0.4375,2,0.125,9.44,9.0,2,0.285714,0,0.0
origin_airline_route_time_bucket,SJU,DTW,DL,,DTW→SJU DL,early_morning,,2024-01-01,2024-12-31,129,129,0,0,0.0,4,0.031008,0,0.0,-2.43,-8.0,25.8,5.24,0.0,11.0,12,0.093023,6,0.046512,3,0.023256,-2.94,0.0,1,0.166667,0,0.0
origin_airline_route_time_bucket,SJU,DTW,DL,,DTW→SJU DL,late_morning,,2024-01-01,2024-12-31,195,195,0,2,0.0,11,0.05641,4,0.020513,5.88,-3.0,26.0,11.92,0.0,25.0,25,0.128205,16,0.082051,10,0.051282,-1.4,0.0,0,0.0,0,0.0
origin_airline_route_time_bucket,SJU,EWR,B6,,EWR→SJU B6,afternoon,,2024-01-01,2024-12-31,81,81,0,0,0.0,5,0.061728,0,0.0,7.6,-4.0,38.0,13.3,2.0,31.0,21,0.259259,9,0.111111,4,0.049383,-0.83,0.0,0,0.0,0,0.0
origin_airline_route_time_bucket,SJU,EWR,B6,,EWR→SJU B6,early_morning,,2024-01-01,2024-12-31,187,187,0,0,0.0,12,0.064171,5,0.026738,1.26,-11.0,28.4,11.21,0.0,19.4,22,0.117647,15,0.080214,11,0.058824,-2.6,0.0,0,0.0,0,0.0
origin_airline_route_time_bucket,SJU,EWR,B6,,EWR→SJU B6,evening,,2024-01-01,2024-12-31,120,116,4,0,0.033333,24,0.206897,6,0.051724,37.72,8.5,134.0,41.39,0.5,117.0,42,0.362069,37,0.318966,22,0.189655,-4.93,0.0,0,0.0,0,0.0
origin_airline_route_time_bucket,SJU,EWR,B6,,EWR→SJU B6,late_morning,,2024-01-01,2024-12-31,152,150,2,0,0.013158,12,0.08,3,0.02,8.67,-3.0,42.0,11.43,0.0,25.2,20,0.133333,14,0.093333,8,0.053333,-4.5,0.0,0,0.0,0,0.0
origin_airline_route_time_bucket,SJU,EWR,B6,,EWR→SJU B6,night,,2024-01-01,2024-12-31,44,44,0,0,0.0,4,0.090909,1,0.022727,8.34,-10.5,57.4,26.8,0.0,84.9,16,0.363636,12,0.272727,7,0.159091,5.77,0.0,1,0.083333,0,0.0
origin_airline_route_time_bucket,SJU,EWR,F9,,EWR→SJU F9,afternoon,,2024-01-01,2024-12-31,55,55,0,1,0.0,2,0.036364,1,0.018182,8.31,1.0,34.4,14.15,5.5,31.4,19,0.345455,6,0.109091,1,0.018182,-0.09,0.0,1,0.125,0,0.0
origin_airline_route_time_bucket,SJU,EWR,F9,,EWR→SJU F9,early_morning,,2024-01-01,2024-12-31,187,185,2,0,0.010695,20,0.108108,11,0.059459,25.31,-3.0,62.6,33.63,0.0,48.0,38,0.205405,25,0.135135,17,0.091892,-0.64,0.0,3,0.12,0,0.0
origin_airline_route_time_bucket,SJU,EWR,F9,,EWR→SJU F9,late_morning,,2024-01-01,2024-12-31,73,70,3,1,0.041096,13,0.185714,2,0.028571,33.07,6.0,85.4,33.17,4.0,81.4,24,0.342857,18,0.257143,12,0.171429,-4.58,0.0,0,0.0,0,0.0
origin_airline_route_time_bucket,SJU,EWR,NK,,EWR→SJU NK,evening,,2024-01-01,2024-12-31,112,107,5,0,0.044643,15,0.140187,2,0.018692,9.72,-7.0,71.0,24.67,3.0,84.4,41,0.383178,25,0.233645,15,0.140187,1.71,0.0,2,0.076923,0,0.0
origin_airline_route_time_bucket,SJU,EWR,NK,,EWR→SJU NK,night,,2024-01-01,2024-12-31,144,141,3,0,0.020833,16,0.113475,2,0.014184,14.45,-4.0,66.0,26.67,1.0,78.0,44,0.312057,31,0.219858,17,0.120567,2.23,0.0,3,0.096774,0,0.0
origin_airline_route_time_bucket,SJU,EWR,UA,,EWR→SJU UA,early_morning,,2024-01-01,2024-12-31,366,360,6,2,0.016393,36,0.1,12,0.033333,10.18,-9.5,59.2,22.15,0.0,58.0,82,0.227778,57,0.158333,33,0.091667,-0.18,0.0,2,0.035088,0,0.0
origin_airline_route_time_bucket,SJU,EWR,UA,,EWR→SJU UA,evening,,2024-01-01,2024-12-31,364,360,4,2,0.010989,64,0.177778,8,0.022222,24.27,8.0,87.3,28.32,8.0,83.6,143,0.397222,107,0.297222,60,0.166667,-1.81,0.0,5,0.045872,0,0.0
origin_airline_route_time_bucket,SJU,EWR,UA,,EWR→SJU UA,late_morning,,2024-01-01,2024-12-31,366,365,1,0,0.002732,22,0.060274,2,0.005479,5.74,-5.0,39.0,12.35,0.0,34.4,70,0.191781,43,0.117808,17,0.046575,-1.75,0.0,1,0.023256,0,0.0
origin_airline_route_time_bucket,SJU,EWR,UA,,EWR→SJU UA,night,,2024-01-01,2024-12-31,1,1,0,0,0.0,0,0.0,0,0.0,4.0,4.0,4.0,0.0,0.0,0.0,0,0.0,0,0.0,0,0.0,-4.0,-4.0,0,,0,
origin_airline_route_time_bucket,SJU,FLL,B6,,FLL→SJU B6,afternoon,,2024-01-01,2024-12-31,371,370,1,0,0.002695,33,0.089189,8,0.021622,14.15,1.0,56.1,22.7,6.0,58.1,133,0.359459,81,0.218919,34,0.091892,2.69,1.0,3,0.036585,0,0.0
origin_airline_route_time_bucket,SJU,FLL,B6,,FLL→SJU B6,early_morning,,2024-01-01,2024-12-31,257,255,2,0,0.007782,3,0.011765,0,0.0,-7.26,-10.0,7.0,2.73,0.0,9.2,14,0.054902,7,0.027451,2,0.007843,-0.21,0.0,0,0.0,0,0.0
origin_airline_route_time_bucket,SJU,FLL,B6,,FLL→SJU B6,evening,,2024-01-01,2024-12-31,369,367,2,0,0.00542,48,0.13079,7,0.019074,13.75,-3.0,68.8,24.65,4.0,72.8,129,0.351499,88,0.239782,49,0.133515,3.44,0.0,6,0.066667,0,0.0
origin_airline_route_time_bucket,SJU,FLL,B6,,FLL→SJU B6,late_morning,,2024-01-01,2024-12-31,374,373,1,0,0.002674,22,0.058981,4,0.010724,7.93,-4.0,44.8,15.69,0.0,45.0,96,0.257373,58,0.155496,19,0.050938,0.24,0.0,0,0.0,0,0.0
origin_airline_route_time_bucket,SJU,FLL,B6,,FLL→SJU B6,night,,2024-01-01,2024-12-31,4,4,0,0,0.0,0,0.0,0,0.0,20.0,25.5,38.0,27.0,28.5,46.0,3,0.75,2,0.5,0,0.0,4.75,3.5,0,0.0,0,
origin_airline_route_time_bucket,SJU,FLL,F9,,FLL→SJU F9,afternoon,,2024-01-01,2024-12-31,30,30,0,0,0.0,3,0.1,1,0.033333,25.07,3.5,49.5,26.9,3.0,49.1,8,0.266667,4,0.133333,3,0.1,-1.1,0.0,0,0.0,0,0.0
origin_airline_route_time_bucket,SJU,FLL,F9,,FLL→SJU F9,early_morning,,2024-01-01,2024-12-31,1,1,0,0,0.0,0,0.0,0,0.0,13.0,13.0,13.0,20.0,20.0,20.0,1,1.0,0,0.0,0,0.0,7.0,7.0,0,,0,
origin_airline_route_time_bucket,SJU,FLL,F9,,FLL→SJU F9,late_morning,,2024-01-01,2024-12-31,57,51,6,0,0.105263,6,0.117647,1,0.019608,32.92,9.0,74.0,28.18,0.0,42.0,14,0.27451,8,0.156863,5,0.098039,-7.9,-1.0,0,0.0,0,0.0
origin_airline_route_time_bucket,SJU,FLL,F9,,FLL→SJU F9,night,,2024-01-01,2024-12-31,13,13,0,0,0.0,1,0.076923,0,0.0,30.0,24.0,52.6,40.15,34.0,68.8,8,0.615385,7,0.538462,2,0.153846,6.62,7.0,0,0.0,0,0.0
origin_airline_route_time_bucket,SJU,FLL,NK,,FLL→SJU NK,afternoon,,2024-01-01,2024-12-31,87,85,2,0,0.022989,10,0.117647,1,0.011765,15.76,-3.0,64.8,26.88,4.0,72.6,36,0.423529,27,0.317647,12,0.141176,3.82,0.0,1,0.037037,0,0.0
origin_airline_route_time_bucket,SJU,FLL,NK,,FLL→SJU NK,early_morning,,2024-01-01,2024-12-31,55,55,0,1,0.0,2,0.036364,0,0.0,4.26,-1.5,35.8,9.52,0.0,31.6,11,0.2,6,0.109091,1,0.018182,-0.11,0.0,0,0.0,0,0.0
origin_airline_route_time_bucket,SJU,FLL,NK,,FLL→SJU NK,evening,,2024-01-01,2024-12-31,167,164,3,0,0.017964,15,0.091463,1,0.006098,13.53,2.0,57.4,22.99,8.0,65.0,68,0.414634,47,0.286585,18,0.109756,3.25,1.0,1,0.021277,0,0.0
origin_airline_route_time_bucket,SJU,FLL,NK,,FLL→SJU NK,late_morning,,2024-01-01,2024-12-31,170,169,1,0,0.005882,4,0.023669,0,0.0,-0.54,-7.0,20.0,8.53,0.0,24.2,29,0.171598,15,0.088757,4,0.023669,1.62,0.0,0,0.0,0,0.0
origin_airline_route_time_bucket,SJU,FLL,WN,,FLL→SJU WN,afternoon,,2024-01-01,2024-12-31,137,136,1,0,0.007299,12,0.088235,2,0.014706,11.67,-3.0,53.5,17.85,4.0,58.0,42,0.308824,22,0.161765,13,0.095588,0.27,0.0,0,0.0,0,0.0
origin_airline_route_time_bucket,SJU,FLL,WN,,FLL→SJU WN,early_morning,,2024-01-01,2024-12-31,57,57,0,0,0.0,1,0.017544,1,0.017544,-1.12,-5.0,7.4,4.58,0.0,10.2,4,0.070175,1,0.017544,1,0.017544,-0.35,0.0,0,0.0,0,0.0
origin_airline_route_time_bucket,SJU,FLL,WN,,FLL→SJU WN,evening,,2024-01-01,2024-12-31,161,159,2,0,0.012422,15,0.09434,1,0.006289,14.75,3.0,52.2,24.39,10.0,60.0,68,0.427673,39,0.245283,16,0.100629,4.7,4.0,0,0.0,0,0.0
origin_airline_route_time_bucket,SJU,FLL,WN,,FLL→SJU WN,late_morning,,2024-01-01,2024-12-31,25,25,0,0,0.0,0,0.0,0,0.0,7.52,4.0,33.8,8.8,6.0,20.2,6,0.24,2,0.08,0,0.0,-2.56,0.0,0,0.0,0,
origin_airline_route_time_bucket,SJU,FLL,WN,,FLL→SJU WN,night,,2024-01-01,2024-12-31,74,72,2,0,0.027027,10,0.138889,2,0.027778,24.97,9.5,88.2,31.86,17.0,72.6,38,0.527778,25,0.347222,11,0.152778,3.4,4.0,0,0.0,0,0.0
origin_airline_route_time_bucket,SJU,HOU,WN,,HOU→SJU WN,afternoon,,2024-01-01,2024-12-31,1,1,0,0,0.0,0,0.0,0,0.0,-7.0,-7.0,-7.0,0.0,0.0,0.0,0,0.0,0,0.0,0,0.0,0.0,0.0,0,,0,
origin_airline_route_time_bucket,SJU,HOU,WN,,HOU→SJU WN,late_morning,,2024-01-01,2024-12-31,104,103,1,0,0.009615,10,0.097087,2,0.019417,23.93,12.0,57.0,24.22,14.0,60.6,46,0.446602,18,0.174757,11,0.106796,-1.55,0.0,0,0.0,0,0.0
origin_airline_route_time_bucket,SJU,HPN,B6,,HPN→SJU B6,early_morning,,2024-01-01,2024-12-31,64,64,0,0,0.0,8,0.125,2,0.03125,20.77,1.5,68.0,17.75,0.0,42.1,12,0.1875,9,0.140625,2,0.03125,-9.44,-1.5,0,0.0,0,0.0
origin_airline_route_time_bucket,SJU,IAD,UA,,IAD→SJU UA,early_morning,,2024-01-01,2024-12-31,320,318,2,1,0.00625,10,0.031447,2,0.006289,-3.73,-10.0,19.0,5.61,0.0,8.0,23,0.072327,11,0.034591,7,0.022013,-2.11,0.0,1,0.090909,0,0.0
origin_airline_route_time_bucket,SJU,IAD,UA,,IAD→SJU UA,evening,,2024-01-01,2024-12-31,71,70,1,0,0.014085,12,0.171429,3,0.042857,24.19,0.0,94.3,34.29,2.5,113.1,21,0.3,17,0.242857,12,0.171429,3.2,1.0,0,0.0,0,0.0
origin_airline_route_time_bucket,SJU,IAD,UA,,IAD→SJU UA,late_morning,,2024-01-01,2024-12-31,29,29,0,0,0.0,0,0.0,0,0.0,-13.83,-15.0,-4.4,1.28,0.0,1.4,1,0.034483,0,0.0,0,0.0,0.07,0.0,0,,0,
origin_airline_route_time_bucket,SJU,IAH,NK,,IAH→SJU NK,afternoon,,2024-01-01,2024-12-31,66,60,6,1,0.090909,10,0.166667,2,0.033333,24.86,10.0,76.8,36.2,17.0,83.4,32,0.533333,27,0.45,11,0.183333,6.56,7.0,2,0.074074,1,0.083333
origin_airline_route_time_bucket,SJU,IAH,NK,,IAH→SJU NK,early_morning,,2024-01-01,2024-12-31,85,85,0,0,0.0,3,0.035294,1,0.011765,-8.91,-18.0,10.4,8.18,0.0,5.0,4,0.047059,4,0.047059,4,0.047059,-0.88,0.0,0,0.0,0,0.0
origin_airline_route_time_bucket,SJU,IAH,NK,,IAH→SJU NK,evening,,2024-01-01,2024-12-31,4,4,0,0,0.0,0,0.0,0,0.0,-7.25,-4.0,0.7,6.0,5.0,12.8,0,0.0,0,0.0,0,0.0,5.75,4.5,0,,0,
origin_airline_route_time_bucket,SJU,IAH,UA,,IAH→SJU UA,afternoon,,2024-01-01,2024-12-31,328,325,3,1,0.009146,33,0.101538,11,0.033846,11.36,-11.0,62.1,27.33,0.0,70.0,84,0.258462,59,0.181538,36,0.110769,2.71,0.0,9,0.145161,0,0.0
origin_airline_route_time_bucket,SJU,IAH,UA,,IAH→SJU UA,late_morning,,2024-01-01,2024-12-31,366,360,6,0,0.016393,23,0.063889,4,0.011111,5.85,-4.0,46.0,12.44,0.0,48.3,55,0.152778,44,0.122222,30,0.083333,-2.3,0.0,3,0.068182,1,0.032258
origin_airline_route_time_bucket,SJU,IAH,UA,,IAH→SJU UA,night,,2024-01-01,2024-12-31,104,102,2,0,0.019231,8,0.078431,2,0.019608,0.25,-13.5,37.7,18.38,0.0,54.9,21,0.205882,14,0.137255,9,0.088235,3.12,0.0,0,0.0,0,0.0
origin_airline_route_time_bucket,SJU,JAX,F9,,JAX→SJU F9,afternoon,,2024-01-01,2024-12-31,49,48,1,0,0.020408,5,0.104167,1,0.020833,13.42,-11.0,59.8,24.42,0.0,64.0,13,0.270833,10,0.208333,5,0.104167,0.15,0.0,0,0.0,0,0.0
origin_airline_route_time_bucket,SJU,JAX,F9,,JAX→SJU F9,evening,,2024-01-01,2024-12-31,34,34,0,0,0.0,6,0.176471,1,0.029412,18.47,5.5,83.2,26.09,5.0,85.3,13,0.382353,7,0.205882,4,0.117647,0.91,0.0,0,0.0,0,0.0
origin_airline_route_time_bucket,SJU,JAX,F9,,JAX→SJU F9,late_morning,,2024-01-01,2024-12-31,141,134,7,0,0.049645,13,0.097015,8,0.059701,21.6,-6.5,54.7,32.58,0.0,60.7,31,0.231343,21,0.156716,14,0.104478,0.71,0.0,0,0.0,0,0.0
origin_airline_route_time_bucket,SJU,JAX,F9,,JAX→SJU F9,night,,2024-01-01,2024-12-31,32,31,1,0,0.03125,5,0.16129,0,0.0,22.32,12.0,69.0,27.48,18.0,74.0,16,0.516129,10,0.322581,5,0.16129,0.71,0.0,1,0.1,0,0.0
origin_airline_route_time_bucket,SJU,JFK,B6,,JFK→SJU B6,afternoon,,2024-01-01,2024-12-31,457,453,4,0,0.008753,62,0.136865,13,0.028698,18.45,-1.0,72.8,27.22,5.0,77.0,159,0.350993,102,0.225166,64,0.14128,0.97,0.0,5,0.046729,0,0.0
origin_airline_route_time_bucket,SJU,JFK,B6,,JFK→SJU B6,early_morning,,2024-01-01,2024-12-31,426,422,4,0,0.00939,26,0.061611,5,0.011848,3.06,-8.0,35.6,10.02,0.0,22.0,57,0.135071,33,0.078199,21,0.049763,-2.77,0.0,0,0.0,0,0.0
origin_airline_route_time_bucket,SJU,JFK,B6,,JFK→SJU B6,evening,,2024-01-01,2024-12-31,337,334,3,0,0.008902,65,0.194611,17,0.050898,28.99,6.0,122.7,38.6,9.0,121.0,143,0.428144,103,0.308383,68,0.203593,1.15,0.0,7,0.066667,1,0.014085
origin_airline_route_time_bucket,SJU,JFK,B6,,JFK→SJU B6,late_morning,,2024-01-01,2024-12-31,325,322,3,1,0.009231,27,0.083851,6,0.018634,9.92,-3.0,51.0,20.68,1.0,61.0,99,0.307453,59,0.18323,33,0.102484,1.96,0.0,5,0.083333,1,0.030303
origin_airline_route_time_bucket,SJU,JFK,B6,,JFK→SJU B6,night,,2024-01-01,2024-12-31,666,651,15,0,0.022523,116,0.178187,23,0.03533,25.25,7.0,99.0,35.33,11.0,109.0,286,0.439324,217,0.333333,115,0.176651,2.41,0.0,13,0.059361,0,0.0
origin_airline_route_time_bucket,SJU,JFK,DL,,JFK→SJU DL,afternoon,,2024-01-01,2024-12-31,348,348,0,0,0.0,16,0.045977,2,0.005747,-3.92,-13.5,22.3,9.03,0.0,15.3,35,0.100575,26,0.074713,14,0.04023,-0.32,0.0,2,0.074074,0,0.0
origin_airline_route_time_bucket,SJU,JFK,DL,,JFK→SJU DL,early_morning,,2024-01-01,2024-12-31,366,366,0,0,0.0,11,0.030055,3,0.008197,-7.49,-15.0,19.0,7.04,0.0,18.0,40,0.10929,20,0.054645,11,0.030055,-0.58,0.0,0,0.0,0,0.0
origin_airline_route_time_bucket,SJU,JFK,DL,,JFK→SJU DL,evening,,2024-01-01,2024-12-31,344,344,0,0,0.0,37,0.107558,4,0.011628,13.73,0.0,61.7,21.1,1.5,55.5,110,0.319767,71,0.206395,32,0.093023,-1.44,0.0,7,0.093333,0,0.0
origin_airline_route_time_bucket,SJU,JFK,DL,,JFK→SJU DL,late_morning,,2024-01-01,2024-12-31,18,18,0,0,0.0,1,0.055556,1,0.055556,8.94,-11.0,44.9,16.67,0.0,13.1,2,0.111111,1,0.055556,1,0.055556,-3.22,0.0,0,0.0,0,0.0
origin_airline_route_time_bucket,SJU,JFK,DL,,JFK→SJU DL,night,,2024-01-01,2024-12-31,24,24,0,0,0.0,1,0.041667,0,0.0,-1.04,-7.0,18.4,8.21,0.0,27.2,5,0.208333,2,0.083333,0,0.0,-0.88,0.0,1,0.5,0,0.0
origin_airline_route_time_bucket,SJU,JFK,F9,,JFK→SJU F9,afternoon,,2024-01-01,2024-12-31,14,14,0,0,0.0,3,0.214286,1,0.071429,17.07,-14.0,66.9,33.21,0.0,80.4,3,0.214286,3,0.214286,2,0.142857,1.86,0.0,0,0.0,0,0.0
origin_airline_route_time_bucket,SJU,JFK,F9,,JFK→SJU F9,early_morning,,2024-01-01,2024-12-31,208,206,2,0,0.009615,16,0.07767,4,0.019417,6.17,-9.5,45.0,18.1,0.0,38.0,37,0.179612,25,0.121359,13,0.063107,-1.09,0.0,2,0.074074,0,0.0
origin_airline_route_time_bucket,SJU,JFK,F9,,JFK→SJU F9,late_morning,,2024-01-01,2024-12-31,192,187,5,2,0.026042,14,0.074866,3,0.016043,19.84,-6.0,48.0,27.31,0.0,37.2,44,0.235294,23,0.122995,12,0.064171,-3.3,0.0,1,0.041667,1,0.083333
origin_airline_route_time_bucket,SJU,MCO,B6,,MCO→SJU B6,afternoon,,2024-01-01,2024-12-31,406,402,4,2,0.009852,31,0.077114,7,0.017413,11.82,-3.0,45.0,21.99,4.0,52.2,132,0.328358,73,0.181592,35,0.087065,3.59,1.0,3,0.039474,0,0.0
origin_airline_route_time_bucket,SJU,MCO,B6,,MCO→SJU B6,early_morning,,2024-01-01,2024-12-31,545,539,6,1,0.011009,11,0.020408,3,0.005566,-6.75,-11.0,7.0,4.79,0.0,7.0,35,0.064935,19,0.03525,12,0.022263,0.03,0.0,1,0.05,0,0.0
origin_airline_route_time_bucket,SJU,MCO,B6,,MCO→SJU B6,evening,,2024-01-01,2024-12-31,416,409,7,0,0.016827,65,0.158924,14,0.03423,23.79,2.0,91.2,33.51,8.0,97.2,171,0.418093,126,0.308068,70,0.171149,3.99,2.0,2,0.015873,0,0.0
origin_airline_route_time_bucket,SJU,MCO,B6,,MCO→SJU B6,late_morning,,2024-01-01,2024-12-31,253,251,2,2,0.007905,24,0.095618,4,0.015936,9.2,-5.0,45.6,17.43,0.0,51.4,50,0.199203,29,0.115538,23,0.091633,1.04,0.0,1,0.033333,0,0.0
origin_airline_route_time_bucket,SJU,MCO,B6,,MCO→SJU B6,night,,2024-01-01,2024-12-31,321,319,2,0,0.006231,43,0.134796,6,0.018809,17.93,-1.0,89.2,29.64,4.0,96.0,126,0.394984,96,0.30094,54,0.169279,4.45,0.0,3,0.030928,0,0.0
origin_airline_route_time_bucket,SJU,MCO,F9,,MCO→SJU F9,afternoon,,2024-01-01,2024-12-31,219,216,3,1,0.013699,17,0.078704,5,0.023148,15.04,3.0,50.2,21.36,4.0,55.8,73,0.337963,42,0.194444,19,0.087963,1.36,0.0,1,0.023256,0,0.0
origin_airline_route_time_bucket,SJU,MCO,F9,,MCO→SJU F9,early_morning,,2024-01-01,2024-12-31,342,337,5,1,0.01462,16,0.047478,3,0.008902,-1.82,-10.0,18.0,9.28,0.0,23.0,48,0.142433,25,0.074184,15,0.04451,0.72,0.0,1,0.04,0,0.0
origin_airline_route_time_bucket,SJU,MCO,F9,,MCO→SJU F9,evening,,2024-01-01,2024-12-31,127,124,3,0,0.023622,20,0.16129,4,0.032258,19.36,2.0,76.1,26.19,7.0,88.7,39,0.314516,32,0.258065,21,0.169355,2.2,0.0,0,0.0,0,0.0
origin_airline_route_time_bucket,SJU,MCO,F9,,MCO→SJU F9,late_morning,,2024-01-01,2024-12-31,140,140,0,1,0.0,16,0.114286,1,0.007143,17.01,4.0,65.4,21.15,0.0,54.0,40,0.285714,28,0.2,14,0.1,-1.26,0.0,0,0.0,0,0.0
origin_airline_route_time_bucket,SJU,MCO,F9,,MCO→SJU F9,night,,2024-01-01,2024-12-31,475,464,11,0,0.023158,36,0.077586,6,0.012931,11.73,-5.0,54.0,23.48,2.0,61.7,154,0.331897,106,0.228448,48,0.103448,3.46,0.0,3,0.027778,0,0.0
origin_airline_route_time_bucket,SJU,MCO,NK,,MCO→SJU NK,afternoon,,2024-01-01,2024-12-31,59,58,1,0,0.016949,5,0.086207,3,0.051724,15.34,-1.5,51.5,24.4,1.0,55.9,19,0.327586,12,0.206897,4,0.068966,2.78,0.0,0,0.0,0,0.0
origin_airline_route_time_bucket,SJU,MCO,NK,,MCO→SJU NK,early_morning,,2024-01-01,2024-12-31,174,171,3,0,0.017241,1,0.005848,1,0.005848,-10.02,-13.0,1.0,3.25,0.0,8.0,7,0.040936,3,0.017544,1,0.005848,0.82,0.0,0,0.0,0,0.0
origin_airline_route_time_bucket,SJU,MCO,NK,,MCO→SJU NK,evening,,2024-01-01,2024-12-31,157,155,2,1,0.012739,14,0.090323,2,0.012903,12.67,-2.0,51.2,21.79,3.0,54.8,50,0.322581,26,0.167742,14,0.090323,3.1,0.0,0,0.0,0,0.0
origin_airline_route_time_bucket,SJU,MCO,NK,,MCO→SJU NK,late_morning,,2024-01-01,2024-12-31,117,117,0,0,0.0,20,0.17094,5,0.042735,25.4,2.0,89.4,31.33,6.0,86.6,42,0.358974,26,0.222222,18,0.153846,1.75,0.0,0,0.0,0,0.0
origin_airline_route_time_bucket,SJU,MCO,NK,,MCO→SJU NK,night,,2024-01-01,2024-12-31,578,570,8,0,0.013841,59,0.103509,7,0.012281,10.89,-5.5,63.2,23.38,2.0,73.2,191,0.335088,131,0.229825,77,0.135088,4.52,0.0,5,0.037037,0,0.0
origin_airline_route_time_bucket,SJU,MCO,NK,,MCO→SJU NK,red_eye,,2024-01-01,2024-12-31,1,1,0,0,0.0,0,0.0,0,0.0,-1.0,-1.0,-1.0,0.0,0.0,0.0,0,0.0,0,0.0,0,0.0,0.0,0.0,0,,0,
origin_airline_route_time_bucket,SJU,MCO,WN,,MCO→SJU WN,afternoon,,2024-01-01,2024-12-31,407,404,3,0,0.007371,28,0.069307,4,0.009901,8.54,-1.5,36.0,16.3,5.0,43.7,101,0.25,60,0.148515,29,0.071782,2.61,1.0,2,0.032787,0,0.0
origin_airline_route_time_bucket,SJU,MCO,WN,,MCO→SJU WN,early_morning,,2024-01-01,2024-12-31,473,470,3,1,0.006342,4,0.008511,0,0.0,-5.26,-8.0,8.0,4.28,0.0,13.0,41,0.087234,11,0.023404,3,0.006383,1.27,0.0,0,0.0,0,0.0
origin_airline_route_time_bucket,SJU,MCO,WN,,MCO→SJU WN,evening,,2024-01-01,2024-12-31,453,451,2,0,0.004415,43,0.095344,5,0.011086,13.04,-1.0,58.0,24.81,11.0,70.0,177,0.392461,108,0.239468,53,0.117517,6.22,6.0,2,0.017699,0,0.0
origin_airline_route_time_bucket,SJU,MCO,WN,,MCO→SJU WN,late_morning,,2024-01-01,2024-12-31,312,310,2,0,0.00641,7,0.022581,0,0.0,0.62,-4.0,23.1,8.46,1.0,27.0,49,0.158065,25,0.080645,6,0.019355,1.85,0.0,0,0.0,0,0.0
origin_airline_route_time_bucket,SJU,MCO,WN,,MCO→SJU WN,night,,2024-01-01,2024-12-31,333,331,2,1,0.006006,35,0.10574,5,0.015106,19.03,8.0,64.4,28.86,15.0,75.0,162,0.489426,103,0.311178,44,0.132931,6.01,6.0,7,0.064815,0,0.0
origin_airline_route_time_bucket,SJU,MDW,F9,,MDW→SJU F9,early_morning,,2024-01-01,2024-12-31,23,22,1,0,0.043478,0,0.0,0,0.0,-1.32,-9.0,34.8,11.05,0.0,41.4,6,0.272727,3,0.136364,1,0.045455,-0.95,0.0,0,0.0,0,0.0
origin_airline_route_time_bucket,SJU,MDW,F9,,MDW→SJU F9,evening,,2024-01-01,2024-12-31,9,9,0,0,0.0,1,0.111111,0,0.0,8.22,-8.0,56.2,12.78,0.0,37.0,2,0.222222,1,0.111111,1,0.111111,-6.11,0.0,0,0.0,0,0.0
origin_airline_route_time_bucket,SJU,MDW,F9,,MDW→SJU F9,late_morning,,2024-01-01,2024-12-31,18,16,2,0,0.111111,2,0.125,0,0.0,9.31,1.5,47.0,10.19,0.0,35.0,3,0.1875,2,0.125,1,0.0625,-4.5,0.0,0,0.0,0,0.0
origin_airline_route_time_bucket,SJU,MDW,WN,,MDW→SJU WN,early_morning,,2024-01-01,2024-12-31,61,61,0,1,0.0,2,0.032787,0,0.0,8.25,4.0,38.3,15.5,5.0,39.0,17,0.278689,9,0.147541,3,0.04918,2.1,0.0,1,0.111111,0,0.0
origin_airline_route_time_bucket,SJU,MIA,AA,,MIA→SJU AA,afternoon,,2024-01-01,2024-12-31,664,663,1,1,0.001506,85,0.128205,20,0.030166,19.96,-1.0,72.8,27.93,1.0,78.0,209,0.315234,151,0.227753,89,0.134238,0.87,0.0,1,0.006494,0,0.0
origin_airline_route_time_bucket,SJU,MIA,AA,,MIA→SJU AA,early_morning,,2024-01-01,2024-12-31,357,357,0,0,0.0,12,0.033613,2,0.005602,-5.05,-13.0,14.0,7.08,0.0,14.0,34,0.095238,23,0.064426,10,0.028011,0.03,0.0,1,0.041667,0,0.0
origin_airline_route_time_bucket,SJU,MIA,AA,,MIA→SJU AA,evening,,2024-01-01,2024-12-31,427,423,4,0,0.009368,61,0.144208,6,0.014184,15.87,-1.0,73.0,25.55,6.0,78.8,154,0.364066,110,0.260047,61,0.144208,2.5,0.0,6,0.054054,0,0.0
origin_airline_route_time_bucket,SJU,MIA,AA,,MIA→SJU AA,late_morning,,2024-01-01,2024-12-31,433,429,4,3,0.009238,33,0.076923,6,0.013986,5.93,-8.0,52.0,16.29,0.0,46.5,98,0.228438,69,0.160839,31,0.072261,0.18,0.0,4,0.057971,1,0.03125
origin_airline_route_time_bucket,SJU,MIA,AA,,MIA→SJU AA,night,,2024-01-01,2024-12-31,31,31,0,0,0.0,0,0.0,0,0.0,-1.0,-10.0,34.0,11.94,0.0,33.0,8,0.258065,4,0.129032,2,0.064516,2.71,0.0,0,0.0,0,0.0
origin_airline_route_time_bucket,SJU,MIA,F9,,MIA→SJU F9,afternoon,,2024-01-01,2024-12-31,32,32,0,0,0.0,3,0.09375,2,0.0625,44.88,0.0,42.5,55.16,6.5,48.9,10,0.3125,6,0.1875,3,0.09375,3.56,0.0,0,0.0,0,0.0
origin_airline_route_time_bucket,SJU,MIA,F9,,MIA→SJU F9,early_morning,,2024-01-01,2024-12-31,330,325,5,0,0.015152,15,0.046154,5,0.015385,1.32,-13.0,19.0,13.56,0.0,20.6,38,0.116923,28,0.086154,15,0.046154,0.02,0.0,1,0.035714,0,0.0
origin_airline_route_time_bucket,SJU,MIA,F9,,MIA→SJU F9,evening,,2024-01-01,2024-12-31,19,19,0,0,0.0,5,0.263158,1,0.052632,39.21,21.0,107.0,42.47,4.0,116.8,9,0.473684,8,0.421053,5,0.263158,-1.0,0.0,0,0.0,0,0.0
origin_airline_route_time_bucket,SJU,MIA,F9,,MIA→SJU F9,late_morning,,2024-01-01,2024-12-31,101,100,1,0,0.009901,12,0.12,1,0.01,8.43,-10.0,70.1,17.44,0.0,45.8,16,0.16,11,0.11,10,0.1,-2.12,0.0,0,0.0,0,0.0
origin_airline_route_time_bucket,SJU,MIA,F9,,MIA→SJU F9,night,,2024-01-01,2024-12-31,81,79,2,1,0.024691,7,0.088608,1,0.012658,6.31,-11.0,46.3,19.44,0.0,63.9,20,0.253165,11,0.139241,9,0.113924,2.29,0.0,0,0.0,0,0.0
origin_airline_route_time_bucket,SJU,MIA,F9,,MIA→SJU F9,red_eye,,2024-01-01,2024-12-31,66,62,4,1,0.060606,16,0.258065,2,0.032258,34.3,9.0,108.0,39.48,22.0,108.0,31,0.5,22,0.354839,17,0.274194,1.3,0.0,1,0.043478,0,0.0
origin_airline_route_time_bucket,SJU,MIA,MQ,,MIA→SJU MQ,late_morning,,2024-01-01,2024-12-31,16,16,0,0,0.0,1,0.0625,0,0.0,12.19,0.0,16.0,10.31,0.0,0.0,1,0.0625,1,0.0625,1,0.0625,-3.62,-0.5,0,0.0,0,0.0
origin_airline_route_time_bucket,SJU,MIA,NK,,MIA→SJU NK,afternoon,,2024-01-01,2024-12-31,40,40,0,0,0.0,4,0.1,0,0.0,10.2,-7.5,63.1,16.98,0.0,49.5,12,0.3,9,0.225,4,0.1,-1.4,0.0,0,0.0,0,0.0
origin_airline_route_time_bucket,SJU,MIA,NK,,MIA→SJU NK,early_morning,,2024-01-01,2024-12-31,15,15,0,0,0.0,0,0.0,0,0.0,-4.8,-12.0,24.2,6.73,0.0,29.8,3,0.2,2,0.133333,0,0.0,1.33,0.0,0,0.0,0,
origin_airline_route_time_bucket,SJU,MIA,NK,,MIA→SJU NK,evening,,2024-01-01,2024-12-31,285,279,6,0,0.021053,24,0.086022,8,0.028674,9.63,-9.0,50.4,21.3,0.0,59.2,70,0.250896,47,0.168459,27,0.096774,2.2,0.0,0,0.0,0,0.0
origin_airline_route_time_bucket,SJU,MIA,NK,,MIA→SJU NK,late_morning,,2024-01-01,2024-12-31,66,65,1,0,0.015152,4,0.061538,0,0.0,4.88,-4.0,42.8,6.31,0.0,23.2,10,0.153846,5,0.076923,1,0.015385,-5.55,0.0,0,0.0,0,0.0
origin_airline_route_time_bucket,SJU,MSP,DL,,MSP→SJU DL,early_morning,,2024-01-01,2024-12-31,114,113,1,1,0.008772,2,0.017699,0,0.0,-14.61,-18.0,13.0,5.27,0.0,12.9,8,0.070796,3,0.026549,2,0.017699,0.27,0.0,0,0.0,0,0.0
origin_airline_route_time_bucket,SJU,MSP,DL,,MSP→SJU DL,late_morning,,2024-01-01,2024-12-31,15,15,0,0,0.0,1,0.066667,0,0.0,-5.6,-7.0,20.8,9.53,0.0,30.4,3,0.2,2,0.133333,1,0.066667,0.4,0.0,0,0.0,0,0.0
origin_airline_route_time_bucket,SJU,MSY,NK,,MSY→SJU NK,afternoon,,2024-01-01,2024-12-31,27,26,1,0,0.037037,3,0.115385,1,0.038462,16.65,-4.5,76.5,28.73,2.0,84.5,10,0.384615,9,0.346154,3,0.115385,3.42,0.5,3,0.333333,0,0.0
origin_airline_route_time_bucket,SJU,MSY,NK,,MSY→SJU NK,early_morning,,2024-01-01,2024-12-31,53,52,1,0,0.018868,1,0.019231,0,0.0,-10.98,-13.5,13.7,5.23,0.0,17.7,6,0.115385,2,0.038462,1,0.019231,0.27,0.0,1,0.333333,0,0.0
origin_airline_route_time_bucket,SJU,MSY,NK,,MSY→SJU NK,late_morning,,2024-01-01,2024-12-31,20,20,0,0,0.0,1,0.05,1,0.05,1.75,-8.0,3.7,10.65,0.0,4.3,1,0.05,1,0.05,1,0.05,-0.65,0.0,0,0.0,0,0.0
origin_airline_route_time_bucket,SJU,ORD,AA,,ORD→SJU AA,early_morning,,2024-01-01,2024-12-31,243,243,0,4,0.0,11,0.045267,2,0.00823,2.21,-7.0,32.2,9.1,0.0,20.0,33,0.135802,17,0.069959,10,0.041152,-2.74,0.0,1,0.058824,0,0.0
origin_airline_route_time_bucket,SJU,ORD,NK,,ORD→SJU NK,afternoon,,2024-01-01,2024-12-31,62,62,0,0,0.0,4,0.064516,2,0.032258,6.45,-5.5,13.9,16.74,0.0,27.9,10,0.16129,5,0.080645,4,0.064516,1.73,0.0,0,0.0,0,0.0
origin_airline_route_time_bucket,SJU,ORD,NK,,ORD→SJU NK,early_morning,,2024-01-01,2024-12-31,142,142,0,0,0.0,13,0.091549,2,0.014085,7.44,-5.5,43.0,18.68,0.0,50.2,32,0.225352,21,0.147887,12,0.084507,0.04,0.0,2,0.095238,0,0.0
origin_airline_route_time_bucket,SJU,ORD,NK,,ORD→SJU NK,evening,,2024-01-01,2024-12-31,16,16,0,0,0.0,2,0.125,0,0.0,3.5,-5.5,47.5,15.69,0.0,62.5,3,0.1875,2,0.125,2,0.125,3.19,0.0,0,0.0,0,0.0
origin_airline_route_time_bucket,SJU,ORD,NK,,ORD→SJU NK,late_morning,,2024-01-01,2024-12-31,231,227,4,0,0.017316,23,0.101322,8,0.035242,13.81,-6.0,62.8,27.0,4.0,78.0,72,0.317181,48,0.211454,29,0.127753,3.42,0.0,3,0.0625,0,0.0
origin_airline_route_time_bucket,SJU,ORD,NK,,ORD→SJU NK,night,,2024-01-01,2024-12-31,5,3,2,0,0.4,1,0.333333,0,0.0,16.0,-7.0,49.0,37.0,20.0,72.0,2,0.666667,1,0.333333,1,0.333333,16.0,20.0,0,0.0,0,0.0
origin_airline_route_time_bucket,SJU,ORD,UA,,ORD→SJU UA,afternoon,,2024-01-01,2024-12-31,82,81,1,0,0.012195,3,0.037037,1,0.012346,5.25,-3.0,18.0,10.84,0.0,22.0,10,0.123457,6,0.074074,4,0.049383,-0.12,0.0,0,0.0,0,0.0
origin_airline_route_time_bucket,SJU,ORD,UA,,ORD→SJU UA,early_morning,,2024-01-01,2024-12-31,275,274,1,1,0.003636,10,0.036496,3,0.010949,2.11,-4.0,27.0,9.04,0.0,19.8,33,0.120438,20,0.072993,8,0.029197,-1.88,0.0,2,0.1,0,0.0
origin_airline_route_time_bucket,SJU,ORD,UA,,ORD→SJU UA,evening,,2024-01-01,2024-12-31,53,53,0,0,0.0,5,0.09434,0,0.0,5.81,-2.0,48.6,18.87,8.0,51.4,21,0.396226,10,0.188679,3,0.056604,3.42,1.0,1,0.090909,0,0.0
origin_airline_route_time_bucket,SJU,ORD,UA,,ORD→SJU UA,late_morning,,2024-01-01,2024-12-31,95,95,0,0,0.0,2,0.021053,1,0.010526,6.22,0.0,22.6,6.79,0.0,12.2,8,0.084211,5,0.052632,2,0.021053,-3.88,0.0,0,0.0,0,0.0
origin_airline_route_time_bucket,SJU,ORF,F9,,ORF→SJU F9,late_morning,,2024-01-01,2024-12-31,1,1,0,0,0.0,0,0.0,0,0.0,-2.0,-2.0,-2.0,0.0,0.0,0.0,0,0.0,0,0.0,0,0.0,0.0,0.0,0,,0,
origin_airline_route_time_bucket,SJU,ORF,F9,,ORF→SJU F9,night,,2024-01-01,2024-12-31,26,25,1,0,0.038462,5,0.2,1,0.04,53.96,-3.0,78.2,59.96,4.0,87.8,8,0.32,7,0.28,4,0.16,-4.0,0.0,0,0.0,0,0.0
origin_airline_route_time_bucket,SJU,PBI,F9,,PBI→SJU F9,afternoon,,2024-01-01,2024-12-31,1,1,0,0,0.0,0,0.0,0,0.0,42.0,42.0,42.0,38.0,38.0,38.0,1,1.0,1,1.0,0,0.0,-4.0,-4.0,0,0.0,0,
origin_airline_route_time_bucket,SJU,PBI,F9,,PBI→SJU F9,late_morning,,2024-01-01,2024-12-31,2,1,1,0,0.5,0,0.0,0,0.0,10.0,10.0,10.0,4.0,4.0,4.0,0,0.0,0,0.0,0,0.0,-6.0,-6.0,0,,0,
origin_airline_route_time_bucket,SJU,PBI,F9,,PBI→SJU F9,night,,2024-01-01,2024-12-31,1,1,0,0,0.0,0,0.0,0,0.0,-26.0,-26.0,-26.0,0.0,0.0,0.0,0,0.0,0,0.0,0,0.0,0.0,0.0,0,,0,
origin_airline_route_time_bucket,SJU,PHL,AA,,PHL→SJU AA,early_morning,,2024-01-01,2024-12-31,116,116,0,2,0.0,7,0.060345,1,0.008621,0.54,-7.5,26.4,6.84,0.0,9.0,9,0.077586,5,0.043103,4,0.034483,-4.8,0.0,0,0.0,0,0.0
origin_airline_route_time_bucket,SJU,PHL,AA,,PHL→SJU AA,evening,,2024-01-01,2024-12-31,96,96,0,0,0.0,17,0.177083,6,0.0625,44.29,12.5,93.5,53.66,18.0,119.0,52,0.541667,36,0.375,20,0.208333,3.62,2.5,3,0.083333,0,0.0
origin_airline_route_time_bucket,SJU,PHL,AA,,PHL→SJU AA,late_morning,,2024-01-01,2024-12-31,158,157,1,0,0.006329,20,0.127389,4,0.025478,18.29,5.0,80.8,17.81,0.0,61.0,36,0.229299,28,0.178344,17,0.10828,-6.46,0.0,0,0.0,0,0.0
origin_airline_route_time_bucket,SJU,PHL,F9,,PHL→SJU F9,afternoon,,2024-01-01,2024-12-31,82,80,2,0,0.02439,16,0.2,1,0.0125,33.35,19.5,90.9,27.73,7.5,75.3,32,0.4,19,0.2375,13,0.1625,-8.32,-3.5,0,0.0,0,0.0
origin_airline_route_time_bucket,SJU,PHL,F9,,PHL→SJU F9,early_morning,,2024-01-01,2024-12-31,292,291,1,0,0.003425,23,0.079038,3,0.010309,14.15,4.0,53.0,13.39,0.0,30.0,49,0.168385,29,0.099656,18,0.061856,-8.71,0.0,2,0.066667,0,0.0
origin_airline_route_time_bucket,SJU,PHL,F9,,PHL→SJU F9,evening,,2024-01-01,2024-12-31,90,85,5,1,0.055556,15,0.176471,1,0.011765,32.44,9.5,107.8,32.29,7.5,88.4,35,0.411765,25,0.294118,14,0.164706,-4.17,0.0,2,0.08,0,0.0
origin_airline_route_time_bucket,SJU,PHL,F9,,PHL→SJU F9,late_morning,,2024-01-01,2024-12-31,53,50,3,1,0.056604,11,0.22,2,0.04,41.94,31.0,92.6,34.8,16.0,86.8,26,0.52,18,0.36,8,0.16,-10.02,-7.0,0,0.0,0,0.0
origin_airline_route_time_bucket,SJU,PHL,F9,,PHL→SJU F9,night,,2024-01-01,2024-12-31,248,244,4,1,0.016129,27,0.110656,5,0.020492,22.12,4.0,65.8,31.01,0.0,77.0,74,0.303279,59,0.241803,33,0.135246,-0.49,0.0,11,0.186441,3,0.088235
origin_airline_route_time_bucket,SJU,PHL,NK,,PHL→SJU NK,evening,,2024-01-01,2024-12-31,14,13,1,0,0.071429,2,0.153846,0,0.0,14.69,3.0,74.6,22.77,4.0,71.0,6,0.461538,3,0.230769,2,0.153846,-0.08,1.0,0,0.0,0,0.0
origin_airline_route_time_bucket,SJU,PHL,NK,,PHL→SJU NK,late_morning,,2024-01-01,2024-12-31,8,8,0,1,0.0,0,0.0,0,0.0,-9.0,-17.0,13.8,4.86,0.0,13.6,1,0.125,1,0.125,0,0.0,-1.14,0.0,0,0.0,0,
origin_airline_route_time_bucket,SJU,PHL,NK,,PHL→SJU NK,night,,2024-01-01,2024-12-31,286,279,7,0,0.024476,28,0.100358,2,0.007168,13.98,0.0,59.6,20.97,4.0,54.0,93,0.333333,54,0.193548,25,0.089606,-0.77,0.0,3,0.054545,1,0.04
origin_airline_route_time_bucket,SJU,PVD,B6,,PVD→SJU B6,early_morning,,2024-01-01,2024-12-31,64,64,0,1,0.0,2,0.03125,0,0.0,-1.63,-5.0,25.4,7.25,0.0,20.6,8,0.125,3,0.046875,1,0.015625,-1.7,0.0,0,0.0,0,0.0
origin_airline_route_time_bucket,SJU,RDU,B6,,RDU→SJU B6,afternoon,,2024-01-01,2024-12-31,254,250,4,0,0.015748,36,0.144,7,0.028,19.18,-3.0,83.5,31.97,4.0,99.1,87,0.348,67,0.268,42,0.168,3.36,0.0,6,0.089552,0,0.0
origin_airline_route_time_bucket,SJU,RDU,B6,,RDU→SJU B6,early_morning,,2024-01-01,2024-12-31,12,12,0,0,0.0,1,0.083333,1,0.083333,61.67,-6.5,27.7,66.58,0.0,7.2,1,0.083333,1,0.083333,1,0.083333,-4.75,0.0,0,0.0,0,0.0
origin_airline_route_time_bucket,SJU,RDU,B6,,RDU→SJU B6,evening,,2024-01-01,2024-12-31,48,48,0,0,0.0,5,0.104167,1,0.020833,27.25,-4.0,57.2,38.98,3.0,74.6,17,0.354167,13,0.270833,6,0.125,3.75,1.5,0,0.0,0,0.0
origin_airline_route_time_bucket,SJU,RDU,B6,,RDU→SJU B6,late_morning,,2024-01-01,2024-12-31,40,40,0,1,0.0,3,0.075,0,0.0,-0.64,-13.0,13.4,10.77,0.0,19.6,5,0.125,2,0.05,2,0.05,-0.03,0.0,0,0.0,0,0.0
origin_airline_route_time_bucket,SJU,RDU,F9,,RDU→SJU F9,afternoon,,2024-01-01,2024-12-31,81,78,3,0,0.037037,15,0.192308,2,0.025641,30.45,16.5,71.2,28.12,7.5,64.3,33,0.423077,21,0.269231,10,0.128205,-5.56,-1.0,0,0.0,0,0.0
origin_airline_route_time_bucket,SJU,RDU,F9,,RDU→SJU F9,early_morning,,2024-01-01,2024-12-31,8,8,0,0,0.0,0,0.0,0,0.0,-3.62,-0.5,10.8,5.0,0.0,14.5,1,0.125,0,0.0,0,0.0,0.88,0.0,0,,0,
origin_airline_route_time_bucket,SJU,RDU,F9,,RDU→SJU F9,evening,,2024-01-01,2024-12-31,28,28,0,0,0.0,1,0.035714,0,0.0,-3.43,-14.5,39.7,9.29,0.0,37.6,4,0.142857,4,0.142857,1,0.035714,-0.68,0.0,0,0.0,0,0.0
origin_airline_route_time_bucket,SJU,RDU,F9,,RDU→SJU F9,late_morning,,2024-01-01,2024-12-31,30,29,1,1,0.033333,7,0.241379,2,0.068966,28.75,11.0,66.9,25.93,3.5,67.4,8,0.275862,5,0.172414,4,0.137931,-8.07,-2.5,0,0.0,0,0.0
origin_airline_route_time_bucket,SJU,RDU,F9,,RDU→SJU F9,night,,2024-01-01,2024-12-31,74,74,0,0,0.0,16,0.216216,1,0.013514,27.38,5.0,119.0,36.62,16.0,113.8,37,0.5,27,0.364865,18,0.243243,3.01,0.5,3,0.107143,0,0.0
origin_airline_route_time_bucket,SJU,RSW,F9,,RSW→SJU F9,evening,,2024-01-01,2024-12-31,5,5,0,0,0.0,2,0.4,1,0.2,62.4,16.0,159.4,41.6,4.0,121.2,1,0.2,1,0.2,1,0.2,-22.0,0.0,0,0.0,0,0.0
origin_airline_route_time_bucket,SJU,RSW,F9,,RSW→SJU F9,late_morning,,2024-01-01,2024-12-31,1,1,0,0,0.0,0,0.0,0,0.0,-11.0,-11.0,-11.0,0.0,0.0,0.0,0,0.0,0,0.0,0,0.0,0.0,0.0,0,,0,
origin_airline_route_time_bucket,SJU,RSW,F9,,RSW→SJU F9,night,,2024-01-01,2024-12-31,1,1,0,0,0.0,0,0.0,0,0.0,21.0,21.0,21.0,23.0,23.0,23.0,1,1.0,0,0.0,0,0.0,2.0,2.0,0,,0,
origin_airline_route_time_bucket,SJU,RSW,NK,,RSW→SJU NK,afternoon,,2024-01-01,2024-12-31,13,13,0,0,0.0,0,0.0,0,0.0,-5.23,-18.0,28.6,10.0,0.0,35.8,3,0.230769,3,0.230769,0,0.0,1.77,0.0,1,0.333333,0,
origin_airline_route_time_bucket,SJU,RSW,NK,,RSW→SJU NK,early_morning,,2024-01-01,2024-12-31,9,8,1,0,0.111111,0,0.0,0,0.0,-21.62,-20.0,-16.4,0.0,0.0,0.0,0,0.0,0,0.0,0,0.0,0.0,0.0,0,,0,
origin_airline_route_time_bucket,SJU,RSW,NK,,RSW→SJU NK,evening,,2024-01-01,2024-12-31,30,27,3,0,0.1,2,0.074074,0,0.0,7.74,-7.0,53.2,20.33,1.0,60.8,9,0.333333,7,0.259259,3,0.111111,2.67,0.0,0,0.0,0,0.0
origin_airline_route_time_bucket,SJU,RSW,NK,,RSW→SJU NK,late_morning,,2024-01-01,2024-12-31,51,51,0,0,0.0,5,0.098039,1,0.019608,7.96,-10.0,46.0,18.98,0.0,36.0,9,0.176471,6,0.117647,5,0.098039,0.73,0.0,0,0.0,0,0.0
origin_airline_route_time_bucket,SJU,RSW,NK,,RSW→SJU NK,night,,2024-01-01,2024-12-31,6,6,0,0,0.0,0,0.0,0,0.0,-15.0,-15.0,-11.0,0.0,0.0,0.0,0,0.0,0,0.0,0,0.0,0.0,0.0,0,,0,
origin_airline_route_time_bucket,SJU,STL,WN,,STL→SJU WN,early_morning,,2024-01-01,2024-12-31,14,14,0,0,0.0,3,0.214286,0,0.0,18.86,12.0,63.4,20.71,9.5,60.7,6,0.428571,4,0.285714,2,0.142857,-2.0,1.0,0,0.0,0,0.0
origin_airline_route_time_bucket,SJU,STL,WN,,STL→SJU WN,late_morning,,2024-01-01,2024-12-31,25,25,0,0,0.0,0,0.0,0,0.0,2.56,-5.0,20.0,5.32,1.0,15.6,3,0.12,0,0.0,0,0.0,-3.32,0.0,0,0.0,0,
origin_airline_route_time_bucket,SJU,STT,B6,,STT→SJU B6,afternoon,,2024-01-01,2024-12-31,365,359,6,2,0.016438,35,0.097493,8,0.022284,15.8,-7.0,59.4,24.94,0.0,62.0,82,0.228412,57,0.158774,38,0.10585,-0.69,0.0,1,0.016949,0,0.0
origin_airline_route_time_bucket,SJU,STT,B6,,STT→SJU B6,evening,,2024-01-01,2024-12-31,278,272,6,0,0.021583,26,0.095588,2,0.007353,7.0,-7.0,45.5,18.56,0.0,49.9,76,0.279412,50,0.183824,25,0.091912,1.24,0.0,1,0.019608,0,0.0
origin_airline_route_time_bucket,SJU,STT,B6,,STT→SJU B6,late_morning,,2024-01-01,2024-12-31,40,39,1,0,0.025,5,0.128205,2,0.051282,19.33,-4.0,126.4,27.92,0.0,112.2,12,0.307692,9,0.230769,5,0.128205,1.08,0.0,0,0.0,0,0.0
origin_airline_route_time_bucket,SJU,STT,F9,,STT→SJU F9,afternoon,,2024-01-01,2024-12-31,35,34,1,0,0.028571,3,0.088235,0,0.0,12.29,3.5,43.7,8.91,0.0,34.1,5,0.147059,4,0.117647,3,0.088235,-6.79,-3.5,0,0.0,0,0.0
origin_airline_route_time_bucket,SJU,STT,F9,,STT→SJU F9,evening,,2024-01-01,2024-12-31,35,34,1,0,0.028571,6,0.176471,1,0.029412,33.71,20.0,107.9,22.21,5.5,68.2,11,0.323529,8,0.235294,4,0.117647,-13.06,-5.5,0,0.0,0,0.0
origin_airline_route_time_bucket,SJU,STT,UA,,STT→SJU UA,afternoon,,2024-01-01,2024-12-31,2,2,0,0,0.0,1,0.5,0,0.0,50.0,50.0,80.4,39.5,39.5,71.1,1,0.5,1,0.5,1,0.5,-10.5,-10.5,0,0.0,0,0.0
origin_airline_route_time_bucket,SJU,STX,B6,,STX→SJU B6,evening,,2024-01-01,2024-12-31,20,20,0,0,0.0,2,0.1,0,0.0,13.55,1.5,30.8,15.4,0.0,34.2,4,0.2,2,0.1,2,0.1,-2.45,0.0,0,0.0,0,0.0
origin_airline_route_time_bucket,SJU,STX,F9,,STX→SJU F9,afternoon,,2024-01-01,2024-12-31,12,12,0,0,0.0,0,0.0,0,0.0,6.42,-1.5,29.0,4.92,0.0,22.5,2,0.166667,1,0.083333,0,0.0,-4.67,0.0,0,0.0,0,
origin_airline_route_time_bucket,SJU,STX,F9,,STX→SJU F9,late_morning,,2024-01-01,2024-12-31,1,1,0,0,0.0,0,0.0,0,0.0,35.0,35.0,35.0,6.0,6.0,6.0,0,0.0,0,0.0,0,0.0,-29.0,-29.0,0,,0,
origin_airline_route_time_bucket,SJU,TPA,B6,,TPA→SJU B6,afternoon,,2024-01-01,2024-12-31,119,118,1,0,0.008403,17,0.144068,4,0.033898,24.12,0.5,87.6,30.38,1.0,82.5,46,0.389831,29,0.245763,19,0.161017,1.67,0.0,0,0.0,0,0.0
origin_airline_route_time_bucket,SJU,TPA,B6,,TPA→SJU B6,early_morning,,2024-01-01,2024-12-31,356,346,10,1,0.02809,8,0.023121,2,0.00578,-6.78,-13.0,1.0,6.07,0.0,4.0,20,0.057803,17,0.049133,11,0.031792,0.56,0.0,0,0.0,0,0.0
origin_airline_route_time_bucket,SJU,TPA,B6,,TPA→SJU B6,evening,,2024-01-01,2024-12-31,29,29,0,0,0.0,2,0.068966,0,0.0,3.45,-2.0,22.4,10.9,0.0,32.6,4,0.137931,3,0.103448,2,0.068966,2.28,0.0,0,0.0,0,0.0
origin_airline_route_time_bucket,SJU,TPA,B6,,TPA→SJU B6,night,,2024-01-01,2024-12-31,13,13,0,0,0.0,4,0.307692,2,0.153846,55.54,30.0,174.8,65.54,34.0,182.4,8,0.615385,7,0.538462,5,0.384615,4.54,3.0,0,0.0,0,0.0
origin_airline_route_time_bucket,SJU,TPA,F9,,TPA→SJU F9,afternoon,,2024-01-01,2024-12-31,76,74,2,0,0.026316,6,0.081081,2,0.027027,7.96,-5.5,51.2,19.89,2.0,66.8,19,0.256757,14,0.189189,8,0.108108,4.23,0.0,1,0.071429,0,0.0
origin_airline_route_time_bucket,SJU,TPA,F9,,TPA→SJU F9,early_morning,,2024-01-01,2024-12-31,174,172,2,0,0.011494,2,0.011628,2,0.011628,0.93,-10.5,22.7,13.38,0.0,27.5,31,0.180233,15,0.087209,4,0.023256,1.7,0.0,0,0.0,0,0.0
origin_airline_route_time_bucket,SJU,TPA,F9,,TPA→SJU F9,evening,,2024-01-01,2024-12-31,56,56,0,0,0.0,10,0.178571,1,0.017857,15.39,-6.0,105.5,30.27,2.0,116.0,15,0.267857,13,0.232143,10,0.178571,4.64,1.5,0,0.0,0,0.0
origin_airline_route_time_bucket,SJU,TPA,F9,,TPA→SJU F9,late_morning,,2024-01-01,2024-12-31,13,11,2,0,0.153846,0,0.0,0,0.0,-2.91,-8.0,29.0,10.91,0.0,41.0,2,0.181818,2,0.181818,0,0.0,4.18,0.0,0,0.0,0,
origin_airline_route_time_bucket,SJU,TPA,F9,,TPA→SJU F9,night,,2024-01-01,2024-12-31,118,117,1,0,0.008475,11,0.094017,2,0.017094,14.91,0.0,55.2,25.71,11.0,65.0,47,0.401709,33,0.282051,13,0.111111,4.71,2.0,2,0.058824,0,0.0
origin_airline_route_time_bucket,SJU,TPA,F9,,TPA→SJU F9,red_eye,,2024-01-01,2024-12-31,45,45,0,0,0.0,4,0.088889,0,0.0,14.38,3.0,53.0,25.02,15.0,58.6,22,0.488889,15,0.333333,5,0.111111,5.84,4.0,1,0.066667,0,0.0
origin_airline_route_time_bucket,SJU,TPA,NK,,TPA→SJU NK,afternoon,,2024-01-01,2024-12-31,18,18,0,0,0.0,2,0.111111,0,0.0,9.78,-9.5,56.4,17.67,0.0,73.7,3,0.166667,3,0.166667,3,0.166667,0.83,0.0,0,0.0,0,0.0
origin_airline_route_time_bucket,SJU,TPA,NK,,TPA→SJU NK,evening,,2024-01-01,2024-12-31,14,14,0,0,0.0,2,0.142857,0,0.0,10.71,-2.5,61.7,18.5,1.0,55.6,5,0.357143,3,0.214286,1,0.071429,0.79,0.0,0,0.0,0,0.0
origin_airline_route_time_bucket,SJU,TPA,NK,,TPA→SJU NK,night,,2024-01-01,2024-12-31,46,46,0,0,0.0,3,0.065217,1,0.021739,5.67,-7.5,39.5,16.72,0.0,46.0,11,0.23913,7,0.152174,4,0.086957,1.93,0.0,0,0.0,0,0.0
origin_airline_route_time_bucket,SJU,TPA,WN,,TPA→SJU WN,afternoon,,2024-01-01,2024-12-31,248,243,5,1,0.020161,14,0.057613,4,0.016461,8.91,0.0,26.9,16.27,4.0,36.8,47,0.193416,28,0.115226,16,0.065844,2.95,1.0,1,0.034483,0,0.0
origin_airline_route_time_bucket,SJU,TPA,WN,,TPA→SJU WN,early_morning,,2024-01-01,2024-12-31,63,63,0,0,0.0,0,0.0,0,0.0,-3.62,-4.0,9.0,4.9,2.0,14.6,6,0.095238,1,0.015873,0,0.0,2.52,1.0,0,0.0,0,
origin_airline_route_time_bucket,SJU,TPA,WN,,TPA→SJU WN,evening,,2024-01-01,2024-12-31,25,25,0,0,0.0,4,0.16,0,0.0,13.64,-3.0,72.2,26.48,9.0,84.6,8,0.32,7,0.28,5,0.2,6.16,6.0,0,0.0,0,0.0
origin_airline_route_time_bucket,SJU,TPA,WN,,TPA→SJU WN,late_morning,,2024-01-01,2024-12-31,105,105,0,0,0.0,1,0.009524,0,0.0,0.83,-3.0,19.0,7.3,1.0,20.0,16,0.152381,4,0.038095,2,0.019048,1.0,0.0,0,0.0,0,0.0
origin_airline_route_time_bucket,SJU,TPA,WN,,TPA→SJU WN,night,,2024-01-01,2024-12-31,38,38,0,0,0.0,7,0.184211,1,0.026316,38.05,25.5,85.1,45.45,32.0,81.4,30,0.789474,20,0.526316,9,0.236842,6.16,6.5,0,0.0,0,0.0
flight_number_time_bucket,SJU,ATL,DL,DL1750.0,ATL→SJU,evening,,2024-01-01,2024-12-31,59,57,2,1,0.033898,8,0.140351,0,0.0,19.79,3.0,88.0,26.07,9.0,89.5,24,0.421053,16,0.280702,8,0.140351,1.2,0.0,0,0.0,0,0.0
flight_number_time_bucket,SJU,ATL,DL,DL1750.0,ATL→SJU,late_morning,,2024-01-01,2024-12-31,31,31,0,0,0.0,3,0.096774,0,0.0,13.32,0.0,48.0,12.55,0.0,22.0,4,0.129032,3,0.096774,2,0.064516,-5.42,0.0,0,0.0,0,0.0
flight_number_time_bucket,SJU,ATL,DL,DL1757.0,ATL→SJU,early_morning,,2024-01-01,2024-12-31,191,190,1,1,0.005236,4,0.021053,1,0.005263,3.0,-3.0,20.0,6.7,0.0,14.0,16,0.084211,9,0.047368,4,0.021053,-1.78,0.0,0,0.0,0,0.0
flight_number_time_bucket,SJU,ATL,DL,DL1784.0,ATL→SJU,early_morning,,2024-01-01,2024-12-31,45,45,0,0,0.0,1,0.022222,0,0.0,-3.8,-10.0,6.6,4.73,0.0,7.8,3,0.066667,2,0.044444,2,0.044444,-0.27,0.0,0,0.0,0,0.0
flight_number_time_bucket,SJU,ATL,DL,DL1791.0,ATL→SJU,afternoon,,2024-01-01,2024-12-31,99,99,0,0,0.0,4,0.040404,1,0.010101,1.52,-6.0,30.2,11.34,0.0,34.8,21,0.212121,12,0.121212,6,0.060606,1.39,0.0,0,0.0,0,0.0
flight_number_time_bucket,SJU,ATL,DL,DL1791.0,ATL→SJU,evening,,2024-01-01,2024-12-31,13,13,0,0,0.0,1,0.076923,0,0.0,3.46,-7.0,30.6,15.23,0.0,45.6,5,0.384615,2,0.153846,1,0.076923,3.69,0.0,0,0.0,0,0.0
flight_number_time_bucket,SJU,ATL,DL,DL1840.0,ATL→SJU,early_morning,,2024-01-01,2024-12-31,13,13,0,0,0.0,0,0.0,0,0.0,-6.15,-9.0,11.4,5.92,0.0,19.6,2,0.153846,1,0.076923,0,0.0,2.08,0.0,0,0.0,0,
flight_number_time_bucket,SJU,ATL,DL,DL1861.0,ATL→SJU,evening,,2024-01-01,2024-12-31,330,330,0,0,0.0,21,0.063636,1,0.00303,8.43,-1.5,44.2,13.53,0.0,51.0,75,0.227273,50,0.151515,21,0.063636,0.01,0.0,0,0.0,0,0.0
flight_number_time_bucket,SJU,ATL,DL,DL1882.0,ATL→SJU,late_morning,,2024-01-01,2024-12-31,366,365,1,1,0.002732,15,0.041096,1,0.00274,5.77,0.0,28.4,8.36,0.0,22.0,55,0.150685,25,0.068493,13,0.035616,-2.38,0.0,5,0.185185,0,0.0
flight_number_time_bucket,SJU,ATL,DL,DL1883.0,ATL→SJU,early_morning,,2024-01-01,2024-12-31,13,13,0,0,0.0,0,0.0,0,0.0,-8.31,-14.0,12.4,0.77,0.0,3.2,0,0.0,0,0.0,0,0.0,-2.38,0.0,0,,0,
flight_number_time_bucket,SJU,ATL,DL,DL1946.0,ATL→SJU,afternoon,,2024-01-01,2024-12-31,365,364,1,0,0.00274,18,0.049451,2,0.005495,4.49,-4.0,32.4,9.49,0.0,29.0,55,0.151099,36,0.098901,16,0.043956,-1.05,0.0,0,0.0,0,0.0
flight_number_time_bucket,SJU,ATL,DL,DL573.0,ATL→SJU,early_morning,,2024-01-01,2024-12-31,112,112,0,0,0.0,0,0.0,0,0.0,-4.62,-6.5,13.9,3.02,0.0,10.9,6,0.053571,2,0.017857,1,0.008929,-1.24,0.0,0,0.0,0,0.0
flight_number_time_bucket,SJU,ATL,DL,DL8771.0,ATL→SJU,afternoon,,2024-01-01,2024-12-31,1,1,0,0,0.0,0,0.0,0,0.0,-7.0,-7.0,-7.0,0.0,0.0,0.0,0,0.0,0,0.0,0,0.0,0.0,0.0,0,,0,
flight_number_time_bucket,SJU,ATL,DL,DL8787.0,ATL→SJU,evening,,2024-01-01,2024-12-31,1,1,0,0,0.0,0,0.0,0,0.0,-1.0,-1.0,-1.0,0.0,0.0,0.0,0,0.0,0,0.0,0,0.0,0.0,0.0,0,,0,
flight_number_time_bucket,SJU,ATL,F9,F92082.0,ATL→SJU,afternoon,,2024-01-01,2024-12-31,35,34,1,1,0.028571,6,0.176471,2,0.058824,48.61,-2.0,115.8,58.88,19.0,111.2,17,0.5,10,0.294118,6,0.176471,4.55,3.0,0,0.0,0,0.0
flight_number_time_bucket,SJU,ATL,F9,F92082.0,ATL→SJU,early_morning,,2024-01-01,2024-12-31,15,15,0,0,0.0,0,0.0,0,0.0,-5.87,-7.0,11.2,3.13,0.0,8.8,1,0.066667,0,0.0,0,0.0,0.4,0.0,0,,0,
flight_number_time_bucket,SJU,ATL,F9,F92082.0,ATL→SJU,evening,,2024-01-01,2024-12-31,72,70,2,0,0.027778,13,0.185714,0,0.0,26.86,12.5,88.1,32.16,17.5,90.5,38,0.542857,25,0.357143,16,0.228571,1.74,0.0,0,0.0,0,0.0
flight_number_time_bucket,SJU,ATL,F9,F92082.0,ATL→SJU,late_morning,,2024-01-01,2024-12-31,14,14,0,0,0.0,0,0.0,0,0.0,5.71,5.0,35.4,12.71,4.0,40.6,4,0.285714,2,0.142857,0,0.0,1.64,0.0,0,0.0,0,
flight_number_time_bucket,SJU,ATL,F9,F92082.0,ATL→SJU,night,,2024-01-01,2024-12-31,6,6,0,0,0.0,2,0.333333,0,0.0,44.33,32.5,109.5,56.5,46.5,123.0,4,0.666667,4,0.666667,2,0.333333,9.17,9.0,0,0.0,0,0.0
flight_number_time_bucket,SJU,ATL,F9,F92872.0,ATL→SJU,evening,,2024-01-01,2024-12-31,1,1,0,0,0.0,1,1.0,0,0.0,66.0,66.0,66.0,73.0,73.0,73.0,1,1.0,1,1.0,1,1.0,7.0,7.0,0,0.0,0,0.0
flight_number_time_bucket,SJU,ATL,F9,F92872.0,ATL→SJU,night,,2024-01-01,2024-12-31,8,8,0,0,0.0,3,0.375,0,0.0,64.75,43.5,134.6,73.12,52.5,140.7,8,1.0,6,0.75,3,0.375,8.38,10.0,0,0.0,0,0.0
flight_number_time_bucket,SJU,ATL,F9,F93310.0,ATL→SJU,afternoon,,2024-01-01,2024-12-31,2,2,0,0,0.0,0,0.0,0,0.0,-1.5,-1.5,1.3,5.0,5.0,9.0,0,0.0,0,0.0,0,0.0,4.0,4.0,0,,0,
flight_number_time_bucket,SJU,ATL,F9,F93310.0,ATL→SJU,evening,,2024-01-01,2024-12-31,1,1,0,0,0.0,0,0.0,0,0.0,-28.0,-28.0,-28.0,0.0,0.0,0.0,0,0.0,0,0.0,0,0.0,0.0,0.0,0,,0,
flight_number_time_bucket,SJU,ATL,F9,F93992.0,ATL→SJU,evening,,2024-01-01,2024-12-31,7,7,0,0,0.0,1,0.142857,0,0.0,12.71,-5.0,67.2,22.71,0.0,65.6,3,0.428571,2,0.285714,1,0.142857,-3.0,0.0,0,0.0,0,0.0
flight_number_time_bucket,SJU,ATL,F9,F93992.0,ATL→SJU,late_morning,,2024-01-01,2024-12-31,27,27,0,0,0.0,0,0.0,0,0.0,-2.81,-10.0,18.8,5.78,0.0,27.2,4,0.148148,3,0.111111,0,0.0,-1.07,0.0,2,0.666667,0,
flight_number_time_bucket,SJU,ATL,F9,F93994.0,ATL→SJU,evening,,2024-01-01,2024-12-31,1,1,0,0,0.0,1,1.0,0,0.0,132.0,132.0,132.0,143.0,143.0,143.0,1,1.0,1,1.0,1,1.0,11.0,11.0,0,0.0,0,0.0
flight_number_time_bucket,SJU,ATL,NK,NK2720.0,ATL→SJU,afternoon,,2024-01-01,2024-12-31,13,13,0,0,0.0,1,0.076923,0,0.0,23.46,12.0,49.2,28.15,17.0,58.6,7,0.538462,2,0.153846,2,0.153846,3.23,5.0,0,0.0,0,0.0
flight_number_time_bucket,SJU,ATL,NK,NK2720.0,ATL→SJU,early_morning,,2024-01-01,2024-12-31,28,28,0,0,0.0,1,0.035714,1,0.035714,3.25,-10.0,13.4,15.25,0.0,19.2,3,0.107143,3,0.107143,1,0.035714,2.25,0.0,0,0.0,0,0.0
flight_number_time_bucket,SJU,ATL,NK,NK2720.0,ATL→SJU,late_morning,,2024-01-01,2024-12-31,174,174,0,1,0.0,15,0.086207,3,0.017241,7.61,-7.0,48.0,16.99,0.0,42.6,55,0.316092,28,0.16092,11,0.063218,0.64,0.0,1,0.035714,0,0.0
flight_number_time_bucket,SJU,ATL,NK,NK843.0,ATL→SJU,evening,,2024-01-01,2024-12-31,2,2,0,0,0.0,0,0.0,0,0.0,-14.5,-14.5,3.5,0.5,0.5,0.9,0,0.0,0,0.0,0,0.0,-3.5,-3.5,0,,0,
flight_number_time_bucket,SJU,ATL,NK,NK843.0,ATL→SJU,night,,2024-01-01,2024-12-31,72,71,1,0,0.013889,16,0.225352,2,0.028169,38.32,5.0,100.0,50.7,19.0,114.0,36,0.507042,28,0.394366,19,0.267606,7.21,7.0,1,0.034483,0,0.0
flight_number_time_bucket,SJU,AUS,WN,WN1045.0,AUS→SJU,late_morning,,2024-01-01,2024-12-31,8,8,0,0,0.0,0,0.0,0,0.0,-9.88,-9.5,-2.0,5.88,5.0,11.8,1,0.125,0,0.0,0,0.0,5.25,5.0,0,,0,
flight_number_time_bucket,SJU,AUS,WN,WN2141.0,AUS→SJU,late_morning,,2024-01-01,2024-12-31,4,4,0,0,0.0,0,0.0,0,0.0,5.0,-2.0,22.4,10.25,2.5,26.7,1,0.25,1,0.25,0,0.0,2.25,2.0,0,0.0,0,
flight_number_time_bucket,SJU,AUS,WN,WN3935.0,AUS→SJU,late_morning,,2024-01-01,2024-12-31,9,9,0,0,0.0,1,0.111111,0,0.0,17.78,-2.0,58.2,24.67,5.0,64.6,2,0.222222,2,0.222222,1,0.111111,4.0,3.0,0,0.0,0,0.0
flight_number_time_bucket,SJU,AUS,WN,WN4283.0,AUS→SJU,late_morning,,2024-01-01,2024-12-31,5,5,0,0,0.0,1,0.2,0,0.0,25.6,24.0,64.0,35.6,35.0,73.8,3,0.6,3,0.6,1,0.2,7.2,8.0,0,0.0,0,0.0
flight_number_time_bucket,SJU,AUS,WN,WN459.0,AUS→SJU,late_morning,,2024-01-01,2024-12-31,4,4,0,0,0.0,0,0.0,0,0.0,18.5,20.0,43.9,18.75,17.5,37.9,2,0.5,2,0.5,0,0.0,-2.75,0.0,0,0.0,0,
flight_number_time_bucket,SJU,BDL,B6,B61475.0,BDL→SJU,afternoon,,2024-01-01,2024-12-31,233,232,1,1,0.004292,25,0.107759,5,0.021552,13.5,-2.0,75.0,25.16,9.0,69.0,83,0.357759,51,0.219828,28,0.12069,3.65,2.0,5,0.098039,0,0.0
flight_number_time_bucket,SJU,BDL,B6,B61475.0,BDL→SJU,evening,,2024-01-01,2024-12-31,27,27,0,0,0.0,7,0.259259,1,0.037037,31.44,-4.0,90.4,38.89,10.0,88.8,10,0.37037,7,0.259259,6,0.222222,0.7,3.0,0,0.0,0,0.0
flight_number_time_bucket,SJU,BDL,B6,B61475.0,BDL→SJU,night,,2024-01-01,2024-12-31,13,12,1,0,0.076923,3,0.25,0,0.0,36.58,29.0,80.5,35.17,21.5,76.3,6,0.5,6,0.5,3,0.25,-4.08,1.5,0,0.0,0,0.0
flight_number_time_bucket,SJU,BDL,B6,B62471.0,BDL→SJU,night,,2024-01-01,2024-12-31,3,3,0,0,0.0,0,0.0,0,0.0,4.67,8.0,22.4,21.67,21.0,39.4,2,0.666667,1,0.333333,0,0.0,10.33,13.0,0,0.0,0,
flight_number_time_bucket,SJU,BDL,B6,B62475.0,BDL→SJU,evening,,2024-01-01,2024-12-31,41,41,0,0,0.0,5,0.121951,2,0.04878,23.29,10.0,79.0,27.85,10.0,76.0,17,0.414634,10,0.243902,5,0.121951,-0.71,0.0,1,0.1,0,0.0
flight_number_time_bucket,SJU,BDL,B6,B62475.0,BDL→SJU,late_morning,,2024-01-01,2024-12-31,16,16,0,0,0.0,1,0.0625,0,0.0,13.19,6.5,34.0,12.25,0.0,22.0,3,0.1875,1,0.0625,1,0.0625,-4.12,-1.0,0,0.0,0,0.0
flight_number_time_bucket,SJU,BDL,B6,B62475.0,BDL→SJU,night,,2024-01-01,2024-12-31,11,11,0,0,0.0,5,0.454545,1,0.090909,76.82,55.0,127.0,47.09,23.0,98.0,6,0.545455,5,0.454545,4,0.363636,-29.73,-38.0,0,0.0,0,0.0
flight_number_time_bucket,SJU,BDL,B6,B6275.0,BDL→SJU,evening,,2024-01-01,2024-12-31,31,31,0,0,0.0,5,0.16129,0,0.0,13.35,-2.0,72.0,22.84,4.0,57.0,11,0.354839,8,0.258065,3,0.096774,0.55,0.0,0,0.0,0,0.0
flight_number_time_bucket,SJU,BDL,B6,B6275.0,BDL→SJU,night,,2024-01-01,2024-12-31,213,207,6,0,0.028169,47,0.227053,8,0.038647,25.79,4.0,115.4,38.71,16.0,107.0,104,0.502415,81,0.391304,48,0.231884,4.46,3.0,5,0.061728,0,0.0
flight_number_time_bucket,SJU,BDL,B6,B62775.0,BDL→SJU,evening,,2024-01-01,2024-12-31,12,12,0,0,0.0,2,0.166667,0,0.0,34.17,27.5,75.5,24.5,9.0,59.9,4,0.333333,3,0.25,2,0.166667,-10.5,-9.5,0,0.0,0,0.0
flight_number_time_bucket,SJU,BDL,B6,B62775.0,BDL→SJU,late_morning,,2024-01-01,2024-12-31,41,41,0,0,0.0,1,0.02439,0,0.0,-2.98,-5.0,23.0,7.59,0.0,23.0,8,0.195122,2,0.04878,0,0.0,1.32,0.0,0,0.0,0,
flight_number_time_bucket,SJU,BDL,B6,B6475.0,BDL→SJU,late_morning,,2024-01-01,2024-12-31,13,13,0,0,0.0,0,0.0,0,0.0,0.31,-3.0,25.6,4.85,0.0,6.8,1,0.076923,1,0.076923,0,0.0,-2.69,0.0,0,0.0,0,
flight_number_time_bucket,SJU,BDL,F9,F91148.0,BDL→SJU,late_morning,,2024-01-01,2024-12-31,1,1,0,0,0.0,0,0.0,0,0.0,6.0,6.0,6.0,0.0,0.0,0.0,0,0.0,0,0.0,0,0.0,-6.0,-6.0,0,,0,
flight_number_time_bucket,SJU,BDL,F9,F91148.0,BDL→SJU,night,,2024-01-01,2024-12-31,30,28,2,1,0.066667,8,0.285714,0,0.0,34.81,23.0,95.6,33.04,25.0,88.8,16,0.571429,10,0.357143,6,0.214286,-3.93,-2.0,0,0.0,0,0.0
flight_number_time_bucket,SJU,BDL,F9,F91154.0,BDL→SJU,night,,2024-01-01,2024-12-31,1,1,0,0,0.0,1,1.0,0,0.0,69.0,69.0,69.0,78.0,78.0,78.0,1,1.0,1,1.0,1,1.0,9.0,9.0,0,0.0,0,0.0
flight_number_time_bucket,SJU,BDL,F9,F93660.0,BDL→SJU,late_morning,,2024-01-01,2024-12-31,1,1,0,0,0.0,0,0.0,0,0.0,53.0,53.0,53.0,48.0,48.0,48.0,1,1.0,1,1.0,0,0.0,-5.0,-5.0,0,0.0,0,
flight_number_time_bucket,SJU,BDL,F9,F93938.0,BDL→SJU,evening,,2024-01-01,2024-12-31,16,16,0,0,0.0,0,0.0,0,0.0,18.44,14.0,50.0,17.31,22.0,33.0,9,0.5625,2,0.125,0,0.0,-4.5,-2.0,0,0.0,0,
flight_number_time_bucket,SJU,BDL,F9,F93938.0,BDL→SJU,late_morning,,2024-01-01,2024-12-31,62,61,1,0,0.016129,8,0.131148,0,0.0,23.9,14.0,69.0,9.89,0.0,23.0,9,0.147541,4,0.065574,3,0.04918,-16.38,-8.0,0,0.0,0,0.0
flight_number_time_bucket,SJU,BDL,F9,F93938.0,BDL→SJU,night,,2024-01-01,2024-12-31,187,181,6,0,0.032086,40,0.220994,7,0.038674,54.77,16.0,99.0,66.18,25.0,99.0,107,0.59116,81,0.447514,39,0.21547,3.82,3.0,2,0.02439,1,0.02439
flight_number_time_bucket,SJU,BDL,F9,F93940.0,BDL→SJU,evening,,2024-01-01,2024-12-31,5,5,0,0,0.0,1,0.2,0,0.0,31.0,25.0,88.4,40.6,20.0,100.4,3,0.6,2,0.4,1,0.2,4.2,4.0,0,0.0,0,0.0
flight_number_time_bucket,SJU,BDL,F9,F94418.0,BDL→SJU,afternoon,,2024-01-01,2024-12-31,3,3,0,0,0.0,1,0.333333,0,0.0,60.67,45.0,112.2,37.67,32.0,71.2,2,0.666667,2,0.666667,1,0.333333,-23.0,-13.0,0,0.0,0,0.0
flight_number_time_bucket,SJU,BDL,F9,F94418.0,BDL→SJU,evening,,2024-01-01,2024-12-31,5,5,0,0,0.0,3,0.6,2,0.4,307.2,70.0,794.6,279.6,73.0,735.6,5,1.0,4,0.8,3,0.6,-27.6,-14.0,0,0.0,0,0.0
flight_number_time_bucket,SJU,BDL,F9,F94418.0,BDL→SJU,late_morning,,2024-01-01,2024-12-31,4,4,0,0,0.0,1,0.25,1,0.25,112.25,50.5,230.4,68.5,51.5,118.9,4,1.0,3,0.75,1,0.25,-43.75,-9.0,0,0.0,0,0.0
flight_number_time_bucket,SJU,BDL,F9,F94420.0,BDL→SJU,evening,,2024-01-01,2024-12-31,10,9,1,0,0.1,0,0.0,0,0.0,-46.56,-50.0,-18.0,4.89,0.0,13.8,1,0.111111,1,0.111111,0,0.0,4.67,0.0,1,1.0,0,
flight_number_time_bucket,SJU,BDL,F9,F94760.0,BDL→SJU,evening,,2024-01-01,2024-12-31,14,13,1,0,0.071429,8,0.615385,0,0.0,61.54,66.0,121.4,36.62,32.0,85.2,8,0.615385,7,0.538462,3,0.230769,-26.08,-23.0,0,0.0,0,0.0
flight_number_time_bucket,SJU,BDL,F9,F94760.0,BDL→SJU,late_morning,,2024-01-01,2024-12-31,3,3,0,0,0.0,0,0.0,0,0.0,10.33,-7.0,36.2,13.67,0.0,32.8,1,0.333333,1,0.333333,0,0.0,-2.0,0.0,0,0.0,0,
flight_number_time_bucket,SJU,BDL,NK,NK2327.0,BDL→SJU,night,,2024-01-01,2024-12-31,4,4,0,0,0.0,1,0.25,1,0.25,43.0,-3.0,137.3,52.5,4.0,143.8,1,0.25,1,0.25,1,0.25,2.75,4.0,0,0.0,0,0.0
flight_number_time_bucket,SJU,BNA,WN,WN1409.0,BNA→SJU,early_morning,,2024-01-01,2024-12-31,4,4,0,0,0.0,0,0.0,0,0.0,-2.0,-3.0,2.6,0.25,0.0,0.7,0,0.0,0,0.0,0,0.0,-1.0,0.0,0,,0,
flight_number_time_bucket,SJU,BNA,WN,WN1488.0,BNA→SJU,late_morning,,2024-01-01,2024-12-31,1,1,0,0,0.0,0,0.0,0,0.0,2.0,2.0,2.0,1.0,1.0,1.0,0,0.0,0,0.0,0,0.0,-1.0,-1.0,0,,0,
flight_number_time_bucket,SJU,BNA,WN,WN155.0,BNA→SJU,late_morning,,2024-01-01,2024-12-31,9,9,0,0,0.0,0,0.0,0,0.0,19.44,17.0,37.6,21.44,16.0,38.8,6,0.666667,3,0.333333,0,0.0,1.33,1.0,0,0.0,0,
flight_number_time_bucket,SJU,BNA,WN,WN3780.0,BNA→SJU,early_morning,,2024-01-01,2024-12-31,8,8,0,0,0.0,0,0.0,0,0.0,0.38,6.0,14.6,7.0,4.5,17.6,1,0.125,0,0.0,0,0.0,0.25,2.5,0,,0,
flight_number_time_bucket,SJU,BNA,WN,WN4265.0,BNA→SJU,early_morning,,2024-01-01,2024-12-31,5,5,0,0,0.0,0,0.0,0,0.0,-0.2,1.0,5.2,2.8,0.0,8.4,0,0.0,0,0.0,0,0.0,0.6,0.0,0,,0,
flight_number_time_bucket,SJU,BNA,WN,WN4295.0,BNA→SJU,early_morning,,2024-01-01,2024-12-31,4,4,0,0,0.0,0,0.0,0,0.0,11.75,13.0,16.4,11.5,8.0,20.2,1,0.25,0,0.0,0,0.0,-0.25,-1.5,0,,0,
flight_number_time_bucket,SJU,BNA,WN,WN4688.0,BNA→SJU,early_morning,,2024-01-01,2024-12-31,9,9,0,0,0.0,0,0.0,0,0.0,0.89,2.0,13.4,4.67,4.0,10.6,0,0.0,0,0.0,0,0.0,0.33,0.0,0,,0,
flight_number_time_bucket,SJU,BNA,WN,WN859.0,BNA→SJU,early_morning,,2024-01-01,2024-12-31,8,8,0,0,0.0,1,0.125,0,0.0,15.38,9.5,40.9,23.12,16.0,53.8,4,0.5,3,0.375,1,0.125,5.25,3.5,0,0.0,0,0.0
flight_number_time_bucket,SJU,BOS,B6,B61061.0,BOS→SJU,early_morning,,2024-01-01,2024-12-31,1,1,0,0,0.0,0,0.0,0,0.0,28.0,28.0,28.0,40.0,40.0,40.0,1,1.0,1,1.0,0,0.0,12.0,12.0,0,0.0,0,
flight_number_time_bucket,SJU,BOS,B6,B61061.0,BOS→SJU,late_morning,,2024-01-01,2024-12-31,75,75,0,0,0.0,5,0.066667,2,0.026667,12.47,-2.0,42.8,20.05,0.0,34.6,17,0.226667,13,0.173333,5,0.066667,-1.17,0.0,0,0.0,0,0.0
flight_number_time_bucket,SJU,BOS,B6,B61161.0,BOS→SJU,afternoon,,2024-01-01,2024-12-31,13,13,0,0,0.0,4,0.307692,0,0.0,45.08,35.0,100.0,33.92,40.0,60.4,8,0.615385,7,0.538462,2,0.153846,-11.15,-4.0,0,0.0,0,0.0
flight_number_time_bucket,SJU,BOS,B6,B61161.0,BOS→SJU,late_morning,,2024-01-01,2024-12-31,1,1,0,0,0.0,0,0.0,0,0.0,-11.0,-11.0,-11.0,7.0,7.0,7.0,0,0.0,0,0.0,0,0.0,7.0,7.0,0,,0,
flight_number_time_bucket,SJU,BOS,B6,B61261.0,BOS→SJU,afternoon,,2024-01-01,2024-12-31,12,12,0,0,0.0,3,0.25,1,0.083333,41.33,7.0,153.1,40.0,18.0,108.9,7,0.583333,4,0.333333,3,0.25,-4.25,2.0,0,0.0,0,0.0
flight_number_time_bucket,SJU,BOS,B6,B61261.0,BOS→SJU,late_morning,,2024-01-01,2024-12-31,26,26,0,0,0.0,2,0.076923,0,0.0,12.12,1.5,52.0,11.35,0.5,36.0,5,0.192308,3,0.115385,1,0.038462,-6.31,0.0,0,0.0,0,0.0
flight_number_time_bucket,SJU,BOS,B6,B62061.0,BOS→SJU,evening,,2024-01-01,2024-12-31,10,10,0,0,0.0,5,0.5,1,0.1,61.5,42.0,169.6,39.9,11.0,151.1,4,0.4,3,0.3,2,0.2,-23.0,-14.0,0,0.0,0,0.0
flight_number_time_bucket,SJU,BOS,B6,B62061.0,BOS→SJU,late_morning,,2024-01-01,2024-12-31,1,1,0,0,0.0,0,0.0,0,0.0,-12.0,-12.0,-12.0,0.0,0.0,0.0,0,0.0,0,0.0,0,0.0,0.0,0.0,0,,0,
flight_number_time_bucket,SJU,BOS,B6,B62061.0,BOS→SJU,night,,2024-01-01,2024-12-31,1,1,0,0,0.0,1,1.0,0,0.0,88.0,88.0,88.0,67.0,67.0,67.0,1,1.0,1,1.0,1,1.0,-21.0,-21.0,0,0.0,0,0.0
flight_number_time_bucket,SJU,BOS,B6,B62131.0,BOS→SJU,afternoon,,2024-01-01,2024-12-31,2,2,0,0,0.0,0,0.0,0,0.0,29.5,29.5,39.5,18.5,18.5,19.7,2,1.0,0,0.0,0,0.0,-11.0,-11.0,0,,0,
flight_number_time_bucket,SJU,BOS,B6,B62131.0,BOS→SJU,late_morning,,2024-01-01,2024-12-31,11,11,0,0,0.0,3,0.272727,0,0.0,37.73,35.0,96.0,36.73,10.0,106.0,5,0.454545,5,0.454545,3,0.272727,-5.18,-1.0,0,0.0,0,0.0
flight_number_time_bucket,SJU,BOS,B6,B6261.0,BOS→SJU,afternoon,,2024-01-01,2024-12-31,115,113,2,0,0.017391,16,0.141593,5,0.044248,21.88,3.0,107.8,28.58,5.0,104.6,38,0.336283,28,0.247788,17,0.150442,-0.3,0.0,2,0.071429,0,0.0
flight_number_time_bucket,SJU,BOS,B6,B6261.0,BOS→SJU,early_morning,,2024-01-01,2024-12-31,83,83,0,0,0.0,9,0.108434,0,0.0,7.93,-3.0,63.2,14.3,1.0,49.6,16,0.192771,12,0.144578,7,0.084337,-1.59,0.0,0,0.0,0,0.0
flight_number_time_bucket,SJU,BOS,B6,B6261.0,BOS→SJU,evening,,2024-01-01,2024-12-31,6,6,0,0,0.0,0,0.0,0,0.0,4.0,-3.5,26.0,7.67,4.5,18.5,1,0.166667,0,0.0,0,0.0,-1.0,0.0,0,,0,
flight_number_time_bucket,SJU,BOS,B6,B6261.0,BOS→SJU,night,,2024-01-01,2024-12-31,24,24,0,0,0.0,9,0.375,2,0.083333,73.04,29.0,173.1,65.88,16.0,178.1,12,0.5,10,0.416667,7,0.291667,-9.04,-11.5,0,0.0,0,0.0
flight_number_time_bucket,SJU,BOS,B6,B62861.0,BOS→SJU,late_morning,,2024-01-01,2024-12-31,3,3,0,0,0.0,0,0.0,0,0.0,2.33,5.0,9.8,0.0,0.0,0.0,0,0.0,0,0.0,0,0.0,-5.33,-5.0,0,,0,
flight_number_time_bucket,SJU,BOS,B6,B62962.0,BOS→SJU,evening,,2024-01-01,2024-12-31,1,1,0,0,0.0,1,1.0,0,0.0,155.0,155.0,155.0,168.0,168.0,168.0,1,1.0,1,1.0,1,1.0,13.0,13.0,0,0.0,0,0.0
flight_number_time_bucket,SJU,BOS,B6,B6531.0,BOS→SJU,afternoon,,2024-01-01,2024-12-31,43,43,0,0,0.0,4,0.093023,1,0.023256,12.12,0.0,49.4,18.67,5.0,53.6,18,0.418605,7,0.162791,4,0.093023,-1.4,0.0,0,0.0,0,0.0
flight_number_time_bucket,SJU,BOS,B6,B6531.0,BOS→SJU,late_morning,,2024-01-01,2024-12-31,10,10,0,0,0.0,2,0.2,0,0.0,31.1,6.0,111.9,25.8,0.0,100.7,2,0.2,2,0.2,2,0.2,-9.2,-3.0,0,0.0,0,0.0
flight_number_time_bucket,SJU,BOS,B6,B6561.0,BOS→SJU,afternoon,,2024-01-01,2024-12-31,14,14,0,0,0.0,2,0.142857,1,0.071429,65.29,26.5,135.6,55.07,10.0,101.6,6,0.428571,4,0.285714,2,0.142857,-12.86,-8.5,0,0.0,0,0.0
flight_number_time_bucket,SJU,BOS,B6,B6561.0,BOS→SJU,evening,,2024-01-01,2024-12-31,174,172,2,0,0.011494,26,0.151163,1,0.005814,19.87,-2.0,109.5,27.99,4.0,98.9,59,0.343023,43,0.25,31,0.180233,1.18,0.0,1,0.023256,0,0.0
flight_number_time_bucket,SJU,BOS,B6,B6561.0,BOS→SJU,night,,2024-01-01,2024-12-31,110,110,0,0,0.0,9,0.081818,5,0.045455,14.28,-2.0,52.6,23.4,2.0,56.2,31,0.281818,18,0.163636,10,0.090909,1.17,0.0,3,0.166667,0,0.0
flight_number_time_bucket,SJU,BOS,B6,B661.0,BOS→SJU,afternoon,,2024-01-01,2024-12-31,153,153,0,1,0.0,17,0.111111,3,0.019608,16.41,1.5,69.1,23.36,6.0,57.7,49,0.320261,35,0.228758,15,0.098039,1.03,0.0,1,0.028571,0,0.0
flight_number_time_bucket,SJU,BOS,B6,B6731.0,BOS→SJU,late_morning,,2024-01-01,2024-12-31,83,83,0,0,0.0,9,0.108434,1,0.012048,19.59,4.0,62.0,20.98,6.0,50.0,24,0.289157,17,0.204819,6,0.072289,-2.83,0.0,0,0.0,0,0.0
flight_number_time_bucket,SJU,BOS,B6,B6861.0,BOS→SJU,early_morning,,2024-01-01,2024-12-31,136,134,2,0,0.014706,7,0.052239,3,0.022388,8.7,0.0,32.0,9.46,0.0,24.8,18,0.134328,10,0.074627,5,0.037313,-5.28,0.0,1,0.090909,0,0.0
flight_number_time_bucket,SJU,BOS,B6,B6861.0,BOS→SJU,evening,,2024-01-01,2024-12-31,83,82,1,0,0.012048,18,0.219512,5,0.060976,33.09,8.5,109.5,34.33,4.5,117.4,32,0.390244,21,0.256098,16,0.195122,-4.17,0.0,0,0.0,0,0.0
flight_number_time_bucket,SJU,BOS,B6,B6861.0,BOS→SJU,late_morning,,2024-01-01,2024-12-31,62,62,0,0,0.0,2,0.032258,0,0.0,3.03,-2.5,46.1,9.69,0.0,19.9,13,0.209677,5,0.080645,2,0.032258,-2.13,0.0,0,0.0,0,0.0
flight_number_time_bucket,SJU,BOS,DL,DL1780.0,BOS→SJU,early_morning,,2024-01-01,2024-12-31,366,365,1,0,0.002732,15,0.041096,1,0.00274,-0.01,-8.0,31.6,9.81,0.0,26.6,65,0.178082,31,0.084932,13,0.035616,-0.45,0.0,2,0.060606,0,0.0
flight_number_time_bucket,SJU,BOS,DL,DL1852.0,BOS→SJU,late_morning,,2024-01-01,2024-12-31,13,13,0,0,0.0,3,0.230769,0,0.0,21.85,1.0,87.8,15.77,1.0,61.2,3,0.230769,3,0.230769,2,0.153846,-11.54,0.0,0,0.0,0,0.0
flight_number_time_bucket,SJU,BOS,DL,DL1864.0,BOS→SJU,late_morning,,2024-01-01,2024-12-31,13,13,0,0,0.0,1,0.076923,0,0.0,-3.38,-17.0,24.0,7.85,0.0,20.2,2,0.153846,1,0.076923,1,0.076923,-0.54,0.0,0,0.0,0,0.0
flight_number_time_bucket,SJU,BOS,F9,F93001.0,BOS→SJU,afternoon,,2024-01-01,2024-12-31,77,73,4,2,0.051948,11,0.150685,2,0.027397,41.54,16.0,77.0,44.97,11.0,83.0,33,0.452055,23,0.315068,10,0.136986,-0.87,0.0,0,0.0,0,0.0
flight_number_time_bucket,SJU,BOS,F9,F93001.0,BOS→SJU,late_morning,,2024-01-01,2024-12-31,37,37,0,0,0.0,7,0.189189,4,0.108108,71.14,17.0,150.2,66.3,11.0,111.6,15,0.405405,11,0.297297,6,0.162162,-7.0,0.0,0,0.0,0,0.0
flight_number_time_bucket,SJU,BOS,NK,NK2324.0,BOS→SJU,afternoon,,2024-01-01,2024-12-31,49,48,1,0,0.020408,10,0.208333,3,0.0625,40.25,-1.0,89.8,48.38,4.5,97.8,16,0.333333,12,0.25,11,0.229167,-0.1,0.0,0,0.0,0,0.0
flight_number_time_bucket,SJU,BOS,NK,NK2324.0,BOS→SJU,evening,,2024-01-01,2024-12-31,24,24,0,0,0.0,4,0.166667,1,0.041667,17.21,1.5,76.5,31.29,11.0,80.4,9,0.375,7,0.291667,4,0.166667,5.04,0.0,1,0.142857,0,0.0
flight_number_time_bucket,SJU,BOS,NK,NK2324.0,BOS→SJU,late_morning,,2024-01-01,2024-12-31,15,15,0,0,0.0,2,0.133333,0,0.0,16.47,1.0,73.6,21.93,6.0,56.4,7,0.466667,2,0.133333,2,0.133333,2.07,3.0,0,0.0,0,0.0
flight_number_time_bucket,SJU,BOS,NK,NK2324.0,BOS→SJU,night,,2024-01-01,2024-12-31,135,124,11,0,0.081481,22,0.177419,2,0.016129,26.37,8.5,87.1,39.18,12.0,90.2,59,0.475806,47,0.379032,30,0.241935,3.94,1.0,4,0.081633,1,0.032258
flight_number_time_bucket,SJU,BOS,NK,NK2326.0,BOS→SJU,evening,,2024-01-01,2024-12-31,9,8,1,0,0.111111,2,0.25,0,0.0,22.62,9.5,81.7,18.0,2.5,48.8,3,0.375,2,0.25,1,0.125,-7.88,-1.0,0,0.0,0,0.0
flight_number_time_bucket,SJU,BOS,NK,NK2326.0,BOS→SJU,late_morning,,2024-01-01,2024-12-31,7,7,0,0,0.0,1,0.142857,0,0.0,2.71,-4.0,37.6,15.71,0.0,46.6,1,0.142857,1,0.142857,1,0.142857,2.43,0.0,0,0.0,0,0.0
flight_number_time_bucket,SJU,BOS,NK,NK3809.0,BOS→SJU,evening,,2024-01-01,2024-12-31,12,12,0,0,0.0,2,0.166667,0,0.0,14.0,2.5,60.1,22.92,8.0,59.1,5,0.416667,3,0.25,2,0.166667,4.17,0.0,0,0.0,0,0.0
flight_number_time_bucket,SJU,BOS,NK,NK3809.0,BOS→SJU,late_morning,,2024-01-01,2024-12-31,4,4,0,0,0.0,1,0.25,1,0.25,74.25,1.0,215.6,87.25,19.5,223.3,3,0.75,1,0.25,1,0.25,9.25,9.5,0,0.0,0,0.0
flight_number_time_bucket,SJU,BOS,NK,NK3809.0,BOS→SJU,night,,2024-01-01,2024-12-31,12,11,1,0,0.083333,2,0.181818,0,0.0,16.36,1.0,96.0,18.45,8.0,66.0,5,0.454545,2,0.181818,2,0.181818,-6.45,0.0,0,0.0,0,0.0
flight_number_time_bucket,SJU,BOS,NK,NK934.0,BOS→SJU,afternoon,,2024-01-01,2024-12-31,14,14,0,0,0.0,4,0.285714,1,0.071429,53.29,18.0,167.1,57.14,11.0,171.8,7,0.5,6,0.428571,4,0.285714,-0.43,0.0,0,0.0,0,0.0
flight_number_time_bucket,SJU,BWI,F9,F92266.0,BWI→SJU,evening,,2024-01-01,2024-12-31,26,25,1,1,0.038462,3,0.12,1,0.04,12.17,3.0,52.9,22.12,0.0,65.2,6,0.24,5,0.2,3,0.12,1.29,0.0,0,0.0,0,0.0
flight_number_time_bucket,SJU,BWI,F9,F92266.0,BWI→SJU,late_morning,,2024-01-01,2024-12-31,41,40,1,0,0.02439,2,0.05,0,0.0,7.4,-1.0,43.0,10.68,0.0,43.5,8,0.2,7,0.175,2,0.05,-3.0,0.0,0,0.0,0,0.0
flight_number_time_bucket,SJU,BWI,F9,F92266.0,BWI→SJU,night,,2024-01-01,2024-12-31,37,33,4,0,0.108108,9,0.272727,3,0.090909,108.76,35.0,113.8,108.85,22.0,123.0,18,0.545455,16,0.484848,9,0.272727,-3.06,0.0,0,0.0,0,0.0
flight_number_time_bucket,SJU,BWI,F9,F92268.0,BWI→SJU,afternoon,,2024-01-01,2024-12-31,6,6,0,0,0.0,0,0.0,0,0.0,-8.67,-8.5,7.5,0.0,0.0,0.0,0,0.0,0,0.0,0,0.0,-2.5,0.0,0,,0,
flight_number_time_bucket,SJU,BWI,F9,F93650.0,BWI→SJU,afternoon,,2024-01-01,2024-12-31,7,7,0,0,0.0,0,0.0,0,0.0,4.57,8.0,25.2,20.43,13.0,45.2,3,0.428571,2,0.285714,0,0.0,9.43,5.0,0,0.0,0,
flight_number_time_bucket,SJU,BWI,F9,F93650.0,BWI→SJU,evening,,2024-01-01,2024-12-31,23,23,0,0,0.0,3,0.130435,0,0.0,5.3,-11.0,53.8,23.13,0.0,68.2,5,0.217391,4,0.173913,3,0.130435,4.43,0.0,0,0.0,0,0.0
flight_number_time_bucket,SJU,BWI,F9,F93650.0,BWI→SJU,late_morning,,2024-01-01,2024-12-31,3,3,0,0,0.0,0,0.0,0,0.0,-22.0,-21.0,-14.6,2.33,0.0,5.6,0,0.0,0,0.0,0,0.0,2.33,0.0,0,,0,
flight_number_time_bucket,SJU,BWI,NK,NK1863.0,BWI→SJU,night,,2024-01-01,2024-12-31,62,60,2,0,0.032258,5,0.083333,1,0.016667,10.65,-10.0,44.0,25.53,0.5,67.1,18,0.3,14,0.233333,9,0.15,3.6,0.0,0,0.0,0,0.0
flight_number_time_bucket,SJU,BWI,NK,NK2331.0,BWI→SJU,early_morning,,2024-01-01,2024-12-31,5,5,0,0,0.0,0,0.0,0,0.0,24.8,41.0,45.2,18.8,0.0,51.2,2,0.4,1,0.2,1,0.2,-8.4,-6.0,0,0.0,0,0.0
flight_number_time_bucket,SJU,BWI,NK,NK2331.0,BWI→SJU,evening,,2024-01-01,2024-12-31,102,101,1,0,0.009804,13,0.128713,4,0.039604,14.26,-10.0,77.0,27.62,7.0,66.0,40,0.39604,25,0.247525,12,0.118812,2.04,0.0,4,0.153846,0,0.0
flight_number_time_bucket,SJU,BWI,NK,NK2331.0,BWI→SJU,late_morning,,2024-01-01,2024-12-31,17,17,0,0,0.0,0,0.0,0,0.0,-18.12,-22.0,3.8,2.88,0.0,11.6,2,0.117647,0,0.0,0,0.0,2.06,0.0,0,,0,
flight_number_time_bucket,SJU,BWI,NK,NK2331.0,BWI→SJU,night,,2024-01-01,2024-12-31,101,96,5,0,0.049505,12,0.125,0,0.0,7.73,-8.0,63.0,28.12,8.0,86.5,40,0.416667,30,0.3125,18,0.1875,9.49,4.5,5,0.166667,0,0.0
flight_number_time_bucket,SJU,BWI,NK,NK3123.0,BWI→SJU,afternoon,,2024-01-01,2024-12-31,17,17,0,1,0.0,0,0.0,0,0.0,-0.75,-11.0,38.5,9.62,0.0,33.5,3,0.176471,2,0.117647,1,0.058824,0.69,0.0,0,0.0,0,0.0
flight_number_time_bucket,SJU,BWI,NK,NK3123.0,BWI→SJU,night,,2024-01-01,2024-12-31,55,54,1,0,0.018182,3,0.055556,0,0.0,7.04,-0.5,44.4,18.91,0.5,54.2,14,0.259259,12,0.222222,5,0.092593,3.06,0.0,1,0.083333,0,0.0
flight_number_time_bucket,SJU,BWI,NK,NK3904.0,BWI→SJU,late_morning,,2024-01-01,2024-12-31,1,1,0,0,0.0,0,0.0,0,0.0,27.0,27.0,27.0,0.0,0.0,0.0,0,0.0,0,0.0,0,0.0,-27.0,-27.0,0,,0,
flight_number_time_bucket,SJU,BWI,NK,NK925.0,BWI→SJU,early_morning,,2024-01-01,2024-12-31,21,21,0,0,0.0,0,0.0,0,0.0,-7.95,-11.0,5.0,3.05,0.0,6.0,2,0.095238,1,0.047619,0,0.0,0.43,0.0,0,0.0,0,
flight_number_time_bucket,SJU,BWI,NK,NK925.0,BWI→SJU,late_morning,,2024-01-01,2024-12-31,6,6,0,0,0.0,0,0.0,0,0.0,-15.33,-12.5,-5.5,0.5,0.0,1.5,0,0.0,0,0.0,0,0.0,0.5,0.0,0,,0,
flight_number_time_bucket,SJU,BWI,WN,WN1165.0,BWI→SJU,evening,,2024-01-01,2024-12-31,1,1,0,0,0.0,0,0.0,0,0.0,53.0,53.0,53.0,25.0,25.0,25.0,1,1.0,0,0.0,0,0.0,-28.0,-28.0,0,,0,
flight_number_time_bucket,SJU,BWI,WN,WN1311.0,BWI→SJU,afternoon,,2024-01-01,2024-12-31,1,1,0,0,0.0,0,0.0,0,0.0,24.0,24.0,24.0,37.0,37.0,37.0,1,1.0,1,1.0,0,0.0,13.0,13.0,0,0.0,0,
flight_number_time_bucket,SJU,BWI,WN,WN1329.0,BWI→SJU,early_morning,,2024-01-01,2024-12-31,1,1,0,0,0.0,0,0.0,0,0.0,14.0,14.0,14.0,0.0,0.0,0.0,0,0.0,0,0.0,0,0.0,-14.0,-14.0,0,,0,
flight_number_time_bucket,SJU,BWI,WN,WN1329.0,BWI→SJU,late_morning,,2024-01-01,2024-12-31,5,5,0,0,0.0,0,0.0,0,0.0,0.0,-7.0,16.0,5.6,3.0,12.8,0,0.0,0,0.0,0,0.0,-0.6,0.0,0,,0,
flight_number_time_bucket,SJU,BWI,WN,WN148.0,BWI→SJU,afternoon,,2024-01-01,2024-12-31,8,8,0,0,0.0,1,0.125,0,0.0,22.38,4.0,73.5,31.25,14.0,71.7,4,0.5,3,0.375,1,0.125,4.0,3.5,0,0.0,0,0.0
flight_number_time_bucket,SJU,BWI,WN,WN1518.0,BWI→SJU,early_morning,,2024-01-01,2024-12-31,14,14,0,0,0.0,0,0.0,0,0.0,12.07,5.5,54.5,16.64,9.5,53.5,4,0.285714,3,0.214286,2,0.142857,-0.07,0.0,0,0.0,0,0.0
flight_number_time_bucket,SJU,BWI,WN,WN1649.0,BWI→SJU,evening,,2024-01-01,2024-12-31,1,1,0,0,0.0,1,1.0,0,0.0,82.0,82.0,82.0,82.0,82.0,82.0,1,1.0,1,1.0,1,1.0,0.0,0.0,0,0.0,0,0.0
flight_number_time_bucket,SJU,BWI,WN,WN1682.0,BWI→SJU,late_morning,,2024-01-01,2024-12-31,26,26,0,0,0.0,2,0.076923,0,0.0,3.65,-3.0,24.0,11.81,3.0,26.0,6,0.230769,2,0.076923,2,0.076923,1.5,0.0,1,0.333333,0,0.0
flight_number_time_bucket,SJU,BWI,WN,WN1682.0,BWI→SJU,night,,2024-01-01,2024-12-31,7,7,0,0,0.0,2,0.285714,1,0.142857,44.86,1.0,171.0,50.14,9.0,145.4,3,0.428571,2,0.285714,2,0.285714,-2.71,2.0,0,0.0,0,0.0
flight_number_time_bucket,SJU,BWI,WN,WN1752.0,BWI→SJU,evening,,2024-01-01,2024-12-31,25,24,1,0,0.04,3,0.125,0,0.0,20.83,14.5,59.7,30.29,26.0,76.2,15,0.625,9,0.375,4,0.166667,6.62,6.0,0,0.0,0,0.0
flight_number_time_bucket,SJU,BWI,WN,WN1902.0,BWI→SJU,evening,,2024-01-01,2024-12-31,58,58,0,0,0.0,4,0.068966,0,0.0,6.59,-1.0,34.3,18.88,12.5,46.0,21,0.362069,9,0.155172,4,0.068966,5.74,5.0,0,0.0,0,0.0
flight_number_time_bucket,SJU,BWI,WN,WN1956.0,BWI→SJU,early_morning,,2024-01-01,2024-12-31,8,8,0,0,0.0,0,0.0,0,0.0,3.62,-2.0,30.6,7.12,1.0,26.0,2,0.25,0,0.0,0,0.0,-2.0,0.0,0,,0,
flight_number_time_bucket,SJU,BWI,WN,WN1956.0,BWI→SJU,evening,,2024-01-01,2024-12-31,8,8,0,0,0.0,1,0.125,0,0.0,20.88,17.0,46.8,24.25,27.0,44.8,5,0.625,2,0.25,1,0.125,1.25,0.5,0,0.0,0,0.0
flight_number_time_bucket,SJU,BWI,WN,WN2001.0,BWI→SJU,evening,,2024-01-01,2024-12-31,1,1,0,0,0.0,0,0.0,0,0.0,-8.0,-8.0,-8.0,6.0,6.0,6.0,0,0.0,0,0.0,0,0.0,6.0,6.0,0,,0,
flight_number_time_bucket,SJU,BWI,WN,WN2023.0,BWI→SJU,evening,,2024-01-01,2024-12-31,1,1,0,0,0.0,0,0.0,0,0.0,19.0,19.0,19.0,34.0,34.0,34.0,1,1.0,1,1.0,0,0.0,15.0,15.0,0,0.0,0,
flight_number_time_bucket,SJU,BWI,WN,WN2192.0,BWI→SJU,evening,,2024-01-01,2024-12-31,8,8,0,0,0.0,0,0.0,0,0.0,15.0,16.0,33.5,18.88,20.0,30.6,5,0.625,1,0.125,0,0.0,2.0,2.0,0,0.0,0,
flight_number_time_bucket,SJU,BWI,WN,WN2240.0,BWI→SJU,afternoon,,2024-01-01,2024-12-31,4,4,0,0,0.0,0,0.0,0,0.0,-3.5,-9.5,12.2,10.0,7.5,18.7,1,0.25,0,0.0,0,0.0,5.0,3.5,0,,0,
flight_number_time_bucket,SJU,BWI,WN,WN2240.0,BWI→SJU,late_morning,,2024-01-01,2024-12-31,17,17,0,0,0.0,0,0.0,0,0.0,5.41,5.0,22.2,12.24,7.0,28.2,7,0.411765,2,0.117647,0,0.0,2.41,3.0,1,0.5,0,
flight_number_time_bucket,SJU,BWI,WN,WN2306.0,BWI→SJU,evening,,2024-01-01,2024-12-31,5,5,0,0,0.0,0,0.0,0,0.0,5.2,5.0,20.4,18.4,18.0,29.0,4,0.8,1,0.2,0,0.0,10.0,9.0,0,0.0,0,
flight_number_time_bucket,SJU,BWI,WN,WN235.0,BWI→SJU,afternoon,,2024-01-01,2024-12-31,8,8,0,0,0.0,0,0.0,0,0.0,4.38,5.0,30.9,15.25,9.5,35.2,3,0.375,3,0.375,0,0.0,3.0,1.0,0,0.0,0,
flight_number_time_bucket,SJU,BWI,WN,WN235.0,BWI→SJU,late_morning,,2024-01-01,2024-12-31,18,18,0,0,0.0,1,0.055556,1,0.055556,5.28,-9.0,15.1,13.0,0.5,11.3,1,0.055556,1,0.055556,1,0.055556,-3.17,0.0,0,0.0,0,0.0
flight_number_time_bucket,SJU,BWI,WN,WN2510.0,BWI→SJU,evening,,2024-01-01,2024-12-31,43,42,1,0,0.023256,3,0.071429,1,0.02381,11.24,0.0,36.7,22.19,6.0,52.9,16,0.380952,8,0.190476,3,0.071429,3.98,2.5,0,0.0,0,0.0
flight_number_time_bucket,SJU,BWI,WN,WN2552.0,BWI→SJU,evening,,2024-01-01,2024-12-31,18,18,0,0,0.0,4,0.222222,1,0.055556,39.17,25.0,92.8,43.0,29.5,82.6,12,0.666667,9,0.5,3,0.166667,2.11,5.5,1,0.111111,0,0.0
flight_number_time_bucket,SJU,BWI,WN,WN2552.0,BWI→SJU,night,,2024-01-01,2024-12-31,18,18,0,0,0.0,3,0.166667,0,0.0,25.33,9.0,87.2,38.78,27.5,89.8,10,0.555556,9,0.5,4,0.222222,9.22,7.5,1,0.111111,0,0.0
flight_number_time_bucket,SJU,BWI,WN,WN268.0,BWI→SJU,early_morning,,2024-01-01,2024-12-31,4,4,0,0,0.0,0,0.0,0,0.0,1.5,3.5,16.7,14.0,10.5,28.7,1,0.25,1,0.25,0,0.0,5.75,3.5,0,0.0,0,
flight_number_time_bucket,SJU,BWI,WN,WN2773.0,BWI→SJU,early_morning,,2024-01-01,2024-12-31,23,23,0,1,0.0,1,0.043478,0,0.0,3.82,-2.0,20.9,10.45,4.5,21.0,5,0.217391,1,0.043478,1,0.043478,2.5,0.0,0,0.0,0,0.0
flight_number_time_bucket,SJU,BWI,WN,WN2773.0,BWI→SJU,late_morning,,2024-01-01,2024-12-31,8,8,0,0,0.0,0,0.0,0,0.0,-7.75,-10.5,8.3,5.5,2.0,14.4,1,0.125,0,0.0,0,0.0,2.88,2.0,0,,0,
flight_number_time_bucket,SJU,BWI,WN,WN294.0,BWI→SJU,afternoon,,2024-01-01,2024-12-31,1,1,0,0,0.0,0,0.0,0,0.0,-3.0,-3.0,-3.0,2.0,2.0,2.0,0,0.0,0,0.0,0,0.0,2.0,2.0,0,,0,
flight_number_time_bucket,SJU,BWI,WN,WN3103.0,BWI→SJU,early_morning,,2024-01-01,2024-12-31,8,8,0,0,0.0,0,0.0,0,0.0,-4.25,-11.5,14.3,2.12,0.0,5.8,0,0.0,0,0.0,0,0.0,-2.5,0.0,0,,0,
flight_number_time_bucket,SJU,BWI,WN,WN3103.0,BWI→SJU,late_morning,,2024-01-01,2024-12-31,25,25,0,0,0.0,1,0.04,0,0.0,2.2,-11.0,27.6,10.6,3.0,35.6,5,0.2,4,0.16,1,0.04,-0.52,0.0,0,0.0,0,0.0
flight_number_time_bucket,SJU,BWI,WN,WN3446.0,BWI→SJU,evening,,2024-01-01,2024-12-31,5,5,0,0,0.0,0,0.0,0,0.0,6.6,5.0,12.2,15.2,14.0,21.8,2,0.4,0,0.0,0,0.0,8.6,9.0,0,,0,
flight_number_time_bucket,SJU,BWI,WN,WN3446.0,BWI→SJU,night,,2024-01-01,2024-12-31,4,4,0,0,0.0,0,0.0,0,0.0,10.25,11.0,26.0,17.5,20.0,27.7,2,0.5,0,0.0,0,0.0,4.75,0.5,0,,0,
flight_number_time_bucket,SJU,BWI,WN,WN3466.0,BWI→SJU,afternoon,,2024-01-01,2024-12-31,24,24,0,0,0.0,7,0.291667,0,0.0,29.33,5.0,93.7,29.88,19.0,77.3,13,0.541667,7,0.291667,5,0.208333,-1.92,5.0,0,0.0,0,0.0
flight_number_time_bucket,SJU,BWI,WN,WN4175.0,BWI→SJU,early_morning,,2024-01-01,2024-12-31,36,36,0,0,0.0,0,0.0,0,0.0,2.39,-4.0,29.0,7.31,1.0,23.0,7,0.194444,2,0.055556,0,0.0,-1.47,0.0,0,0.0,0,
flight_number_time_bucket,SJU,BWI,WN,WN4175.0,BWI→SJU,late_morning,,2024-01-01,2024-12-31,26,26,0,0,0.0,2,0.076923,0,0.0,10.38,1.0,35.0,13.92,6.0,36.0,7,0.269231,5,0.192308,1,0.038462,-1.12,3.0,0,0.0,0,0.0
flight_number_time_bucket,SJU,BWI,WN,WN4211.0,BWI→SJU,afternoon,,2024-01-01,2024-12-31,16,16,0,0,0.0,0,0.0,0,0.0,-0.12,-5.0,15.5,6.75,4.0,12.0,1,0.0625,1,0.0625,0,0.0,1.38,3.0,0,0.0,0,
flight_number_time_bucket,SJU,BWI,WN,WN426.0,BWI→SJU,early_morning,,2024-01-01,2024-12-31,16,16,0,0,0.0,1,0.0625,0,0.0,11.44,6.0,42.0,13.88,7.0,36.5,4,0.25,2,0.125,1,0.0625,-2.88,0.0,0,0.0,0,0.0
flight_number_time_bucket,SJU,BWI,WN,WN426.0,BWI→SJU,late_morning,,2024-01-01,2024-12-31,25,24,1,0,0.04,3,0.125,0,0.0,14.54,1.0,66.1,14.46,2.5,51.2,6,0.25,4,0.166667,2,0.083333,-5.71,0.0,0,0.0,0,0.0
flight_number_time_bucket,SJU,BWI,WN,WN4279.0,BWI→SJU,evening,,2024-01-01,2024-12-31,1,1,0,0,0.0,1,1.0,0,0.0,72.0,72.0,72.0,20.0,20.0,20.0,1,1.0,0,0.0,0,0.0,-52.0,-52.0,0,,0,
flight_number_time_bucket,SJU,BWI,WN,WN428.0,BWI→SJU,night,,2024-01-01,2024-12-31,24,23,1,0,0.041667,7,0.304348,0,0.0,44.87,30.0,113.0,53.57,48.0,138.0,17,0.73913,13,0.565217,8,0.347826,6.7,9.0,0,0.0,0,0.0
flight_number_time_bucket,SJU,BWI,WN,WN4285.0,BWI→SJU,afternoon,,2024-01-01,2024-12-31,10,10,0,0,0.0,1,0.1,0,0.0,3.6,-3.0,38.9,17.0,10.0,40.7,3,0.3,3,0.3,0,0.0,4.8,4.0,0,0.0,0,
flight_number_time_bucket,SJU,BWI,WN,WN4355.0,BWI→SJU,afternoon,,2024-01-01,2024-12-31,18,18,0,0,0.0,0,0.0,0,0.0,6.5,7.0,28.7,16.61,14.5,30.2,9,0.5,2,0.111111,0,0.0,6.28,7.0,1,0.5,0,
flight_number_time_bucket,SJU,BWI,WN,WN4375.0,BWI→SJU,afternoon,,2024-01-01,2024-12-31,9,9,0,0,0.0,0,0.0,0,0.0,7.22,11.0,19.6,11.44,11.0,19.2,2,0.222222,0,0.0,0,0.0,1.56,0.0,0,,0,
flight_number_time_bucket,SJU,BWI,WN,WN4375.0,BWI→SJU,evening,,2024-01-01,2024-12-31,9,9,0,0,0.0,2,0.222222,0,0.0,31.22,18.0,86.0,38.0,20.0,74.0,7,0.777778,4,0.444444,2,0.222222,6.78,11.0,1,0.25,0,0.0
flight_number_time_bucket,SJU,BWI,WN,WN4398.0,BWI→SJU,early_morning,,2024-01-01,2024-12-31,24,24,0,0,0.0,0,0.0,0,0.0,-6.04,-7.0,12.1,7.0,1.0,25.9,4,0.166667,2,0.083333,0,0.0,3.96,0.0,1,0.5,0,
flight_number_time_bucket,SJU,BWI,WN,WN4398.0,BWI→SJU,late_morning,,2024-01-01,2024-12-31,32,32,0,0,0.0,1,0.03125,0,0.0,-3.72,-11.0,15.9,7.62,1.0,21.0,5,0.15625,2,0.0625,1,0.03125,0.84,0.5,0,0.0,0,0.0
flight_number_time_bucket,SJU,BWI,WN,WN4399.0,BWI→SJU,evening,,2024-01-01,2024-12-31,49,49,0,0,0.0,2,0.040816,0,0.0,11.61,11.0,42.2,19.41,13.0,45.2,23,0.469388,13,0.265306,2,0.040816,2.63,4.0,0,0.0,0,0.0
flight_number_time_bucket,SJU,BWI,WN,WN4399.0,BWI→SJU,night,,2024-01-01,2024-12-31,7,7,0,0,0.0,0,0.0,0,0.0,4.86,-6.0,29.4,8.14,1.0,22.2,1,0.142857,1,0.142857,0,0.0,-2.0,0.0,0,0.0,0,
flight_number_time_bucket,SJU,BWI,WN,WN541.0,BWI→SJU,afternoon,,2024-01-01,2024-12-31,4,4,0,0,0.0,1,0.25,0,0.0,41.25,34.5,77.3,36.75,29.5,75.1,2,0.5,2,0.5,1,0.25,-4.5,-4.0,0,0.0,0,0.0
flight_number_time_bucket,SJU,BWI,WN,WN6464.0,BWI→SJU,evening,,2024-01-01,2024-12-31,1,1,0,0,0.0,0,0.0,0,0.0,37.0,37.0,37.0,11.0,11.0,11.0,0,0.0,0,0.0,0,0.0,-26.0,-26.0,0,,0,
flight_number_time_bucket,SJU,BWI,WN,WN758.0,BWI→SJU,late_morning,,2024-01-01,2024-12-31,22,22,0,0,0.0,0,0.0,0,0.0,8.5,4.0,36.2,10.86,7.0,21.0,6,0.272727,2,0.090909,0,0.0,-1.36,0.5,0,0.0,0,
flight_number_time_bucket,SJU,BWI,WN,WN800.0,BWI→SJU,early_morning,,2024-01-01,2024-12-31,1,1,0,0,0.0,0,0.0,0,0.0,2.0,2.0,2.0,0.0,0.0,0.0,0,0.0,0,0.0,0,0.0,-2.0,-2.0,0,,0,
flight_number_time_bucket,SJU,BWI,WN,WN854.0,BWI→SJU,early_morning,,2024-01-01,2024-12-31,1,1,0,0,0.0,0,0.0,0,0.0,-1.0,-1.0,-1.0,6.0,6.0,6.0,0,0.0,0,0.0,0,0.0,6.0,6.0,0,,0,
flight_number_time_bucket,SJU,BWI,WN,WN948.0,BWI→SJU,early_morning,,2024-01-01,2024-12-31,28,28,0,0,0.0,2,0.071429,0,0.0,7.18,0.0,50.4,7.75,1.0,34.3,5,0.178571,4,0.142857,0,0.0,-5.93,0.0,0,0.0,0,
flight_number_time_bucket,SJU,BWI,WN,WN948.0,BWI→SJU,late_morning,,2024-01-01,2024-12-31,5,5,0,0,0.0,1,0.2,0,0.0,6.6,-10.0,47.4,23.2,4.0,64.0,2,0.4,1,0.2,1,0.2,7.2,4.0,0,0.0,0,0.0
flight_number_time_bucket,SJU,BWI,WN,WN949.0,BWI→SJU,evening,,2024-01-01,2024-12-31,23,23,0,0,0.0,3,0.130435,1,0.043478,27.35,10.0,68.6,34.96,22.0,77.6,14,0.608696,8,0.347826,3,0.130435,3.3,2.0,0,0.0,0,0.0
flight_number_time_bucket,SJU,BWI,WN,WN949.0,BWI→SJU,night,,2024-01-01,2024-12-31,10,10,0,0,0.0,2,0.2,0,0.0,27.7,12.0,84.4,29.7,19.5,71.5,6,0.6,4,0.4,3,0.3,-2.5,0.5,0,0.0,0,0.0
flight_number_time_bucket,SJU,BWI,WN,WN967.0,BWI→SJU,early_morning,,2024-01-01,2024-12-31,1,1,0,0,0.0,0,0.0,0,0.0,-37.0,-37.0,-37.0,0.0,0.0,0.0,0,0.0,0,0.0,0,0.0,0.0,0.0,0,,0,
flight_number_time_bucket,SJU,CLE,F9,F93140.0,CLE→SJU,evening,,2024-01-01,2024-12-31,3,3,0,0,0.0,0,0.0,0,0.0,-6.67,-10.0,13.2,6.33,5.0,12.2,0,0.0,0,0.0,0,0.0,0.0,0.0,0,,0,
flight_number_time_bucket,SJU,CLE,F9,F94120.0,CLE→SJU,evening,,2024-01-01,2024-12-31,8,8,0,0,0.0,1,0.125,0,0.0,20.25,7.0,68.1,28.38,10.5,67.7,3,0.375,3,0.375,1,0.125,-0.25,1.5,0,0.0,0,0.0
flight_number_time_bucket,SJU,CLE,F9,F94140.0,CLE→SJU,evening,,2024-01-01,2024-12-31,4,3,1,0,0.25,0,0.0,0,0.0,4.67,6.0,12.4,12.0,0.0,28.8,1,0.333333,1,0.333333,0,0.0,5.33,0.0,1,1.0,0,
flight_number_time_bucket,SJU,CLE,F9,F94140.0,CLE→SJU,late_morning,,2024-01-01,2024-12-31,188,184,4,1,0.021277,24,0.130435,4,0.021739,18.17,0.0,77.8,22.73,0.0,63.6,43,0.233696,33,0.179348,20,0.108696,-2.81,0.0,2,0.060606,0,0.0
flight_number_time_bucket,SJU,CLT,AA,AA1737.0,CLT→SJU,afternoon,,2024-01-01,2024-12-31,7,7,0,0,0.0,0,0.0,0,0.0,5.86,0.0,23.2,10.0,3.0,24.6,1,0.142857,1,0.142857,0,0.0,1.71,0.0,0,0.0,0,
flight_number_time_bucket,SJU,CLT,AA,AA1847.0,CLT→SJU,early_morning,,2024-01-01,2024-12-31,28,28,0,0,0.0,1,0.035714,0,0.0,-6.61,-15.5,26.5,8.71,0.0,27.9,6,0.214286,2,0.071429,1,0.035714,1.61,0.0,0,0.0,0,0.0
flight_number_time_bucket,SJU,CLT,AA,AA1852.0,CLT→SJU,early_morning,,2024-01-01,2024-12-31,86,86,0,0,0.0,1,0.011628,0,0.0,-15.98,-20.0,5.5,4.5,0.0,14.5,8,0.093023,5,0.05814,1,0.011628,1.4,0.0,1,0.2,0,0.0
flight_number_time_bucket,SJU,CLT,AA,AA1881.0,CLT→SJU,afternoon,,2024-01-01,2024-12-31,32,32,0,0,0.0,4,0.125,2,0.0625,12.81,-9.0,60.7,24.59,0.0,68.9,9,0.28125,5,0.15625,4,0.125,2.19,0.0,0,0.0,0,0.0
flight_number_time_bucket,SJU,CLT,AA,AA1998.0,CLT→SJU,red_eye,,2024-01-01,2024-12-31,1,1,0,0,0.0,0,0.0,0,0.0,60.0,60.0,60.0,66.0,66.0,66.0,1,1.0,1,1.0,1,1.0,6.0,6.0,0,0.0,0,0.0
flight_number_time_bucket,SJU,CLT,AA,AA2150.0,CLT→SJU,afternoon,,2024-01-01,2024-12-31,58,58,0,0,0.0,6,0.103448,2,0.034483,41.97,-9.0,56.0,53.47,0.0,63.7,11,0.189655,9,0.155172,6,0.103448,1.19,0.0,0,0.0,0,0.0
flight_number_time_bucket,SJU,CLT,AA,AA2150.0,CLT→SJU,late_morning,,2024-01-01,2024-12-31,150,150,0,0,0.0,11,0.073333,4,0.026667,10.35,-3.0,40.0,18.06,2.0,39.4,43,0.286667,28,0.186667,9,0.06,-0.2,0.0,1,0.035714,0,0.0
flight_number_time_bucket,SJU,CLT,AA,AA2218.0,CLT→SJU,afternoon,,2024-01-01,2024-12-31,49,48,1,0,0.020408,1,0.020833,1,0.020833,13.85,-11.0,14.0,27.33,0.0,12.8,5,0.104167,4,0.083333,3,0.0625,1.06,0.0,0,0.0,0,0.0
flight_number_time_bucket,SJU,CLT,AA,AA2436.0,CLT→SJU,early_morning,,2024-01-01,2024-12-31,38,38,0,0,0.0,1,0.026316,0,0.0,-7.47,-13.0,12.4,4.71,0.0,15.2,4,0.105263,2,0.052632,1,0.026316,0.29,0.0,1,0.5,0,0.0
flight_number_time_bucket,SJU,CLT,AA,AA2436.0,CLT→SJU,late_morning,,2024-01-01,2024-12-31,8,8,0,0,0.0,0,0.0,0,0.0,-10.62,-11.5,0.6,0.75,0.0,1.8,0,0.0,0,0.0,0,0.0,0.5,0.0,0,,0,
flight_number_time_bucket,SJU,CLT,AA,AA2674.0,CLT→SJU,late_morning,,2024-01-01,2024-12-31,62,62,0,0,0.0,3,0.048387,1,0.016129,-6.27,-14.5,12.7,6.85,0.0,16.0,8,0.129032,2,0.032258,1,0.016129,-0.56,0.0,0,0.0,0,0.0
flight_number_time_bucket,SJU,CLT,AA,AA2830.0,CLT→SJU,evening,,2024-01-01,2024-12-31,91,91,0,0,0.0,11,0.120879,2,0.021978,19.02,-3.0,63.0,31.41,6.0,72.0,33,0.362637,20,0.21978,12,0.131868,3.46,0.0,3,0.15,0,0.0
flight_number_time_bucket,SJU,CLT,AA,AA2918.0,CLT→SJU,afternoon,,2024-01-01,2024-12-31,1,1,0,0,0.0,0,0.0,0,0.0,38.0,38.0,38.0,0.0,0.0,0.0,0,0.0,0,0.0,0,0.0,-38.0,-38.0,0,,0,
flight_number_time_bucket,SJU,CLT,AA,AA2918.0,CLT→SJU,evening,,2024-01-01,2024-12-31,55,55,0,0,0.0,1,0.018182,0,0.0,-2.51,-8.0,21.8,11.09,0.0,35.0,11,0.2,7,0.127273,2,0.036364,3.44,0.0,1,0.125,0,0.0
flight_number_time_bucket,SJU,CLT,AA,AA2918.0,CLT→SJU,late_morning,,2024-01-01,2024-12-31,1,1,0,0,0.0,0,0.0,0,0.0,-30.0,-30.0,-30.0,0.0,0.0,0.0,0,0.0,0,0.0,0,0.0,0.0,0.0,0,,0,
flight_number_time_bucket,SJU,CLT,AA,AA2993.0,CLT→SJU,afternoon,,2024-01-01,2024-12-31,7,7,0,0,0.0,0,0.0,0,0.0,-8.86,-21.0,23.6,10.14,0.0,26.4,1,0.142857,1,0.142857,0,0.0,2.0,0.0,0,0.0,0,
flight_number_time_bucket,SJU,CLT,AA,AA2993.0,CLT→SJU,evening,,2024-01-01,2024-12-31,145,142,3,3,0.02069,35,0.246479,11,0.077465,65.19,14.0,112.2,74.5,23.0,121.6,78,0.549296,61,0.429577,40,0.28169,5.8,5.0,3,0.048387,0,0.0
flight_number_time_bucket,SJU,CLT,AA,AA3016.0,CLT→SJU,red_eye,,2024-01-01,2024-12-31,1,1,0,0,0.0,0,0.0,0,0.0,-7.0,-7.0,-7.0,17.0,17.0,17.0,1,1.0,0,0.0,0,0.0,17.0,17.0,0,,0,
flight_number_time_bucket,SJU,CLT,AA,AA750.0,CLT→SJU,early_morning,,2024-01-01,2024-12-31,27,27,0,0,0.0,4,0.148148,0,0.0,14.44,-5.0,81.6,19.96,0.0,80.4,6,0.222222,4,0.148148,4,0.148148,-0.93,0.0,0,0.0,0,0.0
flight_number_time_bucket,SJU,CLT,AA,AA783.0,CLT→SJU,late_morning,,2024-01-01,2024-12-31,141,141,0,0,0.0,2,0.014184,1,0.007092,-0.41,-6.0,24.0,6.16,0.0,15.0,14,0.099291,5,0.035461,2,0.014184,-2.45,0.0,1,0.166667,0,0.0
flight_number_time_bucket,SJU,CLT,F9,F93004.0,CLT→SJU,evening,,2024-01-01,2024-12-31,38,38,0,0,0.0,2,0.052632,0,0.0,5.34,-2.5,39.8,17.66,2.5,44.3,13,0.342105,9,0.236842,2,0.052632,2.89,0.0,0,0.0,0,0.0
flight_number_time_bucket,SJU,CLT,F9,F93004.0,CLT→SJU,late_morning,,2024-01-01,2024-12-31,69,67,2,0,0.028986,11,0.164179,2,0.029851,50.6,27.0,63.8,42.94,14.0,61.4,31,0.462687,20,0.298507,7,0.104478,-8.18,-6.0,0,0.0,0,0.0
flight_number_time_bucket,SJU,CLT,F9,F93004.0,CLT→SJU,night,,2024-01-01,2024-12-31,11,11,0,0,0.0,3,0.272727,0,0.0,25.55,16.0,82.0,32.36,13.0,73.0,5,0.454545,5,0.454545,3,0.272727,0.82,0.0,0,0.0,0,0.0
flight_number_time_bucket,SJU,CLT,F9,F94722.0,CLT→SJU,night,,2024-01-01,2024-12-31,1,1,0,0,0.0,1,1.0,1,1.0,1061.0,1061.0,1061.0,1042.0,1042.0,1042.0,1,1.0,1,1.0,1,1.0,-19.0,-19.0,0,0.0,0,0.0
flight_number_time_bucket,SJU,DCA,B6,B61347.0,DCA→SJU,early_morning,,2024-01-01,2024-12-31,366,365,1,2,0.002732,31,0.084932,6,0.016438,6.61,-7.0,51.0,13.98,0.0,30.8,58,0.158904,37,0.10137,24,0.065753,-3.39,0.0,0,0.0,0,0.0
flight_number_time_bucket,SJU,DEN,UA,UA1339.0,DEN→SJU,late_morning,,2024-01-01,2024-12-31,307,305,2,0,0.006515,11,0.036066,2,0.006557,7.51,2.0,35.6,8.82,0.0,21.8,45,0.147541,18,0.059016,10,0.032787,-4.36,0.0,1,0.05,0,0.0
flight_number_time_bucket,SJU,DFW,AA,AA164.0,DFW→SJU,early_morning,,2024-01-01,2024-12-31,24,24,0,0,0.0,0,0.0,0,0.0,-9.25,-9.0,1.7,8.04,0.0,34.7,4,0.166667,3,0.125,0,0.0,6.92,0.0,2,0.666667,0,
flight_number_time_bucket,SJU,DFW,AA,AA1821.0,DFW→SJU,early_morning,,2024-01-01,2024-12-31,32,32,0,1,0.0,3,0.09375,0,0.0,8.06,-2.0,45.0,6.1,0.0,19.0,5,0.15625,1,0.03125,1,0.03125,-8.26,0.0,0,0.0,0,0.0
flight_number_time_bucket,SJU,DFW,AA,AA1823.0,DFW→SJU,night,,2024-01-01,2024-12-31,10,10,0,0,0.0,1,0.1,0,0.0,18.6,10.5,36.7,22.0,10.0,37.6,3,0.3,1,0.1,1,0.1,-0.9,2.5,0,0.0,0,0.0
flight_number_time_bucket,SJU,DFW,AA,AA188.0,DFW→SJU,evening,,2024-01-01,2024-12-31,61,61,0,0,0.0,15,0.245902,2,0.032787,38.64,22.0,92.0,39.95,18.0,91.0,33,0.540984,24,0.393443,12,0.196721,-0.2,0.0,0,0.0,0,0.0
flight_number_time_bucket,SJU,DFW,AA,AA2138.0,DFW→SJU,evening,,2024-01-01,2024-12-31,1,1,0,0,0.0,1,1.0,1,1.0,259.0,259.0,259.0,240.0,240.0,240.0,1,1.0,1,1.0,1,1.0,-19.0,-19.0,0,0.0,0,0.0
flight_number_time_bucket,SJU,DFW,AA,AA2144.0,DFW→SJU,late_morning,,2024-01-01,2024-12-31,9,9,0,0,0.0,2,0.222222,1,0.111111,40.67,1.0,126.4,45.22,9.0,119.4,4,0.444444,4,0.444444,2,0.222222,2.56,0.0,0,0.0,0,0.0
flight_number_time_bucket,SJU,DFW,AA,AA2154.0,DFW→SJU,evening,,2024-01-01,2024-12-31,29,27,2,0,0.068966,7,0.259259,0,0.0,35.41,28.0,102.2,45.89,35.0,120.4,18,0.666667,16,0.592593,7,0.259259,3.89,0.0,1,0.0625,0,0.0
flight_number_time_bucket,SJU,DFW,AA,AA2233.0,DFW→SJU,early_morning,,2024-01-01,2024-12-31,30,30,0,1,0.0,4,0.133333,0,0.0,17.66,-4.0,120.0,25.97,3.0,108.4,8,0.266667,6,0.2,5,0.166667,0.52,0.0,0,0.0,0,0.0
flight_number_time_bucket,SJU,DFW,AA,AA2437.0,DFW→SJU,early_morning,,2024-01-01,2024-12-31,150,150,0,1,0.0,11,0.073333,3,0.02,7.0,-3.0,45.8,14.58,0.0,41.2,33,0.22,20,0.133333,8,0.053333,-3.05,0.0,2,0.1,0,0.0
flight_number_time_bucket,SJU,DFW,AA,AA2481.0,DFW→SJU,evening,,2024-01-01,2024-12-31,7,7,0,0,0.0,0,0.0,0,0.0,4.29,-2.0,42.2,24.43,12.0,60.8,3,0.428571,2,0.285714,1,0.142857,11.14,10.0,0,0.0,0,0.0
flight_number_time_bucket,SJU,DFW,AA,AA2552.0,DFW→SJU,afternoon,,2024-01-01,2024-12-31,5,5,0,0,0.0,1,0.2,0,0.0,13.2,-4.0,65.8,23.4,0.0,67.6,1,0.2,1,0.2,1,0.2,1.2,0.0,0,0.0,0,0.0
flight_number_time_bucket,SJU,DFW,AA,AA3074.0,DFW→SJU,afternoon,,2024-01-01,2024-12-31,24,24,0,0,0.0,1,0.041667,0,0.0,5.29,-5.0,50.8,13.92,1.5,46.4,8,0.333333,4,0.166667,1,0.041667,1.33,0.0,0,0.0,0,0.0
flight_number_time_bucket,SJU,DFW,AA,AA3074.0,DFW→SJU,night,,2024-01-01,2024-12-31,16,16,0,0,0.0,0,0.0,0,0.0,-5.62,-7.5,8.5,9.06,4.0,21.5,2,0.125,1,0.0625,0,0.0,6.06,4.0,0,0.0,0,
flight_number_time_bucket,SJU,DFW,AA,AA447.0,DFW→SJU,early_morning,,2024-01-01,2024-12-31,28,28,0,0,0.0,2,0.071429,1,0.035714,6.57,-13.5,46.1,22.79,0.0,70.9,6,0.214286,5,0.178571,5,0.178571,2.64,0.0,0,0.0,0,0.0
flight_number_time_bucket,SJU,DFW,AA,AA452.0,DFW→SJU,early_morning,,2024-01-01,2024-12-31,28,28,0,1,0.0,0,0.0,0,0.0,-21.04,-23.0,-5.6,3.07,0.0,10.8,3,0.107143,1,0.035714,0,0.0,1.89,0.0,0,0.0,0,
flight_number_time_bucket,SJU,DFW,AA,AA970.0,DFW→SJU,night,,2024-01-01,2024-12-31,31,31,0,0,0.0,5,0.16129,1,0.032258,42.77,8.0,86.0,52.32,8.0,91.0,11,0.354839,9,0.290323,5,0.16129,3.71,3.0,0,0.0,0,0.0
flight_number_time_bucket,SJU,DFW,F9,F93082.0,DFW→SJU,early_morning,,2024-01-01,2024-12-31,9,9,0,0,0.0,1,0.111111,0,0.0,26.0,8.0,70.0,20.22,0.0,44.0,1,0.111111,1,0.111111,1,0.111111,-10.78,0.0,0,0.0,0,0.0
flight_number_time_bucket,SJU,DFW,F9,F93082.0,DFW→SJU,late_morning,,2024-01-01,2024-12-31,2,2,0,0,0.0,0,0.0,0,0.0,-1.0,-1.0,8.6,9.0,9.0,16.2,1,0.5,0,0.0,0,0.0,3.5,3.5,0,,0,
flight_number_time_bucket,SJU,DFW,F9,F94250.0,DFW→SJU,night,,2024-01-01,2024-12-31,104,101,3,0,0.028846,19,0.188119,0,0.0,29.18,20.0,81.0,33.84,20.0,81.0,54,0.534653,42,0.415842,24,0.237624,2.75,4.0,0,0.0,0,0.0
flight_number_time_bucket,SJU,DFW,NK,NK1110.0,DFW→SJU,afternoon,,2024-01-01,2024-12-31,159,157,2,0,0.012579,22,0.140127,2,0.012739,15.43,-3.0,99.2,22.73,1.0,71.0,50,0.318471,36,0.229299,20,0.127389,-0.46,0.0,3,0.083333,0,0.0
flight_number_time_bucket,SJU,DFW,NK,NK1110.0,DFW→SJU,early_morning,,2024-01-01,2024-12-31,53,53,0,0,0.0,1,0.018868,1,0.018868,-1.13,-11.0,20.6,9.77,0.0,28.0,8,0.150943,4,0.075472,1,0.018868,-1.6,0.0,0,0.0,0,0.0
flight_number_time_bucket,SJU,DFW,NK,NK1110.0,DFW→SJU,late_morning,,2024-01-01,2024-12-31,2,2,0,0,0.0,0,0.0,0,0.0,-18.0,-18.0,-7.6,1.5,1.5,2.7,0,0.0,0,0.0,0,0.0,1.5,1.5,0,,0,
flight_number_time_bucket,SJU,DFW,NK,NK1330.0,DFW→SJU,early_morning,,2024-01-01,2024-12-31,27,27,0,0,0.0,2,0.074074,1,0.037037,14.22,1.0,40.6,17.59,5.0,39.8,7,0.259259,4,0.148148,1,0.037037,-0.07,0.0,0,0.0,0,0.0
flight_number_time_bucket,SJU,DFW,NK,NK1861.0,DFW→SJU,late_morning,,2024-01-01,2024-12-31,15,14,1,0,0.066667,2,0.142857,0,0.0,17.21,5.5,74.4,33.43,31.0,60.9,9,0.642857,7,0.5,2,0.142857,10.57,9.5,2,0.285714,0,0.0
flight_number_time_bucket,SJU,DFW,NK,NK3707.0,DFW→SJU,early_morning,,2024-01-01,2024-12-31,92,92,0,0,0.0,7,0.076087,2,0.021739,13.25,-1.0,48.2,17.82,0.0,44.7,18,0.195652,13,0.141304,7,0.076087,-0.6,0.0,0,0.0,0,0.0
flight_number_time_bucket,SJU,DTW,DL,DL1857.0,DTW→SJU,late_morning,,2024-01-01,2024-12-31,13,13,0,0,0.0,3,0.230769,2,0.153846,43.38,3.0,181.4,43.15,0.0,169.8,3,0.230769,3,0.230769,3,0.230769,-4.0,-2.0,0,0.0,0,0.0
flight_number_time_bucket,SJU,DTW,DL,DL1885.0,DTW→SJU,late_morning,,2024-01-01,2024-12-31,13,13,0,0,0.0,0,0.0,0,0.0,-0.46,-3.0,16.6,1.46,0.0,3.8,0,0.0,0,0.0,0,0.0,-3.85,0.0,0,,0,
flight_number_time_bucket,SJU,DTW,DL,DL1913.0,DTW→SJU,early_morning,,2024-01-01,2024-12-31,129,129,0,0,0.0,4,0.031008,0,0.0,-2.43,-8.0,25.8,5.24,0.0,11.0,12,0.093023,6,0.046512,3,0.023256,-2.94,0.0,1,0.166667,0,0.0
flight_number_time_bucket,SJU,DTW,DL,DL1913.0,DTW→SJU,late_morning,,2024-01-01,2024-12-31,169,169,0,2,0.0,8,0.047337,2,0.011834,3.46,-4.0,21.4,10.3,0.0,23.0,22,0.130178,13,0.076923,7,0.04142,-1.01,0.0,0,0.0,0,0.0
flight_number_time_bucket,SJU,EWR,B6,B61089.0,EWR→SJU,afternoon,,2024-01-01,2024-12-31,23,23,0,0,0.0,2,0.086957,0,0.0,14.7,-3.0,54.0,21.87,7.0,53.0,9,0.391304,5,0.217391,2,0.086957,2.74,0.0,0,0.0,0,0.0
flight_number_time_bucket,SJU,EWR,B6,B61089.0,EWR→SJU,evening,,2024-01-01,2024-12-31,21,21,0,0,0.0,1,0.047619,0,0.0,-7.0,-19.0,34.0,4.1,0.0,0.0,1,0.047619,1,0.047619,1,0.047619,-4.52,0.0,0,0.0,0,0.0
flight_number_time_bucket,SJU,EWR,B6,B61289.0,EWR→SJU,afternoon,,2024-01-01,2024-12-31,10,10,0,0,0.0,1,0.1,0,0.0,8.7,-5.0,54.1,11.6,5.5,21.4,3,0.3,1,0.1,1,0.1,-3.8,0.0,0,0.0,0,0.0
flight_number_time_bucket,SJU,EWR,B6,B61289.0,EWR→SJU,early_morning,,2024-01-01,2024-12-31,75,75,0,0,0.0,3,0.04,1,0.013333,-2.89,-12.0,27.0,9.19,0.0,21.8,11,0.146667,6,0.08,4,0.053333,-2.11,0.0,0,0.0,0,0.0
flight_number_time_bucket,SJU,EWR,B6,B61289.0,EWR→SJU,evening,,2024-01-01,2024-12-31,89,86,3,0,0.033708,21,0.244186,6,0.069767,50.53,21.0,138.0,50.94,7.0,136.5,38,0.44186,33,0.383721,18,0.209302,-5.56,0.0,0,0.0,0,0.0
flight_number_time_bucket,SJU,EWR,B6,B61289.0,EWR→SJU,night,,2024-01-01,2024-12-31,43,43,0,0,0.0,4,0.093023,1,0.023256,8.21,-11.0,57.6,26.6,0.0,86.6,15,0.348837,11,0.255814,7,0.162791,5.42,0.0,0,0.0,0,0.0
flight_number_time_bucket,SJU,EWR,B6,B61389.0,EWR→SJU,early_morning,,2024-01-01,2024-12-31,13,13,0,0,0.0,2,0.153846,0,0.0,15.15,13.0,63.4,5.0,0.0,15.6,2,0.153846,1,0.076923,0,0.0,-17.31,-2.0,0,0.0,0,
flight_number_time_bucket,SJU,EWR,B6,B61489.0,EWR→SJU,afternoon,,2024-01-01,2024-12-31,13,13,0,0,0.0,0,0.0,0,0.0,4.15,-1.0,25.8,4.77,0.0,18.0,2,0.153846,0,0.0,0,0.0,-2.92,0.0,0,,0,
flight_number_time_bucket,SJU,EWR,B6,B61589.0,EWR→SJU,early_morning,,2024-01-01,2024-12-31,3,3,0,0,0.0,1,0.333333,0,0.0,63.33,58.0,124.4,46.33,0.0,111.2,1,0.333333,1,0.333333,1,0.333333,-20.0,-2.0,0,0.0,0,0.0
flight_number_time_bucket,SJU,EWR,B6,B61589.0,EWR→SJU,late_morning,,2024-01-01,2024-12-31,42,41,1,0,0.02381,2,0.04878,0,0.0,2.73,-7.0,36.0,5.66,0.0,13.0,4,0.097561,3,0.073171,1,0.02439,-5.78,0.0,0,0.0,0,0.0
flight_number_time_bucket,SJU,EWR,B6,B61889.0,EWR→SJU,early_morning,,2024-01-01,2024-12-31,96,96,0,0,0.0,6,0.0625,4,0.041667,0.69,-12.0,17.5,12.53,0.0,8.5,8,0.083333,7,0.072917,6,0.0625,-0.46,0.0,0,0.0,0,0.0
flight_number_time_bucket,SJU,EWR,B6,B61889.0,EWR→SJU,late_morning,,2024-01-01,2024-12-31,83,82,1,0,0.012048,8,0.097561,3,0.036585,11.51,-3.5,45.6,15.98,0.0,31.3,14,0.170732,9,0.109756,5,0.060976,-2.91,0.0,0,0.0,0,0.0
flight_number_time_bucket,SJU,EWR,B6,B62189.0,EWR→SJU,night,,2024-01-01,2024-12-31,1,1,0,0,0.0,0,0.0,0,0.0,14.0,14.0,14.0,35.0,35.0,35.0,1,1.0,1,1.0,0,0.0,21.0,21.0,1,1.0,0,
flight_number_time_bucket,SJU,EWR,B6,B62389.0,EWR→SJU,afternoon,,2024-01-01,2024-12-31,35,35,0,0,0.0,2,0.057143,0,0.0,3.91,-6.0,22.0,11.31,2.0,26.6,7,0.2,3,0.085714,1,0.028571,-1.54,0.0,0,0.0,0,0.0
flight_number_time_bucket,SJU,EWR,B6,B62389.0,EWR→SJU,evening,,2024-01-01,2024-12-31,1,1,0,0,0.0,1,1.0,0,0.0,135.0,135.0,135.0,96.0,96.0,96.0,1,1.0,1,1.0,1,1.0,-39.0,-39.0,0,0.0,0,0.0
flight_number_time_bucket,SJU,EWR,B6,B62389.0,EWR→SJU,late_morning,,2024-01-01,2024-12-31,27,27,0,0,0.0,2,0.074074,0,0.0,9.07,5.0,24.8,6.37,0.0,7.0,2,0.074074,2,0.074074,2,0.074074,-7.37,0.0,0,0.0,0,0.0
flight_number_time_bucket,SJU,EWR,B6,B6389.0,EWR→SJU,evening,,2024-01-01,2024-12-31,9,8,1,0,0.111111,1,0.125,0,0.0,5.25,-13.0,81.4,29.75,0.0,92.5,2,0.25,2,0.25,2,0.25,5.0,0.0,0,0.0,0,0.0
flight_number_time_bucket,SJU,EWR,F9,F91061.0,EWR→SJU,early_morning,,2024-01-01,2024-12-31,1,1,0,0,0.0,0,0.0,0,0.0,37.0,37.0,37.0,0.0,0.0,0.0,0,0.0,0,0.0,0,0.0,-37.0,-37.0,0,,0,
flight_number_time_bucket,SJU,EWR,F9,F93571.0,EWR→SJU,early_morning,,2024-01-01,2024-12-31,186,184,2,0,0.010753,20,0.108696,11,0.059783,25.25,-3.5,62.7,33.81,0.0,48.0,38,0.206522,25,0.13587,17,0.092391,-0.44,0.0,3,0.12,0,0.0
flight_number_time_bucket,SJU,EWR,F9,F93573.0,EWR→SJU,afternoon,,2024-01-01,2024-12-31,55,55,0,1,0.0,2,0.036364,1,0.018182,8.31,1.0,34.4,14.15,5.5,31.4,19,0.345455,6,0.109091,1,0.018182,-0.09,0.0,1,0.125,0,0.0
flight_number_time_bucket,SJU,EWR,F9,F93573.0,EWR→SJU,late_morning,,2024-01-01,2024-12-31,73,70,3,1,0.041096,13,0.185714,2,0.028571,33.07,6.0,85.4,33.17,4.0,81.4,24,0.342857,18,0.257143,12,0.171429,-4.58,0.0,0,0.0,0,0.0
flight_number_time_bucket,SJU,EWR,NK,NK1035.0,EWR→SJU,evening,,2024-01-01,2024-12-31,47,43,4,0,0.085106,9,0.209302,1,0.023256,25.35,12.0,95.4,33.7,9.0,108.6,20,0.465116,16,0.372093,8,0.186047,0.0,0.0,1,0.058824,0,0.0
flight_number_time_bucket,SJU,EWR,NK,NK1035.0,EWR→SJU,night,,2024-01-01,2024-12-31,144,141,3,0,0.020833,16,0.113475,2,0.014184,14.45,-4.0,66.0,26.67,1.0,78.0,44,0.312057,31,0.219858,17,0.120567,2.23,0.0,3,0.096774,0,0.0
flight_number_time_bucket,SJU,EWR,NK,NK1679.0,EWR→SJU,evening,,2024-01-01,2024-12-31,65,64,1,0,0.015385,6,0.09375,1,0.015625,-0.78,-16.0,48.9,18.61,0.0,65.8,21,0.328125,9,0.140625,7,0.109375,2.86,0.0,1,0.111111,0,0.0
flight_number_time_bucket,SJU,EWR,UA,UA1543.0,EWR→SJU,evening,,2024-01-01,2024-12-31,364,360,4,2,0.010989,64,0.177778,8,0.022222,24.27,8.0,87.3,28.32,8.0,83.6,143,0.397222,107,0.297222,60,0.166667,-1.81,0.0,5,0.045872,0,0.0
flight_number_time_bucket,SJU,EWR,UA,UA1543.0,EWR→SJU,night,,2024-01-01,2024-12-31,1,1,0,0,0.0,0,0.0,0,0.0,4.0,4.0,4.0,0.0,0.0,0.0,0,0.0,0,0.0,0,0.0,-4.0,-4.0,0,,0,
flight_number_time_bucket,SJU,EWR,UA,UA1556.0,EWR→SJU,late_morning,,2024-01-01,2024-12-31,366,365,1,0,0.002732,22,0.060274,2,0.005479,5.74,-5.0,39.0,12.35,0.0,34.4,70,0.191781,43,0.117808,17,0.046575,-1.75,0.0,1,0.023256,0,0.0
flight_number_time_bucket,SJU,EWR,UA,UA2143.0,EWR→SJU,early_morning,,2024-01-01,2024-12-31,366,360,6,2,0.016393,36,0.1,12,0.033333,10.18,-9.5,59.2,22.15,0.0,58.0,82,0.227778,57,0.158333,33,0.091667,-0.18,0.0,2,0.035088,0,0.0
flight_number_time_bucket,SJU,FLL,B6,B61035.0,FLL→SJU,early_morning,,2024-01-01,2024-12-31,12,12,0,0,0.0,1,0.083333,0,0.0,-3.33,-14.0,19.5,5.08,0.0,17.2,2,0.166667,0,0.0,0,0.0,-2.42,0.0,0,,0,
flight_number_time_bucket,SJU,FLL,B6,B61453.0,FLL→SJU,evening,,2024-01-01,2024-12-31,261,259,2,0,0.007663,43,0.166023,7,0.027027,18.8,-1.0,86.0,30.39,6.0,96.0,106,0.409266,76,0.293436,44,0.169884,4.35,2.0,6,0.076923,0,0.0
flight_number_time_bucket,SJU,FLL,B6,B61553.0,FLL→SJU,afternoon,,2024-01-01,2024-12-31,87,87,0,0,0.0,8,0.091954,1,0.011494,10.11,-4.0,57.6,19.32,3.0,54.2,23,0.264368,16,0.183908,9,0.103448,2.46,0.0,1,0.0625,0,0.0
flight_number_time_bucket,SJU,FLL,B6,B61553.0,FLL→SJU,late_morning,,2024-01-01,2024-12-31,279,278,1,0,0.003584,15,0.053957,2,0.007194,7.61,-3.0,44.3,14.52,0.0,43.0,68,0.244604,42,0.151079,14,0.05036,-0.25,0.0,0,0.0,0,0.0
flight_number_time_bucket,SJU,FLL,B6,B61653.0,FLL→SJU,afternoon,,2024-01-01,2024-12-31,26,26,0,0,0.0,1,0.038462,0,0.0,4.92,-0.5,29.0,10.62,0.0,32.5,4,0.153846,3,0.115385,1,0.038462,0.0,0.0,0,0.0,0,0.0
flight_number_time_bucket,SJU,FLL,B6,B61653.0,FLL→SJU,evening,,2024-01-01,2024-12-31,11,11,0,0,0.0,0,0.0,0,0.0,-3.82,-6.0,8.0,5.18,0.0,19.0,2,0.181818,0,0.0,0,0.0,2.64,0.0,0,,0,
flight_number_time_bucket,SJU,FLL,B6,B61653.0,FLL→SJU,late_morning,,2024-01-01,2024-12-31,15,15,0,0,0.0,0,0.0,0,0.0,3.87,10.0,17.2,13.07,8.0,29.8,6,0.4,2,0.133333,0,0.0,4.07,5.0,0,0.0,0,
flight_number_time_bucket,SJU,FLL,B6,B61753.0,FLL→SJU,afternoon,,2024-01-01,2024-12-31,14,14,0,0,0.0,2,0.142857,0,0.0,18.93,15.0,61.0,25.07,15.0,59.4,7,0.5,6,0.428571,1,0.071429,0.71,0.0,0,0.0,0,0.0
flight_number_time_bucket,SJU,FLL,B6,B61773.0,FLL→SJU,night,,2024-01-01,2024-12-31,1,1,0,0,0.0,0,0.0,0,0.0,38.0,38.0,38.0,49.0,49.0,49.0,1,1.0,1,1.0,0,0.0,11.0,11.0,0,0.0,0,
flight_number_time_bucket,SJU,FLL,B6,B62153.0,FLL→SJU,afternoon,,2024-01-01,2024-12-31,13,13,0,0,0.0,2,0.153846,1,0.076923,37.69,2.0,71.4,39.85,3.0,82.2,5,0.384615,2,0.153846,2,0.153846,-0.85,0.0,0,0.0,0,0.0
flight_number_time_bucket,SJU,FLL,B6,B62191.0,FLL→SJU,early_morning,,2024-01-01,2024-12-31,13,13,0,0,0.0,0,0.0,0,0.0,-5.23,-6.0,2.0,1.0,0.0,0.0,0,0.0,0,0.0,0,0.0,-0.62,0.0,0,,0,
flight_number_time_bucket,SJU,FLL,B6,B62353.0,FLL→SJU,afternoon,,2024-01-01,2024-12-31,37,36,1,0,0.027027,1,0.027778,1,0.027778,10.92,-6.0,47.5,22.03,8.0,46.0,13,0.361111,7,0.194444,2,0.055556,4.14,0.0,0,0.0,0,0.0
flight_number_time_bucket,SJU,FLL,B6,B62453.0,FLL→SJU,night,,2024-01-01,2024-12-31,3,3,0,0,0.0,0,0.0,0,0.0,14.0,13.0,33.0,19.67,18.0,34.8,2,0.666667,1,0.333333,0,0.0,2.67,2.0,0,0.0,0,
flight_number_time_bucket,SJU,FLL,B6,B6253.0,FLL→SJU,early_morning,,2024-01-01,2024-12-31,176,174,2,0,0.011364,1,0.005747,0,0.0,-7.7,-11.0,7.0,2.76,0.0,10.0,9,0.051724,5,0.028736,1,0.005747,0.02,0.0,0,0.0,0,0.0
flight_number_time_bucket,SJU,FLL,B6,B6253.0,FLL→SJU,late_morning,,2024-01-01,2024-12-31,77,77,0,0,0.0,6,0.077922,2,0.025974,8.48,-9.0,44.6,19.43,1.0,48.4,19,0.246753,12,0.155844,5,0.064935,1.4,0.0,0,0.0,0,0.0
flight_number_time_bucket,SJU,FLL,B6,B62953.0,FLL→SJU,early_morning,,2024-01-01,2024-12-31,4,4,0,0,0.0,1,0.25,0,0.0,17.75,4.0,64.9,28.5,19.0,64.6,2,0.5,2,0.5,1,0.25,2.75,0.0,0,0.0,0,0.0
flight_number_time_bucket,SJU,FLL,B6,B6353.0,FLL→SJU,afternoon,,2024-01-01,2024-12-31,55,55,0,0,0.0,8,0.145455,1,0.018182,14.82,-2.0,85.2,23.65,6.0,74.0,20,0.363636,11,0.2,6,0.109091,0.64,0.0,0,0.0,0,0.0
flight_number_time_bucket,SJU,FLL,B6,B6353.0,FLL→SJU,early_morning,,2024-01-01,2024-12-31,36,36,0,0,0.0,0,0.0,0,0.0,-8.78,-10.0,2.0,0.0,0.0,0.0,0,0.0,0,0.0,0,0.0,-1.22,0.0,0,,0,
flight_number_time_bucket,SJU,FLL,B6,B6353.0,FLL→SJU,late_morning,,2024-01-01,2024-12-31,3,3,0,0,0.0,1,0.333333,0,0.0,44.0,59.0,66.2,41.0,50.0,54.8,3,1.0,2,0.666667,0,0.0,-3.0,-9.0,0,0.0,0,
flight_number_time_bucket,SJU,FLL,B6,B6553.0,FLL→SJU,afternoon,,2024-01-01,2024-12-31,11,11,0,0,0.0,0,0.0,0,0.0,8.55,5.0,25.0,13.55,4.0,36.0,4,0.363636,2,0.181818,0,0.0,2.55,1.0,0,0.0,0,0.0
flight_number_time_bucket,SJU,FLL,B6,B6553.0,FLL→SJU,evening,,2024-01-01,2024-12-31,40,40,0,0,0.0,1,0.025,0,0.0,1.2,-6.0,30.9,10.9,0.0,39.2,10,0.25,5,0.125,2,0.05,2.02,0.0,0,0.0,0,0.0
flight_number_time_bucket,SJU,FLL,B6,B6953.0,FLL→SJU,early_morning,,2024-01-01,2024-12-31,16,16,0,0,0.0,0,0.0,0,0.0,-9.94,-13.5,1.0,1.69,0.0,2.5,1,0.0625,0,0.0,0,0.0,0.81,0.0,0,,0,
flight_number_time_bucket,SJU,FLL,B6,B6991.0,FLL→SJU,afternoon,,2024-01-01,2024-12-31,128,128,0,0,0.0,11,0.085938,4,0.03125,16.95,6.0,57.0,26.02,11.0,59.6,57,0.445312,34,0.265625,13,0.101562,4.45,3.5,2,0.057143,0,0.0
flight_number_time_bucket,SJU,FLL,B6,B6991.0,FLL→SJU,evening,,2024-01-01,2024-12-31,8,8,0,0,0.0,0,0.0,0,0.0,-5.88,-0.5,4.3,2.62,0.0,8.7,0,0.0,0,0.0,0,0.0,0.75,0.0,0,,0,
flight_number_time_bucket,SJU,FLL,B6,B6992.0,FLL→SJU,evening,,2024-01-01,2024-12-31,49,49,0,0,0.0,4,0.081633,0,0.0,4.43,-7.0,41.0,13.49,0.0,41.8,11,0.22449,7,0.142857,3,0.061224,0.41,0.0,0,0.0,0,0.0
flight_number_time_bucket,SJU,FLL,F9,F93018.0,FLL→SJU,afternoon,,2024-01-01,2024-12-31,30,30,0,0,0.0,3,0.1,1,0.033333,25.07,3.5,49.5,26.9,3.0,49.1,8,0.266667,4,0.133333,3,0.1,-1.1,0.0,0,0.0,0,0.0
flight_number_time_bucket,SJU,FLL,F9,F93018.0,FLL→SJU,early_morning,,2024-01-01,2024-12-31,1,1,0,0,0.0,0,0.0,0,0.0,13.0,13.0,13.0,20.0,20.0,20.0,1,1.0,0,0.0,0,0.0,7.0,7.0,0,,0,
flight_number_time_bucket,SJU,FLL,F9,F93018.0,FLL→SJU,late_morning,,2024-01-01,2024-12-31,57,51,6,0,0.105263,6,0.117647,1,0.019608,32.92,9.0,74.0,28.18,0.0,42.0,14,0.27451,8,0.156863,5,0.098039,-7.9,-1.0,0,0.0,0,0.0
flight_number_time_bucket,SJU,FLL,F9,F93018.0,FLL→SJU,night,,2024-01-01,2024-12-31,11,11,0,0,0.0,0,0.0,0,0.0,22.27,24.0,51.0,32.91,34.0,60.0,7,0.636364,6,0.545455,1,0.090909,7.82,7.0,0,0.0,0,0.0
flight_number_time_bucket,SJU,FLL,F9,F94916.0,FLL→SJU,night,,2024-01-01,2024-12-31,2,2,0,0,0.0,1,0.5,0,0.0,72.5,72.5,142.5,80.0,80.0,144.0,1,0.5,1,0.5,1,0.5,0.0,0.0,0,0.0,0,0.0
flight_number_time_bucket,SJU,FLL,NK,NK1524.0,FLL→SJU,early_morning,,2024-01-01,2024-12-31,55,55,0,1,0.0,2,0.036364,0,0.0,4.26,-1.5,35.8,9.52,0.0,31.6,11,0.2,6,0.109091,1,0.018182,-0.11,0.0,0,0.0,0,0.0
flight_number_time_bucket,SJU,FLL,NK,NK1524.0,FLL→SJU,late_morning,,2024-01-01,2024-12-31,170,169,1,0,0.005882,4,0.023669,0,0.0,-0.54,-7.0,20.0,8.53,0.0,24.2,29,0.171598,15,0.088757,4,0.023669,1.62,0.0,0,0.0,0,0.0
flight_number_time_bucket,SJU,FLL,NK,NK261.0,FLL→SJU,afternoon,,2024-01-01,2024-12-31,87,85,2,0,0.022989,10,0.117647,1,0.011765,15.76,-3.0,64.8,26.88,4.0,72.6,36,0.423529,27,0.317647,12,0.141176,3.82,0.0,1,0.037037,0,0.0
flight_number_time_bucket,SJU,FLL,NK,NK261.0,FLL→SJU,evening,,2024-01-01,2024-12-31,167,164,3,0,0.017964,15,0.091463,1,0.006098,13.53,2.0,57.4,22.99,8.0,65.0,68,0.414634,47,0.286585,18,0.109756,3.25,1.0,1,0.021277,0,0.0
flight_number_time_bucket,SJU,FLL,WN,WN1139.0,FLL→SJU,afternoon,,2024-01-01,2024-12-31,9,9,0,0,0.0,1,0.111111,0,0.0,20.11,15.0,52.2,22.0,4.0,56.2,4,0.444444,3,0.333333,1,0.111111,0.0,0.0,0,0.0,0,0.0
flight_number_time_bucket,SJU,FLL,WN,WN1139.0,FLL→SJU,evening,,2024-01-01,2024-12-31,22,22,0,0,0.0,0,0.0,0,0.0,-0.41,-4.5,21.8,8.32,2.5,30.5,4,0.181818,3,0.136364,0,0.0,2.18,0.5,0,0.0,0,
flight_number_time_bucket,SJU,FLL,WN,WN2052.0,FLL→SJU,afternoon,,2024-01-01,2024-12-31,32,32,0,0,0.0,5,0.15625,1,0.03125,23.59,3.0,98.4,28.28,9.0,89.2,13,0.40625,8,0.25,6,0.1875,0.0,0.0,0,0.0,0,0.0
flight_number_time_bucket,SJU,FLL,WN,WN2052.0,FLL→SJU,early_morning,,2024-01-01,2024-12-31,18,18,0,0,0.0,1,0.055556,1,0.055556,7.5,0.0,7.6,7.72,0.0,6.2,1,0.055556,1,0.055556,1,0.055556,-4.33,0.0,0,0.0,0,0.0
flight_number_time_bucket,SJU,FLL,WN,WN2052.0,FLL→SJU,evening,,2024-01-01,2024-12-31,8,8,0,0,0.0,0,0.0,0,0.0,-9.5,-15.0,13.2,6.88,1.0,24.6,2,0.25,0,0.0,0,0.0,2.88,1.0,0,,0,
flight_number_time_bucket,SJU,FLL,WN,WN2052.0,FLL→SJU,late_morning,,2024-01-01,2024-12-31,1,1,0,0,0.0,0,0.0,0,0.0,25.0,25.0,25.0,17.0,17.0,17.0,1,1.0,0,0.0,0,0.0,-8.0,-8.0,0,,0,
flight_number_time_bucket,SJU,FLL,WN,WN2149.0,FLL→SJU,afternoon,,2024-01-01,2024-12-31,40,40,0,0,0.0,1,0.025,1,0.025,-4.83,-11.0,1.0,7.83,1.0,7.4,3,0.075,1,0.025,1,0.025,2.6,1.0,0,0.0,0,0.0
flight_number_time_bucket,SJU,FLL,WN,WN2149.0,FLL→SJU,evening,,2024-01-01,2024-12-31,10,10,0,0,0.0,1,0.1,0,0.0,20.8,10.0,58.3,30.1,13.5,55.5,4,0.4,3,0.3,1,0.1,5.7,4.5,0,0.0,0,0.0
flight_number_time_bucket,SJU,FLL,WN,WN2149.0,FLL→SJU,late_morning,,2024-01-01,2024-12-31,8,8,0,0,0.0,0,0.0,0,0.0,14.38,5.5,32.9,8.25,7.0,14.7,1,0.125,0,0.0,0,0.0,-6.12,0.0,0,,0,
flight_number_time_bucket,SJU,FLL,WN,WN2275.0,FLL→SJU,evening,,2024-01-01,2024-12-31,18,18,0,0,0.0,2,0.111111,0,0.0,12.39,-3.5,43.0,22.33,7.5,50.3,7,0.388889,2,0.111111,2,0.111111,4.56,1.0,0,0.0,0,0.0
flight_number_time_bucket,SJU,FLL,WN,WN2667.0,FLL→SJU,early_morning,,2024-01-01,2024-12-31,8,8,0,0,0.0,0,0.0,0,0.0,-5.38,-5.0,0.9,1.88,0.0,5.3,0,0.0,0,0.0,0,0.0,1.5,0.0,0,,0,
flight_number_time_bucket,SJU,FLL,WN,WN3022.0,FLL→SJU,night,,2024-01-01,2024-12-31,1,1,0,0,0.0,0,0.0,0,0.0,21.0,21.0,21.0,34.0,34.0,34.0,1,1.0,1,1.0,0,0.0,13.0,13.0,0,0.0,0,
flight_number_time_bucket,SJU,FLL,WN,WN3430.0,FLL→SJU,evening,,2024-01-01,2024-12-31,24,23,1,0,0.041667,5,0.217391,0,0.0,27.52,11.0,95.0,37.22,24.0,101.4,16,0.695652,10,0.434783,5,0.217391,6.78,7.0,0,0.0,0,0.0
flight_number_time_bucket,SJU,FLL,WN,WN3430.0,FLL→SJU,night,,2024-01-01,2024-12-31,36,34,2,0,0.055556,4,0.117647,2,0.058824,30.09,15.5,59.8,36.56,19.5,68.1,20,0.588235,14,0.411765,6,0.176471,4.41,5.5,0,0.0,0,0.0
flight_number_time_bucket,SJU,FLL,WN,WN3535.0,FLL→SJU,early_morning,,2024-01-01,2024-12-31,8,8,0,0,0.0,0,0.0,0,0.0,-10.38,-16.0,2.6,4.38,0.0,11.4,1,0.125,0,0.0,0,0.0,2.12,0.0,0,,0,
flight_number_time_bucket,SJU,FLL,WN,WN3535.0,FLL→SJU,late_morning,,2024-01-01,2024-12-31,8,8,0,0,0.0,0,0.0,0,0.0,-1.0,-3.0,11.9,5.25,3.5,12.0,1,0.125,0,0.0,0,0.0,0.88,0.0,0,,0,
flight_number_time_bucket,SJU,FLL,WN,WN3562.0,FLL→SJU,afternoon,,2024-01-01,2024-12-31,8,8,0,0,0.0,2,0.25,0,0.0,45.62,24.0,104.1,35.88,25.0,77.0,7,0.875,3,0.375,2,0.25,-9.75,2.0,0,0.0,0,0.0
flight_number_time_bucket,SJU,FLL,WN,WN3633.0,FLL→SJU,evening,,2024-01-01,2024-12-31,1,1,0,0,0.0,0,0.0,0,0.0,-10.0,-10.0,-10.0,3.0,3.0,3.0,0,0.0,0,0.0,0,0.0,3.0,3.0,0,,0,
flight_number_time_bucket,SJU,FLL,WN,WN3718.0,FLL→SJU,evening,,2024-01-01,2024-12-31,5,5,0,0,0.0,1,0.2,0,0.0,13.2,-3.0,45.6,21.4,10.0,50.8,2,0.4,1,0.2,1,0.2,5.4,5.0,0,0.0,0,0.0
flight_number_time_bucket,SJU,FLL,WN,WN3718.0,FLL→SJU,late_morning,,2024-01-01,2024-12-31,1,1,0,0,0.0,0,0.0,0,0.0,-16.0,-16.0,-16.0,0.0,0.0,0.0,0,0.0,0,0.0,0,0.0,0.0,0.0,0,,0,
flight_number_time_bucket,SJU,FLL,WN,WN3729.0,FLL→SJU,late_morning,,2024-01-01,2024-12-31,1,1,0,0,0.0,0,0.0,0,0.0,-1.0,-1.0,-1.0,0.0,0.0,0.0,0,0.0,0,0.0,0,0.0,0.0,0.0,0,,0,
flight_number_time_bucket,SJU,FLL,WN,WN3730.0,FLL→SJU,evening,,2024-01-01,2024-12-31,25,25,0,0,0.0,2,0.08,1,0.04,22.84,9.0,41.0,27.76,10.0,47.6,10,0.4,3,0.12,3,0.12,3.08,5.0,0,0.0,0,0.0
flight_number_time_bucket,SJU,FLL,WN,WN4287.0,FLL→SJU,early_morning,,2024-01-01,2024-12-31,5,5,0,0,0.0,0,0.0,0,0.0,-7.0,-7.0,-1.8,0.0,0.0,0.0,0,0.0,0,0.0,0,0.0,0.0,0.0,0,,0,
flight_number_time_bucket,SJU,FLL,WN,WN4287.0,FLL→SJU,late_morning,,2024-01-01,2024-12-31,5,5,0,0,0.0,0,0.0,0,0.0,16.0,12.0,48.6,19.0,18.0,39.8,3,0.6,2,0.4,0,0.0,-2.8,0.0,0,0.0,0,
flight_number_time_bucket,SJU,FLL,WN,WN435.0,FLL→SJU,afternoon,,2024-01-01,2024-12-31,42,41,1,0,0.02381,2,0.04878,0,0.0,6.29,-2.0,47.0,13.39,6.0,34.0,12,0.292683,5,0.121951,2,0.04878,1.51,0.0,0,0.0,0,0.0
flight_number_time_bucket,SJU,FLL,WN,WN435.0,FLL→SJU,early_morning,,2024-01-01,2024-12-31,18,18,0,0,0.0,0,0.0,0,0.0,-2.11,-3.5,8.6,4.0,0.5,13.8,2,0.111111,0,0.0,0,0.0,1.61,0.5,0,,0,
flight_number_time_bucket,SJU,FLL,WN,WN435.0,FLL→SJU,late_morning,,2024-01-01,2024-12-31,1,1,0,0,0.0,0,0.0,0,0.0,-7.0,-7.0,-7.0,0.0,0.0,0.0,0,0.0,0,0.0,0,0.0,0.0,0.0,0,,0,
flight_number_time_bucket,SJU,FLL,WN,WN4743.0,FLL→SJU,evening,,2024-01-01,2024-12-31,1,1,0,0,0.0,0,0.0,0,0.0,-19.0,-19.0,-19.0,0.0,0.0,0.0,0,0.0,0,0.0,0,0.0,0.0,0.0,0,,0,
flight_number_time_bucket,SJU,FLL,WN,WN634.0,FLL→SJU,afternoon,,2024-01-01,2024-12-31,1,1,0,0,0.0,0,0.0,0,0.0,-3.0,-3.0,-3.0,7.0,7.0,7.0,0,0.0,0,0.0,0,0.0,7.0,7.0,0,,0,
flight_number_time_bucket,SJU,FLL,WN,WN755.0,FLL→SJU,evening,,2024-01-01,2024-12-31,41,41,0,0,0.0,4,0.097561,0,0.0,18.17,6.0,57.0,29.37,17.0,56.0,21,0.512195,17,0.414634,4,0.097561,5.49,4.0,0,0.0,0,0.0
flight_number_time_bucket,SJU,FLL,WN,WN755.0,FLL→SJU,night,,2024-01-01,2024-12-31,15,15,0,0,0.0,1,0.066667,0,0.0,6.07,-5.0,31.2,14.73,2.0,31.2,5,0.333333,2,0.133333,1,0.066667,1.73,0.0,0,0.0,0,0.0
flight_number_time_bucket,SJU,FLL,WN,WN956.0,FLL→SJU,afternoon,,2024-01-01,2024-12-31,5,5,0,0,0.0,1,0.2,0,0.0,44.8,45.0,77.8,33.6,27.0,70.8,3,0.6,2,0.4,1,0.2,-11.6,-5.0,0,0.0,0,0.0
flight_number_time_bucket,SJU,FLL,WN,WN956.0,FLL→SJU,evening,,2024-01-01,2024-12-31,6,5,1,0,0.166667,0,0.0,0,0.0,2.6,2.0,11.4,14.6,11.0,22.2,2,0.4,0,0.0,0,0.0,10.0,8.0,0,,0,
flight_number_time_bucket,SJU,FLL,WN,WN956.0,FLL→SJU,night,,2024-01-01,2024-12-31,22,22,0,0,0.0,5,0.227273,0,0.0,30.14,11.0,112.5,36.18,19.5,112.6,12,0.545455,8,0.363636,4,0.181818,2.55,3.5,0,0.0,0,0.0
flight_number_time_bucket,SJU,HOU,WN,WN1509.0,HOU→SJU,late_morning,,2024-01-01,2024-12-31,1,1,0,0,0.0,0,0.0,0,0.0,51.0,51.0,51.0,69.0,69.0,69.0,1,1.0,1,1.0,1,1.0,18.0,18.0,0,0.0,0,0.0
flight_number_time_bucket,SJU,HOU,WN,WN2449.0,HOU→SJU,late_morning,,2024-01-01,2024-12-31,1,1,0,0,0.0,0,0.0,0,0.0,-5.0,-5.0,-5.0,3.0,3.0,3.0,0,0.0,0,0.0,0,0.0,3.0,3.0,0,,0,
flight_number_time_bucket,SJU,HOU,WN,WN3168.0,HOU→SJU,late_morning,,2024-01-01,2024-12-31,8,8,0,0,0.0,1,0.125,0,0.0,34.75,19.0,73.1,31.88,15.0,76.4,4,0.5,2,0.25,1,0.125,-2.88,-1.0,0,0.0,0,0.0
flight_number_time_bucket,SJU,HOU,WN,WN4042.0,HOU→SJU,afternoon,,2024-01-01,2024-12-31,1,1,0,0,0.0,0,0.0,0,0.0,-7.0,-7.0,-7.0,0.0,0.0,0.0,0,0.0,0,0.0,0,0.0,0.0,0.0,0,,0,
flight_number_time_bucket,SJU,HOU,WN,WN4042.0,HOU→SJU,late_morning,,2024-01-01,2024-12-31,60,59,1,0,0.016667,5,0.084746,2,0.033898,27.39,14.0,53.2,24.95,16.0,52.0,30,0.508475,10,0.169492,5,0.084746,-2.98,-1.0,0,0.0,0,0.0
flight_number_time_bucket,SJU,HOU,WN,WN4213.0,HOU→SJU,late_morning,,2024-01-01,2024-12-31,16,16,0,0,0.0,1,0.0625,0,0.0,7.81,0.0,35.5,14.62,12.0,27.5,4,0.25,1,0.0625,1,0.0625,2.25,2.5,0,0.0,0,0.0
flight_number_time_bucket,SJU,HOU,WN,WN4294.0,HOU→SJU,late_morning,,2024-01-01,2024-12-31,10,10,0,0,0.0,3,0.3,0,0.0,33.1,12.5,103.2,40.3,19.0,91.1,6,0.6,4,0.4,3,0.3,2.8,2.5,0,0.0,0,0.0
flight_number_time_bucket,SJU,HOU,WN,WN459.0,HOU→SJU,late_morning,,2024-01-01,2024-12-31,4,4,0,0,0.0,0,0.0,0,0.0,19.75,15.0,33.4,11.25,13.0,17.8,1,0.25,0,0.0,0,0.0,-8.5,-8.0,0,,0,
flight_number_time_bucket,SJU,HOU,WN,WN5156.0,HOU→SJU,late_morning,,2024-01-01,2024-12-31,4,4,0,0,0.0,0,0.0,0,0.0,-2.5,-1.5,15.0,3.5,1.0,9.0,0,0.0,0,0.0,0,0.0,-3.0,-3.0,0,,0,
flight_number_time_bucket,SJU,HPN,B6,B62601.0,HPN→SJU,early_morning,,2024-01-01,2024-12-31,64,64,0,0,0.0,8,0.125,2,0.03125,20.77,1.5,68.0,17.75,0.0,42.1,12,0.1875,9,0.140625,2,0.03125,-9.44,-1.5,0,0.0,0,0.0
flight_number_time_bucket,SJU,IAD,UA,UA2021.0,IAD→SJU,early_morning,,2024-01-01,2024-12-31,320,318,2,1,0.00625,10,0.031447,2,0.006289,-3.73,-10.0,19.0,5.61,0.0,8.0,23,0.072327,11,0.034591,7,0.022013,-2.11,0.0,1,0.090909,0,0.0
flight_number_time_bucket,SJU,IAD,UA,UA2021.0,IAD→SJU,late_morning,,2024-01-01,2024-12-31,29,29,0,0,0.0,0,0.0,0,0.0,-13.83,-15.0,-4.4,1.28,0.0,1.4,1,0.034483,0,0.0,0,0.0,0.07,0.0,0,,0,
flight_number_time_bucket,SJU,IAD,UA,UA2023.0,IAD→SJU,evening,,2024-01-01,2024-12-31,23,22,1,0,0.043478,3,0.136364,0,0.0,12.73,-2.5,62.5,24.64,5.5,72.7,8,0.363636,6,0.272727,3,0.136364,4.77,3.0,0,0.0,0,0.0
flight_number_time_bucket,SJU,IAD,UA,UA2025.0,IAD→SJU,evening,,2024-01-01,2024-12-31,48,48,0,0,0.0,9,0.1875,3,0.0625,29.44,0.0,97.9,38.71,2.0,113.3,13,0.270833,11,0.229167,9,0.1875,2.48,0.5,0,0.0,0,0.0
flight_number_time_bucket,SJU,IAH,NK,NK1151.0,IAH→SJU,early_morning,,2024-01-01,2024-12-31,85,85,0,0,0.0,3,0.035294,1,0.011765,-8.91,-18.0,10.4,8.18,0.0,5.0,4,0.047059,4,0.047059,4,0.047059,-0.88,0.0,0,0.0,0,0.0
flight_number_time_bucket,SJU,IAH,NK,NK484.0,IAH→SJU,afternoon,,2024-01-01,2024-12-31,66,60,6,1,0.090909,10,0.166667,2,0.033333,24.86,10.0,76.8,36.2,17.0,83.4,32,0.533333,27,0.45,11,0.183333,6.56,7.0,2,0.074074,1,0.083333
flight_number_time_bucket,SJU,IAH,NK,NK484.0,IAH→SJU,evening,,2024-01-01,2024-12-31,4,4,0,0,0.0,0,0.0,0,0.0,-7.25,-4.0,0.7,6.0,5.0,12.8,0,0.0,0,0.0,0,0.0,5.75,4.5,0,,0,
flight_number_time_bucket,SJU,IAH,UA,UA1192.0,IAH→SJU,late_morning,,2024-01-01,2024-12-31,366,360,6,0,0.016393,23,0.063889,4,0.011111,5.85,-4.0,46.0,12.44,0.0,48.3,55,0.152778,44,0.122222,30,0.083333,-2.3,0.0,3,0.068182,1,0.032258
flight_number_time_bucket,SJU,IAH,UA,UA1497.0,IAH→SJU,night,,2024-01-01,2024-12-31,75,73,2,0,0.026667,7,0.09589,1,0.013699,1.51,-10.0,46.8,16.55,0.0,68.6,16,0.219178,11,0.150685,8,0.109589,2.81,0.0,0,0.0,0,0.0
flight_number_time_bucket,SJU,IAH,UA,UA1833.0,IAH→SJU,night,,2024-01-01,2024-12-31,29,29,0,0,0.0,1,0.034483,1,0.034483,-2.9,-23.0,23.0,23.0,0.0,31.6,5,0.172414,3,0.103448,1,0.034483,3.9,0.0,0,0.0,0,0.0
flight_number_time_bucket,SJU,IAH,UA,UA1914.0,IAH→SJU,afternoon,,2024-01-01,2024-12-31,88,87,1,0,0.011364,8,0.091954,2,0.022989,12.61,-12.0,49.4,33.54,0.0,70.0,28,0.321839,19,0.218391,11,0.126437,5.87,0.0,6,0.272727,0,0.0
flight_number_time_bucket,SJU,IAH,UA,UA701.0,IAH→SJU,afternoon,,2024-01-01,2024-12-31,240,238,2,1,0.008333,25,0.105042,9,0.037815,10.91,-11.0,65.6,25.05,0.0,72.8,56,0.235294,40,0.168067,25,0.105042,1.55,0.0,3,0.075,0,0.0
flight_number_time_bucket,SJU,JAX,F9,F92414.0,JAX→SJU,afternoon,,2024-01-01,2024-12-31,1,1,0,0,0.0,0,0.0,0,0.0,-13.0,-13.0,-13.0,0.0,0.0,0.0,0,0.0,0,0.0,0,0.0,0.0,0.0,0,,0,
flight_number_time_bucket,SJU,JAX,F9,F92414.0,JAX→SJU,late_morning,,2024-01-01,2024-12-31,1,1,0,0,0.0,0,0.0,0,0.0,-2.0,-2.0,-2.0,0.0,0.0,0.0,0,0.0,0,0.0,0,0.0,0.0,0.0,0,,0,
flight_number_time_bucket,SJU,JAX,F9,F92414.0,JAX→SJU,night,,2024-01-01,2024-12-31,5,5,0,0,0.0,0,0.0,0,0.0,-6.4,-7.0,7.4,8.0,0.0,22.2,1,0.2,1,0.2,0,0.0,5.4,0.0,1,1.0,0,
flight_number_time_bucket,SJU,JAX,F9,F93306.0,JAX→SJU,afternoon,,2024-01-01,2024-12-31,48,47,1,0,0.020833,5,0.106383,1,0.021277,13.98,-10.0,61.4,24.94,0.0,66.0,13,0.276596,10,0.212766,5,0.106383,0.15,0.0,0,0.0,0,0.0
flight_number_time_bucket,SJU,JAX,F9,F93306.0,JAX→SJU,evening,,2024-01-01,2024-12-31,34,34,0,0,0.0,6,0.176471,1,0.029412,18.47,5.5,83.2,26.09,5.0,85.3,13,0.382353,7,0.205882,4,0.117647,0.91,0.0,0,0.0,0,0.0
flight_number_time_bucket,SJU,JAX,F9,F93306.0,JAX→SJU,late_morning,,2024-01-01,2024-12-31,140,133,7,0,0.05,13,0.097744,8,0.06015,21.77,-7.0,54.8,32.83,0.0,60.8,31,0.233083,21,0.157895,14,0.105263,0.71,0.0,0,0.0,0,0.0
flight_number_time_bucket,SJU,JAX,F9,F93306.0,JAX→SJU,night,,2024-01-01,2024-12-31,27,26,1,0,0.037037,5,0.192308,0,0.0,27.85,18.5,84.5,31.23,24.0,87.5,15,0.576923,9,0.346154,5,0.192308,-0.19,0.0,0,0.0,0,0.0
flight_number_time_bucket,SJU,JFK,B6,B61181.0,JFK→SJU,night,,2024-01-01,2024-12-31,1,1,0,0,0.0,0,0.0,0,0.0,-17.0,-17.0,-17.0,0.0,0.0,0.0,0,0.0,0,0.0,0,0.0,0.0,0.0,0,,0,
flight_number_time_bucket,SJU,JFK,B6,B61203.0,JFK→SJU,afternoon,,2024-01-01,2024-12-31,13,13,0,0,0.0,4,0.307692,0,0.0,48.0,32.0,145.4,37.77,3.0,107.6,5,0.384615,5,0.384615,4,0.307692,-11.92,-5.0,0,0.0,0,0.0
flight_number_time_bucket,SJU,JFK,B6,B61403.0,JFK→SJU,night,,2024-01-01,2024-12-31,45,45,0,0,0.0,5,0.111111,0,0.0,5.0,-7.0,69.4,21.84,0.0,80.0,14,0.311111,11,0.244444,7,0.155556,5.16,0.0,2,0.181818,0,0.0
flight_number_time_bucket,SJU,JFK,B6,B61503.0,JFK→SJU,night,,2024-01-01,2024-12-31,43,43,0,0,0.0,3,0.069767,2,0.046512,18.44,4.0,55.2,26.56,6.0,56.2,17,0.395349,13,0.302326,4,0.093023,2.84,0.0,3,0.230769,0,0.0
flight_number_time_bucket,SJU,JFK,B6,B61603.0,JFK→SJU,early_morning,,2024-01-01,2024-12-31,151,150,1,0,0.006623,6,0.04,1,0.006667,2.05,-6.0,25.4,7.43,0.0,19.1,17,0.113333,10,0.066667,4,0.026667,-2.86,0.0,0,0.0,0,0.0
flight_number_time_bucket,SJU,JFK,B6,B61603.0,JFK→SJU,evening,,2024-01-01,2024-12-31,30,30,0,0,0.0,17,0.566667,4,0.133333,91.1,67.0,190.9,92.57,65.0,195.4,23,0.766667,21,0.7,17,0.566667,0.63,0.0,0,0.0,0,0.0
flight_number_time_bucket,SJU,JFK,B6,B61603.0,JFK→SJU,night,,2024-01-01,2024-12-31,46,46,0,0,0.0,7,0.152174,1,0.021739,10.09,-6.5,84.0,27.37,8.0,75.5,17,0.369565,12,0.26087,8,0.173913,5.11,0.0,2,0.153846,0,0.0
flight_number_time_bucket,SJU,JFK,B6,B61803.0,JFK→SJU,night,,2024-01-01,2024-12-31,69,68,1,0,0.014493,7,0.102941,0,0.0,5.76,-2.0,59.6,19.49,2.0,60.9,21,0.308824,15,0.220588,7,0.102941,2.24,0.0,0,0.0,0,0.0
flight_number_time_bucket,SJU,JFK,B6,B61903.0,JFK→SJU,early_morning,,2024-01-01,2024-12-31,29,29,0,0,0.0,2,0.068966,1,0.034483,2.69,-9.0,13.8,13.14,0.0,7.4,2,0.068966,2,0.068966,2,0.068966,-0.55,0.0,0,0.0,0,0.0
flight_number_time_bucket,SJU,JFK,B6,B61903.0,JFK→SJU,evening,,2024-01-01,2024-12-31,157,157,0,0,0.0,16,0.101911,3,0.019108,7.61,-7.0,62.4,22.19,0.0,75.0,47,0.299363,32,0.203822,19,0.121019,2.02,0.0,4,0.125,0,0.0
flight_number_time_bucket,SJU,JFK,B6,B61903.0,JFK→SJU,night,,2024-01-01,2024-12-31,46,45,1,0,0.021739,6,0.133333,1,0.022222,10.96,-2.0,77.6,28.69,6.0,94.0,17,0.377778,12,0.266667,8,0.177778,6.56,0.0,1,0.083333,0,0.0
flight_number_time_bucket,SJU,JFK,B6,B62103.0,JFK→SJU,evening,,2024-01-01,2024-12-31,10,10,0,0,0.0,2,0.2,0,0.0,31.0,14.5,109.9,32.7,18.5,92.2,6,0.6,3,0.3,2,0.2,-3.0,0.0,0,0.0,0,0.0
flight_number_time_bucket,SJU,JFK,B6,B62203.0,JFK→SJU,night,,2024-01-01,2024-12-31,13,13,0,0,0.0,6,0.461538,1,0.076923,61.62,36.0,131.6,64.15,38.0,142.8,9,0.692308,9,0.692308,4,0.307692,0.08,9.0,0,0.0,0,0.0
flight_number_time_bucket,SJU,JFK,B6,B62503.0,JFK→SJU,afternoon,,2024-01-01,2024-12-31,44,43,1,0,0.022727,1,0.023256,0,0.0,-6.91,-13.0,27.8,7.95,0.0,30.2,8,0.186047,5,0.116279,0,0.0,0.79,0.0,0,0.0,0,0.0
flight_number_time_bucket,SJU,JFK,B6,B62503.0,JFK→SJU,early_morning,,2024-01-01,2024-12-31,1,1,0,0,0.0,0,0.0,0,0.0,-14.0,-14.0,-14.0,7.0,7.0,7.0,0,0.0,0,0.0,0,0.0,7.0,7.0,0,,0,
flight_number_time_bucket,SJU,JFK,B6,B62503.0,JFK→SJU,late_morning,,2024-01-01,2024-12-31,38,36,2,0,0.052632,5,0.138889,1,0.027778,23.14,10.0,75.0,29.36,15.0,90.5,18,0.5,9,0.25,6,0.166667,0.64,0.0,0,0.0,0,0.0
flight_number_time_bucket,SJU,JFK,B6,B62703.0,JFK→SJU,afternoon,,2024-01-01,2024-12-31,85,84,1,0,0.011765,18,0.214286,2,0.02381,29.12,9.5,90.4,32.6,8.0,86.4,34,0.404762,25,0.297619,19,0.22619,-1.07,0.0,0,0.0,0,0.0
flight_number_time_bucket,SJU,JFK,B6,B62703.0,JFK→SJU,evening,,2024-01-01,2024-12-31,1,1,0,0,0.0,0,0.0,0,0.0,-13.0,-13.0,-13.0,5.0,5.0,5.0,0,0.0,0,0.0,0,0.0,5.0,5.0,0,,0,
flight_number_time_bucket,SJU,JFK,B6,B62703.0,JFK→SJU,late_morning,,2024-01-01,2024-12-31,33,33,0,0,0.0,3,0.090909,0,0.0,7.61,1.0,55.6,22.76,5.0,66.8,14,0.424242,9,0.272727,6,0.181818,6.03,1.0,0,0.0,0,0.0
flight_number_time_bucket,SJU,JFK,B6,B62803.0,JFK→SJU,evening,,2024-01-01,2024-12-31,4,4,0,0,0.0,1,0.25,0,0.0,7.0,1.0,52.0,17.25,0.5,47.9,1,0.25,1,0.25,1,0.25,-3.75,0.0,0,0.0,0,0.0
flight_number_time_bucket,SJU,JFK,B6,B62903.0,JFK→SJU,afternoon,,2024-01-01,2024-12-31,34,34,0,0,0.0,6,0.176471,0,0.0,14.79,-0.5,84.2,25.68,7.0,88.6,12,0.352941,7,0.205882,6,0.176471,1.68,0.5,0,0.0,0,0.0
flight_number_time_bucket,SJU,JFK,B6,B62903.0,JFK→SJU,evening,,2024-01-01,2024-12-31,31,31,0,0,0.0,6,0.193548,2,0.064516,34.0,-4.0,149.0,48.84,8.0,157.0,12,0.387097,10,0.322581,8,0.258065,5.13,2.0,0,0.0,0,0.0
flight_number_time_bucket,SJU,JFK,B6,B62903.0,JFK→SJU,late_morning,,2024-01-01,2024-12-31,133,133,0,1,0.0,9,0.067669,3,0.022556,10.29,-1.5,40.0,19.91,0.5,50.6,39,0.293233,25,0.18797,10,0.075188,2.02,0.0,3,0.115385,1,0.1
flight_number_time_bucket,SJU,JFK,B6,B62903.0,JFK→SJU,night,,2024-01-01,2024-12-31,112,108,4,0,0.035714,27,0.25,5,0.046296,42.63,23.0,113.8,47.38,28.5,126.3,64,0.592593,52,0.481481,27,0.25,1.92,1.5,1,0.019231,0,0.0
flight_number_time_bucket,SJU,JFK,B6,B63.0,JFK→SJU,afternoon,,2024-01-01,2024-12-31,40,38,2,0,0.05,10,0.263158,3,0.078947,50.16,17.0,144.9,46.34,5.0,151.7,14,0.368421,12,0.315789,9,0.236842,-5.61,-1.0,0,0.0,0,0.0
flight_number_time_bucket,SJU,JFK,B6,B63.0,JFK→SJU,early_morning,,2024-01-01,2024-12-31,1,1,0,0,0.0,1,1.0,0,0.0,80.0,80.0,80.0,68.0,68.0,68.0,1,1.0,1,1.0,1,1.0,-12.0,-12.0,0,0.0,0,0.0
flight_number_time_bucket,SJU,JFK,B6,B6403.0,JFK→SJU,night,,2024-01-01,2024-12-31,258,249,9,0,0.034884,48,0.192771,12,0.048193,29.91,6.0,124.0,39.29,11.0,130.8,109,0.437751,81,0.325301,45,0.180723,1.69,0.0,4,0.049383,0,0.0
flight_number_time_bucket,SJU,JFK,B6,B6503.0,JFK→SJU,afternoon,,2024-01-01,2024-12-31,76,76,0,0,0.0,9,0.118421,4,0.052632,23.5,-2.0,64.0,34.96,7.0,74.5,29,0.381579,18,0.236842,11,0.144737,3.7,0.0,1,0.05,0,0.0
flight_number_time_bucket,SJU,JFK,B6,B6503.0,JFK→SJU,early_morning,,2024-01-01,2024-12-31,244,241,3,0,0.012295,17,0.070539,3,0.012448,3.49,-8.0,41.0,11.03,0.0,27.0,37,0.153527,20,0.082988,14,0.058091,-2.99,0.0,0,0.0,0,0.0
flight_number_time_bucket,SJU,JFK,B6,B6503.0,JFK→SJU,late_morning,,2024-01-01,2024-12-31,46,46,0,0,0.0,0,0.0,0,0.0,-9.37,-10.0,11.5,3.83,0.0,10.5,4,0.086957,1,0.021739,0,0.0,0.39,0.0,0,0.0,0,
flight_number_time_bucket,SJU,JFK,B6,B6703.0,JFK→SJU,night,,2024-01-01,2024-12-31,14,14,0,0,0.0,1,0.071429,0,0.0,7.29,-3.0,41.6,17.43,5.5,45.0,4,0.285714,2,0.142857,1,0.071429,2.36,0.0,0,0.0,0,0.0
flight_number_time_bucket,SJU,JFK,B6,B6803.0,JFK→SJU,afternoon,,2024-01-01,2024-12-31,164,164,0,0,0.0,14,0.085366,4,0.02439,8.4,-5.0,53.0,21.07,3.5,53.5,57,0.347561,30,0.182927,15,0.091463,3.17,0.0,4,0.125,0,0.0
flight_number_time_bucket,SJU,JFK,B6,B6803.0,JFK→SJU,evening,,2024-01-01,2024-12-31,104,101,3,0,0.028846,23,0.227723,8,0.079208,43.34,17.0,135.0,46.7,17.0,136.0,54,0.534653,36,0.356436,21,0.207921,-0.7,0.0,3,0.078947,1,0.045455
flight_number_time_bucket,SJU,JFK,B6,B6803.0,JFK→SJU,night,,2024-01-01,2024-12-31,19,19,0,0,0.0,6,0.315789,1,0.052632,59.79,39.0,158.8,53.84,42.0,150.6,14,0.736842,10,0.526316,4,0.210526,-6.89,-3.0,0,0.0,0,0.0
flight_number_time_bucket,SJU,JFK,B6,B6903.0,JFK→SJU,afternoon,,2024-01-01,2024-12-31,1,1,0,0,0.0,0,0.0,0,0.0,10.0,10.0,10.0,14.0,14.0,14.0,0,0.0,0,0.0,0,0.0,4.0,4.0,0,,0,
flight_number_time_bucket,SJU,JFK,B6,B6903.0,JFK→SJU,late_morning,,2024-01-01,2024-12-31,75,74,1,0,0.013333,10,0.135135,2,0.027027,15.85,-5.0,106.0,27.39,2.5,99.7,24,0.324324,15,0.202703,11,0.148649,1.66,0.0,2,0.133333,0,0.0
flight_number_time_bucket,SJU,JFK,DL,DL1797.0,JFK→SJU,night,,2024-01-01,2024-12-31,20,20,0,0,0.0,1,0.05,0,0.0,1.3,-4.0,22.4,9.2,0.0,30.5,5,0.25,2,0.1,0,0.0,-1.7,0.0,1,0.5,0,0.0
flight_number_time_bucket,SJU,JFK,DL,DL1859.0,JFK→SJU,evening,,2024-01-01,2024-12-31,344,344,0,0,0.0,37,0.107558,4,0.011628,13.73,0.0,61.7,21.1,1.5,55.5,110,0.319767,71,0.206395,32,0.093023,-1.44,0.0,7,0.093333,0,0.0
flight_number_time_bucket,SJU,JFK,DL,DL1859.0,JFK→SJU,night,,2024-01-01,2024-12-31,4,4,0,0,0.0,0,0.0,0,0.0,-12.75,-13.5,-3.6,3.25,2.5,7.1,0,0.0,0,0.0,0,0.0,3.25,2.5,0,,0,
flight_number_time_bucket,SJU,JFK,DL,DL1877.0,JFK→SJU,early_morning,,2024-01-01,2024-12-31,366,366,0,0,0.0,11,0.030055,3,0.008197,-7.49,-15.0,19.0,7.04,0.0,18.0,40,0.10929,20,0.054645,11,0.030055,-0.58,0.0,0,0.0,0,0.0
flight_number_time_bucket,SJU,JFK,DL,DL1961.0,JFK→SJU,afternoon,,2024-01-01,2024-12-31,327,327,0,0,0.0,15,0.045872,2,0.006116,-4.21,-14.0,21.4,8.95,0.0,15.0,32,0.097859,24,0.073394,12,0.036697,-0.34,0.0,2,0.08,0,0.0
flight_number_time_bucket,SJU,JFK,DL,DL1961.0,JFK→SJU,late_morning,,2024-01-01,2024-12-31,11,11,0,0,0.0,1,0.090909,1,0.090909,27.0,-2.0,47.0,27.27,0.0,18.0,2,0.181818,1,0.090909,1,0.090909,-5.18,0.0,0,0.0,0,0.0
flight_number_time_bucket,SJU,JFK,DL,DL882.0,JFK→SJU,afternoon,,2024-01-01,2024-12-31,21,21,0,0,0.0,1,0.047619,0,0.0,0.57,-8.0,39.0,10.24,0.0,16.0,3,0.142857,2,0.095238,2,0.095238,-0.05,0.0,0,0.0,0,0.0
flight_number_time_bucket,SJU,JFK,DL,DL882.0,JFK→SJU,late_morning,,2024-01-01,2024-12-31,7,7,0,0,0.0,0,0.0,0,0.0,-19.43,-15.0,-7.4,0.0,0.0,0.0,0,0.0,0,0.0,0,0.0,-0.14,0.0,0,,0,
flight_number_time_bucket,SJU,JFK,F9,F93545.0,JFK→SJU,afternoon,,2024-01-01,2024-12-31,14,14,0,0,0.0,3,0.214286,1,0.071429,17.07,-14.0,66.9,33.21,0.0,80.4,3,0.214286,3,0.214286,2,0.142857,1.86,0.0,0,0.0,0,0.0
flight_number_time_bucket,SJU,JFK,F9,F93545.0,JFK→SJU,late_morning,,2024-01-01,2024-12-31,192,187,5,2,0.026042,14,0.074866,3,0.016043,19.84,-6.0,48.0,27.31,0.0,37.2,44,0.235294,23,0.122995,12,0.064171,-3.3,0.0,1,0.041667,1,0.083333
flight_number_time_bucket,SJU,JFK,F9,F93547.0,JFK→SJU,early_morning,,2024-01-01,2024-12-31,208,206,2,0,0.009615,16,0.07767,4,0.019417,6.17,-9.5,45.0,18.1,0.0,38.0,37,0.179612,25,0.121359,13,0.063107,-1.09,0.0,2,0.074074,0,0.0
flight_number_time_bucket,SJU,MCO,B6,B61033.0,MCO→SJU,afternoon,,2024-01-01,2024-12-31,57,55,2,0,0.035088,3,0.054545,1,0.018182,7.93,-5.0,37.0,17.65,2.0,39.8,14,0.254545,8,0.145455,5,0.090909,2.29,1.0,0,0.0,0,0.0
flight_number_time_bucket,SJU,MCO,B6,B61033.0,MCO→SJU,early_morning,,2024-01-01,2024-12-31,83,83,0,0,0.0,3,0.036145,1,0.012048,-1.9,-9.0,9.8,6.39,0.0,18.6,10,0.120482,4,0.048193,3,0.036145,-0.31,0.0,0,0.0,0,0.0
flight_number_time_bucket,SJU,MCO,B6,B61033.0,MCO→SJU,evening,,2024-01-01,2024-12-31,75,74,1,0,0.013333,12,0.162162,6,0.081081,29.19,-3.5,125.4,43.73,4.5,131.3,31,0.418919,22,0.297297,13,0.175676,5.93,2.0,0,0.0,0,0.0
flight_number_time_bucket,SJU,MCO,B6,B61033.0,MCO→SJU,late_morning,,2024-01-01,2024-12-31,69,69,0,1,0.0,8,0.115942,3,0.043478,21.28,2.0,74.8,27.6,6.0,84.3,18,0.26087,12,0.173913,8,0.115942,1.87,0.0,0,0.0,0,0.0
flight_number_time_bucket,SJU,MCO,B6,B61033.0,MCO→SJU,night,,2024-01-01,2024-12-31,39,39,0,0,0.0,3,0.076923,0,0.0,1.54,-13.0,49.6,17.0,0.0,65.0,7,0.179487,7,0.179487,5,0.128205,2.82,0.0,0,0.0,0,0.0
flight_number_time_bucket,SJU,MCO,B6,B61133.0,MCO→SJU,afternoon,,2024-01-01,2024-12-31,181,181,0,1,0.0,16,0.088398,3,0.016575,14.6,-2.0,44.0,24.74,7.0,52.2,68,0.375691,33,0.18232,16,0.088398,4.03,2.0,3,0.088235,0,0.0
flight_number_time_bucket,SJU,MCO,B6,B61133.0,MCO→SJU,late_morning,,2024-01-01,2024-12-31,172,170,2,1,0.011628,16,0.094118,1,0.005882,5.62,-7.0,23.0,14.14,0.0,26.8,31,0.182353,16,0.094118,15,0.088235,0.57,0.0,1,0.058824,0,0.0
flight_number_time_bucket,SJU,MCO,B6,B61233.0,MCO→SJU,early_morning,,2024-01-01,2024-12-31,322,316,6,1,0.018634,7,0.022152,2,0.006329,-6.64,-12.0,7.0,5.61,0.0,6.0,21,0.066456,13,0.041139,8,0.025316,0.06,0.0,1,0.071429,0,0.0
flight_number_time_bucket,SJU,MCO,B6,B61233.0,MCO→SJU,evening,,2024-01-01,2024-12-31,41,41,0,0,0.0,2,0.04878,0,0.0,6.0,-1.0,32.0,13.93,4.0,25.0,8,0.195122,4,0.097561,2,0.04878,2.05,0.0,0,0.0,0,0.0
flight_number_time_bucket,SJU,MCO,B6,B6133.0,MCO→SJU,afternoon,,2024-01-01,2024-12-31,25,25,0,0,0.0,2,0.08,0,0.0,8.84,-5.0,53.4,20.08,4.0,68.0,9,0.36,6,0.24,4,0.16,4.36,1.0,0,0.0,0,0.0
flight_number_time_bucket,SJU,MCO,B6,B61383.0,MCO→SJU,late_morning,,2024-01-01,2024-12-31,3,3,0,0,0.0,0,0.0,0,0.0,4.33,-6.0,24.4,19.0,0.0,45.6,1,0.333333,1,0.333333,0,0.0,8.33,0.0,0,0.0,0,
flight_number_time_bucket,SJU,MCO,B6,B61433.0,MCO→SJU,afternoon,,2024-01-01,2024-12-31,48,48,0,1,0.0,2,0.041667,1,0.020833,7.79,-4.0,43.8,17.62,5.0,46.4,14,0.291667,10,0.208333,2,0.041667,3.49,3.0,0,0.0,0,0.0
flight_number_time_bucket,SJU,MCO,B6,B61433.0,MCO→SJU,evening,,2024-01-01,2024-12-31,91,91,0,0,0.0,17,0.186813,2,0.021978,27.38,14.0,91.0,34.12,19.0,96.0,48,0.527473,35,0.384615,17,0.186813,1.92,0.0,0,0.0,0,0.0
flight_number_time_bucket,SJU,MCO,B6,B61633.0,MCO→SJU,afternoon,,2024-01-01,2024-12-31,1,1,0,0,0.0,0,0.0,0,0.0,-20.0,-20.0,-20.0,0.0,0.0,0.0,0,0.0,0,0.0,0,0.0,0.0,0.0,0,,0,
flight_number_time_bucket,SJU,MCO,B6,B61633.0,MCO→SJU,early_morning,,2024-01-01,2024-12-31,59,59,0,0,0.0,0,0.0,0,0.0,-8.19,-10.0,1.4,2.29,0.0,7.6,2,0.033898,1,0.016949,0,0.0,0.75,0.0,0,0.0,0,
flight_number_time_bucket,SJU,MCO,B6,B61633.0,MCO→SJU,evening,,2024-01-01,2024-12-31,57,56,1,0,0.017544,14,0.25,3,0.053571,38.54,9.5,112.5,47.14,17.0,125.0,28,0.5,25,0.446429,13,0.232143,5.68,5.0,2,0.08,0,0.0
flight_number_time_bucket,SJU,MCO,B6,B61633.0,MCO→SJU,late_morning,,2024-01-01,2024-12-31,5,5,0,0,0.0,0,0.0,0,0.0,-14.0,-19.0,2.6,3.0,0.0,8.4,0,0.0,0,0.0,0,0.0,1.6,0.0,0,,0,
flight_number_time_bucket,SJU,MCO,B6,B61833.0,MCO→SJU,afternoon,,2024-01-01,2024-12-31,43,42,1,0,0.023256,6,0.142857,2,0.047619,25.17,1.5,105.9,34.02,7.5,115.1,17,0.404762,10,0.238095,6,0.142857,4.17,2.5,0,0.0,0,0.0
flight_number_time_bucket,SJU,MCO,B6,B62133.0,MCO→SJU,afternoon,,2024-01-01,2024-12-31,23,23,0,0,0.0,0,0.0,0,0.0,-7.35,-9.0,7.8,3.26,0.0,12.4,1,0.043478,0,0.0,0,0.0,1.22,0.0,0,,0,
flight_number_time_bucket,SJU,MCO,B6,B62133.0,MCO→SJU,evening,,2024-01-01,2024-12-31,84,81,3,0,0.035714,12,0.148148,3,0.037037,21.35,-1.0,92.0,32.64,8.0,107.0,33,0.407407,24,0.296296,15,0.185185,4.84,2.0,0,0.0,0,0.0
flight_number_time_bucket,SJU,MCO,B6,B62133.0,MCO→SJU,night,,2024-01-01,2024-12-31,243,242,1,0,0.004115,36,0.14876,6,0.024793,20.19,1.0,90.9,31.66,7.0,96.0,100,0.413223,77,0.318182,44,0.181818,4.68,0.0,3,0.038961,0,0.0
flight_number_time_bucket,SJU,MCO,B6,B62233.0,MCO→SJU,afternoon,,2024-01-01,2024-12-31,28,27,1,0,0.035714,2,0.074074,0,0.0,7.81,-1.0,44.4,19.89,1.0,52.2,9,0.333333,6,0.222222,2,0.074074,4.0,1.0,0,0.0,0,0.0
flight_number_time_bucket,SJU,MCO,B6,B62233.0,MCO→SJU,night,,2024-01-01,2024-12-31,1,1,0,0,0.0,0,0.0,0,0.0,-2.0,-2.0,-2.0,0.0,0.0,0.0,0,0.0,0,0.0,0,0.0,0.0,0.0,0,,0,
flight_number_time_bucket,SJU,MCO,B6,B62333.0,MCO→SJU,early_morning,,2024-01-01,2024-12-31,1,1,0,0,0.0,0,0.0,0,0.0,8.0,8.0,8.0,0.0,0.0,0.0,0,0.0,0,0.0,0,0.0,-8.0,-8.0,0,,0,
flight_number_time_bucket,SJU,MCO,B6,B62633.0,MCO→SJU,early_morning,,2024-01-01,2024-12-31,37,37,0,0,0.0,0,0.0,0,0.0,-10.92,-11.0,-0.6,1.0,0.0,1.2,0,0.0,0,0.0,0,0.0,-0.08,0.0,0,,0,
flight_number_time_bucket,SJU,MCO,B6,B62733.0,MCO→SJU,evening,,2024-01-01,2024-12-31,12,12,0,0,0.0,0,0.0,0,0.0,1.0,-6.5,26.7,12.17,8.5,31.4,3,0.25,2,0.166667,0,0.0,3.92,0.0,0,0.0,0,
flight_number_time_bucket,SJU,MCO,B6,B62733.0,MCO→SJU,night,,2024-01-01,2024-12-31,13,13,0,0,0.0,0,0.0,0,0.0,0.46,-4.0,31.4,12.46,3.0,34.0,5,0.384615,2,0.153846,0,0.0,5.0,0.0,0,0.0,0,0.0
flight_number_time_bucket,SJU,MCO,B6,B6293.0,MCO→SJU,early_morning,,2024-01-01,2024-12-31,1,1,0,0,0.0,0,0.0,0,0.0,-24.0,-24.0,-24.0,0.0,0.0,0.0,0,0.0,0,0.0,0,0.0,0.0,0.0,0,,0,
flight_number_time_bucket,SJU,MCO,B6,B62933.0,MCO→SJU,early_morning,,2024-01-01,2024-12-31,42,42,0,0,0.0,1,0.02381,0,0.0,-11.36,-15.5,4.6,2.5,0.0,1.8,2,0.047619,1,0.02381,1,0.02381,-0.24,0.0,0,0.0,0,0.0
flight_number_time_bucket,SJU,MCO,B6,B62933.0,MCO→SJU,late_morning,,2024-01-01,2024-12-31,4,4,0,0,0.0,0,0.0,0,0.0,-12.0,-14.0,-5.0,0.25,0.0,0.7,0,0.0,0,0.0,0,0.0,0.25,0.0,0,,0,
flight_number_time_bucket,SJU,MCO,B6,B62933.0,MCO→SJU,night,,2024-01-01,2024-12-31,12,12,0,0,0.0,4,0.333333,0,0.0,63.83,29.0,159.4,70.17,42.0,160.8,12,1.0,9,0.75,4,0.333333,6.33,5.0,0,0.0,0,0.0
flight_number_time_bucket,SJU,MCO,B6,B6633.0,MCO→SJU,evening,,2024-01-01,2024-12-31,3,3,0,0,0.0,1,0.333333,0,0.0,53.67,22.0,126.8,68.67,36.0,143.2,2,0.666667,2,0.666667,1,0.333333,10.33,14.0,0,0.0,0,0.0
flight_number_time_bucket,SJU,MCO,B6,B6633.0,MCO→SJU,night,,2024-01-01,2024-12-31,12,11,1,0,0.083333,0,0.0,0,0.0,2.0,-1.0,20.0,11.55,0.0,26.0,2,0.181818,1,0.090909,1,0.090909,3.18,0.0,0,0.0,0,0.0
flight_number_time_bucket,SJU,MCO,B6,B6833.0,MCO→SJU,night,,2024-01-01,2024-12-31,1,1,0,0,0.0,0,0.0,0,0.0,-18.0,-18.0,-18.0,0.0,0.0,0.0,0,0.0,0,0.0,0,0.0,0.0,0.0,0,,0,
flight_number_time_bucket,SJU,MCO,B6,B6933.0,MCO→SJU,evening,,2024-01-01,2024-12-31,53,51,2,0,0.037736,7,0.137255,0,0.0,15.14,3.0,69.0,22.67,7.0,82.0,18,0.352941,12,0.235294,9,0.176471,2.82,4.0,0,0.0,0,0.0
flight_number_time_bucket,SJU,MCO,F9,F91746.0,MCO→SJU,early_morning,,2024-01-01,2024-12-31,14,14,0,0,0.0,0,0.0,0,0.0,-10.36,-13.5,9.6,2.93,0.0,11.3,1,0.071429,0,0.0,0,0.0,-0.21,0.0,0,,0,
flight_number_time_bucket,SJU,MCO,F9,F91822.0,MCO→SJU,afternoon,,2024-01-01,2024-12-31,3,3,0,0,0.0,0,0.0,0,0.0,-12.33,-14.0,-9.2,2.67,0.0,6.4,0,0.0,0,0.0,0,0.0,2.67,0.0,0,,0,
flight_number_time_bucket,SJU,MCO,F9,F91824.0,MCO→SJU,afternoon,,2024-01-01,2024-12-31,9,9,0,0,0.0,0,0.0,0,0.0,-3.56,-4.0,5.8,7.44,4.0,18.2,2,0.222222,0,0.0,0,0.0,5.56,4.0,0,,0,
flight_number_time_bucket,SJU,MCO,F9,F91824.0,MCO→SJU,early_morning,,2024-01-01,2024-12-31,143,141,2,1,0.013986,7,0.049645,3,0.021277,1.6,-7.0,15.3,11.49,0.0,22.0,20,0.141844,11,0.078014,7,0.049645,1.15,0.0,1,0.090909,0,0.0
flight_number_time_bucket,SJU,MCO,F9,F91824.0,MCO→SJU,late_morning,,2024-01-01,2024-12-31,21,21,0,0,0.0,1,0.047619,0,0.0,5.29,2.0,17.0,7.9,0.0,17.0,3,0.142857,1,0.047619,1,0.047619,-2.9,0.0,0,0.0,0,0.0
flight_number_time_bucket,SJU,MCO,F9,F91824.0,MCO→SJU,night,,2024-01-01,2024-12-31,29,29,0,0,0.0,2,0.068966,0,0.0,-2.24,-11.0,18.6,12.03,0.0,24.4,6,0.206897,2,0.068966,2,0.068966,3.24,0.0,1,0.333333,0,0.0
flight_number_time_bucket,SJU,MCO,F9,F91826.0,MCO→SJU,afternoon,,2024-01-01,2024-12-31,5,5,0,0,0.0,0,0.0,0,0.0,6.6,3.0,23.0,12.6,0.0,34.2,2,0.4,1,0.2,0,0.0,4.0,0.0,0,0.0,0,
flight_number_time_bucket,SJU,MCO,F9,F92066.0,MCO→SJU,late_morning,,2024-01-01,2024-12-31,5,5,0,0,0.0,0,0.0,0,0.0,7.4,-4.0,45.8,19.2,0.0,48.8,2,0.4,2,0.4,0,0.0,1.4,0.0,0,0.0,0,
flight_number_time_bucket,SJU,MCO,F9,F92068.0,MCO→SJU,afternoon,,2024-01-01,2024-12-31,3,3,0,0,0.0,0,0.0,0,0.0,12.33,16.0,24.8,21.0,23.0,29.4,2,0.666667,1,0.333333,0,0.0,6.67,7.0,0,0.0,0,
flight_number_time_bucket,SJU,MCO,F9,F92068.0,MCO→SJU,early_morning,,2024-01-01,2024-12-31,2,2,0,0,0.0,0,0.0,0,0.0,-4.5,-4.5,7.9,6.5,6.5,11.7,0,0.0,0,0.0,0,0.0,1.0,1.0,0,,0,
flight_number_time_bucket,SJU,MCO,F9,F92068.0,MCO→SJU,late_morning,,2024-01-01,2024-12-31,10,10,0,0,0.0,2,0.2,0,0.0,7.3,0.5,65.3,12.6,0.0,53.0,2,0.2,2,0.2,1,0.1,-2.3,0.0,0,0.0,0,0.0
flight_number_time_bucket,SJU,MCO,F9,F92222.0,MCO→SJU,afternoon,,2024-01-01,2024-12-31,2,2,0,0,0.0,0,0.0,0,0.0,3.5,3.5,16.7,17.0,17.0,30.6,1,0.5,1,0.5,0,0.0,7.0,7.0,0,0.0,0,
flight_number_time_bucket,SJU,MCO,F9,F92222.0,MCO→SJU,night,,2024-01-01,2024-12-31,1,1,0,0,0.0,1,1.0,1,1.0,350.0,350.0,350.0,360.0,360.0,360.0,1,1.0,1,1.0,1,1.0,10.0,10.0,0,0.0,0,0.0
flight_number_time_bucket,SJU,MCO,F9,F92250.0,MCO→SJU,afternoon,,2024-01-01,2024-12-31,28,28,0,0,0.0,2,0.071429,1,0.035714,13.07,-4.0,40.5,26.71,8.5,48.9,11,0.392857,5,0.178571,3,0.107143,4.39,2.0,0,0.0,0,0.0
flight_number_time_bucket,SJU,MCO,F9,F92250.0,MCO→SJU,early_morning,,2024-01-01,2024-12-31,171,168,3,0,0.017544,7,0.041667,0,0.0,-4.35,-12.0,16.6,7.76,0.0,24.0,24,0.142857,11,0.065476,8,0.047619,0.65,0.0,0,0.0,0,0.0
flight_number_time_bucket,SJU,MCO,F9,F92250.0,MCO→SJU,late_morning,,2024-01-01,2024-12-31,63,63,0,0,0.0,8,0.126984,1,0.015873,26.94,6.0,75.6,29.87,4.0,68.4,21,0.333333,15,0.238095,7,0.111111,-1.06,0.0,0,0.0,0,0.0
flight_number_time_bucket,SJU,MCO,F9,F92250.0,MCO→SJU,night,,2024-01-01,2024-12-31,6,6,0,0,0.0,0,0.0,0,0.0,-7.83,-13.5,13.0,4.0,0.0,12.0,1,0.166667,0,0.0,0,0.0,-0.33,0.0,0,,0,
flight_number_time_bucket,SJU,MCO,F9,F92254.0,MCO→SJU,late_morning,,2024-01-01,2024-12-31,1,1,0,0,0.0,0,0.0,0,0.0,44.0,44.0,44.0,49.0,49.0,49.0,1,1.0,1,1.0,0,0.0,5.0,5.0,0,0.0,0,
flight_number_time_bucket,SJU,MCO,F9,F92868.0,MCO→SJU,night,,2024-01-01,2024-12-31,10,10,0,0,0.0,3,0.3,1,0.1,101.1,44.0,190.3,104.4,51.5,183.2,9,0.9,7,0.7,4,0.4,1.9,7.0,0,0.0,0,0.0
flight_number_time_bucket,SJU,MCO,F9,F92982.0,MCO→SJU,afternoon,,2024-01-01,2024-12-31,124,121,3,1,0.024194,12,0.099174,3,0.024793,20.31,5.0,61.0,24.05,4.0,67.3,43,0.355372,27,0.22314,13,0.107438,-0.17,0.0,1,0.037037,0,0.0
flight_number_time_bucket,SJU,MCO,F9,F92982.0,MCO→SJU,evening,,2024-01-01,2024-12-31,14,14,0,0,0.0,1,0.071429,0,0.0,5.07,1.5,16.0,12.5,3.0,16.7,3,0.214286,1,0.071429,1,0.071429,1.57,0.0,0,0.0,0,0.0
flight_number_time_bucket,SJU,MCO,F9,F92982.0,MCO→SJU,late_morning,,2024-01-01,2024-12-31,17,17,0,0,0.0,1,0.058824,0,0.0,3.53,-6.0,28.8,7.47,0.0,16.8,3,0.176471,1,0.058824,1,0.058824,-3.29,0.0,0,0.0,0,0.0
flight_number_time_bucket,SJU,MCO,F9,F93001.0,MCO→SJU,evening,,2024-01-01,2024-12-31,1,0,1,0,1.0,0,,0,,,,,,,,0,,0,,0,,,,0,,0,
flight_number_time_bucket,SJU,MCO,F9,F93228.0,MCO→SJU,afternoon,,2024-01-01,2024-12-31,14,14,0,0,0.0,2,0.142857,1,0.071429,21.79,-2.5,96.1,29.0,0.5,101.8,4,0.285714,3,0.214286,2,0.142857,1.43,0.0,0,0.0,0,0.0
flight_number_time_bucket,SJU,MCO,F9,F93228.0,MCO→SJU,early_morning,,2024-01-01,2024-12-31,2,2,0,0,0.0,0,0.0,0,0.0,-17.5,-17.5,-11.5,0.0,0.0,0.0,0,0.0,0,0.0,0,0.0,0.0,0.0,0,,0,
flight_number_time_bucket,SJU,MCO,F9,F93228.0,MCO→SJU,evening,,2024-01-01,2024-12-31,5,5,0,0,0.0,1,0.2,0,0.0,17.6,5.0,49.0,22.4,8.0,59.4,1,0.2,1,0.2,1,0.2,4.6,3.0,0,0.0,0,0.0
flight_number_time_bucket,SJU,MCO,F9,F93504.0,MCO→SJU,afternoon,,2024-01-01,2024-12-31,1,1,0,0,0.0,0,0.0,0,0.0,11.0,11.0,11.0,0.0,0.0,0.0,0,0.0,0,0.0,0,0.0,-11.0,-11.0,0,,0,
flight_number_time_bucket,SJU,MCO,F9,F93504.0,MCO→SJU,night,,2024-01-01,2024-12-31,1,1,0,0,0.0,0,0.0,0,0.0,-7.0,-7.0,-7.0,15.0,15.0,15.0,0,0.0,0,0.0,0,0.0,15.0,15.0,0,,0,
flight_number_time_bucket,SJU,MCO,F9,F93506.0,MCO→SJU,afternoon,,2024-01-01,2024-12-31,28,28,0,0,0.0,1,0.035714,0,0.0,3.25,1.0,23.3,9.68,0.0,25.6,7,0.25,3,0.107143,1,0.035714,1.68,0.0,0,0.0,0,0.0
flight_number_time_bucket,SJU,MCO,F9,F93506.0,MCO→SJU,early_morning,,2024-01-01,2024-12-31,9,9,0,0,0.0,2,0.222222,0,0.0,13.0,-4.0,62.6,17.11,0.0,53.6,3,0.333333,3,0.333333,0,0.0,-3.0,0.0,0,0.0,0,
flight_number_time_bucket,SJU,MCO,F9,F93506.0,MCO→SJU,evening,,2024-01-01,2024-12-31,22,21,1,0,0.045455,2,0.095238,0,0.0,2.33,-5.0,25.0,10.57,0.0,14.0,2,0.095238,2,0.095238,2,0.095238,1.33,0.0,0,0.0,0,0.0
flight_number_time_bucket,SJU,MCO,F9,F93506.0,MCO→SJU,late_morning,,2024-01-01,2024-12-31,13,13,0,0,0.0,2,0.153846,0,0.0,13.31,0.0,73.6,22.92,10.0,80.8,5,0.384615,4,0.307692,2,0.153846,4.15,2.0,0,0.0,0,0.0
flight_number_time_bucket,SJU,MCO,F9,F93506.0,MCO→SJU,night,,2024-01-01,2024-12-31,101,98,3,0,0.029703,9,0.091837,4,0.040816,25.17,2.0,56.9,38.19,12.0,67.9,42,0.428571,31,0.316327,13,0.132653,5.87,4.5,1,0.032258,0,0.0
flight_number_time_bucket,SJU,MCO,F9,F93908.0,MCO→SJU,afternoon,,2024-01-01,2024-12-31,1,1,0,0,0.0,0,0.0,0,0.0,23.0,23.0,23.0,39.0,39.0,39.0,1,1.0,1,1.0,0,0.0,16.0,16.0,0,0.0,0,
flight_number_time_bucket,SJU,MCO,F9,F93908.0,MCO→SJU,early_morning,,2024-01-01,2024-12-31,1,1,0,0,0.0,0,0.0,0,0.0,-35.0,-35.0,-35.0,0.0,0.0,0.0,0,0.0,0,0.0,0,0.0,0.0,0.0,0,,0,
flight_number_time_bucket,SJU,MCO,F9,F93908.0,MCO→SJU,evening,,2024-01-01,2024-12-31,84,83,1,0,0.011905,16,0.192771,4,0.048193,26.08,5.0,88.0,32.58,9.0,91.6,32,0.385542,27,0.325301,17,0.204819,2.33,1.0,0,0.0,0,0.0
flight_number_time_bucket,SJU,MCO,F9,F93908.0,MCO→SJU,late_morning,,2024-01-01,2024-12-31,1,1,0,0,0.0,1,1.0,0,0.0,67.0,67.0,67.0,87.0,87.0,87.0,1,1.0,1,1.0,1,1.0,20.0,20.0,0,0.0,0,0.0
flight_number_time_bucket,SJU,MCO,F9,F93908.0,MCO→SJU,night,,2024-01-01,2024-12-31,91,89,2,0,0.021978,2,0.022472,0,0.0,-1.13,-9.0,37.4,11.36,0.0,39.2,22,0.247191,13,0.146067,2,0.022472,2.06,0.0,1,0.071429,0,0.0
flight_number_time_bucket,SJU,MCO,F9,F93910.0,MCO→SJU,evening,,2024-01-01,2024-12-31,1,1,0,0,0.0,0,0.0,0,0.0,28.0,28.0,28.0,35.0,35.0,35.0,1,1.0,1,1.0,0,0.0,7.0,7.0,0,0.0,0,
flight_number_time_bucket,SJU,MCO,F9,F93910.0,MCO→SJU,night,,2024-01-01,2024-12-31,1,1,0,0,0.0,0,0.0,0,0.0,-7.0,-7.0,-7.0,4.0,4.0,4.0,0,0.0,0,0.0,0,0.0,4.0,4.0,0,,0,
flight_number_time_bucket,SJU,MCO,F9,F94726.0,MCO→SJU,night,,2024-01-01,2024-12-31,235,229,6,0,0.025532,19,0.082969,0,0.0,8.03,-5.0,57.2,18.98,0.0,65.2,73,0.318777,52,0.227074,26,0.113537,3.09,0.0,0,0.0,0,0.0
flight_number_time_bucket,SJU,MCO,F9,F94894.0,MCO→SJU,late_morning,,2024-01-01,2024-12-31,9,9,0,1,0.0,1,0.111111,0,0.0,12.88,-1.5,57.9,13.62,0.0,39.9,2,0.222222,1,0.111111,1,0.111111,-6.75,0.0,0,0.0,0,0.0
flight_number_time_bucket,SJU,MCO,F9,F94896.0,MCO→SJU,afternoon,,2024-01-01,2024-12-31,1,1,0,0,0.0,0,0.0,0,0.0,-7.0,-7.0,-7.0,7.0,7.0,7.0,0,0.0,0,0.0,0,0.0,7.0,7.0,0,,0,
flight_number_time_bucket,SJU,MCO,NK,NK1049.0,MCO→SJU,afternoon,,2024-01-01,2024-12-31,27,27,0,0,0.0,2,0.074074,1,0.037037,15.07,0.0,48.4,25.41,4.0,58.0,11,0.407407,6,0.222222,2,0.074074,5.0,1.0,0,0.0,0,0.0
flight_number_time_bucket,SJU,MCO,NK,NK1049.0,MCO→SJU,early_morning,,2024-01-01,2024-12-31,9,9,0,0,0.0,0,0.0,0,0.0,-9.89,-13.0,4.2,4.11,0.0,11.6,1,0.111111,0,0.0,0,0.0,3.0,0.0,0,,0,
flight_number_time_bucket,SJU,MCO,NK,NK1049.0,MCO→SJU,evening,,2024-01-01,2024-12-31,24,22,2,0,0.083333,5,0.227273,1,0.045455,39.36,8.5,126.6,47.23,9.5,147.4,10,0.454545,6,0.272727,5,0.227273,3.41,3.5,0,0.0,0,0.0
flight_number_time_bucket,SJU,MCO,NK,NK1049.0,MCO→SJU,late_morning,,2024-01-01,2024-12-31,5,5,0,0,0.0,2,0.4,1,0.2,68.6,30.0,181.2,70.2,2.0,189.6,2,0.4,2,0.4,2,0.4,-2.0,0.0,0,0.0,0,0.0
flight_number_time_bucket,SJU,MCO,NK,NK1049.0,MCO→SJU,night,,2024-01-01,2024-12-31,105,105,0,0,0.0,20,0.190476,2,0.019048,25.32,3.0,89.8,37.56,11.0,104.6,51,0.485714,39,0.371429,23,0.219048,6.5,4.0,0,0.0,0,0.0
flight_number_time_bucket,SJU,MCO,NK,NK1400.0,MCO→SJU,evening,,2024-01-01,2024-12-31,29,29,0,1,0.0,4,0.137931,0,0.0,24.71,10.0,88.3,33.07,15.5,85.8,14,0.482759,9,0.310345,4,0.137931,3.86,1.0,0,0.0,0,0.0
flight_number_time_bucket,SJU,MCO,NK,NK1400.0,MCO→SJU,night,,2024-01-01,2024-12-31,15,15,0,0,0.0,1,0.066667,0,0.0,12.67,-2.0,54.6,23.4,12.0,65.0,6,0.4,4,0.266667,2,0.133333,5.47,5.0,0,0.0,0,0.0
flight_number_time_bucket,SJU,MCO,NK,NK2008.0,MCO→SJU,afternoon,,2024-01-01,2024-12-31,7,7,0,0,0.0,1,0.142857,0,0.0,11.14,-1.0,46.0,12.86,3.0,37.8,2,0.285714,1,0.142857,0,0.0,-3.43,0.0,0,0.0,0,
flight_number_time_bucket,SJU,MCO,NK,NK2008.0,MCO→SJU,early_morning,,2024-01-01,2024-12-31,16,16,0,0,0.0,0,0.0,0,0.0,-8.5,-6.0,-1.5,1.94,0.0,7.5,0,0.0,0,0.0,0,0.0,1.44,0.0,0,,0,
flight_number_time_bucket,SJU,MCO,NK,NK2008.0,MCO→SJU,late_morning,,2024-01-01,2024-12-31,93,93,0,0,0.0,14,0.150538,3,0.032258,22.65,0.0,74.8,29.06,5.0,78.0,32,0.344086,19,0.204301,13,0.139785,2.16,0.0,0,0.0,0,0.0
flight_number_time_bucket,SJU,MCO,NK,NK3159.0,MCO→SJU,early_morning,,2024-01-01,2024-12-31,136,133,3,0,0.022059,1,0.007519,1,0.007519,-10.62,-14.0,-2.0,3.22,0.0,1.8,5,0.037594,3,0.022556,1,0.007519,0.48,0.0,0,0.0,0,0.0
flight_number_time_bucket,SJU,MCO,NK,NK3163.0,MCO→SJU,afternoon,,2024-01-01,2024-12-31,12,11,1,0,0.083333,0,0.0,0,0.0,-13.64,-12.0,-8.0,0.45,0.0,0.0,0,0.0,0,0.0,0,0.0,0.36,0.0,0,,0,
flight_number_time_bucket,SJU,MCO,NK,NK3163.0,MCO→SJU,evening,,2024-01-01,2024-12-31,49,49,0,0,0.0,1,0.020408,0,0.0,0.53,-5.0,16.4,8.84,1.0,22.4,13,0.265306,3,0.061224,1,0.020408,2.37,0.0,0,0.0,0,0.0
flight_number_time_bucket,SJU,MCO,NK,NK3163.0,MCO→SJU,night,,2024-01-01,2024-12-31,70,67,3,0,0.042857,2,0.029851,0,0.0,-6.03,-11.0,21.0,6.24,0.0,29.6,10,0.149254,7,0.104478,2,0.029851,1.1,0.0,0,0.0,0,0.0
flight_number_time_bucket,SJU,MCO,NK,NK3397.0,MCO→SJU,evening,,2024-01-01,2024-12-31,29,29,0,0,0.0,0,0.0,0,0.0,-4.93,-7.0,12.2,6.07,0.0,19.2,4,0.137931,2,0.068966,0,0.0,2.41,0.0,0,0.0,0,
flight_number_time_bucket,SJU,MCO,NK,NK3397.0,MCO→SJU,night,,2024-01-01,2024-12-31,11,11,0,0,0.0,2,0.181818,0,0.0,7.64,-13.0,90.0,19.0,0.0,90.0,2,0.181818,2,0.181818,2,0.181818,1.45,0.0,0,0.0,0,0.0
flight_number_time_bucket,SJU,MCO,NK,NK3782.0,MCO→SJU,afternoon,,2024-01-01,2024-12-31,13,13,0,0,0.0,2,0.153846,2,0.153846,42.69,3.0,174.8,48.77,4.0,177.4,6,0.461538,5,0.384615,2,0.153846,3.54,3.0,0,0.0,0,0.0
flight_number_time_bucket,SJU,MCO,NK,NK3880.0,MCO→SJU,night,,2024-01-01,2024-12-31,1,1,0,0,0.0,1,1.0,0,0.0,90.0,90.0,90.0,106.0,106.0,106.0,1,1.0,1,1.0,1,1.0,16.0,16.0,0,0.0,0,0.0
flight_number_time_bucket,SJU,MCO,NK,NK795.0,MCO→SJU,early_morning,,2024-01-01,2024-12-31,13,13,0,0,0.0,0,0.0,0,0.0,-5.77,-6.0,10.2,4.62,0.0,12.8,1,0.076923,0,0.0,0,0.0,2.0,0.0,0,,0,
flight_number_time_bucket,SJU,MCO,NK,NK795.0,MCO→SJU,evening,,2024-01-01,2024-12-31,8,8,0,0,0.0,2,0.25,1,0.125,41.0,9.5,137.4,46.5,0.0,148.4,3,0.375,3,0.375,2,0.25,1.75,0.0,0,0.0,0,0.0
flight_number_time_bucket,SJU,MCO,NK,NK795.0,MCO→SJU,late_morning,,2024-01-01,2024-12-31,19,19,0,0,0.0,4,0.210526,1,0.052632,27.53,11.0,82.2,32.21,12.0,90.2,8,0.421053,5,0.263158,3,0.157895,0.74,0.0,0,0.0,0,0.0
flight_number_time_bucket,SJU,MCO,NK,NK795.0,MCO→SJU,night,,2024-01-01,2024-12-31,235,230,5,0,0.021277,19,0.082609,1,0.004348,4.07,-8.0,54.2,17.66,1.0,65.0,64,0.278261,42,0.182609,26,0.113043,4.28,0.0,4,0.090909,0,0.0
flight_number_time_bucket,SJU,MCO,NK,NK880.0,MCO→SJU,evening,,2024-01-01,2024-12-31,18,18,0,0,0.0,2,0.111111,0,0.0,10.11,-1.5,51.8,22.78,4.5,65.2,6,0.333333,3,0.166667,2,0.111111,5.28,3.5,0,0.0,0,0.0
flight_number_time_bucket,SJU,MCO,NK,NK880.0,MCO→SJU,night,,2024-01-01,2024-12-31,141,141,0,0,0.0,14,0.099291,4,0.028369,18.8,-1.0,58.0,30.06,7.0,75.0,57,0.404255,36,0.255319,21,0.148936,5.14,2.0,1,0.027027,0,0.0
flight_number_time_bucket,SJU,MCO,NK,NK880.0,MCO→SJU,red_eye,,2024-01-01,2024-12-31,1,1,0,0,0.0,0,0.0,0,0.0,-1.0,-1.0,-1.0,0.0,0.0,0.0,0,0.0,0,0.0,0,0.0,0.0,0.0,0,,0,
flight_number_time_bucket,SJU,MCO,WN,WN1106.0,MCO→SJU,early_morning,,2024-01-01,2024-12-31,22,19,3,0,0.136364,0,0.0,0,0.0,0.42,0.0,16.2,5.37,2.0,16.6,3,0.157895,0,0.0,0,0.0,0.84,1.0,0,,0,
flight_number_time_bucket,SJU,MCO,WN,WN1161.0,MCO→SJU,early_morning,,2024-01-01,2024-12-31,43,43,0,0,0.0,0,0.0,0,0.0,-4.77,-5.0,2.0,3.95,0.0,12.6,3,0.069767,1,0.023256,0,0.0,2.4,0.0,0,0.0,0,
flight_number_time_bucket,SJU,MCO,WN,WN1161.0,MCO→SJU,late_morning,,2024-01-01,2024-12-31,18,18,0,0,0.0,0,0.0,0,0.0,1.39,-2.5,21.4,8.83,3.0,29.4,3,0.166667,2,0.111111,0,0.0,2.22,3.0,0,0.0,0,
flight_number_time_bucket,SJU,MCO,WN,WN1206.0,MCO→SJU,early_morning,,2024-01-01,2024-12-31,4,4,0,0,0.0,0,0.0,0,0.0,2.5,0.5,12.1,7.0,3.5,13.8,1,0.25,0,0.0,0,0.0,2.25,2.5,0,,0,
flight_number_time_bucket,SJU,MCO,WN,WN1338.0,MCO→SJU,early_morning,,2024-01-01,2024-12-31,59,59,0,0,0.0,1,0.016949,0,0.0,-2.12,-8.0,12.6,6.63,1.0,21.0,8,0.135593,3,0.050847,1,0.016949,1.51,0.0,0,0.0,0,0.0
flight_number_time_bucket,SJU,MCO,WN,WN139.0,MCO→SJU,afternoon,,2024-01-01,2024-12-31,26,26,0,0,0.0,0,0.0,0,0.0,-1.38,-5.0,18.0,6.96,3.5,18.5,3,0.115385,1,0.038462,0,0.0,1.46,1.0,0,0.0,0,
flight_number_time_bucket,SJU,MCO,WN,WN139.0,MCO→SJU,evening,,2024-01-01,2024-12-31,26,26,0,0,0.0,2,0.076923,0,0.0,10.42,3.0,43.5,20.5,12.0,47.5,12,0.461538,6,0.230769,2,0.076923,4.0,0.5,0,0.0,0,0.0
flight_number_time_bucket,SJU,MCO,WN,WN139.0,MCO→SJU,night,,2024-01-01,2024-12-31,7,7,0,0,0.0,0,0.0,0,0.0,1.71,-4.0,15.2,8.57,3.0,23.6,2,0.285714,1,0.142857,0,0.0,2.71,0.0,0,0.0,0,
flight_number_time_bucket,SJU,MCO,WN,WN1395.0,MCO→SJU,night,,2024-01-01,2024-12-31,31,29,2,0,0.064516,1,0.034483,0,0.0,10.0,3.0,35.0,15.0,7.0,32.6,10,0.344828,3,0.103448,1,0.034483,2.24,3.0,0,0.0,0,0.0
flight_number_time_bucket,SJU,MCO,WN,WN1396.0,MCO→SJU,late_morning,,2024-01-01,2024-12-31,22,20,2,0,0.090909,0,0.0,0,0.0,5.55,2.5,25.0,7.45,1.0,22.5,5,0.25,1,0.05,0,0.0,-0.9,0.0,0,0.0,0,
flight_number_time_bucket,SJU,MCO,WN,WN1464.0,MCO→SJU,early_morning,,2024-01-01,2024-12-31,10,10,0,0,0.0,0,0.0,0,0.0,-9.1,-13.0,5.5,2.7,0.5,6.2,1,0.1,0,0.0,0,0.0,0.4,0.0,0,,0,
flight_number_time_bucket,SJU,MCO,WN,WN1464.0,MCO→SJU,late_morning,,2024-01-01,2024-12-31,5,5,0,0,0.0,0,0.0,0,0.0,-2.2,-7.0,9.4,8.4,7.0,17.8,1,0.2,0,0.0,0,0.0,5.0,6.0,0,,0,
flight_number_time_bucket,SJU,MCO,WN,WN1507.0,MCO→SJU,afternoon,,2024-01-01,2024-12-31,1,1,0,0,0.0,0,0.0,0,0.0,-18.0,-18.0,-18.0,0.0,0.0,0.0,0,0.0,0,0.0,0,0.0,0.0,0.0,0,,0,
flight_number_time_bucket,SJU,MCO,WN,WN1622.0,MCO→SJU,early_morning,,2024-01-01,2024-12-31,16,16,0,0,0.0,0,0.0,0,0.0,-9.38,-8.0,-1.5,0.69,0.0,3.0,0,0.0,0,0.0,0,0.0,0.31,0.0,0,,0,
flight_number_time_bucket,SJU,MCO,WN,WN167.0,MCO→SJU,early_morning,,2024-01-01,2024-12-31,10,10,0,0,0.0,1,0.1,0,0.0,2.8,-3.0,8.8,5.6,0.0,11.9,1,0.1,1,0.1,0,0.0,-1.6,0.0,0,0.0,0,
flight_number_time_bucket,SJU,MCO,WN,WN167.0,MCO→SJU,late_morning,,2024-01-01,2024-12-31,24,24,0,0,0.0,0,0.0,0,0.0,-3.54,-7.5,9.0,7.71,1.0,19.4,4,0.166667,1,0.041667,0,0.0,4.04,1.0,0,0.0,0,
flight_number_time_bucket,SJU,MCO,WN,WN1685.0,MCO→SJU,late_morning,,2024-01-01,2024-12-31,59,59,0,0,0.0,2,0.033898,0,0.0,3.14,-4.0,25.2,10.07,2.0,30.0,7,0.118644,6,0.101695,2,0.033898,1.56,0.0,0,0.0,0,0.0
flight_number_time_bucket,SJU,MCO,WN,WN1768.0,MCO→SJU,evening,,2024-01-01,2024-12-31,19,19,0,0,0.0,5,0.263158,0,0.0,27.32,16.0,85.8,42.37,32.0,100.4,13,0.684211,10,0.526316,6,0.315789,11.05,11.0,0,0.0,0,0.0
flight_number_time_bucket,SJU,MCO,WN,WN1768.0,MCO→SJU,night,,2024-01-01,2024-12-31,24,24,0,0,0.0,4,0.166667,2,0.083333,47.42,31.5,119.2,53.12,40.0,126.1,19,0.791667,16,0.666667,7,0.291667,4.67,6.5,0,0.0,0,0.0
flight_number_time_bucket,SJU,MCO,WN,WN1839.0,MCO→SJU,early_morning,,2024-01-01,2024-12-31,1,1,0,0,0.0,0,0.0,0,0.0,-14.0,-14.0,-14.0,0.0,0.0,0.0,0,0.0,0,0.0,0,0.0,0.0,0.0,0,,0,
flight_number_time_bucket,SJU,MCO,WN,WN184.0,MCO→SJU,afternoon,,2024-01-01,2024-12-31,1,1,0,0,0.0,1,1.0,0,0.0,71.0,71.0,71.0,82.0,82.0,82.0,1,1.0,1,1.0,1,1.0,11.0,11.0,0,0.0,0,0.0
flight_number_time_bucket,SJU,MCO,WN,WN1954.0,MCO→SJU,early_morning,,2024-01-01,2024-12-31,5,5,0,0,0.0,0,0.0,0,0.0,0.2,-1.0,7.8,2.6,0.0,7.0,0,0.0,0,0.0,0,0.0,-0.4,0.0,0,,0,
flight_number_time_bucket,SJU,MCO,WN,WN1975.0,MCO→SJU,afternoon,,2024-01-01,2024-12-31,61,61,0,0,0.0,4,0.065574,0,0.0,4.61,-2.0,33.0,11.82,2.0,39.0,12,0.196721,9,0.147541,4,0.065574,1.97,0.0,0,0.0,0,0.0
flight_number_time_bucket,SJU,MCO,WN,WN199.0,MCO→SJU,afternoon,,2024-01-01,2024-12-31,1,1,0,0,0.0,0,0.0,0,0.0,2.0,2.0,2.0,6.0,6.0,6.0,0,0.0,0,0.0,0,0.0,4.0,4.0,0,,0,
flight_number_time_bucket,SJU,MCO,WN,WN1992.0,MCO→SJU,evening,,2024-01-01,2024-12-31,1,1,0,0,0.0,0,0.0,0,0.0,43.0,43.0,43.0,55.0,55.0,55.0,1,1.0,1,1.0,0,0.0,12.0,12.0,0,0.0,0,
flight_number_time_bucket,SJU,MCO,WN,WN209.0,MCO→SJU,night,,2024-01-01,2024-12-31,4,4,0,0,0.0,0,0.0,0,0.0,1.5,-4.0,15.5,7.5,2.5,18.7,1,0.25,0,0.0,0,0.0,1.75,1.5,0,,0,
flight_number_time_bucket,SJU,MCO,WN,WN2092.0,MCO→SJU,afternoon,,2024-01-01,2024-12-31,5,5,0,0,0.0,0,0.0,0,0.0,13.8,12.0,31.0,19.2,18.0,36.4,3,0.6,1,0.2,0,0.0,4.6,6.0,0,0.0,0,
flight_number_time_bucket,SJU,MCO,WN,WN2128.0,MCO→SJU,early_morning,,2024-01-01,2024-12-31,39,39,0,0,0.0,0,0.0,0,0.0,-0.79,-3.0,20.4,5.92,0.0,18.0,6,0.153846,2,0.051282,0,0.0,0.97,0.0,0,0.0,0,
flight_number_time_bucket,SJU,MCO,WN,WN2128.0,MCO→SJU,late_morning,,2024-01-01,2024-12-31,16,16,0,0,0.0,0,0.0,0,0.0,1.75,-1.0,21.0,5.06,0.0,12.0,1,0.0625,1,0.0625,0,0.0,-1.06,0.0,0,0.0,0,
flight_number_time_bucket,SJU,MCO,WN,WN2180.0,MCO→SJU,late_morning,,2024-01-01,2024-12-31,1,1,0,0,0.0,0,0.0,0,0.0,-10.0,-10.0,-10.0,0.0,0.0,0.0,0,0.0,0,0.0,0,0.0,0.0,0.0,0,,0,
flight_number_time_bucket,SJU,MCO,WN,WN222.0,MCO→SJU,afternoon,,2024-01-01,2024-12-31,1,1,0,0,0.0,0,0.0,0,0.0,-4.0,-4.0,-4.0,7.0,7.0,7.0,0,0.0,0,0.0,0,0.0,7.0,7.0,0,,0,
flight_number_time_bucket,SJU,MCO,WN,WN2346.0,MCO→SJU,early_morning,,2024-01-01,2024-12-31,1,1,0,0,0.0,0,0.0,0,0.0,1.0,1.0,1.0,0.0,0.0,0.0,0,0.0,0,0.0,0,0.0,-1.0,-1.0,0,,0,
flight_number_time_bucket,SJU,MCO,WN,WN2370.0,MCO→SJU,evening,,2024-01-01,2024-12-31,8,8,0,0,0.0,3,0.375,0,0.0,45.25,19.0,116.0,54.12,26.0,123.5,5,0.625,4,0.5,3,0.375,5.88,6.5,0,0.0,0,0.0
flight_number_time_bucket,SJU,MCO,WN,WN2401.0,MCO→SJU,evening,,2024-01-01,2024-12-31,51,51,0,0,0.0,3,0.058824,0,0.0,8.04,-5.0,46.0,18.96,7.0,52.0,16,0.313725,10,0.196078,4,0.078431,4.18,4.0,1,0.090909,0,0.0
flight_number_time_bucket,SJU,MCO,WN,WN2446.0,MCO→SJU,late_morning,,2024-01-01,2024-12-31,1,1,0,0,0.0,0,0.0,0,0.0,-12.0,-12.0,-12.0,4.0,4.0,4.0,0,0.0,0,0.0,0,0.0,4.0,4.0,0,,0,
flight_number_time_bucket,SJU,MCO,WN,WN2464.0,MCO→SJU,evening,,2024-01-01,2024-12-31,39,39,0,0,0.0,0,0.0,0,0.0,0.82,-3.0,12.2,9.59,7.0,20.2,7,0.179487,2,0.051282,1,0.025641,4.74,4.0,0,0.0,0,0.0
flight_number_time_bucket,SJU,MCO,WN,WN2523.0,MCO→SJU,afternoon,,2024-01-01,2024-12-31,1,1,0,0,0.0,0,0.0,0,0.0,8.0,8.0,8.0,6.0,6.0,6.0,0,0.0,0,0.0,0,0.0,-2.0,-2.0,0,,0,
flight_number_time_bucket,SJU,MCO,WN,WN2605.0,MCO→SJU,afternoon,,2024-01-01,2024-12-31,23,22,1,0,0.043478,0,0.0,0,0.0,3.95,1.0,19.9,8.36,3.0,21.1,3,0.136364,1,0.045455,1,0.045455,1.91,0.5,0,0.0,0,0.0
flight_number_time_bucket,SJU,MCO,WN,WN2658.0,MCO→SJU,afternoon,,2024-01-01,2024-12-31,56,56,0,0,0.0,9,0.160714,2,0.035714,19.91,1.0,73.5,29.88,10.0,90.5,23,0.410714,13,0.232143,9,0.160714,5.27,4.5,0,0.0,0,0.0
flight_number_time_bucket,SJU,MCO,WN,WN270.0,MCO→SJU,afternoon,,2024-01-01,2024-12-31,1,1,0,0,0.0,0,0.0,0,0.0,16.0,16.0,16.0,29.0,29.0,29.0,1,1.0,0,0.0,0,0.0,13.0,13.0,0,,0,
flight_number_time_bucket,SJU,MCO,WN,WN2728.0,MCO→SJU,afternoon,,2024-01-01,2024-12-31,48,48,0,0,0.0,1,0.020833,0,0.0,1.48,-2.0,19.3,8.12,4.5,23.6,8,0.166667,2,0.041667,0,0.0,1.96,1.0,0,0.0,0,
flight_number_time_bucket,SJU,MCO,WN,WN2728.0,MCO→SJU,evening,,2024-01-01,2024-12-31,10,10,0,0,0.0,0,0.0,0,0.0,2.7,0.0,28.1,15.4,10.0,35.3,4,0.4,3,0.3,0,0.0,6.1,8.0,0,0.0,0,
flight_number_time_bucket,SJU,MCO,WN,WN2728.0,MCO→SJU,late_morning,,2024-01-01,2024-12-31,1,1,0,0,0.0,0,0.0,0,0.0,1.0,1.0,1.0,14.0,14.0,14.0,0,0.0,0,0.0,0,0.0,13.0,13.0,0,,0,
flight_number_time_bucket,SJU,MCO,WN,WN2878.0,MCO→SJU,afternoon,,2024-01-01,2024-12-31,8,8,0,0,0.0,0,0.0,0,0.0,2.62,3.0,18.4,11.25,6.0,29.7,2,0.25,1,0.125,0,0.0,4.62,4.0,0,0.0,0,
flight_number_time_bucket,SJU,MCO,WN,WN2878.0,MCO→SJU,night,,2024-01-01,2024-12-31,43,43,0,0,0.0,2,0.046512,1,0.023256,11.49,5.0,32.8,20.37,10.0,31.8,16,0.372093,6,0.139535,2,0.046512,3.67,5.0,0,0.0,0,0.0
flight_number_time_bucket,SJU,MCO,WN,WN3018.0,MCO→SJU,early_morning,,2024-01-01,2024-12-31,24,24,0,0,0.0,0,0.0,0,0.0,-9.25,-9.5,-2.9,0.88,0.0,2.1,0,0.0,0,0.0,0,0.0,-0.12,0.0,0,,0,
flight_number_time_bucket,SJU,MCO,WN,WN3106.0,MCO→SJU,early_morning,,2024-01-01,2024-12-31,7,7,0,0,0.0,0,0.0,0,0.0,-9.0,-9.0,-3.6,2.86,2.0,6.6,0,0.0,0,0.0,0,0.0,2.86,2.0,0,,0,
flight_number_time_bucket,SJU,MCO,WN,WN3204.0,MCO→SJU,early_morning,,2024-01-01,2024-12-31,1,1,0,0,0.0,0,0.0,0,0.0,-9.0,-9.0,-9.0,0.0,0.0,0.0,0,0.0,0,0.0,0,0.0,0.0,0.0,0,,0,
flight_number_time_bucket,SJU,MCO,WN,WN3244.0,MCO→SJU,late_morning,,2024-01-01,2024-12-31,18,18,0,0,0.0,0,0.0,0,0.0,1.28,-0.5,12.8,9.33,6.5,18.9,5,0.277778,1,0.055556,0,0.0,4.83,4.0,0,0.0,0,
flight_number_time_bucket,SJU,MCO,WN,WN3324.0,MCO→SJU,night,,2024-01-01,2024-12-31,8,8,0,0,0.0,2,0.25,0,0.0,34.12,26.0,89.5,45.25,34.0,98.9,5,0.625,4,0.5,2,0.25,6.88,7.0,0,0.0,0,0.0
flight_number_time_bucket,SJU,MCO,WN,WN3393.0,MCO→SJU,night,,2024-01-01,2024-12-31,1,1,0,0,0.0,0,0.0,0,0.0,-21.0,-21.0,-21.0,0.0,0.0,0.0,0,0.0,0,0.0,0,0.0,0.0,0.0,0,,0,
flight_number_time_bucket,SJU,MCO,WN,WN3593.0,MCO→SJU,evening,,2024-01-01,2024-12-31,1,1,0,0,0.0,0,0.0,0,0.0,32.0,32.0,32.0,50.0,50.0,50.0,1,1.0,1,1.0,0,0.0,18.0,18.0,0,0.0,0,
flight_number_time_bucket,SJU,MCO,WN,WN3593.0,MCO→SJU,night,,2024-01-01,2024-12-31,59,59,0,0,0.0,8,0.135593,0,0.0,27.93,21.0,87.8,41.98,36.0,97.8,46,0.779661,36,0.610169,12,0.20339,11.42,12.0,4,0.105263,0,0.0
flight_number_time_bucket,SJU,MCO,WN,WN3629.0,MCO→SJU,early_morning,,2024-01-01,2024-12-31,51,51,0,0,0.0,0,0.0,0,0.0,-8.31,-9.0,8.0,3.67,0.0,14.0,5,0.098039,0,0.0,0,0.0,1.98,0.0,0,,0,
flight_number_time_bucket,SJU,MCO,WN,WN3678.0,MCO→SJU,early_morning,,2024-01-01,2024-12-31,24,24,0,1,0.0,0,0.0,0,0.0,-6.09,-7.0,5.6,2.61,0.0,7.0,1,0.041667,0,0.0,0,0.0,1.39,0.0,0,,0,
flight_number_time_bucket,SJU,MCO,WN,WN3747.0,MCO→SJU,night,,2024-01-01,2024-12-31,5,5,0,0,0.0,0,0.0,0,0.0,-1.2,-5.0,12.8,13.8,8.0,26.6,2,0.4,1,0.2,0,0.0,9.4,8.0,0,0.0,0,
flight_number_time_bucket,SJU,MCO,WN,WN3819.0,MCO→SJU,afternoon,,2024-01-01,2024-12-31,8,6,2,0,0.25,0,0.0,0,0.0,0.17,-1.5,12.5,3.33,1.5,8.5,0,0.0,0,0.0,0,0.0,-1.17,0.0,0,,0,
flight_number_time_bucket,SJU,MCO,WN,WN3819.0,MCO→SJU,evening,,2024-01-01,2024-12-31,23,22,1,0,0.043478,0,0.0,0,0.0,6.05,3.5,26.0,9.82,6.0,24.6,6,0.272727,1,0.045455,0,0.0,0.5,0.0,0,0.0,0,
flight_number_time_bucket,SJU,MCO,WN,WN3833.0,MCO→SJU,afternoon,,2024-01-01,2024-12-31,1,1,0,0,0.0,0,0.0,0,0.0,49.0,49.0,49.0,63.0,63.0,63.0,1,1.0,1,1.0,1,1.0,14.0,14.0,0,0.0,0,0.0
flight_number_time_bucket,SJU,MCO,WN,WN3833.0,MCO→SJU,evening,,2024-01-01,2024-12-31,58,58,0,0,0.0,3,0.051724,0,0.0,9.64,-1.0,44.9,19.41,11.0,45.4,23,0.396552,11,0.189655,4,0.068966,4.71,4.0,0,0.0,0,0.0
flight_number_time_bucket,SJU,MCO,WN,WN392.0,MCO→SJU,evening,,2024-01-01,2024-12-31,1,1,0,0,0.0,0,0.0,0,0.0,-11.0,-11.0,-11.0,0.0,0.0,0.0,0,0.0,0,0.0,0,0.0,0.0,0.0,0,,0,
flight_number_time_bucket,SJU,MCO,WN,WN3947.0,MCO→SJU,night,,2024-01-01,2024-12-31,8,8,0,0,0.0,1,0.125,0,0.0,21.5,19.0,48.2,26.75,24.5,53.4,5,0.625,2,0.25,1,0.125,2.88,3.0,0,0.0,0,0.0
flight_number_time_bucket,SJU,MCO,WN,WN4035.0,MCO→SJU,evening,,2024-01-01,2024-12-31,4,4,0,0,0.0,0,0.0,0,0.0,20.0,11.5,41.0,31.0,19.0,54.3,4,1.0,1,0.25,1,0.25,11.0,10.5,0,0.0,0,0.0
flight_number_time_bucket,SJU,MCO,WN,WN4097.0,MCO→SJU,late_morning,,2024-01-01,2024-12-31,4,4,0,0,0.0,0,0.0,0,0.0,-3.75,-4.5,-1.2,1.25,0.0,3.5,0,0.0,0,0.0,0,0.0,1.25,0.0,0,,0,
flight_number_time_bucket,SJU,MCO,WN,WN4286.0,MCO→SJU,early_morning,,2024-01-01,2024-12-31,9,9,0,0,0.0,0,0.0,0,0.0,-9.22,-9.0,-0.4,2.33,0.0,8.4,0,0.0,0,0.0,0,0.0,1.22,0.0,0,,0,
flight_number_time_bucket,SJU,MCO,WN,WN4289.0,MCO→SJU,early_morning,,2024-01-01,2024-12-31,5,5,0,0,0.0,0,0.0,0,0.0,-8.4,-9.0,-1.2,4.0,0.0,12.0,1,0.2,0,0.0,0,0.0,4.0,0.0,0,,0,
flight_number_time_bucket,SJU,MCO,WN,WN4289.0,MCO→SJU,late_morning,,2024-01-01,2024-12-31,5,5,0,0,0.0,0,0.0,0,0.0,-2.6,-1.0,1.2,7.2,9.0,13.6,0,0.0,0,0.0,0,0.0,6.8,9.0,0,,0,
flight_number_time_bucket,SJU,MCO,WN,WN4324.0,MCO→SJU,evening,,2024-01-01,2024-12-31,4,4,0,0,0.0,0,0.0,0,0.0,7.25,5.5,19.8,12.25,11.0,16.6,1,0.25,0,0.0,0,0.0,3.5,4.5,0,,0,
flight_number_time_bucket,SJU,MCO,WN,WN4324.0,MCO→SJU,night,,2024-01-01,2024-12-31,32,32,0,1,0.0,1,0.03125,0,0.0,8.39,1.0,42.0,18.68,9.0,55.0,9,0.28125,5,0.15625,3,0.09375,6.61,5.0,0,0.0,0,0.0
flight_number_time_bucket,SJU,MCO,WN,WN4375.0,MCO→SJU,afternoon,,2024-01-01,2024-12-31,5,5,0,0,0.0,0,0.0,0,0.0,0.6,3.0,8.2,6.8,8.0,13.6,1,0.2,0,0.0,0,0.0,3.0,0.0,0,,0,
flight_number_time_bucket,SJU,MCO,WN,WN4401.0,MCO→SJU,early_morning,,2024-01-01,2024-12-31,48,48,0,0,0.0,0,0.0,0,0.0,-8.58,-10.5,1.6,2.25,0.0,7.0,2,0.041667,1,0.020833,0,0.0,0.67,0.0,0,0.0,0,
flight_number_time_bucket,SJU,MCO,WN,WN4402.0,MCO→SJU,afternoon,,2024-01-01,2024-12-31,24,24,0,0,0.0,0,0.0,0,0.0,0.83,-3.5,22.4,10.92,3.5,29.5,8,0.333333,3,0.125,0,0.0,3.5,0.5,1,0.333333,0,
flight_number_time_bucket,SJU,MCO,WN,WN4402.0,MCO→SJU,late_morning,,2024-01-01,2024-12-31,32,32,0,0,0.0,0,0.0,0,0.0,-0.94,-3.0,14.9,7.66,3.0,20.6,7,0.21875,1,0.03125,0,0.0,3.06,0.5,0,0.0,0,
flight_number_time_bucket,SJU,MCO,WN,WN4404.0,MCO→SJU,evening,,2024-01-01,2024-12-31,48,48,0,0,0.0,11,0.229167,1,0.020833,24.29,7.0,73.8,36.17,13.0,87.9,22,0.458333,17,0.354167,12,0.25,7.56,7.0,1,0.055556,0,0.0
flight_number_time_bucket,SJU,MCO,WN,WN4404.0,MCO→SJU,night,,2024-01-01,2024-12-31,8,8,0,0,0.0,1,0.125,0,0.0,17.12,-4.5,70.4,32.25,13.5,78.9,3,0.375,3,0.375,1,0.125,9.38,9.5,1,0.333333,0,0.0
flight_number_time_bucket,SJU,MCO,WN,WN4405.0,MCO→SJU,evening,,2024-01-01,2024-12-31,7,7,0,0,0.0,0,0.0,0,0.0,-8.14,-7.0,6.8,10.29,4.0,24.0,1,0.142857,1,0.142857,0,0.0,7.43,4.0,0,0.0,0,
flight_number_time_bucket,SJU,MCO,WN,WN4405.0,MCO→SJU,night,,2024-01-01,2024-12-31,48,48,0,0,0.0,7,0.145833,1,0.020833,17.62,4.0,74.9,26.81,11.5,82.4,20,0.416667,12,0.25,7,0.145833,4.02,4.5,2,0.166667,0,0.0
flight_number_time_bucket,SJU,MCO,WN,WN449.0,MCO→SJU,late_morning,,2024-01-01,2024-12-31,4,4,0,0,0.0,0,0.0,0,0.0,7.0,8.0,12.5,8.0,5.5,18.0,1,0.25,0,0.0,0,0.0,0.5,2.0,0,,0,
flight_number_time_bucket,SJU,MCO,WN,WN4514.0,MCO→SJU,afternoon,,2024-01-01,2024-12-31,25,25,0,0,0.0,2,0.08,0,0.0,7.28,-6.0,42.6,15.44,2.0,43.2,5,0.2,5,0.2,2,0.08,2.36,1.0,1,0.2,0,0.0
flight_number_time_bucket,SJU,MCO,WN,WN4514.0,MCO→SJU,evening,,2024-01-01,2024-12-31,27,27,0,0,0.0,4,0.148148,2,0.074074,27.44,2.0,112.4,42.33,18.0,133.4,15,0.555556,9,0.333333,4,0.148148,11.11,11.0,0,0.0,0,0.0
flight_number_time_bucket,SJU,MCO,WN,WN4518.0,MCO→SJU,early_morning,,2024-01-01,2024-12-31,34,34,0,0,0.0,1,0.029412,0,0.0,-3.79,-12.0,3.7,8.12,0.0,16.7,5,0.147059,1,0.029412,1,0.029412,2.09,0.0,0,0.0,0,0.0
flight_number_time_bucket,SJU,MCO,WN,WN4518.0,MCO→SJU,late_morning,,2024-01-01,2024-12-31,25,25,0,0,0.0,0,0.0,0,0.0,-8.08,-11.0,7.8,2.28,0.0,5.2,1,0.04,1,0.04,0,0.0,-0.32,0.0,0,0.0,0,
flight_number_time_bucket,SJU,MCO,WN,WN4563.0,MCO→SJU,early_morning,,2024-01-01,2024-12-31,18,18,0,0,0.0,0,0.0,0,0.0,-1.61,-2.5,8.3,2.17,1.0,5.5,0,0.0,0,0.0,0,0.0,-0.22,0.0,0,,0,
flight_number_time_bucket,SJU,MCO,WN,WN4699.0,MCO→SJU,afternoon,,2024-01-01,2024-12-31,9,9,0,0,0.0,1,0.111111,0,0.0,16.89,6.0,41.8,25.56,11.0,50.6,4,0.444444,4,0.444444,1,0.111111,6.22,5.0,0,0.0,0,0.0
flight_number_time_bucket,SJU,MCO,WN,WN4699.0,MCO→SJU,evening,,2024-01-01,2024-12-31,51,51,0,0,0.0,4,0.078431,1,0.019608,11.53,-6.0,56.0,28.49,9.0,66.0,19,0.372549,13,0.254902,6,0.117647,7.92,7.0,0,0.0,0,0.0
flight_number_time_bucket,SJU,MCO,WN,WN4699.0,MCO→SJU,late_morning,,2024-01-01,2024-12-31,1,1,0,0,0.0,0,0.0,0,0.0,0.0,0.0,0.0,10.0,10.0,10.0,0,0.0,0,0.0,0,0.0,10.0,10.0,0,,0,
flight_number_time_bucket,SJU,MCO,WN,WN4703.0,MCO→SJU,afternoon,,2024-01-01,2024-12-31,25,25,0,0,0.0,2,0.08,0,0.0,10.96,1.0,30.8,17.48,6.0,34.2,6,0.24,3,0.12,2,0.08,2.68,3.0,0,0.0,0,0.0
flight_number_time_bucket,SJU,MCO,WN,WN499.0,MCO→SJU,afternoon,,2024-01-01,2024-12-31,8,8,0,0,0.0,0,0.0,0,0.0,5.62,4.0,22.1,8.12,2.5,20.4,1,0.125,1,0.125,0,0.0,-0.75,-0.5,0,0.0,0,
flight_number_time_bucket,SJU,MCO,WN,WN552.0,MCO→SJU,evening,,2024-01-01,2024-12-31,6,6,0,0,0.0,0,0.0,0,0.0,-7.83,-5.0,-2.0,7.5,8.5,14.0,1,0.166667,0,0.0,0,0.0,7.5,8.5,0,,0,
flight_number_time_bucket,SJU,MCO,WN,WN5615.0,MCO→SJU,night,,2024-01-01,2024-12-31,22,22,0,0,0.0,2,0.090909,0,0.0,4.77,-4.0,35.3,16.5,7.0,48.0,6,0.272727,3,0.136364,2,0.090909,6.45,6.5,0,0.0,0,0.0
flight_number_time_bucket,SJU,MCO,WN,WN580.0,MCO→SJU,late_morning,,2024-01-01,2024-12-31,8,8,0,0,0.0,0,0.0,0,0.0,-2.25,-8.5,29.2,10.62,2.5,35.3,2,0.25,2,0.25,0,0.0,3.12,2.5,0,0.0,0,
flight_number_time_bucket,SJU,MCO,WN,WN588.0,MCO→SJU,evening,,2024-01-01,2024-12-31,1,1,0,0,0.0,0,0.0,0,0.0,-4.0,-4.0,-4.0,7.0,7.0,7.0,0,0.0,0,0.0,0,0.0,7.0,7.0,0,,0,
flight_number_time_bucket,SJU,MCO,WN,WN599.0,MCO→SJU,evening,,2024-01-01,2024-12-31,1,1,0,0,0.0,0,0.0,0,0.0,11.0,11.0,11.0,27.0,27.0,27.0,1,1.0,0,0.0,0,0.0,16.0,16.0,0,,0,
flight_number_time_bucket,SJU,MCO,WN,WN655.0,MCO→SJU,late_morning,,2024-01-01,2024-12-31,16,16,0,0,0.0,0,0.0,0,0.0,-10.81,-11.0,-0.5,2.19,0.0,8.0,1,0.0625,0,0.0,0,0.0,1.75,0.0,0,,0,
flight_number_time_bucket,SJU,MCO,WN,WN671.0,MCO→SJU,late_morning,,2024-01-01,2024-12-31,5,5,0,0,0.0,0,0.0,0,0.0,-8.8,-9.0,-2.2,3.4,2.0,8.4,0,0.0,0,0.0,0,0.0,3.4,2.0,0,,0,
flight_number_time_bucket,SJU,MCO,WN,WN675.0,MCO→SJU,early_morning,,2024-01-01,2024-12-31,9,9,0,0,0.0,0,0.0,0,0.0,-5.33,-5.0,3.2,2.67,0.0,7.0,0,0.0,0,0.0,0,0.0,1.56,0.0,0,,0,
flight_number_time_bucket,SJU,MCO,WN,WN713.0,MCO→SJU,late_morning,,2024-01-01,2024-12-31,18,18,0,0,0.0,2,0.111111,0,0.0,3.94,-2.5,44.2,13.72,3.5,45.3,4,0.222222,3,0.166667,1,0.055556,3.06,0.0,0,0.0,0,0.0
flight_number_time_bucket,SJU,MCO,WN,WN755.0,MCO→SJU,evening,,2024-01-01,2024-12-31,10,9,1,0,0.1,2,0.222222,0,0.0,23.89,9.0,90.0,38.22,17.0,109.2,5,0.555556,4,0.444444,2,0.222222,10.11,15.0,0,0.0,0,0.0
flight_number_time_bucket,SJU,MCO,WN,WN807.0,MCO→SJU,afternoon,,2024-01-01,2024-12-31,10,10,0,0,0.0,1,0.1,0,0.0,10.2,0.0,50.9,19.2,2.0,67.1,4,0.4,3,0.3,2,0.2,2.2,1.0,0,0.0,0,0.0
flight_number_time_bucket,SJU,MCO,WN,WN888.0,MCO→SJU,afternoon,,2024-01-01,2024-12-31,18,18,0,0,0.0,2,0.111111,0,0.0,6.28,-8.5,52.0,13.11,0.0,51.6,4,0.222222,4,0.222222,1,0.055556,-2.61,0.0,0,0.0,0,0.0
flight_number_time_bucket,SJU,MCO,WN,WN927.0,MCO→SJU,evening,,2024-01-01,2024-12-31,1,1,0,0,0.0,0,0.0,0,0.0,-1.0,-1.0,-1.0,7.0,7.0,7.0,0,0.0,0,0.0,0,0.0,7.0,7.0,0,,0,
flight_number_time_bucket,SJU,MCO,WN,WN945.0,MCO→SJU,evening,,2024-01-01,2024-12-31,8,8,0,0,0.0,1,0.125,0,0.0,15.25,-1.0,61.0,29.12,4.5,72.8,3,0.375,2,0.25,1,0.125,6.12,4.5,0,0.0,0,0.0
flight_number_time_bucket,SJU,MCO,WN,WN957.0,MCO→SJU,early_morning,,2024-01-01,2024-12-31,33,33,0,0,0.0,1,0.030303,0,0.0,-8.97,-13.0,7.6,6.12,0.0,15.8,4,0.121212,2,0.060606,1,0.030303,1.67,0.0,0,0.0,0,0.0
flight_number_time_bucket,SJU,MCO,WN,WN958.0,MCO→SJU,afternoon,,2024-01-01,2024-12-31,8,8,0,0,0.0,0,0.0,0,0.0,-12.12,-14.0,6.5,10.12,5.0,24.2,3,0.375,1,0.125,0,0.0,7.75,5.0,0,0.0,0,
flight_number_time_bucket,SJU,MCO,WN,WN958.0,MCO→SJU,late_morning,,2024-01-01,2024-12-31,25,25,0,0,0.0,3,0.12,0,0.0,14.88,1.0,73.2,18.28,5.0,56.4,7,0.28,6,0.24,3,0.12,-0.72,0.0,0,0.0,0,0.0
flight_number_time_bucket,SJU,MCO,WN,WN961.0,MCO→SJU,afternoon,,2024-01-01,2024-12-31,33,33,0,0,0.0,5,0.151515,2,0.060606,28.03,0.0,115.4,33.79,6.0,124.0,8,0.242424,6,0.181818,5,0.151515,1.58,2.0,0,0.0,0,0.0
flight_number_time_bucket,SJU,MCO,WN,WN962.0,MCO→SJU,evening,,2024-01-01,2024-12-31,33,33,0,0,0.0,5,0.151515,1,0.030303,15.7,-6.0,84.6,29.48,6.0,99.2,11,0.333333,9,0.272727,6,0.181818,5.76,4.0,0,0.0,0,0.0
flight_number_time_bucket,SJU,MCO,WN,WN964.0,MCO→SJU,evening,,2024-01-01,2024-12-31,15,15,0,0,0.0,0,0.0,0,0.0,9.53,7.0,29.2,17.6,8.0,41.0,6,0.4,3,0.2,1,0.066667,5.87,5.0,0,0.0,0,0.0
flight_number_time_bucket,SJU,MCO,WN,WN964.0,MCO→SJU,night,,2024-01-01,2024-12-31,18,18,0,0,0.0,5,0.277778,1,0.055556,39.67,4.0,133.0,51.33,18.0,147.3,10,0.555556,8,0.444444,5,0.277778,6.94,7.0,0,0.0,0,0.0
flight_number_time_bucket,SJU,MCO,WN,WN966.0,MCO→SJU,night,,2024-01-01,2024-12-31,15,15,0,0,0.0,1,0.066667,0,0.0,14.07,13.0,29.8,21.0,19.0,35.8,8,0.533333,3,0.2,1,0.066667,5.6,6.0,0,0.0,0,0.0
flight_number_time_bucket,SJU,MCO,WN,WN991.0,MCO→SJU,late_morning,,2024-01-01,2024-12-31,4,4,0,0,0.0,0,0.0,0,0.0,-9.75,-10.0,-3.2,0.25,0.0,0.7,0,0.0,0,0.0,0,0.0,0.25,0.0,0,,0,
flight_number_time_bucket,SJU,MDW,F9,F92700.0,MDW→SJU,early_morning,,2024-01-01,2024-12-31,23,22,1,0,0.043478,0,0.0,0,0.0,-1.32,-9.0,34.8,11.05,0.0,41.4,6,0.272727,3,0.136364,1,0.045455,-0.95,0.0,0,0.0,0,0.0
flight_number_time_bucket,SJU,MDW,F9,F92700.0,MDW→SJU,late_morning,,2024-01-01,2024-12-31,18,16,2,0,0.111111,2,0.125,0,0.0,9.31,1.5,47.0,10.19,0.0,35.0,3,0.1875,2,0.125,1,0.0625,-4.5,0.0,0,0.0,0,0.0
flight_number_time_bucket,SJU,MDW,F9,F93272.0,MDW→SJU,evening,,2024-01-01,2024-12-31,9,9,0,0,0.0,1,0.111111,0,0.0,8.22,-8.0,56.2,12.78,0.0,37.0,2,0.222222,1,0.111111,1,0.111111,-6.11,0.0,0,0.0,0,0.0
flight_number_time_bucket,SJU,MDW,WN,WN1085.0,MDW→SJU,early_morning,,2024-01-01,2024-12-31,16,16,0,0,0.0,0,0.0,0,0.0,-1.75,-6.5,27.0,8.69,3.5,30.5,3,0.1875,2,0.125,0,0.0,1.38,0.0,0,0.0,0,
flight_number_time_bucket,SJU,MDW,WN,WN241.0,MDW→SJU,early_morning,,2024-01-01,2024-12-31,4,4,0,0,0.0,0,0.0,0,0.0,13.5,13.0,16.4,12.0,6.5,26.2,1,0.25,1,0.25,0,0.0,-1.5,-7.5,1,1.0,0,
flight_number_time_bucket,SJU,MDW,WN,WN3660.0,MDW→SJU,early_morning,,2024-01-01,2024-12-31,9,9,0,1,0.0,0,0.0,0,0.0,6.88,3.5,23.7,11.5,7.5,27.3,2,0.222222,1,0.111111,0,0.0,1.5,0.5,0,0.0,0,
flight_number_time_bucket,SJU,MDW,WN,WN3799.0,MDW→SJU,early_morning,,2024-01-01,2024-12-31,4,4,0,0,0.0,0,0.0,0,0.0,2.0,-1.0,16.4,4.25,0.5,11.5,1,0.25,0,0.0,0,0.0,-1.75,-0.5,0,,0,
flight_number_time_bucket,SJU,MDW,WN,WN4164.0,MDW→SJU,early_morning,,2024-01-01,2024-12-31,9,9,0,0,0.0,0,0.0,0,0.0,-0.56,-1.0,14.6,12.11,5.0,28.4,2,0.222222,1,0.111111,1,0.111111,6.0,0.0,0,0.0,0,0.0
flight_number_time_bucket,SJU,MDW,WN,WN492.0,MDW→SJU,early_morning,,2024-01-01,2024-12-31,1,1,0,0,0.0,0,0.0,0,0.0,18.0,18.0,18.0,13.0,13.0,13.0,0,0.0,0,0.0,0,0.0,-5.0,-5.0,0,,0,
flight_number_time_bucket,SJU,MDW,WN,WN497.0,MDW→SJU,early_morning,,2024-01-01,2024-12-31,10,10,0,0,0.0,1,0.1,0,0.0,25.6,9.5,58.8,31.1,12.0,54.3,4,0.4,2,0.2,1,0.1,3.3,0.5,0,0.0,0,0.0
flight_number_time_bucket,SJU,MDW,WN,WN982.0,MDW→SJU,early_morning,,2024-01-01,2024-12-31,8,8,0,0,0.0,1,0.125,0,0.0,17.12,5.5,55.7,25.12,13.0,61.8,4,0.5,2,0.25,1,0.125,2.88,2.5,0,0.0,0,0.0
flight_number_time_bucket,SJU,MIA,AA,AA1143.0,MIA→SJU,early_morning,,2024-01-01,2024-12-31,1,1,0,0,0.0,0,0.0,0,0.0,-26.0,-26.0,-26.0,0.0,0.0,0.0,0,0.0,0,0.0,0,0.0,0.0,0.0,0,,0,
flight_number_time_bucket,SJU,MIA,AA,AA1172.0,MIA→SJU,evening,,2024-01-01,2024-12-31,215,213,2,0,0.009302,29,0.13615,2,0.00939,13.74,2.0,64.0,23.99,6.0,75.4,84,0.394366,58,0.2723,26,0.122066,2.91,0.0,4,0.067797,0,0.0
flight_number_time_bucket,SJU,MIA,AA,AA1329.0,MIA→SJU,afternoon,,2024-01-01,2024-12-31,148,148,0,1,0.0,18,0.121622,1,0.006757,15.35,2.0,68.4,21.82,0.0,85.4,42,0.283784,29,0.195946,19,0.128378,-0.61,0.0,0,0.0,0,0.0
flight_number_time_bucket,SJU,MIA,AA,AA1341.0,MIA→SJU,early_morning,,2024-01-01,2024-12-31,150,150,0,0,0.0,4,0.026667,0,0.0,-7.16,-14.0,15.0,6.26,0.0,18.0,16,0.106667,11,0.073333,3,0.02,0.61,0.0,1,0.083333,0,0.0
flight_number_time_bucket,SJU,MIA,AA,AA1364.0,MIA→SJU,evening,,2024-01-01,2024-12-31,112,111,1,0,0.008929,14,0.126126,2,0.018018,15.07,-2.0,74.0,23.02,1.0,74.0,32,0.288288,24,0.216216,14,0.126126,1.47,0.0,1,0.041667,0,0.0
flight_number_time_bucket,SJU,MIA,AA,AA1364.0,MIA→SJU,late_morning,,2024-01-01,2024-12-31,6,6,0,0,0.0,1,0.166667,1,0.166667,37.0,9.5,113.0,37.17,0.0,111.5,1,0.166667,1,0.166667,1,0.166667,-4.0,0.0,0,0.0,0,0.0
flight_number_time_bucket,SJU,MIA,AA,AA1613.0,MIA→SJU,late_morning,,2024-01-01,2024-12-31,365,361,4,2,0.010959,29,0.080332,4,0.01108,4.04,-11.0,53.4,14.92,0.0,45.2,75,0.207756,50,0.138504,26,0.072022,-0.42,0.0,1,0.02,0,0.0
flight_number_time_bucket,SJU,MIA,AA,AA165.0,MIA→SJU,night,,2024-01-01,2024-12-31,6,6,0,0,0.0,0,0.0,0,0.0,1.0,-3.5,23.5,16.67,10.0,40.0,2,0.333333,1,0.166667,1,0.166667,8.33,8.5,0,0.0,0,0.0
flight_number_time_bucket,SJU,MIA,AA,AA1699.0,MIA→SJU,afternoon,,2024-01-01,2024-12-31,2,2,0,0,0.0,0,0.0,0,0.0,8.5,8.5,38.5,32.0,32.0,57.6,1,0.5,1,0.5,1,0.5,9.0,9.0,0,0.0,0,0.0
flight_number_time_bucket,SJU,MIA,AA,AA1802.0,MIA→SJU,night,,2024-01-01,2024-12-31,2,2,0,0,0.0,0,0.0,0,0.0,21.0,21.0,24.2,18.0,18.0,27.6,1,0.5,0,0.0,0,0.0,-3.0,-3.0,0,0.0,0,
flight_number_time_bucket,SJU,MIA,AA,AA2045.0,MIA→SJU,early_morning,,2024-01-01,2024-12-31,21,21,0,0,0.0,3,0.142857,0,0.0,7.76,-6.0,71.0,13.0,0.0,43.0,5,0.238095,4,0.190476,2,0.095238,-3.67,0.0,0,0.0,0,0.0
flight_number_time_bucket,SJU,MIA,AA,AA2093.0,MIA→SJU,night,,2024-01-01,2024-12-31,9,9,0,0,0.0,0,0.0,0,0.0,14.67,24.0,40.4,23.33,16.0,55.4,5,0.555556,3,0.333333,1,0.111111,1.78,0.0,0,0.0,0,0.0
flight_number_time_bucket,SJU,MIA,AA,AA2141.0,MIA→SJU,early_morning,,2024-01-01,2024-12-31,153,153,0,0,0.0,4,0.026144,2,0.013072,-5.08,-12.0,7.0,6.93,0.0,6.0,10,0.065359,6,0.039216,4,0.026144,-0.03,0.0,0,0.0,0,0.0
flight_number_time_bucket,SJU,MIA,AA,AA22.0,MIA→SJU,early_morning,,2024-01-01,2024-12-31,32,32,0,0,0.0,1,0.03125,0,0.0,-2.75,-11.5,11.7,7.94,0.0,10.2,3,0.09375,2,0.0625,1,0.03125,0.03,0.0,0,0.0,0,0.0
flight_number_time_bucket,SJU,MIA,AA,AA2395.0,MIA→SJU,night,,2024-01-01,2024-12-31,13,13,0,0,0.0,0,0.0,0,0.0,-15.85,-18.0,-6.0,1.15,0.0,4.0,0,0.0,0,0.0,0,0.0,1.15,0.0,0,,0,
flight_number_time_bucket,SJU,MIA,AA,AA2421.0,MIA→SJU,afternoon,,2024-01-01,2024-12-31,213,212,1,0,0.004695,25,0.117925,8,0.037736,22.27,-3.0,68.9,32.89,1.0,73.9,65,0.306604,47,0.221698,29,0.136792,2.4,0.0,1,0.020833,0,0.0
flight_number_time_bucket,SJU,MIA,AA,AA2436.0,MIA→SJU,afternoon,,2024-01-01,2024-12-31,120,120,0,0,0.0,21,0.175,9,0.075,33.0,5.5,128.3,38.99,4.0,141.2,49,0.408333,38,0.316667,22,0.183333,1.12,0.0,0,0.0,0,0.0
flight_number_time_bucket,SJU,MIA,AA,AA2436.0,MIA→SJU,evening,,2024-01-01,2024-12-31,62,61,1,0,0.016129,11,0.180328,2,0.032787,25.9,-4.0,89.0,36.26,10.0,88.0,25,0.409836,16,0.262295,12,0.196721,3.07,0.0,1,0.0625,0,0.0
flight_number_time_bucket,SJU,MIA,AA,AA2700.0,MIA→SJU,evening,,2024-01-01,2024-12-31,38,38,0,0,0.0,7,0.184211,0,0.0,14.08,-5.0,73.5,24.53,2.5,79.8,13,0.342105,12,0.315789,9,0.236842,2.29,0.0,0,0.0,0,0.0
flight_number_time_bucket,SJU,MIA,AA,AA2994.0,MIA→SJU,afternoon,,2024-01-01,2024-12-31,33,33,0,0,0.0,1,0.030303,0,0.0,-6.61,-14.0,22.0,5.64,0.0,9.2,3,0.090909,3,0.090909,1,0.030303,0.03,0.0,0,0.0,0,0.0
flight_number_time_bucket,SJU,MIA,AA,AA3103.0,MIA→SJU,night,,2024-01-01,2024-12-31,1,1,0,0,0.0,0,0.0,0,0.0,-5.0,-5.0,-5.0,9.0,9.0,9.0,0,0.0,0,0.0,0,0.0,9.0,9.0,0,,0,
flight_number_time_bucket,SJU,MIA,AA,AA807.0,MIA→SJU,late_morning,,2024-01-01,2024-12-31,32,32,0,1,0.0,1,0.03125,0,0.0,14.23,7.0,34.0,14.35,0.0,44.0,8,0.25,7,0.21875,1,0.03125,-2.65,0.0,0,0.0,0,0.0
flight_number_time_bucket,SJU,MIA,AA,AA877.0,MIA→SJU,late_morning,,2024-01-01,2024-12-31,30,30,0,0,0.0,2,0.066667,1,0.033333,13.77,3.5,33.0,30.5,15.0,60.5,14,0.466667,11,0.366667,3,0.1,11.1,9.5,3,0.272727,1,0.25
flight_number_time_bucket,SJU,MIA,AA,AA967.0,MIA→SJU,afternoon,,2024-01-01,2024-12-31,148,148,0,0,0.0,20,0.135135,2,0.013514,16.74,-0.5,68.3,22.84,2.0,64.3,49,0.331081,33,0.222973,17,0.114865,0.04,0.0,0,0.0,0,0.0
flight_number_time_bucket,SJU,MIA,F9,F91796.0,MIA→SJU,early_morning,,2024-01-01,2024-12-31,11,11,0,0,0.0,2,0.181818,1,0.090909,27.64,4.0,103.0,32.91,0.0,94.0,4,0.363636,4,0.363636,2,0.181818,-1.09,0.0,1,0.25,0,0.0
flight_number_time_bucket,SJU,MIA,F9,F91796.0,MIA→SJU,late_morning,,2024-01-01,2024-12-31,24,24,0,0,0.0,2,0.083333,0,0.0,-0.12,-6.0,9.9,7.29,0.0,8.6,2,0.083333,2,0.083333,2,0.083333,-1.58,0.0,0,0.0,0,0.0
flight_number_time_bucket,SJU,MIA,F9,F92282.0,MIA→SJU,night,,2024-01-01,2024-12-31,4,4,0,0,0.0,0,0.0,0,0.0,-7.75,-11.5,14.3,8.0,2.5,20.4,1,0.25,0,0.0,0,0.0,2.25,2.0,0,,0,
flight_number_time_bucket,SJU,MIA,F9,F92284.0,MIA→SJU,afternoon,,2024-01-01,2024-12-31,3,3,0,0,0.0,1,0.333333,0,0.0,47.67,1.0,118.6,51.67,7.0,119.8,1,0.333333,1,0.333333,1,0.333333,2.0,0.0,0,0.0,0,0.0
flight_number_time_bucket,SJU,MIA,F9,F92284.0,MIA→SJU,early_morning,,2024-01-01,2024-12-31,272,267,5,0,0.018382,13,0.048689,4,0.014981,3.16,-13.0,19.4,14.93,0.0,22.2,33,0.123596,23,0.086142,13,0.048689,0.04,0.0,0,0.0,0,0.0
flight_number_time_bucket,SJU,MIA,F9,F92284.0,MIA→SJU,late_morning,,2024-01-01,2024-12-31,12,12,0,0,0.0,0,0.0,0,0.0,-7.5,-11.5,32.6,7.5,1.0,23.2,2,0.166667,1,0.083333,0,0.0,1.25,0.0,0,0.0,0,
flight_number_time_bucket,SJU,MIA,F9,F92284.0,MIA→SJU,night,,2024-01-01,2024-12-31,30,30,0,1,0.0,2,0.066667,0,0.0,3.14,-11.0,34.8,15.45,0.0,44.8,8,0.266667,4,0.133333,2,0.066667,1.59,0.0,0,0.0,0,0.0
flight_number_time_bucket,SJU,MIA,F9,F93374.0,MIA→SJU,night,,2024-01-01,2024-12-31,1,1,0,0,0.0,0,0.0,0,0.0,-11.0,-11.0,-11.0,0.0,0.0,0.0,0,0.0,0,0.0,0,0.0,0.0,0.0,0,,0,
flight_number_time_bucket,SJU,MIA,F9,F93378.0,MIA→SJU,afternoon,,2024-01-01,2024-12-31,24,24,0,0,0.0,2,0.083333,2,0.083333,52.21,-1.5,37.1,63.46,3.0,44.1,7,0.291667,4,0.166667,2,0.083333,2.96,0.0,0,0.0,0,0.0
flight_number_time_bucket,SJU,MIA,F9,F93378.0,MIA→SJU,early_morning,,2024-01-01,2024-12-31,44,44,0,0,0.0,0,0.0,0,0.0,-15.7,-18.0,-6.0,1.32,0.0,0.0,1,0.022727,1,0.022727,0,0.0,0.18,0.0,0,0.0,0,
flight_number_time_bucket,SJU,MIA,F9,F93378.0,MIA→SJU,evening,,2024-01-01,2024-12-31,19,19,0,0,0.0,5,0.263158,1,0.052632,39.21,21.0,107.0,42.47,4.0,116.8,9,0.473684,8,0.421053,5,0.263158,-1.0,0.0,0,0.0,0,0.0
flight_number_time_bucket,SJU,MIA,F9,F93378.0,MIA→SJU,late_morning,,2024-01-01,2024-12-31,36,36,0,0,0.0,5,0.138889,0,0.0,1.81,-18.5,70.5,18.83,0.0,83.0,8,0.222222,5,0.138889,5,0.138889,1.39,0.0,0,0.0,0,0.0
flight_number_time_bucket,SJU,MIA,F9,F93378.0,MIA→SJU,night,,2024-01-01,2024-12-31,10,10,0,0,0.0,2,0.2,0,0.0,11.7,-9.5,84.2,23.3,0.0,99.8,3,0.3,2,0.2,2,0.2,2.5,0.0,0,0.0,0,0.0
flight_number_time_bucket,SJU,MIA,F9,F93378.0,MIA→SJU,red_eye,,2024-01-01,2024-12-31,66,62,4,1,0.060606,16,0.258065,2,0.032258,34.3,9.0,108.0,39.48,22.0,108.0,31,0.5,22,0.354839,17,0.274194,1.3,0.0,1,0.043478,0,0.0
flight_number_time_bucket,SJU,MIA,F9,F94880.0,MIA→SJU,night,,2024-01-01,2024-12-31,3,3,0,0,0.0,0,0.0,0,0.0,-20.33,-19.0,-19.0,0.0,0.0,0.0,0,0.0,0,0.0,0,0.0,0.0,0.0,0,,0,
flight_number_time_bucket,SJU,MIA,F9,F94996.0,MIA→SJU,afternoon,,2024-01-01,2024-12-31,5,5,0,0,0.0,0,0.0,0,0.0,8.0,3.0,27.4,17.4,9.0,37.0,2,0.4,1,0.2,0,0.0,7.4,6.0,0,0.0,0,
flight_number_time_bucket,SJU,MIA,F9,F94996.0,MIA→SJU,early_morning,,2024-01-01,2024-12-31,3,3,0,0,0.0,0,0.0,0,0.0,-9.33,-12.0,-3.2,0.33,0.0,0.8,0,0.0,0,0.0,0,0.0,0.33,0.0,0,,0,
flight_number_time_bucket,SJU,MIA,F9,F94996.0,MIA→SJU,late_morning,,2024-01-01,2024-12-31,29,28,1,0,0.034483,5,0.178571,1,0.035714,31.11,-4.0,98.3,28.61,0.0,45.4,4,0.142857,3,0.107143,3,0.107143,-8.54,0.0,0,0.0,0,0.0
flight_number_time_bucket,SJU,MIA,F9,F94996.0,MIA→SJU,night,,2024-01-01,2024-12-31,33,31,2,0,0.060606,3,0.096774,1,0.032258,12.48,-11.0,47.0,25.9,0.0,66.0,8,0.258065,5,0.16129,5,0.16129,3.19,0.0,0,0.0,0,0.0
flight_number_time_bucket,SJU,MIA,MQ,MQ3834.0,MIA→SJU,late_morning,,2024-01-01,2024-12-31,16,16,0,0,0.0,1,0.0625,0,0.0,12.19,0.0,16.0,10.31,0.0,0.0,1,0.0625,1,0.0625,1,0.0625,-3.62,-0.5,0,0.0,0,0.0
flight_number_time_bucket,SJU,MIA,NK,NK1844.0,MIA→SJU,afternoon,,2024-01-01,2024-12-31,40,40,0,0,0.0,4,0.1,0,0.0,10.2,-7.5,63.1,16.98,0.0,49.5,12,0.3,9,0.225,4,0.1,-1.4,0.0,0,0.0,0,0.0
flight_number_time_bucket,SJU,MIA,NK,NK1844.0,MIA→SJU,evening,,2024-01-01,2024-12-31,40,39,1,0,0.025,2,0.051282,0,0.0,-7.0,-14.0,7.6,7.9,0.0,15.2,4,0.102564,3,0.076923,3,0.076923,1.41,0.0,0,0.0,0,0.0
flight_number_time_bucket,SJU,MIA,NK,NK1844.0,MIA→SJU,late_morning,,2024-01-01,2024-12-31,31,31,0,0,0.0,2,0.064516,0,0.0,5.9,-6.0,44.0,6.68,0.0,24.0,5,0.16129,2,0.064516,1,0.032258,-6.45,0.0,0,0.0,0,0.0
flight_number_time_bucket,SJU,MIA,NK,NK302.0,MIA→SJU,early_morning,,2024-01-01,2024-12-31,15,15,0,0,0.0,0,0.0,0,0.0,-4.8,-12.0,24.2,6.73,0.0,29.8,3,0.2,2,0.133333,0,0.0,1.33,0.0,0,0.0,0,
flight_number_time_bucket,SJU,MIA,NK,NK302.0,MIA→SJU,evening,,2024-01-01,2024-12-31,19,18,1,0,0.052632,2,0.111111,1,0.055556,13.67,-8.5,44.5,21.22,1.5,50.7,4,0.222222,3,0.166667,2,0.111111,0.56,0.0,0,0.0,0,0.0
flight_number_time_bucket,SJU,MIA,NK,NK302.0,MIA→SJU,late_morning,,2024-01-01,2024-12-31,35,34,1,0,0.028571,2,0.058824,0,0.0,3.94,-2.5,32.2,5.97,0.0,21.4,5,0.147059,3,0.088235,0,0.0,-4.74,0.0,0,0.0,0,0.0
flight_number_time_bucket,SJU,MIA,NK,NK3148.0,MIA→SJU,evening,,2024-01-01,2024-12-31,226,222,4,0,0.017699,20,0.09009,7,0.031532,12.23,-8.0,51.8,23.67,0.0,59.9,62,0.279279,41,0.184685,22,0.099099,2.48,0.0,0,0.0,0,0.0
flight_number_time_bucket,SJU,MSP,DL,DL1753.0,MSP→SJU,late_morning,,2024-01-01,2024-12-31,2,2,0,0,0.0,0,0.0,0,0.0,8.5,8.5,15.3,4.0,4.0,7.2,0,0.0,0,0.0,0,0.0,-4.5,-4.5,0,,0,
flight_number_time_bucket,SJU,MSP,DL,DL1925.0,MSP→SJU,early_morning,,2024-01-01,2024-12-31,114,113,1,1,0.008772,2,0.017699,0,0.0,-14.61,-18.0,13.0,5.27,0.0,12.9,8,0.070796,3,0.026549,2,0.017699,0.27,0.0,0,0.0,0,0.0
flight_number_time_bucket,SJU,MSP,DL,DL1966.0,MSP→SJU,late_morning,,2024-01-01,2024-12-31,13,13,0,0,0.0,1,0.076923,0,0.0,-7.77,-12.0,21.4,10.38,0.0,33.2,3,0.230769,2,0.153846,1,0.076923,1.15,0.0,0,0.0,0,0.0
flight_number_time_bucket,SJU,MSY,NK,NK1646.0,MSY→SJU,afternoon,,2024-01-01,2024-12-31,27,26,1,0,0.037037,3,0.115385,1,0.038462,16.65,-4.5,76.5,28.73,2.0,84.5,10,0.384615,9,0.346154,3,0.115385,3.42,0.5,3,0.333333,0,0.0
flight_number_time_bucket,SJU,MSY,NK,NK1646.0,MSY→SJU,early_morning,,2024-01-01,2024-12-31,53,52,1,0,0.018868,1,0.019231,0,0.0,-10.98,-13.5,13.7,5.23,0.0,17.7,6,0.115385,2,0.038462,1,0.019231,0.27,0.0,1,0.333333,0,0.0
flight_number_time_bucket,SJU,MSY,NK,NK1646.0,MSY→SJU,late_morning,,2024-01-01,2024-12-31,20,20,0,0,0.0,1,0.05,1,0.05,1.75,-8.0,3.7,10.65,0.0,4.3,1,0.05,1,0.05,1,0.05,-0.65,0.0,0,0.0,0,0.0
flight_number_time_bucket,SJU,ORD,AA,AA1165.0,ORD→SJU,early_morning,,2024-01-01,2024-12-31,62,62,0,2,0.0,6,0.096774,1,0.016129,15.5,-3.5,58.8,21.0,0.0,64.8,13,0.209677,10,0.16129,7,0.112903,-1.07,0.0,0,0.0,0,0.0
flight_number_time_bucket,SJU,ORD,AA,AA2268.0,ORD→SJU,early_morning,,2024-01-01,2024-12-31,25,25,0,0,0.0,0,0.0,0,0.0,-5.6,-7.0,8.2,3.2,0.0,11.0,3,0.12,1,0.04,0,0.0,-0.24,0.0,0,0.0,0,
flight_number_time_bucket,SJU,ORD,AA,AA388.0,ORD→SJU,early_morning,,2024-01-01,2024-12-31,94,94,0,0,0.0,5,0.053191,1,0.010638,3.52,-4.0,34.4,7.7,0.0,20.0,16,0.170213,6,0.06383,3,0.031915,-5.6,0.0,1,0.166667,0,0.0
flight_number_time_bucket,SJU,ORD,AA,AA524.0,ORD→SJU,early_morning,,2024-01-01,2024-12-31,30,30,0,1,0.0,0,0.0,0,0.0,-4.24,-9.0,23.4,2.24,0.0,10.0,1,0.033333,0,0.0,0,0.0,-3.14,0.0,0,,0,
flight_number_time_bucket,SJU,ORD,AA,AA528.0,ORD→SJU,early_morning,,2024-01-01,2024-12-31,32,32,0,1,0.0,0,0.0,0,0.0,-15.19,-16.0,0.0,1.52,0.0,6.0,0,0.0,0,0.0,0,0.0,1.03,0.0,0,,0,
flight_number_time_bucket,SJU,ORD,NK,NK129.0,ORD→SJU,early_morning,,2024-01-01,2024-12-31,74,74,0,0,0.0,5,0.067568,1,0.013514,1.49,-14.0,37.0,16.03,0.0,38.9,13,0.175676,9,0.121622,5,0.067568,-0.84,0.0,1,0.111111,0,0.0
flight_number_time_bucket,SJU,ORD,NK,NK129.0,ORD→SJU,late_morning,,2024-01-01,2024-12-31,16,16,0,0,0.0,0,0.0,0,0.0,-9.5,-20.0,33.5,10.44,0.0,34.5,3,0.1875,3,0.1875,1,0.0625,2.5,0.0,0,0.0,0,0.0
flight_number_time_bucket,SJU,ORD,NK,NK175.0,ORD→SJU,early_morning,,2024-01-01,2024-12-31,54,54,0,0,0.0,7,0.12963,1,0.018519,15.76,2.0,63.7,25.06,2.0,67.2,16,0.296296,11,0.203704,6,0.111111,2.17,0.0,1,0.090909,0,0.0
flight_number_time_bucket,SJU,ORD,NK,NK175.0,ORD→SJU,late_morning,,2024-01-01,2024-12-31,70,68,2,0,0.028571,8,0.117647,3,0.044118,22.46,2.5,90.9,29.88,2.0,89.5,24,0.352941,15,0.220588,9,0.132353,0.6,0.0,0,0.0,0,0.0
flight_number_time_bucket,SJU,ORD,NK,NK1865.0,ORD→SJU,afternoon,,2024-01-01,2024-12-31,5,5,0,0,0.0,1,0.2,1,0.2,66.8,7.0,208.6,71.4,9.0,207.0,1,0.2,1,0.2,1,0.2,-0.4,0.0,0,0.0,0,0.0
flight_number_time_bucket,SJU,ORD,NK,NK1865.0,ORD→SJU,evening,,2024-01-01,2024-12-31,5,5,0,0,0.0,0,0.0,0,0.0,-10.8,-15.0,3.6,5.6,0.0,16.4,1,0.2,0,0.0,0,0.0,4.0,0.0,0,,0,
flight_number_time_bucket,SJU,ORD,NK,NK1865.0,ORD→SJU,late_morning,,2024-01-01,2024-12-31,131,129,2,0,0.015267,14,0.108527,5,0.03876,11.69,-8.0,67.8,28.62,5.0,86.6,39,0.302326,27,0.209302,18,0.139535,5.82,2.0,3,0.111111,0,0.0
flight_number_time_bucket,SJU,ORD,NK,NK1865.0,ORD→SJU,night,,2024-01-01,2024-12-31,5,3,2,0,0.4,1,0.333333,0,0.0,16.0,-7.0,49.0,37.0,20.0,72.0,2,0.666667,1,0.333333,1,0.333333,16.0,20.0,0,0.0,0,0.0
flight_number_time_bucket,SJU,ORD,NK,NK491.0,ORD→SJU,afternoon,,2024-01-01,2024-12-31,57,57,0,0,0.0,3,0.052632,1,0.017544,1.16,-6.0,12.8,11.95,0.0,27.4,9,0.157895,4,0.070175,3,0.052632,1.91,0.0,0,0.0,0,0.0
flight_number_time_bucket,SJU,ORD,NK,NK491.0,ORD→SJU,early_morning,,2024-01-01,2024-12-31,1,1,0,0,0.0,0,0.0,0,0.0,-23.0,-23.0,-23.0,0.0,0.0,0.0,0,0.0,0,0.0,0,0.0,0.0,0.0,0,,0,
flight_number_time_bucket,SJU,ORD,NK,NK491.0,ORD→SJU,evening,,2024-01-01,2024-12-31,11,11,0,0,0.0,2,0.181818,0,0.0,10.0,-4.0,87.0,20.27,0.0,99.0,2,0.181818,2,0.181818,2,0.181818,2.82,0.0,0,0.0,0,0.0
flight_number_time_bucket,SJU,ORD,NK,NK491.0,ORD→SJU,late_morning,,2024-01-01,2024-12-31,1,1,0,0,0.0,0,0.0,0,0.0,-3.0,-3.0,-3.0,0.0,0.0,0.0,0,0.0,0,0.0,0,0.0,0.0,0.0,0,,0,
flight_number_time_bucket,SJU,ORD,NK,NK519.0,ORD→SJU,early_morning,,2024-01-01,2024-12-31,13,13,0,0,0.0,1,0.076923,0,0.0,9.15,1.0,35.6,8.69,0.0,20.0,3,0.230769,1,0.076923,1,0.076923,-3.77,0.0,0,0.0,0,0.0
flight_number_time_bucket,SJU,ORD,NK,NK850.0,ORD→SJU,late_morning,,2024-01-01,2024-12-31,13,13,0,0,0.0,1,0.076923,0,0.0,19.69,12.0,45.0,18.23,10.0,33.8,6,0.461538,3,0.230769,1,0.076923,-4.23,-2.0,0,0.0,0,0.0
flight_number_time_bucket,SJU,ORD,UA,UA1144.0,ORD→SJU,evening,,2024-01-01,2024-12-31,24,24,0,0,0.0,2,0.083333,0,0.0,13.04,-0.5,46.3,25.96,16.0,53.4,13,0.541667,5,0.208333,2,0.083333,5.83,4.5,1,0.166667,0,0.0
flight_number_time_bucket,SJU,ORD,UA,UA1996.0,ORD→SJU,early_morning,,2024-01-01,2024-12-31,271,270,1,1,0.00369,10,0.037037,3,0.011111,2.16,-4.0,27.8,9.18,0.0,20.0,33,0.122222,20,0.074074,8,0.02963,-1.85,0.0,2,0.1,0,0.0
flight_number_time_bucket,SJU,ORD,UA,UA1996.0,ORD→SJU,late_morning,,2024-01-01,2024-12-31,95,95,0,0,0.0,2,0.021053,1,0.010526,6.22,0.0,22.6,6.79,0.0,12.2,8,0.084211,5,0.052632,2,0.021053,-3.88,0.0,0,0.0,0,0.0
flight_number_time_bucket,SJU,ORD,UA,UA695.0,ORD→SJU,afternoon,,2024-01-01,2024-12-31,82,81,1,0,0.012195,3,0.037037,1,0.012346,5.25,-3.0,18.0,10.84,0.0,22.0,10,0.123457,6,0.074074,4,0.049383,-0.12,0.0,0,0.0,0,0.0
flight_number_time_bucket,SJU,ORD,UA,UA695.0,ORD→SJU,evening,,2024-01-01,2024-12-31,29,29,0,0,0.0,3,0.103448,0,0.0,-0.17,-3.0,49.8,13.0,4.0,40.2,8,0.275862,5,0.172414,1,0.034483,1.41,0.0,0,0.0,0,0.0
flight_number_time_bucket,SJU,ORD,UA,UA795.0,ORD→SJU,early_morning,,2024-01-01,2024-12-31,4,4,0,0,0.0,0,0.0,0,0.0,-1.25,-4.5,10.8,0.0,0.0,0.0,0,0.0,0,0.0,0,0.0,-4.0,-0.5,0,,0,
flight_number_time_bucket,SJU,ORF,F9,F93023.0,ORF→SJU,late_morning,,2024-01-01,2024-12-31,1,1,0,0,0.0,0,0.0,0,0.0,-2.0,-2.0,-2.0,0.0,0.0,0.0,0,0.0,0,0.0,0,0.0,0.0,0.0,0,,0,
flight_number_time_bucket,SJU,ORF,F9,F93023.0,ORF→SJU,night,,2024-01-01,2024-12-31,26,25,1,0,0.038462,5,0.2,1,0.04,53.96,-3.0,78.2,59.96,4.0,87.8,8,0.32,7,0.28,4,0.16,-4.0,0.0,0,0.0,0,0.0
flight_number_time_bucket,SJU,PBI,F9,F93028.0,PBI→SJU,afternoon,,2024-01-01,2024-12-31,1,1,0,0,0.0,0,0.0,0,0.0,42.0,42.0,42.0,38.0,38.0,38.0,1,1.0,1,1.0,0,0.0,-4.0,-4.0,0,0.0,0,
flight_number_time_bucket,SJU,PBI,F9,F93028.0,PBI→SJU,late_morning,,2024-01-01,2024-12-31,2,1,1,0,0.5,0,0.0,0,0.0,10.0,10.0,10.0,4.0,4.0,4.0,0,0.0,0,0.0,0,0.0,-6.0,-6.0,0,,0,
flight_number_time_bucket,SJU,PBI,F9,F93028.0,PBI→SJU,night,,2024-01-01,2024-12-31,1,1,0,0,0.0,0,0.0,0,0.0,-26.0,-26.0,-26.0,0.0,0.0,0.0,0,0.0,0,0.0,0,0.0,0.0,0.0,0,,0,
flight_number_time_bucket,SJU,PHL,AA,AA1529.0,PHL→SJU,early_morning,,2024-01-01,2024-12-31,28,28,0,1,0.0,4,0.142857,0,0.0,14.0,-4.0,70.0,9.37,0.0,20.0,4,0.142857,2,0.071429,1,0.035714,-10.96,0.0,0,0.0,0,0.0
flight_number_time_bucket,SJU,PHL,AA,AA1529.0,PHL→SJU,evening,,2024-01-01,2024-12-31,69,69,0,0,0.0,15,0.217391,5,0.072464,56.83,20.0,131.6,65.38,22.0,161.4,41,0.594203,28,0.405797,16,0.231884,4.51,6.0,2,0.071429,0,0.0
flight_number_time_bucket,SJU,PHL,AA,AA1529.0,PHL→SJU,late_morning,,2024-01-01,2024-12-31,62,62,0,0,0.0,4,0.064516,1,0.016129,12.98,4.5,45.7,12.52,0.0,36.2,12,0.193548,7,0.112903,4,0.064516,-5.95,0.0,0,0.0,0,0.0
flight_number_time_bucket,SJU,PHL,AA,AA1706.0,PHL→SJU,early_morning,,2024-01-01,2024-12-31,1,1,0,0,0.0,0,0.0,0,0.0,-15.0,-15.0,-15.0,0.0,0.0,0.0,0,0.0,0,0.0,0,0.0,0.0,0.0,0,,0,
flight_number_time_bucket,SJU,PHL,AA,AA1717.0,PHL→SJU,evening,,2024-01-01,2024-12-31,1,1,0,0,0.0,0,0.0,0,0.0,48.0,48.0,48.0,21.0,21.0,21.0,1,1.0,0,0.0,0,0.0,-27.0,-27.0,0,,0,
flight_number_time_bucket,SJU,PHL,AA,AA1753.0,PHL→SJU,evening,,2024-01-01,2024-12-31,11,11,0,0,0.0,2,0.181818,1,0.090909,20.64,-13.0,67.0,31.09,2.0,91.0,4,0.363636,3,0.272727,3,0.272727,-3.18,1.0,0,0.0,0,0.0
flight_number_time_bucket,SJU,PHL,AA,AA2433.0,PHL→SJU,early_morning,,2024-01-01,2024-12-31,61,61,0,1,0.0,1,0.016393,0,0.0,-5.42,-11.0,19.1,3.27,0.0,7.0,2,0.032787,1,0.016393,1,0.016393,-3.47,0.0,0,0.0,0,0.0
flight_number_time_bucket,SJU,PHL,AA,AA2433.0,PHL→SJU,late_morning,,2024-01-01,2024-12-31,89,88,1,0,0.011236,16,0.181818,3,0.034091,24.56,9.0,97.8,22.95,0.0,91.6,24,0.272727,21,0.238636,13,0.147727,-7.14,0.0,0,0.0,0,0.0
flight_number_time_bucket,SJU,PHL,AA,AA2481.0,PHL→SJU,evening,,2024-01-01,2024-12-31,1,1,0,0,0.0,0,0.0,0,0.0,2.0,2.0,2.0,0.0,0.0,0.0,0,0.0,0,0.0,0,0.0,-2.0,-2.0,0,,0,
flight_number_time_bucket,SJU,PHL,AA,AA3065.0,PHL→SJU,evening,,2024-01-01,2024-12-31,14,14,0,0,0.0,0,0.0,0,0.0,3.86,-1.5,42.1,19.79,1.0,57.7,6,0.428571,5,0.357143,1,0.071429,7.21,1.0,1,0.2,0,0.0
flight_number_time_bucket,SJU,PHL,AA,AA564.0,PHL→SJU,late_morning,,2024-01-01,2024-12-31,7,7,0,0,0.0,0,0.0,0,0.0,-13.57,-17.0,7.4,0.0,0.0,0.0,0,0.0,0,0.0,0,0.0,-2.43,0.0,0,,0,
flight_number_time_bucket,SJU,PHL,AA,AA694.0,PHL→SJU,early_morning,,2024-01-01,2024-12-31,26,26,0,0,0.0,2,0.076923,1,0.038462,0.92,-14.0,40.5,12.73,0.0,18.5,3,0.115385,2,0.076923,2,0.076923,-1.65,0.0,0,0.0,0,0.0
flight_number_time_bucket,SJU,PHL,F9,F91016.0,PHL→SJU,early_morning,,2024-01-01,2024-12-31,190,189,1,0,0.005263,11,0.058201,1,0.005291,5.89,0.0,50.0,11.16,0.0,30.4,33,0.174603,19,0.100529,12,0.063492,-5.32,0.0,2,0.1,0,0.0
flight_number_time_bucket,SJU,PHL,F9,F91016.0,PHL→SJU,late_morning,,2024-01-01,2024-12-31,3,3,0,0,0.0,0,0.0,0,0.0,27.67,33.0,40.2,11.0,12.0,19.2,1,0.333333,0,0.0,0,0.0,-16.67,-21.0,0,,0,
flight_number_time_bucket,SJU,PHL,F9,F91166.0,PHL→SJU,afternoon,,2024-01-01,2024-12-31,48,46,2,0,0.041667,10,0.217391,1,0.021739,41.11,22.5,94.5,31.09,11.0,75.5,19,0.413043,12,0.26087,7,0.152174,-12.04,-8.5,0,0.0,0,0.0
flight_number_time_bucket,SJU,PHL,F9,F91166.0,PHL→SJU,early_morning,,2024-01-01,2024-12-31,100,100,0,0,0.0,12,0.12,2,0.02,29.8,12.5,68.2,17.8,0.0,24.8,16,0.16,10,0.1,6,0.06,-15.09,-6.5,0,0.0,0,0.0
flight_number_time_bucket,SJU,PHL,F9,F91166.0,PHL→SJU,evening,,2024-01-01,2024-12-31,4,3,1,0,0.25,0,0.0,0,0.0,-37.67,-56.0,-8.8,13.67,0.0,32.8,1,0.333333,1,0.333333,0,0.0,12.67,0.0,1,1.0,0,
flight_number_time_bucket,SJU,PHL,F9,F91166.0,PHL→SJU,late_morning,,2024-01-01,2024-12-31,46,44,2,1,0.043478,11,0.25,2,0.045455,45.35,32.0,97.4,38.88,18.0,98.2,25,0.568182,18,0.409091,8,0.181818,-9.7,-7.0,0,0.0,0,0.0
flight_number_time_bucket,SJU,PHL,F9,F91276.0,PHL→SJU,afternoon,,2024-01-01,2024-12-31,29,29,0,0,0.0,5,0.172414,0,0.0,18.69,3.0,73.4,18.83,0.0,68.4,9,0.310345,5,0.172414,4,0.137931,-4.1,0.0,0,0.0,0,0.0
flight_number_time_bucket,SJU,PHL,F9,F91276.0,PHL→SJU,evening,,2024-01-01,2024-12-31,5,4,1,0,0.2,1,0.25,0,0.0,36.5,3.5,99.1,33.75,6.5,88.7,1,0.25,1,0.25,1,0.25,-2.75,0.5,0,0.0,0,0.0
flight_number_time_bucket,SJU,PHL,F9,F91726.0,PHL→SJU,evening,,2024-01-01,2024-12-31,5,5,0,0,0.0,0,0.0,0,0.0,14.4,14.0,39.0,19.4,18.0,35.0,3,0.6,2,0.4,0,0.0,2.6,4.0,1,0.5,0,
flight_number_time_bucket,SJU,PHL,F9,F93248.0,PHL→SJU,afternoon,,2024-01-01,2024-12-31,1,1,0,0,0.0,0,0.0,0,0.0,27.0,27.0,27.0,27.0,27.0,27.0,1,1.0,0,0.0,0,0.0,0.0,0.0,0,,0,
flight_number_time_bucket,SJU,PHL,F9,F93248.0,PHL→SJU,early_morning,,2024-01-01,2024-12-31,2,2,0,0,0.0,0,0.0,0,0.0,12.5,12.5,23.3,3.0,3.0,5.4,0,0.0,0,0.0,0,0.0,-10.0,-10.0,0,,0,
flight_number_time_bucket,SJU,PHL,F9,F93248.0,PHL→SJU,evening,,2024-01-01,2024-12-31,16,16,0,0,0.0,3,0.1875,0,0.0,23.25,8.0,67.0,24.38,2.5,75.0,5,0.3125,4,0.25,4,0.25,-2.75,0.0,0,0.0,0,0.0
flight_number_time_bucket,SJU,PHL,F9,F93248.0,PHL→SJU,late_morning,,2024-01-01,2024-12-31,4,3,1,0,0.25,0,0.0,0,0.0,7.33,1.0,18.6,0.0,0.0,0.0,0,0.0,0,0.0,0,0.0,-8.0,-1.0,0,,0,
flight_number_time_bucket,SJU,PHL,F9,F93248.0,PHL→SJU,night,,2024-01-01,2024-12-31,52,51,1,1,0.019231,2,0.039216,0,0.0,19.8,12.5,49.3,10.24,0.0,27.4,10,0.196078,5,0.098039,2,0.039216,-11.16,-5.5,0,0.0,0,0.0
flight_number_time_bucket,SJU,PHL,F9,F93250.0,PHL→SJU,afternoon,,2024-01-01,2024-12-31,1,1,0,0,0.0,1,1.0,0,0.0,118.0,118.0,118.0,112.0,112.0,112.0,1,1.0,1,1.0,1,1.0,-6.0,-6.0,0,0.0,0,0.0
flight_number_time_bucket,SJU,PHL,F9,F93250.0,PHL→SJU,night,,2024-01-01,2024-12-31,1,1,0,0,0.0,0,0.0,0,0.0,7.0,7.0,7.0,4.0,4.0,4.0,0,0.0,0,0.0,0,0.0,-3.0,-3.0,0,,0,
flight_number_time_bucket,SJU,PHL,F9,F94460.0,PHL→SJU,evening,,2024-01-01,2024-12-31,8,8,0,0,0.0,1,0.125,0,0.0,21.5,12.0,57.2,16.12,3.5,44.9,2,0.25,1,0.125,1,0.125,-8.0,-8.0,0,0.0,0,0.0
flight_number_time_bucket,SJU,PHL,F9,F94462.0,PHL→SJU,afternoon,,2024-01-01,2024-12-31,3,3,0,0,0.0,0,0.0,0,0.0,30.0,36.0,50.4,34.33,28.0,65.6,2,0.666667,1,0.333333,1,0.333333,4.33,0.0,0,0.0,0,0.0
flight_number_time_bucket,SJU,PHL,F9,F94462.0,PHL→SJU,evening,,2024-01-01,2024-12-31,46,43,3,0,0.065217,9,0.209302,1,0.023256,44.67,15.0,117.8,40.88,12.0,89.4,21,0.488372,14,0.325581,7,0.162791,-6.3,0.0,0,0.0,0,0.0
flight_number_time_bucket,SJU,PHL,F9,F94462.0,PHL→SJU,night,,2024-01-01,2024-12-31,195,192,3,0,0.015385,25,0.130208,5,0.026042,22.8,-1.0,69.8,36.56,2.5,85.7,64,0.333333,54,0.28125,31,0.161458,2.3,0.0,11,0.203704,3,0.09375
flight_number_time_bucket,SJU,PHL,F9,F94466.0,PHL→SJU,evening,,2024-01-01,2024-12-31,6,6,0,1,0.0,1,0.166667,0,0.0,31.0,11.0,88.2,32.4,1.0,86.8,2,0.333333,2,0.333333,1,0.166667,-2.2,-1.0,0,0.0,0,0.0
flight_number_time_bucket,SJU,PHL,NK,NK2165.0,PHL→SJU,night,,2024-01-01,2024-12-31,83,81,2,0,0.024096,12,0.148148,1,0.012346,24.27,3.0,76.0,30.74,5.0,66.0,29,0.358025,18,0.222222,9,0.111111,-1.96,0.0,0,0.0,0,0.0
flight_number_time_bucket,SJU,PHL,NK,NK3806.0,PHL→SJU,evening,,2024-01-01,2024-12-31,14,13,1,0,0.071429,2,0.153846,0,0.0,14.69,3.0,74.6,22.77,4.0,71.0,6,0.461538,3,0.230769,2,0.153846,-0.08,1.0,0,0.0,0,0.0
flight_number_time_bucket,SJU,PHL,NK,NK3806.0,PHL→SJU,late_morning,,2024-01-01,2024-12-31,8,8,0,1,0.0,0,0.0,0,0.0,-9.0,-17.0,13.8,4.86,0.0,13.6,1,0.125,1,0.125,0,0.0,-1.14,0.0,0,0.0,0,
flight_number_time_bucket,SJU,PHL,NK,NK3806.0,PHL→SJU,night,,2024-01-01,2024-12-31,203,198,5,0,0.024631,16,0.080808,1,0.005051,9.77,-0.5,55.3,16.97,4.0,44.5,64,0.323232,36,0.181818,16,0.080808,-0.28,0.0,3,0.081081,1,0.0625
flight_number_time_bucket,SJU,PVD,B6,B6525.0,PVD→SJU,early_morning,,2024-01-01,2024-12-31,64,64,0,1,0.0,2,0.03125,0,0.0,-1.63,-5.0,25.4,7.25,0.0,20.6,8,0.125,3,0.046875,1,0.015625,-1.7,0.0,0,0.0,0,0.0
flight_number_time_bucket,SJU,RDU,B6,B61929.0,RDU→SJU,early_morning,,2024-01-01,2024-12-31,12,12,0,0,0.0,1,0.083333,1,0.083333,61.67,-6.5,27.7,66.58,0.0,7.2,1,0.083333,1,0.083333,1,0.083333,-4.75,0.0,0,0.0,0,0.0
flight_number_time_bucket,SJU,RDU,B6,B62573.0,RDU→SJU,afternoon,,2024-01-01,2024-12-31,3,3,0,0,0.0,2,0.666667,1,0.333333,250.0,69.0,565.8,246.33,36.0,557.6,2,0.666667,2,0.666667,1,0.333333,-6.67,-2.0,0,0.0,0,0.0
flight_number_time_bucket,SJU,RDU,B6,B62929.0,RDU→SJU,afternoon,,2024-01-01,2024-12-31,251,247,4,0,0.015936,34,0.137652,6,0.024291,16.37,-3.0,81.8,29.36,4.0,99.0,85,0.34413,65,0.263158,41,0.165992,3.49,0.0,6,0.092308,0,0.0
flight_number_time_bucket,SJU,RDU,B6,B62929.0,RDU→SJU,evening,,2024-01-01,2024-12-31,48,48,0,0,0.0,5,0.104167,1,0.020833,27.25,-4.0,57.2,38.98,3.0,74.6,17,0.354167,13,0.270833,6,0.125,3.75,1.5,0,0.0,0,0.0
flight_number_time_bucket,SJU,RDU,B6,B62929.0,RDU→SJU,late_morning,,2024-01-01,2024-12-31,40,40,0,1,0.0,3,0.075,0,0.0,-0.64,-13.0,13.4,10.77,0.0,19.6,5,0.125,2,0.05,2,0.05,-0.03,0.0,0,0.0,0,0.0
flight_number_time_bucket,SJU,RDU,F9,F91226.0,RDU→SJU,afternoon,,2024-01-01,2024-12-31,45,43,2,0,0.044444,9,0.209302,0,0.0,31.3,18.0,73.2,24.16,5.0,57.2,18,0.418605,12,0.27907,4,0.093023,-9.09,-5.0,0,0.0,0,0.0
flight_number_time_bucket,SJU,RDU,F9,F91226.0,RDU→SJU,early_morning,,2024-01-01,2024-12-31,8,8,0,0,0.0,0,0.0,0,0.0,-3.62,-0.5,10.8,5.0,0.0,14.5,1,0.125,0,0.0,0,0.0,0.88,0.0,0,,0,
flight_number_time_bucket,SJU,RDU,F9,F91226.0,RDU→SJU,evening,,2024-01-01,2024-12-31,21,21,0,0,0.0,1,0.047619,0,0.0,-2.81,-14.0,46.0,10.76,0.0,46.0,3,0.142857,3,0.142857,1,0.047619,-0.48,0.0,0,0.0,0,0.0
flight_number_time_bucket,SJU,RDU,F9,F91226.0,RDU→SJU,late_morning,,2024-01-01,2024-12-31,14,13,1,0,0.071429,2,0.153846,0,0.0,22.85,19.0,60.6,10.31,7.0,23.6,3,0.230769,1,0.076923,0,0.0,-14.69,-7.0,0,0.0,0,
flight_number_time_bucket,SJU,RDU,F9,F91226.0,RDU→SJU,night,,2024-01-01,2024-12-31,43,43,0,0,0.0,6,0.139535,0,0.0,18.63,4.0,72.4,31.33,18.0,85.8,22,0.511628,15,0.348837,9,0.209302,6.65,6.0,2,0.133333,0,0.0
flight_number_time_bucket,SJU,RDU,F9,F92060.0,RDU→SJU,afternoon,,2024-01-01,2024-12-31,20,19,1,0,0.05,3,0.157895,2,0.105263,31.16,2.0,98.4,36.42,5.0,88.4,7,0.368421,4,0.210526,2,0.105263,-1.47,0.0,0,0.0,0,0.0
flight_number_time_bucket,SJU,RDU,F9,F92060.0,RDU→SJU,late_morning,,2024-01-01,2024-12-31,16,16,0,1,0.0,5,0.3125,2,0.125,33.87,2.0,145.2,39.47,0.0,144.4,5,0.3125,4,0.25,4,0.25,-2.33,0.0,0,0.0,0,0.0
flight_number_time_bucket,SJU,RDU,F9,F92180.0,RDU→SJU,night,,2024-01-01,2024-12-31,14,14,0,0,0.0,2,0.142857,1,0.071429,34.29,5.5,119.2,32.36,6.5,112.7,5,0.357143,4,0.285714,2,0.142857,-5.36,0.0,0,0.0,0,0.0
flight_number_time_bucket,SJU,RDU,F9,F94498.0,RDU→SJU,night,,2024-01-01,2024-12-31,3,3,0,0,0.0,0,0.0,0,0.0,-26.0,-28.0,-19.2,0.0,0.0,0.0,0,0.0,0,0.0,0,0.0,0.0,0.0,0,,0,
flight_number_time_bucket,SJU,RDU,F9,F94744.0,RDU→SJU,afternoon,,2024-01-01,2024-12-31,16,16,0,0,0.0,3,0.1875,0,0.0,27.31,17.0,63.5,28.88,16.5,64.5,8,0.5,5,0.3125,4,0.25,-0.94,0.0,0,0.0,0,0.0
flight_number_time_bucket,SJU,RDU,F9,F94744.0,RDU→SJU,evening,,2024-01-01,2024-12-31,3,3,0,0,0.0,0,0.0,0,0.0,-0.33,-17.0,26.2,11.33,0.0,27.2,1,0.333333,1,0.333333,0,0.0,-1.0,0.0,0,0.0,0,
flight_number_time_bucket,SJU,RDU,F9,F94744.0,RDU→SJU,night,,2024-01-01,2024-12-31,11,11,0,0,0.0,7,0.636364,0,0.0,63.27,77.0,125.0,68.91,72.0,125.0,9,0.818182,7,0.636364,6,0.545455,1.73,5.0,1,0.125,0,0.0
flight_number_time_bucket,SJU,RDU,F9,F9758.0,RDU→SJU,evening,,2024-01-01,2024-12-31,4,4,0,0,0.0,0,0.0,0,0.0,-9.0,-12.5,1.2,0.0,0.0,0.0,0,0.0,0,0.0,0,0.0,-1.5,0.0,0,,0,
flight_number_time_bucket,SJU,RDU,F9,F9758.0,RDU→SJU,night,,2024-01-01,2024-12-31,3,3,0,0,0.0,1,0.333333,0,0.0,42.33,14.0,118.8,50.67,0.0,121.6,1,0.333333,1,0.333333,1,0.333333,-2.33,0.0,0,0.0,0,0.0
flight_number_time_bucket,SJU,RSW,F9,F93030.0,RSW→SJU,evening,,2024-01-01,2024-12-31,5,5,0,0,0.0,2,0.4,1,0.2,62.4,16.0,159.4,41.6,4.0,121.2,1,0.2,1,0.2,1,0.2,-22.0,0.0,0,0.0,0,0.0
flight_number_time_bucket,SJU,RSW,F9,F93030.0,RSW→SJU,late_morning,,2024-01-01,2024-12-31,1,1,0,0,0.0,0,0.0,0,0.0,-11.0,-11.0,-11.0,0.0,0.0,0.0,0,0.0,0,0.0,0,0.0,0.0,0.0,0,,0,
flight_number_time_bucket,SJU,RSW,F9,F93030.0,RSW→SJU,night,,2024-01-01,2024-12-31,1,1,0,0,0.0,0,0.0,0,0.0,21.0,21.0,21.0,23.0,23.0,23.0,1,1.0,0,0.0,0,0.0,2.0,2.0,0,,0,
flight_number_time_bucket,SJU,RSW,NK,NK375.0,RSW→SJU,afternoon,,2024-01-01,2024-12-31,13,13,0,0,0.0,0,0.0,0,0.0,-5.23,-18.0,28.6,10.0,0.0,35.8,3,0.230769,3,0.230769,0,0.0,1.77,0.0,1,0.333333,0,
flight_number_time_bucket,SJU,RSW,NK,NK375.0,RSW→SJU,early_morning,,2024-01-01,2024-12-31,9,8,1,0,0.111111,0,0.0,0,0.0,-21.62,-20.0,-16.4,0.0,0.0,0.0,0,0.0,0,0.0,0,0.0,0.0,0.0,0,,0,
flight_number_time_bucket,SJU,RSW,NK,NK375.0,RSW→SJU,evening,,2024-01-01,2024-12-31,30,27,3,0,0.1,2,0.074074,0,0.0,7.74,-7.0,53.2,20.33,1.0,60.8,9,0.333333,7,0.259259,3,0.111111,2.67,0.0,0,0.0,0,0.0
flight_number_time_bucket,SJU,RSW,NK,NK375.0,RSW→SJU,late_morning,,2024-01-01,2024-12-31,51,51,0,0,0.0,5,0.098039,1,0.019608,7.96,-10.0,46.0,18.98,0.0,36.0,9,0.176471,6,0.117647,5,0.098039,0.73,0.0,0,0.0,0,0.0
flight_number_time_bucket,SJU,RSW,NK,NK375.0,RSW→SJU,night,,2024-01-01,2024-12-31,6,6,0,0,0.0,0,0.0,0,0.0,-15.0,-15.0,-11.0,0.0,0.0,0.0,0,0.0,0,0.0,0,0.0,0.0,0.0,0,,0,
flight_number_time_bucket,SJU,STL,WN,WN1282.0,STL→SJU,early_morning,,2024-01-01,2024-12-31,1,1,0,0,0.0,0,0.0,0,0.0,-6.0,-6.0,-6.0,3.0,3.0,3.0,0,0.0,0,0.0,0,0.0,3.0,3.0,0,,0,
flight_number_time_bucket,SJU,STL,WN,WN1585.0,STL→SJU,early_morning,,2024-01-01,2024-12-31,8,8,0,0,0.0,2,0.25,0,0.0,25.5,26.5,62.6,24.5,14.5,57.8,4,0.5,3,0.375,1,0.125,-3.12,-1.5,0,0.0,0,0.0
flight_number_time_bucket,SJU,STL,WN,WN2932.0,STL→SJU,late_morning,,2024-01-01,2024-12-31,4,4,0,0,0.0,0,0.0,0,0.0,7.75,9.5,17.9,2.5,1.5,5.5,0,0.0,0,0.0,0,0.0,-7.25,-5.5,0,,0,
flight_number_time_bucket,SJU,STL,WN,WN2998.0,STL→SJU,late_morning,,2024-01-01,2024-12-31,8,8,0,0,0.0,0,0.0,0,0.0,-9.12,-12.0,7.8,4.88,0.0,15.0,1,0.125,0,0.0,0,0.0,2.12,0.0,0,,0,
flight_number_time_bucket,SJU,STL,WN,WN3478.0,STL→SJU,late_morning,,2024-01-01,2024-12-31,9,9,0,0,0.0,0,0.0,0,0.0,1.78,-6.0,19.0,4.11,2.0,14.2,0,0.0,0,0.0,0,0.0,-3.11,0.0,0,,0,
flight_number_time_bucket,SJU,STL,WN,WN4296.0,STL→SJU,early_morning,,2024-01-01,2024-12-31,5,5,0,0,0.0,1,0.2,0,0.0,13.2,1.0,54.4,18.2,3.0,46.8,2,0.4,1,0.2,1,0.2,-1.2,2.0,0,0.0,0,0.0
flight_number_time_bucket,SJU,STL,WN,WN4860.0,STL→SJU,late_morning,,2024-01-01,2024-12-31,4,4,0,0,0.0,0,0.0,0,0.0,22.5,16.5,41.7,11.75,8.5,25.8,2,0.5,0,0.0,0,0.0,-10.75,-12.5,0,0.0,0,
flight_number_time_bucket,SJU,STT,B6,B61135.0,STT→SJU,afternoon,,2024-01-01,2024-12-31,291,286,5,0,0.017182,29,0.101399,8,0.027972,18.35,-8.0,64.0,28.13,0.0,65.5,67,0.234266,47,0.164336,32,0.111888,-0.31,0.0,1,0.020408,0,0.0
flight_number_time_bucket,SJU,STT,B6,B61135.0,STT→SJU,evening,,2024-01-01,2024-12-31,65,64,1,0,0.015385,6,0.09375,1,0.015625,9.44,-3.0,39.5,17.95,0.0,46.1,13,0.203125,10,0.15625,6,0.09375,-0.33,0.0,0,0.0,0,0.0
flight_number_time_bucket,SJU,STT,B6,B61135.0,STT→SJU,late_morning,,2024-01-01,2024-12-31,9,8,1,0,0.111111,0,0.0,0,0.0,-2.25,-14.0,24.9,5.25,0.0,12.6,1,0.125,1,0.125,0,0.0,-3.88,0.0,0,0.0,0,
flight_number_time_bucket,SJU,STT,B6,B61235.0,STT→SJU,evening,,2024-01-01,2024-12-31,76,72,4,0,0.052632,2,0.027778,0,0.0,-1.94,-10.0,24.9,7.22,0.0,24.7,13,0.180556,5,0.069444,2,0.027778,-0.71,0.0,0,0.0,0,0.0
flight_number_time_bucket,SJU,STT,B6,B6435.0,STT→SJU,evening,,2024-01-01,2024-12-31,128,127,1,0,0.007812,17,0.133858,1,0.007874,10.0,-9.0,83.0,24.71,0.0,92.8,45,0.354331,31,0.244094,16,0.125984,3.1,0.0,1,0.03125,0,0.0
flight_number_time_bucket,SJU,STT,B6,B6808.0,STT→SJU,afternoon,,2024-01-01,2024-12-31,74,73,1,2,0.013514,6,0.082192,0,0.0,5.55,-7.0,54.0,12.08,0.0,55.0,15,0.205479,10,0.136986,6,0.082192,-2.21,0.0,0,0.0,0,0.0
flight_number_time_bucket,SJU,STT,B6,B6808.0,STT→SJU,evening,,2024-01-01,2024-12-31,7,7,0,0,0.0,0,0.0,0,0.0,9.86,21.0,35.8,19.29,19.0,41.6,4,0.571429,3,0.428571,0,0.0,1.43,0.0,0,0.0,0,
flight_number_time_bucket,SJU,STT,B6,B6808.0,STT→SJU,late_morning,,2024-01-01,2024-12-31,31,31,0,0,0.0,5,0.16129,2,0.064516,24.9,0.0,140.0,33.77,2.0,121.0,11,0.354839,8,0.258065,5,0.16129,2.35,0.0,0,0.0,0,0.0
flight_number_time_bucket,SJU,STT,B6,B6908.0,STT→SJU,evening,,2024-01-01,2024-12-31,2,2,0,0,0.0,1,0.5,0,0.0,51.0,51.0,91.0,53.0,53.0,95.4,1,0.5,1,0.5,1,0.5,2.0,2.0,0,0.0,0,0.0
flight_number_time_bucket,SJU,STT,F9,F94893.0,STT→SJU,afternoon,,2024-01-01,2024-12-31,35,34,1,0,0.028571,3,0.088235,0,0.0,12.29,3.5,43.7,8.91,0.0,34.1,5,0.147059,4,0.117647,3,0.088235,-6.79,-3.5,0,0.0,0,0.0
flight_number_time_bucket,SJU,STT,F9,F94893.0,STT→SJU,evening,,2024-01-01,2024-12-31,35,34,1,0,0.028571,6,0.176471,1,0.029412,33.71,20.0,107.9,22.21,5.5,68.2,11,0.323529,8,0.235294,4,0.117647,-13.06,-5.5,0,0.0,0,0.0
flight_number_time_bucket,SJU,STT,UA,UA2208.0,STT→SJU,afternoon,,2024-01-01,2024-12-31,2,2,0,0,0.0,1,0.5,0,0.0,50.0,50.0,80.4,39.5,39.5,71.1,1,0.5,1,0.5,1,0.5,-10.5,-10.5,0,0.0,0,0.0
flight_number_time_bucket,SJU,STX,B6,B62941.0,STX→SJU,evening,,2024-01-01,2024-12-31,20,20,0,0,0.0,2,0.1,0,0.0,13.55,1.5,30.8,15.4,0.0,34.2,4,0.2,2,0.1,2,0.1,-2.45,0.0,0,0.0,0,0.0
flight_number_time_bucket,SJU,STX,F9,F93041.0,STX→SJU,afternoon,,2024-01-01,2024-12-31,12,12,0,0,0.0,0,0.0,0,0.0,6.42,-1.5,29.0,4.92,0.0,22.5,2,0.166667,1,0.083333,0,0.0,-4.67,0.0,0,0.0,0,
flight_number_time_bucket,SJU,STX,F9,F93041.0,STX→SJU,late_morning,,2024-01-01,2024-12-31,1,1,0,0,0.0,0,0.0,0,0.0,35.0,35.0,35.0,6.0,6.0,6.0,0,0.0,0,0.0,0,0.0,-29.0,-29.0,0,,0,
flight_number_time_bucket,SJU,TPA,B6,B61751.0,TPA→SJU,afternoon,,2024-01-01,2024-12-31,83,82,1,0,0.012048,17,0.207317,4,0.04878,35.29,10.0,138.2,43.38,19.5,111.4,45,0.54878,29,0.353659,19,0.231707,3.17,2.5,0,0.0,0,0.0
flight_number_time_bucket,SJU,TPA,B6,B61751.0,TPA→SJU,evening,,2024-01-01,2024-12-31,11,11,0,0,0.0,1,0.090909,0,0.0,6.0,-2.0,16.0,10.82,0.0,27.0,2,0.181818,1,0.090909,1,0.090909,1.73,0.0,0,0.0,0,0.0
flight_number_time_bucket,SJU,TPA,B6,B62451.0,TPA→SJU,afternoon,,2024-01-01,2024-12-31,36,36,0,0,0.0,0,0.0,0,0.0,-1.33,-1.0,10.5,0.78,0.0,0.0,1,0.027778,0,0.0,0,0.0,-1.75,0.0,0,,0,
flight_number_time_bucket,SJU,TPA,B6,B62451.0,TPA→SJU,evening,,2024-01-01,2024-12-31,16,16,0,0,0.0,1,0.0625,0,0.0,3.31,-2.5,31.5,12.31,2.5,35.0,2,0.125,2,0.125,1,0.0625,2.94,0.5,0,0.0,0,0.0
flight_number_time_bucket,SJU,TPA,B6,B62751.0,TPA→SJU,early_morning,,2024-01-01,2024-12-31,356,346,10,1,0.02809,8,0.023121,2,0.00578,-6.78,-13.0,1.0,6.07,0.0,4.0,20,0.057803,17,0.049133,11,0.031792,0.56,0.0,0,0.0,0,0.0
flight_number_time_bucket,SJU,TPA,B6,B6691.0,TPA→SJU,evening,,2024-01-01,2024-12-31,2,2,0,0,0.0,0,0.0,0,0.0,-9.5,-9.5,-3.5,0.0,0.0,0.0,0,0.0,0,0.0,0,0.0,0.0,0.0,0,,0,
flight_number_time_bucket,SJU,TPA,B6,B6691.0,TPA→SJU,night,,2024-01-01,2024-12-31,13,13,0,0,0.0,4,0.307692,2,0.153846,55.54,30.0,174.8,65.54,34.0,182.4,8,0.615385,7,0.538462,5,0.384615,4.54,3.0,0,0.0,0,0.0
flight_number_time_bucket,SJU,TPA,F9,F91196.0,TPA→SJU,afternoon,,2024-01-01,2024-12-31,1,1,0,0,0.0,0,0.0,0,0.0,-7.0,-7.0,-7.0,3.0,3.0,3.0,0,0.0,0,0.0,0,0.0,3.0,3.0,0,,0,
flight_number_time_bucket,SJU,TPA,F9,F91536.0,TPA→SJU,early_morning,,2024-01-01,2024-12-31,12,12,0,0,0.0,0,0.0,0,0.0,-13.42,-17.5,-8.2,4.58,0.0,5.7,1,0.083333,1,0.083333,0,0.0,0.67,0.0,0,0.0,0,
flight_number_time_bucket,SJU,TPA,F9,F91536.0,TPA→SJU,evening,,2024-01-01,2024-12-31,3,3,0,0,0.0,2,0.666667,0,0.0,81.33,101.0,157.0,96.33,111.0,164.6,2,0.666667,2,0.666667,2,0.666667,5.67,7.0,0,0.0,0,0.0
flight_number_time_bucket,SJU,TPA,F9,F91796.0,TPA→SJU,red_eye,,2024-01-01,2024-12-31,36,36,0,0,0.0,3,0.083333,0,0.0,14.61,2.0,51.5,25.08,15.5,57.0,18,0.5,11,0.305556,4,0.111111,6.08,4.0,1,0.090909,0,0.0
flight_number_time_bucket,SJU,TPA,F9,F91844.0,TPA→SJU,early_morning,,2024-01-01,2024-12-31,34,33,1,0,0.029412,0,0.0,0,0.0,-9.7,-9.0,2.6,2.73,0.0,8.8,2,0.060606,1,0.030303,0,0.0,1.3,0.0,0,0.0,0,
flight_number_time_bucket,SJU,TPA,F9,F92216.0,TPA→SJU,afternoon,,2024-01-01,2024-12-31,20,19,1,0,0.05,1,0.052632,0,0.0,4.89,-6.0,35.0,14.84,2.0,35.6,5,0.263158,4,0.210526,1,0.052632,1.11,0.0,1,0.25,0,0.0
flight_number_time_bucket,SJU,TPA,F9,F92216.0,TPA→SJU,evening,,2024-01-01,2024-12-31,29,29,0,0,0.0,5,0.172414,1,0.034483,15.72,-6.0,91.6,28.55,2.0,105.2,8,0.275862,6,0.206897,5,0.172414,3.38,1.0,0,0.0,0,0.0
flight_number_time_bucket,SJU,TPA,F9,F92216.0,TPA→SJU,night,,2024-01-01,2024-12-31,2,2,0,0,0.0,0,0.0,0,0.0,8.0,8.0,19.2,17.5,17.5,31.5,1,0.5,1,0.5,0,0.0,6.5,6.5,0,0.0,0,
flight_number_time_bucket,SJU,TPA,F9,F92542.0,TPA→SJU,afternoon,,2024-01-01,2024-12-31,48,47,1,0,0.020833,4,0.085106,2,0.042553,9.13,-5.0,55.8,22.26,0.0,74.0,12,0.255319,8,0.170213,6,0.12766,5.26,0.0,0,0.0,0,0.0
flight_number_time_bucket,SJU,TPA,F9,F92542.0,TPA→SJU,early_morning,,2024-01-01,2024-12-31,128,127,1,0,0.007812,2,0.015748,2,0.015748,5.05,-10.0,30.4,16.98,0.0,30.6,28,0.220472,13,0.102362,4,0.031496,1.91,0.0,0,0.0,0,0.0
flight_number_time_bucket,SJU,TPA,F9,F92542.0,TPA→SJU,evening,,2024-01-01,2024-12-31,8,8,0,0,0.0,3,0.375,0,0.0,41.5,-1.5,132.8,54.5,12.0,143.8,3,0.375,3,0.375,3,0.375,8.75,9.5,0,0.0,0,0.0
flight_number_time_bucket,SJU,TPA,F9,F92542.0,TPA→SJU,late_morning,,2024-01-01,2024-12-31,13,11,2,0,0.153846,0,0.0,0,0.0,-2.91,-8.0,29.0,10.91,0.0,41.0,2,0.181818,2,0.181818,0,0.0,4.18,0.0,0,0.0,0,
flight_number_time_bucket,SJU,TPA,F9,F92542.0,TPA→SJU,night,,2024-01-01,2024-12-31,58,57,1,0,0.017241,1,0.017544,0,0.0,-0.91,-7.0,27.4,13.58,3.0,39.6,15,0.263158,9,0.157895,2,0.035088,6.12,2.0,1,0.1,0,0.0
flight_number_time_bucket,SJU,TPA,F9,F92544.0,TPA→SJU,evening,,2024-01-01,2024-12-31,8,8,0,0,0.0,0,0.0,0,0.0,-7.88,-9.0,14.1,9.25,2.0,22.6,1,0.125,1,0.125,0,0.0,4.25,0.0,0,0.0,0,
flight_number_time_bucket,SJU,TPA,F9,F93450.0,TPA→SJU,evening,,2024-01-01,2024-12-31,5,5,0,0,0.0,0,0.0,0,0.0,-18.4,-23.0,-7.6,2.0,0.0,6.0,0,0.0,0,0.0,0,0.0,2.0,0.0,0,,0,
flight_number_time_bucket,SJU,TPA,F9,F93980.0,TPA→SJU,afternoon,,2024-01-01,2024-12-31,7,7,0,0,0.0,1,0.142857,0,0.0,10.57,3.0,40.0,20.14,4.0,55.8,2,0.285714,2,0.285714,1,0.142857,6.0,4.0,0,0.0,0,0.0
flight_number_time_bucket,SJU,TPA,F9,F93980.0,TPA→SJU,night,,2024-01-01,2024-12-31,34,34,0,0,0.0,6,0.176471,1,0.029412,31.21,15.5,88.8,38.29,16.0,90.7,18,0.529412,13,0.382353,7,0.205882,3.5,2.5,0,0.0,0,0.0
flight_number_time_bucket,SJU,TPA,F9,F94362.0,TPA→SJU,evening,,2024-01-01,2024-12-31,3,3,0,0,0.0,0,0.0,0,0.0,-5.0,-19.0,17.8,19.33,2.0,44.4,1,0.333333,1,0.333333,0,0.0,10.33,2.0,0,0.0,0,
flight_number_time_bucket,SJU,TPA,F9,F94362.0,TPA→SJU,night,,2024-01-01,2024-12-31,24,24,0,0,0.0,4,0.166667,1,0.041667,29.96,10.5,110.5,37.38,20.5,110.3,13,0.541667,10,0.416667,4,0.166667,2.92,1.5,1,0.1,0,0.0
flight_number_time_bucket,SJU,TPA,F9,F94362.0,TPA→SJU,red_eye,,2024-01-01,2024-12-31,9,9,0,0,0.0,1,0.111111,0,0.0,13.44,5.0,43.8,24.78,15.0,50.4,4,0.444444,4,0.444444,1,0.111111,4.89,1.0,0,0.0,0,0.0
flight_number_time_bucket,SJU,TPA,NK,NK538.0,TPA→SJU,afternoon,,2024-01-01,2024-12-31,18,18,0,0,0.0,2,0.111111,0,0.0,9.78,-9.5,56.4,17.67,0.0,73.7,3,0.166667,3,0.166667,3,0.166667,0.83,0.0,0,0.0,0,0.0
flight_number_time_bucket,SJU,TPA,NK,NK538.0,TPA→SJU,evening,,2024-01-01,2024-12-31,14,14,0,0,0.0,2,0.142857,0,0.0,10.71,-2.5,61.7,18.5,1.0,55.6,5,0.357143,3,0.214286,1,0.071429,0.79,0.0,0,0.0,0,0.0
flight_number_time_bucket,SJU,TPA,NK,NK538.0,TPA→SJU,night,,2024-01-01,2024-12-31,46,46,0,0,0.0,3,0.065217,1,0.021739,5.67,-7.5,39.5,16.72,0.0,46.0,11,0.23913,7,0.152174,4,0.086957,1.93,0.0,0,0.0,0,0.0
flight_number_time_bucket,SJU,TPA,WN,WN1082.0,TPA→SJU,afternoon,,2024-01-01,2024-12-31,4,4,0,0,0.0,1,0.25,0,0.0,37.5,33.0,73.3,45.0,38.0,86.3,3,0.75,3,0.75,1,0.25,6.5,5.0,0,0.0,0,0.0
flight_number_time_bucket,SJU,TPA,WN,WN1381.0,TPA→SJU,afternoon,,2024-01-01,2024-12-31,6,6,0,0,0.0,0,0.0,0,0.0,-8.67,-10.0,4.5,5.5,3.5,13.0,0,0.0,0,0.0,0,0.0,3.67,1.5,0,,0,
flight_number_time_bucket,SJU,TPA,WN,WN1427.0,TPA→SJU,afternoon,,2024-01-01,2024-12-31,5,5,0,0,0.0,0,0.0,0,0.0,4.8,7.0,9.6,5.4,1.0,13.6,1,0.2,0,0.0,0,0.0,-0.6,1.0,0,,0,
flight_number_time_bucket,SJU,TPA,WN,WN1876.0,TPA→SJU,early_morning,,2024-01-01,2024-12-31,8,8,0,0,0.0,0,0.0,0,0.0,1.62,-4.5,25.3,8.62,1.0,28.1,2,0.25,1,0.125,0,0.0,1.12,0.0,0,0.0,0,
flight_number_time_bucket,SJU,TPA,WN,WN1876.0,TPA→SJU,evening,,2024-01-01,2024-12-31,8,8,0,0,0.0,2,0.25,0,0.0,12.12,-5.0,71.6,24.62,8.0,78.4,2,0.25,2,0.25,2,0.25,6.62,6.0,0,0.0,0,0.0
flight_number_time_bucket,SJU,TPA,WN,WN2096.0,TPA→SJU,afternoon,,2024-01-01,2024-12-31,26,23,3,0,0.115385,1,0.043478,0,0.0,7.74,5.0,18.6,11.57,5.0,16.6,3,0.130435,1,0.043478,1,0.043478,1.43,0.0,0,0.0,0,0.0
flight_number_time_bucket,SJU,TPA,WN,WN2096.0,TPA→SJU,late_morning,,2024-01-01,2024-12-31,5,5,0,0,0.0,0,0.0,0,0.0,11.0,7.0,28.6,8.4,5.0,17.0,1,0.2,0,0.0,0,0.0,-3.4,0.0,0,,0,
flight_number_time_bucket,SJU,TPA,WN,WN2174.0,TPA→SJU,evening,,2024-01-01,2024-12-31,8,8,0,0,0.0,0,0.0,0,0.0,-5.12,-4.0,5.0,8.62,9.0,15.6,1,0.125,0,0.0,0,0.0,6.75,8.0,0,,0,
flight_number_time_bucket,SJU,TPA,WN,WN2206.0,TPA→SJU,early_morning,,2024-01-01,2024-12-31,9,9,0,0,0.0,0,0.0,0,0.0,-4.78,-4.0,3.4,4.33,2.0,11.4,0,0.0,0,0.0,0,0.0,2.78,2.0,0,,0,
flight_number_time_bucket,SJU,TPA,WN,WN2410.0,TPA→SJU,afternoon,,2024-01-01,2024-12-31,10,10,0,1,0.0,1,0.1,0,0.0,12.78,6.0,32.2,16.78,7.0,36.0,2,0.2,1,0.1,1,0.1,1.0,3.0,0,0.0,0,0.0
flight_number_time_bucket,SJU,TPA,WN,WN2410.0,TPA→SJU,early_morning,,2024-01-01,2024-12-31,10,10,0,0,0.0,0,0.0,0,0.0,-3.4,-1.5,4.5,3.9,3.5,7.4,0,0.0,0,0.0,0,0.0,2.5,2.0,0,,0,
flight_number_time_bucket,SJU,TPA,WN,WN2410.0,TPA→SJU,late_morning,,2024-01-01,2024-12-31,39,39,0,0,0.0,0,0.0,0,0.0,2.18,-3.0,20.6,8.77,2.0,24.4,9,0.230769,3,0.076923,1,0.025641,1.95,1.0,0,0.0,0,0.0
flight_number_time_bucket,SJU,TPA,WN,WN2556.0,TPA→SJU,early_morning,,2024-01-01,2024-12-31,16,16,0,0,0.0,0,0.0,0,0.0,-0.56,-1.0,9.5,7.19,3.0,20.0,4,0.25,0,0.0,0,0.0,4.12,2.0,0,,0,
flight_number_time_bucket,SJU,TPA,WN,WN2558.0,TPA→SJU,early_morning,,2024-01-01,2024-12-31,1,1,0,0,0.0,0,0.0,0,0.0,5.0,5.0,5.0,3.0,3.0,3.0,0,0.0,0,0.0,0,0.0,-2.0,-2.0,0,,0,
flight_number_time_bucket,SJU,TPA,WN,WN2690.0,TPA→SJU,evening,,2024-01-01,2024-12-31,1,1,0,0,0.0,0,0.0,0,0.0,37.0,37.0,37.0,45.0,45.0,45.0,1,1.0,1,1.0,0,0.0,8.0,8.0,0,0.0,0,
flight_number_time_bucket,SJU,TPA,WN,WN2750.0,TPA→SJU,late_morning,,2024-01-01,2024-12-31,8,8,0,0,0.0,0,0.0,0,0.0,-3.5,-1.5,9.2,4.88,1.0,16.4,1,0.125,0,0.0,0,0.0,1.5,0.5,0,,0,
flight_number_time_bucket,SJU,TPA,WN,WN2853.0,TPA→SJU,afternoon,,2024-01-01,2024-12-31,1,1,0,0,0.0,0,0.0,0,0.0,48.0,48.0,48.0,52.0,52.0,52.0,1,1.0,1,1.0,0,0.0,4.0,4.0,0,0.0,0,
flight_number_time_bucket,SJU,TPA,WN,WN3208.0,TPA→SJU,afternoon,,2024-01-01,2024-12-31,43,43,0,0,0.0,2,0.046512,0,0.0,0.86,-4.0,32.2,13.37,4.0,42.2,10,0.232558,5,0.116279,3,0.069767,5.21,4.0,0,0.0,0,0.0
flight_number_time_bucket,SJU,TPA,WN,WN3812.0,TPA→SJU,late_morning,,2024-01-01,2024-12-31,1,1,0,0,0.0,0,0.0,0,0.0,-9.0,-9.0,-9.0,0.0,0.0,0.0,0,0.0,0,0.0,0,0.0,0.0,0.0,0,,0,
flight_number_time_bucket,SJU,TPA,WN,WN3857.0,TPA→SJU,afternoon,,2024-01-01,2024-12-31,50,49,1,0,0.02,0,0.0,0,0.0,-0.18,-1.0,9.2,6.49,4.0,15.4,5,0.102041,1,0.020408,0,0.0,2.76,1.0,0,0.0,0,
flight_number_time_bucket,SJU,TPA,WN,WN3857.0,TPA→SJU,late_morning,,2024-01-01,2024-12-31,9,9,0,0,0.0,0,0.0,0,0.0,3.89,-2.0,31.6,2.56,0.0,6.4,1,0.111111,0,0.0,0,0.0,-6.11,0.0,0,,0,
flight_number_time_bucket,SJU,TPA,WN,WN4298.0,TPA→SJU,early_morning,,2024-01-01,2024-12-31,5,5,0,0,0.0,0,0.0,0,0.0,-5.8,-4.0,-2.4,2.4,3.0,4.6,0,0.0,0,0.0,0,0.0,2.4,3.0,0,,0,
flight_number_time_bucket,SJU,TPA,WN,WN4298.0,TPA→SJU,night,,2024-01-01,2024-12-31,5,5,0,0,0.0,2,0.4,0,0.0,41.2,39.0,67.2,46.8,50.0,68.6,4,0.8,4,0.8,2,0.4,5.2,7.0,0,0.0,0,0.0
flight_number_time_bucket,SJU,TPA,WN,WN4356.0,TPA→SJU,afternoon,,2024-01-01,2024-12-31,9,9,0,0,0.0,2,0.222222,0,0.0,32.11,14.0,121.6,47.67,26.0,134.0,5,0.555556,4,0.444444,2,0.222222,11.89,12.0,0,0.0,0,0.0
flight_number_time_bucket,SJU,TPA,WN,WN4356.0,TPA→SJU,late_morning,,2024-01-01,2024-12-31,43,43,0,0,0.0,1,0.023256,0,0.0,-1.19,-4.0,13.8,7.47,3.0,15.0,4,0.093023,1,0.023256,1,0.023256,2.07,1.0,0,0.0,0,0.0
flight_number_time_bucket,SJU,TPA,WN,WN4356.0,TPA→SJU,night,,2024-01-01,2024-12-31,9,9,0,0,0.0,4,0.444444,1,0.111111,75.78,50.0,169.0,83.78,61.0,177.6,7,0.777778,7,0.777778,5,0.555556,5.33,8.0,0,0.0,0,0.0
flight_number_time_bucket,SJU,TPA,WN,WN4630.0,TPA→SJU,night,,2024-01-01,2024-12-31,24,24,0,0,0.0,1,0.041667,0,0.0,23.25,16.0,42.9,30.79,26.0,55.8,19,0.791667,9,0.375,2,0.083333,6.67,6.0,0,0.0,0,0.0
flight_number_time_bucket,SJU,TPA,WN,WN5018.0,TPA→SJU,afternoon,,2024-01-01,2024-12-31,18,17,1,0,0.055556,0,0.0,0,0.0,3.24,-3.0,19.4,10.88,5.0,29.4,3,0.176471,2,0.117647,1,0.058824,3.12,1.0,0,0.0,0,0.0
flight_number_time_bucket,SJU,TPA,WN,WN5167.0,TPA→SJU,early_morning,,2024-01-01,2024-12-31,9,9,0,0,0.0,0,0.0,0,0.0,-6.89,-8.0,2.2,3.44,1.0,8.6,0,0.0,0,0.0,0,0.0,2.56,1.0,0,,0,
flight_number_time_bucket,SJU,TPA,WN,WN5301.0,TPA→SJU,afternoon,,2024-01-01,2024-12-31,56,56,0,0,0.0,5,0.089286,3,0.053571,16.75,-0.5,24.0,21.57,1.0,24.0,7,0.125,5,0.089286,5,0.089286,0.73,0.0,0,0.0,0,0.0
flight_number_time_bucket,SJU,TPA,WN,WN970.0,TPA→SJU,afternoon,,2024-01-01,2024-12-31,20,20,0,0,0.0,2,0.1,1,0.05,19.2,4.0,55.7,25.7,7.5,55.0,7,0.35,5,0.25,2,0.1,3.1,0.0,1,0.2,0,0.0
flight_number_time_bucket,SJU,TPA,WN,WN970.0,TPA→SJU,early_morning,,2024-01-01,2024-12-31,5,5,0,0,0.0,0,0.0,0,0.0,-13.8,-15.0,-8.0,0.2,0.0,0.6,0,0.0,0,0.0,0,0.0,0.2,0.0,0,,0,
flight_number_time_bucket,SJU,TPA,WN,WN970.0,TPA→SJU,evening,,2024-01-01,2024-12-31,8,8,0,0,0.0,2,0.25,0,0.0,31.0,15.5,104.7,43.88,21.5,113.5,4,0.5,4,0.5,3,0.375,4.88,2.0,0,0.0,0,0.0
