level,dest,origin,airline,flight_number,route,scheduled_departure_bucket,scheduled_departure_hour,data_period_start,data_period_end,total_scheduled_flights,completed_flights,cancelled_count,diverted_count,cancellation_rate,delay_over_60min_count,delay_over_60min_rate,delay_over_180min_count,delay_over_180min_rate,avg_arrival_delay_minutes,median_arrival_delay_minutes,p90_arrival_delay_minutes,avg_departure_delay_minutes,median_departure_delay_minutes,p90_departure_delay_minutes,departure_delay_over_15min_count,departure_delay_over_15min_rate,departure_delay_over_30min_count,departure_delay_over_30min_rate,departure_delay_over_60min_count,departure_delay_over_60min_rate,avg_delay_recovery_minutes,median_delay_recovery_minutes,recovered_from_30min_departure_delay_count,recovered_from_30min_departure_delay_rate,recovered_from_60min_departure_delay_count,recovered_from_60min_departure_delay_rate
airport_total,IAD,,,,,,,2024-01-01,2024-12-31,52895,52174,721,102,0.013631,3042,0.058305,642,0.012305,3.21,-8.0,32.0,12.67,0.0,32.0,8015,0.153621,5376,0.10304,3085,0.059129,-0.02,0.0,215,0.039006,11,0.003495
origin_route,IAD,ANC,,,ANC→IAD,,,2024-01-01,2024-12-31,103,101,2,2,0.019417,4,0.039604,2,0.019802,-1.87,-12.0,29.2,15.82,0.0,45.0,21,0.207921,16,0.158416,6,0.059406,3.97,0.0,3,0.1875,1,0.125
origin_route,IAD,ATL,,,ATL→IAD,,,2024-01-01,2024-12-31,3266,3237,29,6,0.008879,193,0.059623,38,0.011739,6.63,-5.0,35.0,12.78,0.0,33.0,521,0.160951,341,0.105344,192,0.059314,-0.42,0.0,2,0.00565,0,0.0
origin_route,IAD,AUS,,,AUS→IAD,,,2024-01-01,2024-12-31,974,961,13,1,0.013347,42,0.043704,12,0.012487,0.74,-8.0,19.0,11.88,0.0,23.0,123,0.127992,76,0.079084,45,0.046826,0.78,0.0,1,0.0125,0,0.0
origin_route,IAD,BDL,,,BDL→IAD,,,2024-01-01,2024-12-31,637,631,6,1,0.009419,22,0.034865,11,0.017433,1.04,-10.0,12.1,10.74,0.0,13.0,59,0.093502,39,0.061807,23,0.03645,0.13,0.0,0,0.0,0,0.0
origin_route,IAD,BNA,,,BNA→IAD,,,2024-01-01,2024-12-31,1014,1005,9,1,0.008876,63,0.062687,17,0.016915,5.34,-6.0,29.0,12.47,0.0,25.7,131,0.130348,94,0.093532,63,0.062687,-0.54,0.0,1,0.010526,0,0.0
origin_route,IAD,BOS,,,BOS→IAD,,,2024-01-01,2024-12-31,1463,1451,12,1,0.008202,77,0.053067,19,0.013094,0.05,-10.0,25.0,10.03,0.0,19.1,176,0.121296,109,0.075121,75,0.051688,-0.25,0.0,0,0.0,0,0.0
origin_route,IAD,BTV,,,BTV→IAD,,,2024-01-01,2024-12-31,612,607,5,0,0.00817,18,0.029654,4,0.00659,-9.58,-15.0,5.0,5.17,0.0,2.4,42,0.069193,32,0.052718,14,0.023064,-0.33,0.0,2,0.060606,0,0.0
origin_route,IAD,BUF,,,BUF→IAD,,,2024-01-01,2024-12-31,175,171,4,0,0.022857,7,0.040936,1,0.005848,-2.64,-11.0,10.0,6.84,0.0,10.0,13,0.076023,9,0.052632,5,0.02924,-1.13,0.0,0,0.0,0,0.0
origin_route,IAD,BZN,,,BZN→IAD,,,2024-01-01,2024-12-31,6,6,0,0,0.0,0,0.0,0,0.0,-13.83,-13.0,-9.5,0.0,0.0,0.0,0,0.0,0,0.0,0,0.0,0.0,0.0,0,,0,
origin_route,IAD,CHS,,,CHS→IAD,,,2024-01-01,2024-12-31,724,721,3,1,0.004144,25,0.034674,2,0.002774,-3.42,-11.0,13.0,6.99,0.0,7.0,55,0.076283,41,0.056865,26,0.036061,-0.55,0.0,2,0.047619,0,0.0
origin_route,IAD,CLE,,,CLE→IAD,,,2024-01-01,2024-12-31,577,572,5,0,0.008666,12,0.020979,5,0.008741,-4.94,-11.0,7.0,4.76,0.0,4.0,35,0.061189,21,0.036713,12,0.020979,-0.18,0.0,1,0.047619,0,0.0
origin_route,IAD,CLT,,,CLT→IAD,,,2024-01-01,2024-12-31,2124,2104,20,3,0.009416,149,0.070817,23,0.010932,4.6,-8.0,37.0,13.8,0.0,39.0,360,0.171103,250,0.118821,148,0.070342,0.41,0.0,6,0.023529,1,0.006623
origin_route,IAD,CMH,,,CMH→IAD,,,2024-01-01,2024-12-31,784,776,8,0,0.010204,22,0.028351,2,0.002577,-4.76,-10.0,13.0,5.52,0.0,10.0,64,0.082474,38,0.048969,24,0.030928,-0.18,0.0,2,0.05,0,0.0
origin_route,IAD,CVG,,,CVG→IAD,,,2024-01-01,2024-12-31,412,408,4,0,0.009709,9,0.022059,3,0.007353,-7.85,-13.0,4.0,4.4,0.0,4.3,24,0.058824,15,0.036765,10,0.02451,-0.17,0.0,0,0.0,0,0.0
origin_route,IAD,DEN,,,DEN→IAD,,,2024-01-01,2024-12-31,3247,3185,62,3,0.019095,249,0.078179,44,0.013815,9.52,-5.0,46.0,17.79,0.0,43.0,668,0.209733,434,0.136264,255,0.080063,0.23,0.0,18,0.040541,0,0.0
origin_route,IAD,DFW,,,DFW→IAD,,,2024-01-01,2024-12-31,1715,1689,26,3,0.01516,165,0.097691,32,0.018946,12.01,-3.0,59.0,19.96,0.0,64.0,406,0.240379,295,0.17466,179,0.10598,1.01,0.0,13,0.043046,2,0.010811
origin_route,IAD,DTW,,,DTW→IAD,,,2024-01-01,2024-12-31,1322,1316,6,0,0.004539,104,0.079027,22,0.016717,10.49,-3.5,46.0,15.31,0.0,42.5,241,0.183131,166,0.12614,102,0.077508,-1.27,0.0,1,0.005814,0,0.0
origin_route,IAD,EWR,,,EWR→IAD,,,2024-01-01,2024-12-31,1358,1327,31,2,0.022828,168,0.126601,32,0.024115,14.41,-3.0,73.6,20.18,0.0,67.0,342,0.257724,242,0.182366,144,0.108515,-1.77,0.0,7,0.028226,0,0.0
origin_route,IAD,EYW,,,EYW→IAD,,,2024-01-01,2024-12-31,90,89,1,0,0.011111,7,0.078652,1,0.011236,2.1,-12.0,36.8,13.7,0.0,43.0,12,0.134831,11,0.123596,7,0.078652,0.02,0.0,0,0.0,0,0.0
origin_route,IAD,FLL,,,FLL→IAD,,,2024-01-01,2024-12-31,799,792,7,0,0.008761,36,0.045455,9,0.011364,0.6,-11.0,24.9,10.69,0.0,21.9,93,0.117424,63,0.079545,38,0.04798,-0.7,0.0,2,0.030769,0,0.0
origin_route,IAD,HDN,,,HDN→IAD,,,2024-01-01,2024-12-31,15,15,0,0,0.0,3,0.2,0,0.0,17.33,-6.0,93.0,28.33,5.0,88.6,7,0.466667,5,0.333333,3,0.2,3.47,1.0,1,0.2,0,0.0
origin_route,IAD,HNL,,,HNL→IAD,,,2024-01-01,2024-12-31,127,124,3,1,0.023622,12,0.096774,4,0.032258,3.81,-14.0,48.6,24.52,0.0,76.8,28,0.225806,22,0.177419,16,0.129032,5.32,0.0,1,0.045455,1,0.0625
origin_route,IAD,HSV,,,HSV→IAD,,,2024-01-01,2024-12-31,15,15,0,0,0.0,0,0.0,0,0.0,-17.33,-17.0,-7.4,0.0,0.0,0.0,0,0.0,0,0.0,0,0.0,-0.4,0.0,0,,0,
origin_route,IAD,IAH,,,IAH→IAD,,,2024-01-01,2024-12-31,1690,1669,21,4,0.012426,127,0.076093,31,0.018574,12.2,0.0,47.0,18.47,1.0,54.0,403,0.241462,252,0.150989,149,0.089275,0.81,0.0,12,0.046512,0,0.0
origin_route,IAD,IND,,,IND→IAD,,,2024-01-01,2024-12-31,1287,1277,10,2,0.00777,35,0.027408,3,0.002349,-4.41,-10.0,11.0,4.98,0.0,6.6,95,0.074393,66,0.051684,36,0.028191,-0.57,0.0,0,0.0,0,0.0
origin_route,IAD,JAX,,,JAX→IAD,,,2024-01-01,2024-12-31,855,846,9,3,0.010526,58,0.068558,17,0.020095,6.81,-7.0,35.8,14.95,0.0,32.8,122,0.144208,90,0.106383,55,0.065012,-0.81,0.0,0,0.0,0,0.0
origin_route,IAD,JFK,,,JFK→IAD,,,2024-01-01,2024-12-31,715,707,8,1,0.011189,72,0.101839,15,0.021216,8.1,-10.0,63.0,18.02,0.0,59.5,134,0.189533,111,0.157001,70,0.09901,-0.74,0.0,6,0.054054,0,0.0
origin_route,IAD,JST,,,JST→IAD,,,2024-01-01,2024-12-31,366,358,8,0,0.021858,39,0.108939,12,0.03352,7.83,-13.0,65.3,21.26,0.0,62.6,70,0.195531,53,0.148045,38,0.106145,0.14,0.0,3,0.054545,0,0.0
origin_route,IAD,LAS,,,LAS→IAD,,,2024-01-01,2024-12-31,944,927,17,4,0.018008,46,0.049622,12,0.012945,-1.51,-12.0,28.0,11.72,0.0,25.0,117,0.126214,83,0.089536,53,0.057174,0.05,0.0,1,0.011765,1,0.018519
origin_route,IAD,LAX,,,LAX→IAD,,,2024-01-01,2024-12-31,2616,2589,27,8,0.010321,97,0.037466,10,0.003862,-1.46,-7.0,24.0,9.71,0.0,28.0,405,0.156431,243,0.093859,112,0.04326,0.9,0.0,22,0.08871,0,0.0
origin_route,IAD,LGA,,,LGA→IAD,,,2024-01-01,2024-12-31,1479,1440,39,1,0.026369,87,0.060417,18,0.0125,0.53,-11.0,32.2,11.02,0.0,29.0,222,0.154167,138,0.095833,72,0.05,-1.02,0.0,3,0.021277,0,0.0
origin_route,IAD,MCI,,,MCI→IAD,,,2024-01-01,2024-12-31,4,4,0,0,0.0,1,0.25,0,0.0,18.0,-6.5,64.6,27.25,0.5,75.9,1,0.25,1,0.25,1,0.25,3.75,0.5,0,0.0,0,0.0
origin_route,IAD,MCO,,,MCO→IAD,,,2024-01-01,2024-12-31,1671,1633,38,1,0.022741,142,0.086957,30,0.018371,7.96,-7.0,48.9,16.27,0.0,49.0,302,0.184936,222,0.135946,128,0.078383,-0.45,0.0,6,0.026432,0,0.0
origin_route,IAD,MDW,,,MDW→IAD,,,2024-01-01,2024-12-31,12,12,0,0,0.0,0,0.0,0,0.0,10.17,14.5,23.7,12.25,7.5,29.9,4,0.333333,1,0.083333,0,0.0,0.08,0.5,0,0.0,0,
origin_route,IAD,MGW,,,MGW→IAD,,,2024-01-01,2024-12-31,18,18,0,0,0.0,4,0.222222,3,0.166667,66.39,9.0,328.1,65.28,0.0,340.7,5,0.277778,4,0.222222,3,0.166667,-4.33,0.0,0,0.0,0,0.0
origin_route,IAD,MIA,,,MIA→IAD,,,2024-01-01,2024-12-31,576,568,8,3,0.013889,34,0.059859,8,0.014085,5.66,-8.0,31.6,13.42,0.0,31.6,78,0.137324,59,0.103873,30,0.052817,-1.38,0.0,1,0.016949,0,0.0
origin_route,IAD,MKE,,,MKE→IAD,,,2024-01-01,2024-12-31,1,1,0,0,0.0,0,0.0,0,0.0,-29.0,-29.0,-29.0,0.0,0.0,0.0,0,0.0,0,0.0,0,0.0,0.0,0.0,0,,0,
origin_route,IAD,MSP,,,MSP→IAD,,,2024-01-01,2024-12-31,932,926,6,1,0.006438,54,0.058315,11,0.011879,6.2,-3.0,35.0,11.63,0.0,32.6,142,0.153348,98,0.105832,52,0.056156,-1.37,0.0,4,0.038835,0,0.0
origin_route,IAD,MSY,,,MSY→IAD,,,2024-01-01,2024-12-31,669,653,16,2,0.023916,32,0.049005,3,0.004594,-3.1,-11.0,17.0,8.01,0.0,13.0,62,0.094946,49,0.075038,34,0.052067,0.09,0.0,0,0.0,0,0.0
origin_route,IAD,MYR,,,MYR→IAD,,,2024-01-01,2024-12-31,5,5,0,0,0.0,0,0.0,0,0.0,-9.8,-9.0,0.4,0.0,0.0,0.0,0,0.0,0,0.0,0,0.0,-1.2,0.0,0,,0,
origin_route,IAD,ORD,,,ORD→IAD,,,2024-01-01,2024-12-31,1685,1671,14,2,0.008309,127,0.076002,41,0.024536,11.45,-4.0,48.0,18.11,0.0,45.2,342,0.204668,219,0.131059,137,0.081987,0.15,0.0,4,0.0181,0,0.0
origin_route,IAD,ORF,,,ORF→IAD,,,2024-01-01,2024-12-31,632,623,9,0,0.014241,20,0.032103,5,0.008026,-4.6,-13.0,16.0,7.38,0.0,12.0,53,0.085072,30,0.048154,22,0.035313,-0.28,0.0,1,0.033333,0,0.0
origin_route,IAD,PBI,,,PBI→IAD,,,2024-01-01,2024-12-31,43,41,2,0,0.046512,1,0.02439,0,0.0,0.12,-5.0,26.0,3.27,0.0,0.0,2,0.04878,1,0.02439,1,0.02439,-4.29,0.0,0,0.0,0,0.0
origin_route,IAD,PDX,,,PDX→IAD,,,2024-01-01,2024-12-31,288,287,1,0,0.003472,5,0.017422,2,0.006969,-5.87,-12.0,8.0,8.03,0.0,10.0,22,0.076655,15,0.052265,7,0.02439,0.65,0.0,2,0.125,0,0.0
origin_route,IAD,PGD,,,PGD→IAD,,,2024-01-01,2024-12-31,66,66,0,0,0.0,4,0.060606,2,0.030303,13.14,-1.5,48.0,24.24,0.0,52.5,21,0.318182,13,0.19697,5,0.075758,0.47,0.0,0,0.0,0,0.0
origin_route,IAD,PHL,,,PHL→IAD,,,2024-01-01,2024-12-31,1,1,0,0,0.0,0,0.0,0,0.0,-24.0,-24.0,-24.0,0.0,0.0,0.0,0,0.0,0,0.0,0,0.0,0.0,0.0,0,,0,
origin_route,IAD,PHX,,,PHX→IAD,,,2024-01-01,2024-12-31,1085,1069,16,6,0.014747,38,0.035547,5,0.004677,-1.39,-8.0,20.0,9.54,0.0,22.0,132,0.12348,79,0.073901,39,0.036483,0.83,0.0,4,0.047619,0,0.0
origin_route,IAD,PIT,,,PIT→IAD,,,2024-01-01,2024-12-31,655,654,1,0,0.001527,10,0.015291,4,0.006116,-2.69,-10.0,12.7,6.09,0.0,3.0,42,0.06422,25,0.038226,10,0.015291,-1.21,0.0,0,0.0,0,0.0
origin_route,IAD,PSP,,,PSP→IAD,,,2024-01-01,2024-12-31,13,13,0,0,0.0,0,0.0,0,0.0,-9.15,-6.0,12.0,7.54,0.0,30.2,2,0.153846,2,0.153846,0,0.0,2.85,0.0,1,0.5,0,
origin_route,IAD,PVD,,,PVD→IAD,,,2024-01-01,2024-12-31,77,75,2,0,0.025974,6,0.08,0,0.0,-11.97,-23.0,27.4,10.32,0.0,40.0,9,0.12,9,0.12,6,0.08,1.13,0.0,1,0.111111,0,0.0
origin_route,IAD,PWM,,,PWM→IAD,,,2024-01-01,2024-12-31,625,610,15,2,0.024,22,0.036066,4,0.006557,-6.17,-15.5,15.3,8.56,0.0,17.0,65,0.106557,45,0.07377,22,0.036066,0.09,0.0,3,0.065217,0,0.0
origin_route,IAD,RDU,,,RDU→IAD,,,2024-01-01,2024-12-31,854,847,7,0,0.008197,28,0.033058,10,0.011806,-4.25,-13.0,14.0,7.97,0.0,9.4,67,0.079103,47,0.05549,28,0.033058,-0.23,0.0,1,0.020833,0,0.0
origin_route,IAD,ROC,,,ROC→IAD,,,2024-01-01,2024-12-31,156,156,0,0,0.0,6,0.038462,1,0.00641,0.52,-9.0,24.0,9.48,0.0,23.5,22,0.141026,12,0.076923,6,0.038462,-0.6,0.0,2,0.166667,0,0.0
origin_route,IAD,RSW,,,RSW→IAD,,,2024-01-01,2024-12-31,550,539,11,2,0.02,24,0.044527,7,0.012987,-4.11,-14.0,16.0,8.02,0.0,6.4,36,0.06679,30,0.055659,24,0.044527,-1.08,0.0,0,0.0,0,0.0
origin_route,IAD,SAN,,,SAN→IAD,,,2024-01-01,2024-12-31,1590,1552,38,8,0.023899,67,0.04317,17,0.010954,2.13,-7.0,28.7,10.57,0.0,18.0,170,0.109536,110,0.070876,59,0.038015,-1.95,0.0,8,0.068966,0,0.0
origin_route,IAD,SAT,,,SAT→IAD,,,2024-01-01,2024-12-31,660,646,14,1,0.021212,18,0.027864,4,0.006192,-4.09,-10.0,11.6,7.72,0.0,14.2,61,0.094427,36,0.055728,23,0.035604,0.59,0.0,1,0.027027,0,0.0
origin_route,IAD,SAV,,,SAV→IAD,,,2024-01-01,2024-12-31,85,85,0,0,0.0,2,0.023529,0,0.0,-8.4,-13.0,4.0,3.91,0.0,0.0,4,0.047059,4,0.047059,2,0.023529,-0.71,0.0,0,0.0,0,0.0
origin_route,IAD,SBN,,,SBN→IAD,,,2024-01-01,2024-12-31,28,28,0,0,0.0,4,0.142857,3,0.107143,29.57,-5.0,132.8,37.39,0.0,117.3,8,0.285714,7,0.25,4,0.142857,-0.14,0.0,1,0.142857,0,0.0
origin_route,IAD,SDF,,,SDF→IAD,,,2024-01-01,2024-12-31,564,563,1,0,0.001773,11,0.019538,1,0.001776,-6.55,-10.0,7.0,4.08,0.0,0.0,31,0.055062,23,0.040853,12,0.021314,-0.34,0.0,0,0.0,0,0.0
origin_route,IAD,SEA,,,SEA→IAD,,,2024-01-01,2024-12-31,2246,2206,40,8,0.017809,105,0.047597,14,0.006346,2.31,-5.0,28.0,11.99,0.0,32.0,382,0.173164,231,0.104714,112,0.050771,0.69,0.0,18,0.076271,3,0.026316
origin_route,IAD,SFO,,,SFO→IAD,,,2024-01-01,2024-12-31,2757,2719,38,6,0.013783,161,0.059213,30,0.011033,1.62,-8.0,32.0,14.81,0.0,40.8,543,0.199706,355,0.130563,184,0.067672,2.45,0.0,36,0.1,2,0.010582
origin_route,IAD,SJU,,,SJU→IAD,,,2024-01-01,2024-12-31,420,415,5,2,0.011905,22,0.053012,5,0.012048,6.38,-6.0,32.4,14.63,0.0,33.8,63,0.151807,46,0.110843,23,0.055422,-0.57,0.0,1,0.021739,0,0.0
origin_route,IAD,SLC,,,SLC→IAD,,,2024-01-01,2024-12-31,379,377,2,1,0.005277,28,0.074271,1,0.002653,3.26,-8.0,34.0,13.43,0.0,35.5,71,0.188329,45,0.119363,28,0.074271,0.52,0.0,5,0.106383,0,0.0
origin_route,IAD,SMF,,,SMF→IAD,,,2024-01-01,2024-12-31,306,301,5,2,0.01634,8,0.026578,3,0.009967,-1.59,-10.0,12.2,11.46,0.0,11.6,26,0.086379,19,0.063123,10,0.033223,1.1,0.0,1,0.05,0,0.0
origin_route,IAD,SRQ,,,SRQ→IAD,,,2024-01-01,2024-12-31,237,230,7,1,0.029536,13,0.056522,3,0.013043,5.54,-9.0,27.6,14.18,0.0,24.2,27,0.117391,21,0.091304,14,0.06087,-0.85,0.0,1,0.045455,0,0.0
origin_route,IAD,STT,,,STT→IAD,,,2024-01-01,2024-12-31,320,317,3,3,0.009375,16,0.050473,3,0.009464,3.76,-4.0,43.7,11.83,0.0,39.4,60,0.189274,40,0.126183,17,0.053628,-0.69,0.0,2,0.04878,0,0.0
origin_route,IAD,SYR,,,SYR→IAD,,,2024-01-01,2024-12-31,62,62,0,0,0.0,3,0.048387,1,0.016129,-9.81,-19.0,10.8,5.44,0.0,0.0,4,0.064516,2,0.032258,2,0.032258,-1.95,0.0,0,0.0,0,0.0
origin_route,IAD,TPA,,,TPA→IAD,,,2024-01-01,2024-12-31,1111,1084,27,3,0.024302,78,0.071956,20,0.01845,4.12,-10.0,40.0,14.62,0.0,38.0,167,0.154059,121,0.111624,68,0.062731,-0.3,0.0,1,0.008065,0,0.0
origin_route,IAD,TYS,,,TYS→IAD,,,2024-01-01,2024-12-31,1,1,0,0,0.0,0,0.0,0,0.0,-19.0,-19.0,-19.0,0.0,0.0,0.0,0,0.0,0,0.0,0,0.0,0.0,0.0,0,,0,
origin_airline_route,IAD,ANC,UA,,ANC→IAD UA,,,2024-01-01,2024-12-31,103,101,2,2,0.019417,4,0.039604,2,0.019802,-1.87,-12.0,29.2,15.82,0.0,45.0,21,0.207921,16,0.158416,6,0.059406,3.97,0.0,3,0.1875,1,0.125
origin_airline_route,IAD,ATL,DL,,ATL→IAD DL,,,2024-01-01,2024-12-31,2109,2089,20,5,0.009483,132,0.063188,21,0.010053,7.83,-4.0,35.0,13.32,0.0,34.0,357,0.170895,230,0.110101,127,0.060795,-0.38,0.0,1,0.004184,0,0.0
origin_airline_route,IAD,ATL,F9,,ATL→IAD F9,,,2024-01-01,2024-12-31,45,45,0,0,0.0,7,0.155556,1,0.022222,21.84,2.0,71.4,23.71,0.0,64.6,15,0.333333,9,0.2,7,0.155556,-3.02,0.0,0,0.0,0,0.0
origin_airline_route,IAD,ATL,UA,,ATL→IAD UA,,,2024-01-01,2024-12-31,1064,1055,9,1,0.008459,53,0.050237,16,0.015166,3.88,-7.0,33.0,11.53,0.0,28.0,144,0.136493,99,0.093839,57,0.054028,-0.39,0.0,1,0.009804,0,0.0
origin_airline_route,IAD,ATL,WN,,ATL→IAD WN,,,2024-01-01,2024-12-31,8,8,0,0,0.0,0,0.0,0,0.0,-4.12,-6.0,4.6,3.88,0.0,10.8,0,0.0,0,0.0,0,0.0,2.62,0.0,0,,0,
origin_airline_route,IAD,ATL,YX,,ATL→IAD YX,,,2024-01-01,2024-12-31,40,40,0,0,0.0,1,0.025,0,0.0,1.6,-1.5,11.1,6.78,0.0,18.8,5,0.125,3,0.075,1,0.025,-0.8,0.0,0,0.0,0,0.0
origin_airline_route,IAD,AUS,G4,,AUS→IAD G4,,,2024-01-01,2024-12-31,54,52,2,0,0.037037,4,0.076923,1,0.019231,22.37,-14.0,44.6,34.71,0.0,45.2,11,0.211538,8,0.153846,4,0.076923,-0.9,0.0,0,0.0,0,0.0
origin_airline_route,IAD,AUS,MQ,,AUS→IAD MQ,,,2024-01-01,2024-12-31,26,25,1,0,0.038462,1,0.04,0,0.0,-2.48,-11.0,13.8,8.96,0.0,21.2,3,0.12,2,0.08,1,0.04,0.48,0.0,0,0.0,0,0.0
origin_airline_route,IAD,AUS,UA,,AUS→IAD UA,,,2024-01-01,2024-12-31,884,874,10,1,0.011312,37,0.042334,11,0.012586,-0.51,-8.0,16.8,10.65,0.0,21.0,106,0.121281,66,0.075515,40,0.045767,0.93,0.0,1,0.014706,0,0.0
origin_airline_route,IAD,AUS,YX,,AUS→IAD YX,,,2024-01-01,2024-12-31,10,10,0,0,0.0,0,0.0,0,0.0,4.7,8.5,22.2,7.3,0.0,23.7,3,0.3,0,0.0,0,0.0,-2.8,0.0,0,0.0,0,
origin_airline_route,IAD,BDL,UA,,BDL→IAD UA,,,2024-01-01,2024-12-31,621,615,6,1,0.009662,22,0.035772,11,0.017886,1.12,-9.5,12.0,10.99,0.0,13.0,58,0.094309,39,0.063415,23,0.037398,0.31,0.0,0,0.0,0,0.0
origin_airline_route,IAD,BDL,YX,,BDL→IAD YX,,,2024-01-01,2024-12-31,16,16,0,0,0.0,0,0.0,0,0.0,-2.31,-11.0,19.0,1.19,0.0,0.0,1,0.0625,0,0.0,0,0.0,-6.88,0.0,0,,0,
origin_airline_route,IAD,BNA,G4,,BNA→IAD G4,,,2024-01-01,2024-12-31,64,64,0,0,0.0,6,0.09375,5,0.078125,17.95,-5.0,55.5,25.58,0.0,65.2,13,0.203125,11,0.171875,8,0.125,0.62,0.0,0,0.0,0,0.0
origin_airline_route,IAD,BNA,UA,,BNA→IAD UA,,,2024-01-01,2024-12-31,950,941,9,1,0.009474,57,0.060574,12,0.012752,4.49,-6.0,25.1,11.58,0.0,24.0,118,0.125399,83,0.088204,55,0.058448,-0.62,0.0,1,0.011905,0,0.0
origin_airline_route,IAD,BOS,UA,,BOS→IAD UA,,,2024-01-01,2024-12-31,1459,1447,12,1,0.008225,77,0.053214,19,0.013131,0.05,-10.0,25.0,10.05,0.0,19.5,176,0.121631,109,0.075328,75,0.051831,-0.25,0.0,0,0.0,0,0.0
origin_airline_route,IAD,BOS,YX,,BOS→IAD YX,,,2024-01-01,2024-12-31,4,4,0,0,0.0,0,0.0,0,0.0,-1.5,-2.5,6.2,2.75,0.0,7.7,0,0.0,0,0.0,0,0.0,0.25,0.0,0,,0,
origin_airline_route,IAD,BTV,UA,,BTV→IAD UA,,,2024-01-01,2024-12-31,36,35,1,0,0.027778,1,0.028571,0,0.0,-6.77,-4.0,7.0,4.11,0.0,12.8,3,0.085714,1,0.028571,0,0.0,0.49,0.0,0,0.0,0,
origin_airline_route,IAD,BTV,YX,,BTV→IAD YX,,,2024-01-01,2024-12-31,576,572,4,0,0.006944,17,0.02972,4,0.006993,-9.75,-15.0,4.9,5.23,0.0,1.0,39,0.068182,31,0.054196,14,0.024476,-0.38,0.0,2,0.0625,0,0.0
origin_airline_route,IAD,BUF,UA,,BUF→IAD UA,,,2024-01-01,2024-12-31,32,32,0,0,0.0,1,0.03125,0,0.0,-3.5,-11.5,22.5,7.59,0.0,30.7,5,0.15625,4,0.125,1,0.03125,0.28,0.0,0,0.0,0,0.0
origin_airline_route,IAD,BUF,YX,,BUF→IAD YX,,,2024-01-01,2024-12-31,143,139,4,0,0.027972,6,0.043165,1,0.007194,-2.44,-11.0,7.6,6.66,0.0,4.4,8,0.057554,5,0.035971,4,0.028777,-1.46,0.0,0,0.0,0,0.0
origin_airline_route,IAD,BZN,UA,,BZN→IAD UA,,,2024-01-01,2024-12-31,6,6,0,0,0.0,0,0.0,0,0.0,-13.83,-13.0,-9.5,0.0,0.0,0.0,0,0.0,0,0.0,0,0.0,0.0,0.0,0,,0,
origin_airline_route,IAD,CHS,UA,,CHS→IAD UA,,,2024-01-01,2024-12-31,270,269,1,0,0.003704,7,0.026022,1,0.003717,-6.36,-11.0,6.2,5.35,0.0,5.0,17,0.063197,13,0.048327,9,0.033457,0.2,0.0,1,0.076923,0,0.0
origin_airline_route,IAD,CHS,YX,,CHS→IAD YX,,,2024-01-01,2024-12-31,454,452,2,1,0.004405,18,0.039823,1,0.002212,-1.66,-10.0,17.0,7.97,0.0,8.0,38,0.084071,28,0.061947,17,0.037611,-1.0,0.0,1,0.034483,0,0.0
origin_airline_route,IAD,CLE,UA,,CLE→IAD UA,,,2024-01-01,2024-12-31,405,405,0,0,0.0,3,0.007407,2,0.004938,-7.6,-11.0,3.0,2.69,0.0,2.0,13,0.032099,7,0.017284,3,0.007407,0.05,0.0,1,0.142857,0,0.0
origin_airline_route,IAD,CLE,YX,,CLE→IAD YX,,,2024-01-01,2024-12-31,172,167,5,0,0.02907,9,0.053892,3,0.017964,1.54,-8.0,25.4,9.78,0.0,22.8,22,0.131737,14,0.083832,9,0.053892,-0.72,0.0,0,0.0,0,0.0
origin_airline_route,IAD,CLT,AA,,CLT→IAD AA,,,2024-01-01,2024-12-31,1,1,0,0,0.0,0,0.0,0,0.0,-11.0,-11.0,-11.0,0.0,0.0,0.0,0,0.0,0,0.0,0,0.0,0.0,0.0,0,,0,
origin_airline_route,IAD,CLT,OH,,CLT→IAD OH,,,2024-01-01,2024-12-31,1656,1638,18,3,0.01087,134,0.081807,17,0.010379,5.75,-7.0,46.2,15.05,0.0,46.6,325,0.198413,224,0.136752,134,0.081807,0.59,0.0,6,0.026201,1,0.007299
origin_airline_route,IAD,CLT,UA,,CLT→IAD UA,,,2024-01-01,2024-12-31,330,328,2,0,0.006061,11,0.033537,5,0.015244,1.24,-8.0,11.0,10.22,0.0,8.0,27,0.082317,18,0.054878,10,0.030488,0.02,0.0,0,0.0,0,0.0
origin_airline_route,IAD,CLT,YX,,CLT→IAD YX,,,2024-01-01,2024-12-31,137,137,0,0,0.0,4,0.029197,1,0.007299,-0.96,-9.0,11.8,7.55,0.0,8.0,8,0.058394,8,0.058394,4,0.029197,-0.83,0.0,0,0.0,0,0.0
origin_airline_route,IAD,CMH,UA,,CMH→IAD UA,,,2024-01-01,2024-12-31,17,16,1,0,0.058824,1,0.0625,0,0.0,-8.12,-11.5,-2.0,4.62,0.0,0.0,1,0.0625,1,0.0625,1,0.0625,0.62,0.0,0,0.0,0,0.0
origin_airline_route,IAD,CMH,YX,,CMH→IAD YX,,,2024-01-01,2024-12-31,767,760,7,0,0.009126,21,0.027632,2,0.002632,-4.69,-10.0,13.0,5.54,0.0,10.0,63,0.082895,37,0.048684,23,0.030263,-0.2,0.0,2,0.051282,0,0.0
origin_airline_route,IAD,CVG,UA,,CVG→IAD UA,,,2024-01-01,2024-12-31,4,4,0,0,0.0,0,0.0,0,0.0,-17.75,-15.5,-10.6,0.0,0.0,0.0,0,0.0,0,0.0,0,0.0,0.0,0.0,0,,0,
origin_airline_route,IAD,CVG,YX,,CVG→IAD YX,,,2024-01-01,2024-12-31,408,404,4,0,0.009804,9,0.022277,3,0.007426,-7.75,-13.0,4.0,4.44,0.0,4.7,24,0.059406,15,0.037129,10,0.024752,-0.17,0.0,0,0.0,0,0.0
origin_airline_route,IAD,DEN,UA,,DEN→IAD UA,,,2024-01-01,2024-12-31,2378,2317,61,2,0.025652,195,0.084161,39,0.016832,9.27,-7.0,48.0,18.23,0.0,44.0,411,0.177385,290,0.125162,202,0.087182,-0.14,0.0,14,0.047297,0,0.0
origin_airline_route,IAD,DEN,WN,,DEN→IAD WN,,,2024-01-01,2024-12-31,869,868,1,1,0.001151,54,0.062212,5,0.00576,10.2,1.0,44.0,16.59,5.0,43.0,257,0.296083,144,0.165899,53,0.06106,1.23,0.0,4,0.027027,0,0.0
origin_airline_route,IAD,DFW,AA,,DFW→IAD AA,,,2024-01-01,2024-12-31,741,728,13,2,0.017544,81,0.111264,13,0.017857,16.46,3.0,65.5,23.71,2.0,73.0,253,0.347527,182,0.25,97,0.133242,2.25,0.0,11,0.05914,2,0.019802
origin_airline_route,IAD,DFW,UA,,DFW→IAD UA,,,2024-01-01,2024-12-31,970,957,13,1,0.013402,84,0.087774,19,0.019854,8.71,-7.0,48.5,17.2,0.0,42.5,153,0.159875,113,0.118077,82,0.085684,0.08,0.0,2,0.017241,0,0.0
origin_airline_route,IAD,DFW,YX,,DFW→IAD YX,,,2024-01-01,2024-12-31,4,4,0,0,0.0,0,0.0,0,0.0,-5.5,-7.0,-0.1,0.0,0.0,0.0,0,0.0,0,0.0,0,0.0,-0.5,0.0,0,,0,
origin_airline_route,IAD,DTW,9E,,DTW→IAD 9E,,,2024-01-01,2024-12-31,157,157,0,0,0.0,6,0.038217,0,0.0,2.46,-6.0,31.4,7.57,0.0,18.6,17,0.10828,13,0.082803,5,0.031847,-2.27,0.0,0,0.0,0,0.0
origin_airline_route,IAD,DTW,DL,,DTW→IAD DL,,,2024-01-01,2024-12-31,168,167,1,0,0.005952,16,0.095808,3,0.017964,8.23,-8.0,43.6,17.15,0.0,41.8,30,0.179641,24,0.143713,16,0.095808,0.08,0.0,0,0.0,0,0.0
origin_airline_route,IAD,DTW,OO,,DTW→IAD OO,,,2024-01-01,2024-12-31,933,928,5,0,0.005359,82,0.088362,19,0.020474,14.0,-1.0,55.0,17.25,0.0,49.0,191,0.205819,129,0.139009,81,0.087284,-1.43,0.0,0,0.0,0,0.0
origin_airline_route,IAD,DTW,UA,,DTW→IAD UA,,,2024-01-01,2024-12-31,31,31,0,0,0.0,0,0.0,0,0.0,-16.26,-19.0,-1.0,2.1,0.0,0.0,2,0.064516,0,0.0,0,0.0,0.74,0.0,1,1.0,0,
origin_airline_route,IAD,DTW,YX,,DTW→IAD YX,,,2024-01-01,2024-12-31,33,33,0,0,0.0,0,0.0,0,0.0,-13.45,-16.0,-2.6,0.88,0.0,0.0,1,0.030303,0,0.0,0,0.0,-0.48,0.0,0,,0,
origin_airline_route,IAD,EWR,UA,,EWR→IAD UA,,,2024-01-01,2024-12-31,1233,1208,25,1,0.020276,156,0.129139,30,0.024834,15.15,-2.0,73.4,20.67,0.0,67.0,319,0.264073,227,0.187914,134,0.110927,-1.75,0.0,6,0.025862,0,0.0
origin_airline_route,IAD,EWR,YX,,EWR→IAD YX,,,2024-01-01,2024-12-31,125,119,6,1,0.048,12,0.10084,2,0.016807,6.81,-10.0,56.9,15.1,0.0,39.7,23,0.193277,15,0.12605,10,0.084034,-1.97,0.0,1,0.0625,0,0.0
origin_airline_route,IAD,EYW,UA,,EYW→IAD UA,,,2024-01-01,2024-12-31,90,89,1,0,0.011111,7,0.078652,1,0.011236,2.1,-12.0,36.8,13.7,0.0,43.0,12,0.134831,11,0.123596,7,0.078652,0.02,0.0,0,0.0,0,0.0
origin_airline_route,IAD,FLL,UA,,FLL→IAD UA,,,2024-01-01,2024-12-31,799,792,7,0,0.008761,36,0.045455,9,0.011364,0.6,-11.0,24.9,10.69,0.0,21.9,93,0.117424,63,0.079545,38,0.04798,-0.7,0.0,2,0.030769,0,0.0
origin_airline_route,IAD,HDN,UA,,HDN→IAD UA,,,2024-01-01,2024-12-31,15,15,0,0,0.0,3,0.2,0,0.0,17.33,-6.0,93.0,28.33,5.0,88.6,7,0.466667,5,0.333333,3,0.2,3.47,1.0,1,0.2,0,0.0
origin_airline_route,IAD,HNL,UA,,HNL→IAD UA,,,2024-01-01,2024-12-31,127,124,3,1,0.023622,12,0.096774,4,0.032258,3.81,-14.0,48.6,24.52,0.0,76.8,28,0.225806,22,0.177419,16,0.129032,5.32,0.0,1,0.045455,1,0.0625
origin_airline_route,IAD,HSV,YX,,HSV→IAD YX,,,2024-01-01,2024-12-31,15,15,0,0,0.0,0,0.0,0,0.0,-17.33,-17.0,-7.4,0.0,0.0,0.0,0,0.0,0,0.0,0,0.0,-0.4,0.0,0,,0,
origin_airline_route,IAD,IAH,UA,,IAH→IAD UA,,,2024-01-01,2024-12-31,1690,1669,21,4,0.012426,127,0.076093,31,0.018574,12.2,0.0,47.0,18.47,1.0,54.0,403,0.241462,252,0.150989,149,0.089275,0.81,0.0,12,0.046512,0,0.0
origin_airline_route,IAD,IND,YX,,IND→IAD YX,,,2024-01-01,2024-12-31,1287,1277,10,2,0.00777,35,0.027408,3,0.002349,-4.41,-10.0,11.0,4.98,0.0,6.6,95,0.074393,66,0.051684,36,0.028191,-0.57,0.0,0,0.0,0,0.0
origin_airline_route,IAD,JAX,G4,,JAX→IAD G4,,,2024-01-01,2024-12-31,67,66,1,0,0.014925,8,0.121212,1,0.015152,14.39,-1.5,67.5,19.58,0.0,72.5,16,0.242424,11,0.166667,8,0.121212,-1.67,0.0,0,0.0,0,0.0
origin_airline_route,IAD,JAX,UA,,JAX→IAD UA,,,2024-01-01,2024-12-31,634,626,8,3,0.012618,40,0.063898,14,0.022364,7.64,-7.0,33.0,15.88,0.0,31.8,87,0.138978,66,0.105431,39,0.0623,-0.49,0.0,0,0.0,0,0.0
origin_airline_route,IAD,JAX,YX,,JAX→IAD YX,,,2024-01-01,2024-12-31,154,154,0,0,0.0,10,0.064935,2,0.012987,0.17,-11.5,27.5,9.2,0.0,23.4,19,0.123377,13,0.084416,8,0.051948,-1.7,0.0,0,0.0,0,0.0
origin_airline_route,IAD,JFK,9E,,JFK→IAD 9E,,,2024-01-01,2024-12-31,175,174,1,0,0.005714,8,0.045977,1,0.005747,-8.5,-16.0,6.4,5.03,0.0,6.7,14,0.08046,8,0.045977,5,0.028736,-1.04,0.0,0,0.0,0,0.0
origin_airline_route,IAD,JFK,OO,,JFK→IAD OO,,,2024-01-01,2024-12-31,514,507,7,1,0.013619,62,0.122288,14,0.027613,13.84,-8.0,95.0,22.89,0.0,90.0,116,0.228797,100,0.197239,64,0.126233,-0.51,0.0,6,0.06,0,0.0
origin_airline_route,IAD,JFK,YX,,JFK→IAD YX,,,2024-01-01,2024-12-31,26,26,0,0,0.0,2,0.076923,0,0.0,7.58,-5.0,37.0,10.23,0.0,28.0,4,0.153846,3,0.115385,1,0.038462,-3.19,0.0,0,0.0,0,0.0
origin_airline_route,IAD,JST,OO,,JST→IAD OO,,,2024-01-01,2024-12-31,366,358,8,0,0.021858,39,0.108939,12,0.03352,7.83,-13.0,65.3,21.26,0.0,62.6,70,0.195531,53,0.148045,38,0.106145,0.14,0.0,3,0.054545,0,0.0
origin_airline_route,IAD,LAS,UA,,LAS→IAD UA,,,2024-01-01,2024-12-31,944,927,17,4,0.018008,46,0.049622,12,0.012945,-1.51,-12.0,28.0,11.72,0.0,25.0,117,0.126214,83,0.089536,53,0.057174,0.05,0.0,1,0.011765,1,0.018519
origin_airline_route,IAD,LAX,AS,,LAX→IAD AS,,,2024-01-01,2024-12-31,467,466,1,2,0.002141,23,0.049356,1,0.002146,4.67,-3.0,32.4,10.53,0.0,36.7,80,0.171674,53,0.113734,21,0.045064,-0.46,0.0,2,0.037736,0,0.0
origin_airline_route,IAD,LAX,UA,,LAX→IAD UA,,,2024-01-01,2024-12-31,2149,2123,26,6,0.012099,74,0.034856,9,0.004239,-2.8,-9.0,22.0,9.53,0.0,27.0,325,0.153085,190,0.089496,91,0.042864,1.2,0.0,20,0.102564,0,0.0
origin_airline_route,IAD,LGA,UA,,LGA→IAD UA,,,2024-01-01,2024-12-31,2,2,0,0,0.0,0,0.0,0,0.0,-3.5,-3.5,7.3,7.5,7.5,13.5,0,0.0,0,0.0,0,0.0,2.5,2.5,0,,0,
origin_airline_route,IAD,LGA,YX,,LGA→IAD YX,,,2024-01-01,2024-12-31,1477,1438,39,1,0.026405,87,0.060501,18,0.012517,0.53,-11.0,32.4,11.02,0.0,29.0,222,0.154381,138,0.095967,72,0.05007,-1.03,0.0,3,0.021277,0,0.0
origin_airline_route,IAD,MCI,UA,,MCI→IAD UA,,,2024-01-01,2024-12-31,4,4,0,0,0.0,1,0.25,0,0.0,18.0,-6.5,64.6,27.25,0.5,75.9,1,0.25,1,0.25,1,0.25,3.75,0.5,0,0.0,0,0.0
origin_airline_route,IAD,MCO,F9,,MCO→IAD F9,,,2024-01-01,2024-12-31,39,39,0,0,0.0,2,0.051282,1,0.025641,0.72,-12.0,8.2,10.74,0.0,5.4,3,0.076923,3,0.076923,2,0.051282,-1.64,0.0,0,0.0,0,0.0
origin_airline_route,IAD,MCO,UA,,MCO→IAD UA,,,2024-01-01,2024-12-31,1632,1594,38,1,0.023284,140,0.087829,29,0.018193,8.13,-7.0,49.8,16.4,0.0,50.0,299,0.187578,219,0.13739,126,0.079046,-0.42,0.0,6,0.026786,0,0.0
origin_airline_route,IAD,MDW,WN,,MDW→IAD WN,,,2024-01-01,2024-12-31,12,12,0,0,0.0,0,0.0,0,0.0,10.17,14.5,23.7,12.25,7.5,29.9,4,0.333333,1,0.083333,0,0.0,0.08,0.5,0,0.0,0,
origin_airline_route,IAD,MGW,OO,,MGW→IAD OO,,,2024-01-01,2024-12-31,18,18,0,0,0.0,4,0.222222,3,0.166667,66.39,9.0,328.1,65.28,0.0,340.7,5,0.277778,4,0.222222,3,0.166667,-4.33,0.0,0,0.0,0,0.0
origin_airline_route,IAD,MIA,UA,,MIA→IAD UA,,,2024-01-01,2024-12-31,576,568,8,3,0.013889,34,0.059859,8,0.014085,5.66,-8.0,31.6,13.42,0.0,31.6,78,0.137324,59,0.103873,30,0.052817,-1.38,0.0,1,0.016949,0,0.0
origin_airline_route,IAD,MKE,UA,,MKE→IAD UA,,,2024-01-01,2024-12-31,1,1,0,0,0.0,0,0.0,0,0.0,-29.0,-29.0,-29.0,0.0,0.0,0.0,0,0.0,0,0.0,0,0.0,0.0,0.0,0,,0,
origin_airline_route,IAD,MSP,9E,,MSP→IAD 9E,,,2024-01-01,2024-12-31,56,56,0,0,0.0,2,0.035714,0,0.0,-5.86,-9.5,9.5,2.79,0.0,0.0,3,0.053571,2,0.035714,2,0.035714,-1.43,0.0,0,0.0,0,0.0
origin_airline_route,IAD,MSP,OO,,MSP→IAD OO,,,2024-01-01,2024-12-31,871,865,6,1,0.006889,52,0.060116,11,0.012717,7.05,-3.0,37.0,12.25,0.0,35.0,138,0.159538,96,0.110983,50,0.057803,-1.35,0.0,4,0.039604,0,0.0
origin_airline_route,IAD,MSP,UA,,MSP→IAD UA,,,2024-01-01,2024-12-31,5,5,0,0,0.0,0,0.0,0,0.0,-5.6,-14.0,20.6,4.0,0.0,12.0,1,0.2,0,0.0,0,0.0,-3.8,0.0,0,,0,
origin_airline_route,IAD,MSY,UA,,MSY→IAD UA,,,2024-01-01,2024-12-31,669,653,16,2,0.023916,32,0.049005,3,0.004594,-3.1,-11.0,17.0,8.01,0.0,13.0,62,0.094946,49,0.075038,34,0.052067,0.09,0.0,0,0.0,0,0.0
origin_airline_route,IAD,MYR,YX,,MYR→IAD YX,,,2024-01-01,2024-12-31,5,5,0,0,0.0,0,0.0,0,0.0,-9.8,-9.0,0.4,0.0,0.0,0.0,0,0.0,0,0.0,0,0.0,-1.2,0.0,0,,0,
origin_airline_route,IAD,ORD,UA,,ORD→IAD UA,,,2024-01-01,2024-12-31,1685,1671,14,2,0.008309,127,0.076002,41,0.024536,11.45,-4.0,48.0,18.11,0.0,45.2,342,0.204668,219,0.131059,137,0.081987,0.15,0.0,4,0.0181,0,0.0
origin_airline_route,IAD,ORF,UA,,ORF→IAD UA,,,2024-01-01,2024-12-31,455,446,9,0,0.01978,18,0.040359,4,0.008969,-1.67,-12.0,18.5,8.93,0.0,16.0,46,0.103139,27,0.060538,20,0.044843,-0.07,0.0,1,0.037037,0,0.0
origin_airline_route,IAD,ORF,YX,,ORF→IAD YX,,,2024-01-01,2024-12-31,177,177,0,0,0.0,2,0.011299,1,0.00565,-11.98,-17.0,-0.2,3.47,0.0,2.0,7,0.039548,3,0.016949,2,0.011299,-0.82,0.0,0,0.0,0,0.0
origin_airline_route,IAD,PBI,UA,,PBI→IAD UA,,,2024-01-01,2024-12-31,43,41,2,0,0.046512,1,0.02439,0,0.0,0.12,-5.0,26.0,3.27,0.0,0.0,2,0.04878,1,0.02439,1,0.02439,-4.29,0.0,0,0.0,0,0.0
origin_airline_route,IAD,PDX,UA,,PDX→IAD UA,,,2024-01-01,2024-12-31,288,287,1,0,0.003472,5,0.017422,2,0.006969,-5.87,-12.0,8.0,8.03,0.0,10.0,22,0.076655,15,0.052265,7,0.02439,0.65,0.0,2,0.125,0,0.0
origin_airline_route,IAD,PGD,G4,,PGD→IAD G4,,,2024-01-01,2024-12-31,66,66,0,0,0.0,4,0.060606,2,0.030303,13.14,-1.5,48.0,24.24,0.0,52.5,21,0.318182,13,0.19697,5,0.075758,0.47,0.0,0,0.0,0,0.0
origin_airline_route,IAD,PHL,UA,,PHL→IAD UA,,,2024-01-01,2024-12-31,1,1,0,0,0.0,0,0.0,0,0.0,-24.0,-24.0,-24.0,0.0,0.0,0.0,0,0.0,0,0.0,0,0.0,0.0,0.0,0,,0,
origin_airline_route,IAD,PHX,UA,,PHX→IAD UA,,,2024-01-01,2024-12-31,835,819,16,3,0.019162,30,0.03663,5,0.006105,-2.07,-9.0,19.0,9.67,0.0,19.5,95,0.115995,61,0.074481,31,0.037851,0.59,0.0,4,0.061538,0,0.0
origin_airline_route,IAD,PHX,WN,,PHX→IAD WN,,,2024-01-01,2024-12-31,250,250,0,3,0.0,8,0.032,0,0.0,0.84,-3.0,21.4,9.13,2.0,23.4,37,0.148,18,0.072,8,0.032,1.6,0.0,0,0.0,0,0.0
origin_airline_route,IAD,PIT,UA,,PIT→IAD UA,,,2024-01-01,2024-12-31,50,50,0,0,0.0,3,0.06,1,0.02,18.8,-7.0,9.1,27.66,0.0,1.4,3,0.06,3,0.06,2,0.04,-0.74,0.0,0,0.0,0,0.0
origin_airline_route,IAD,PIT,YX,,PIT→IAD YX,,,2024-01-01,2024-12-31,605,604,1,0,0.001653,7,0.011589,3,0.004967,-4.47,-10.0,13.0,4.31,0.0,3.0,39,0.06457,22,0.036424,8,0.013245,-1.25,0.0,0,0.0,0,0.0
origin_airline_route,IAD,PSP,UA,,PSP→IAD UA,,,2024-01-01,2024-12-31,13,13,0,0,0.0,0,0.0,0,0.0,-9.15,-6.0,12.0,7.54,0.0,30.2,2,0.153846,2,0.153846,0,0.0,2.85,0.0,1,0.5,0,
origin_airline_route,IAD,PVD,YX,,PVD→IAD YX,,,2024-01-01,2024-12-31,77,75,2,0,0.025974,6,0.08,0,0.0,-11.97,-23.0,27.4,10.32,0.0,40.0,9,0.12,9,0.12,6,0.08,1.13,0.0,1,0.111111,0,0.0
origin_airline_route,IAD,PWM,UA,,PWM→IAD UA,,,2024-01-01,2024-12-31,65,65,0,0,0.0,1,0.015385,0,0.0,-7.02,-11.0,7.2,3.68,0.0,7.8,6,0.092308,2,0.030769,1,0.015385,0.58,0.0,1,0.333333,0,0.0
origin_airline_route,IAD,PWM,YX,,PWM→IAD YX,,,2024-01-01,2024-12-31,560,545,15,2,0.026786,21,0.038532,4,0.007339,-6.07,-16.0,17.0,9.15,0.0,18.8,59,0.108257,43,0.078899,21,0.038532,0.03,0.0,2,0.046512,0,0.0
origin_airline_route,IAD,RDU,UA,,RDU→IAD UA,,,2024-01-01,2024-12-31,755,748,7,0,0.009272,24,0.032086,7,0.009358,-4.76,-13.0,14.0,7.18,0.0,9.0,59,0.078877,39,0.052139,24,0.032086,-0.19,0.0,1,0.025,0,0.0
origin_airline_route,IAD,RDU,YX,,RDU→IAD YX,,,2024-01-01,2024-12-31,99,99,0,0,0.0,4,0.040404,3,0.030303,-0.45,-17.0,14.2,13.98,0.0,10.0,8,0.080808,8,0.080808,4,0.040404,-0.55,0.0,0,0.0,0,0.0
origin_airline_route,IAD,ROC,UA,,ROC→IAD UA,,,2024-01-01,2024-12-31,13,13,0,0,0.0,1,0.076923,0,0.0,22.69,12.0,52.2,28.92,21.0,34.6,8,0.615385,3,0.230769,1,0.076923,4.62,3.0,2,0.666667,0,0.0
origin_airline_route,IAD,ROC,YX,,ROC→IAD YX,,,2024-01-01,2024-12-31,143,143,0,0,0.0,5,0.034965,1,0.006993,-1.5,-10.0,22.8,7.71,0.0,14.2,14,0.097902,9,0.062937,5,0.034965,-1.07,0.0,0,0.0,0,0.0
origin_airline_route,IAD,RSW,UA,,RSW→IAD UA,,,2024-01-01,2024-12-31,550,539,11,2,0.02,24,0.044527,7,0.012987,-4.11,-14.0,16.0,8.02,0.0,6.4,36,0.06679,30,0.055659,24,0.044527,-1.08,0.0,0,0.0,0,0.0
origin_airline_route,IAD,SAN,AS,,SAN→IAD AS,,,2024-01-01,2024-12-31,364,350,14,2,0.038462,18,0.051429,1,0.002857,6.85,-2.0,43.0,10.04,0.0,27.3,52,0.148571,31,0.088571,15,0.042857,-4.78,0.0,3,0.09375,0,0.0
origin_airline_route,IAD,SAN,UA,,SAN→IAD UA,,,2024-01-01,2024-12-31,1226,1202,24,6,0.019576,49,0.040765,16,0.013311,0.75,-8.5,23.0,10.72,0.0,15.0,118,0.09817,79,0.065724,44,0.036606,-1.13,0.0,5,0.059524,0,0.0
origin_airline_route,IAD,SAT,UA,,SAT→IAD UA,,,2024-01-01,2024-12-31,660,646,14,1,0.021212,18,0.027864,4,0.006192,-4.09,-10.0,11.6,7.72,0.0,14.2,61,0.094427,36,0.055728,23,0.035604,0.59,0.0,1,0.027027,0,0.0
origin_airline_route,IAD,SAV,UA,,SAV→IAD UA,,,2024-01-01,2024-12-31,6,6,0,0,0.0,0,0.0,0,0.0,-12.67,-13.0,-9.0,0.0,0.0,0.0,0,0.0,0,0.0,0,0.0,0.0,0.0,0,,0,
origin_airline_route,IAD,SAV,YX,,SAV→IAD YX,,,2024-01-01,2024-12-31,79,79,0,0,0.0,2,0.025316,0,0.0,-8.08,-13.0,5.6,4.2,0.0,0.0,4,0.050633,4,0.050633,2,0.025316,-0.76,0.0,0,0.0,0,0.0
origin_airline_route,IAD,SBN,YX,,SBN→IAD YX,,,2024-01-01,2024-12-31,28,28,0,0,0.0,4,0.142857,3,0.107143,29.57,-5.0,132.8,37.39,0.0,117.3,8,0.285714,7,0.25,4,0.142857,-0.14,0.0,1,0.142857,0,0.0
origin_airline_route,IAD,SDF,UA,,SDF→IAD UA,,,2024-01-01,2024-12-31,4,4,0,0,0.0,0,0.0,0,0.0,6.5,2.5,23.6,14.25,7.0,34.3,1,0.25,1,0.25,0,0.0,4.25,1.5,0,0.0,0,
origin_airline_route,IAD,SDF,YX,,SDF→IAD YX,,,2024-01-01,2024-12-31,560,559,1,0,0.001786,11,0.019678,1,0.001789,-6.64,-11.0,7.0,4.01,0.0,0.0,30,0.053667,22,0.039356,12,0.021467,-0.38,0.0,0,0.0,0,0.0
origin_airline_route,IAD,SEA,AS,,SEA→IAD AS,,,2024-01-01,2024-12-31,849,841,8,2,0.009423,31,0.036861,1,0.001189,2.64,-2.0,28.2,10.3,0.0,30.2,172,0.204518,84,0.099881,31,0.036861,0.45,0.0,7,0.08046,1,0.03125
origin_airline_route,IAD,SEA,DL,,SEA→IAD DL,,,2024-01-01,2024-12-31,584,583,1,2,0.001712,38,0.06518,8,0.013722,3.77,-7.0,41.0,14.74,0.0,46.0,102,0.174957,78,0.133791,42,0.072041,0.64,0.0,3,0.038462,1,0.023256
origin_airline_route,IAD,SEA,UA,,SEA→IAD UA,,,2024-01-01,2024-12-31,813,782,31,4,0.03813,36,0.046036,5,0.006394,0.87,-7.0,23.0,11.76,0.0,27.0,108,0.138107,69,0.088235,39,0.049872,0.98,0.0,8,0.112676,1,0.025641
origin_airline_route,IAD,SFO,AS,,SFO→IAD AS,,,2024-01-01,2024-12-31,421,418,3,0,0.007126,22,0.052632,0,0.0,-3.28,-11.0,30.6,9.21,0.0,33.0,67,0.160287,46,0.110048,20,0.047847,0.29,0.0,0,0.0,0,0.0
origin_airline_route,IAD,SFO,UA,,SFO→IAD UA,,,2024-01-01,2024-12-31,2336,2301,35,6,0.014983,139,0.060409,30,0.013038,2.51,-7.0,32.0,15.83,0.0,43.0,476,0.206867,309,0.134289,164,0.071273,2.84,0.0,36,0.11465,2,0.011905
origin_airline_route,IAD,SJU,UA,,SJU→IAD UA,,,2024-01-01,2024-12-31,420,415,5,2,0.011905,22,0.053012,5,0.012048,6.38,-6.0,32.4,14.63,0.0,33.8,63,0.151807,46,0.110843,23,0.055422,-0.57,0.0,1,0.021739,0,0.0
origin_airline_route,IAD,SLC,DL,,SLC→IAD DL,,,2024-01-01,2024-12-31,366,364,2,1,0.005464,26,0.071429,1,0.002747,3.1,-8.0,31.6,13.1,0.0,33.0,68,0.186813,42,0.115385,26,0.071429,0.47,0.0,5,0.113636,0,0.0
origin_airline_route,IAD,SLC,UA,,SLC→IAD UA,,,2024-01-01,2024-12-31,13,13,0,0,0.0,2,0.153846,0,0.0,7.77,-13.0,88.4,22.54,0.0,102.4,3,0.230769,3,0.230769,2,0.153846,1.92,0.0,0,0.0,0,0.0
origin_airline_route,IAD,SMF,UA,,SMF→IAD UA,,,2024-01-01,2024-12-31,306,301,5,2,0.01634,8,0.026578,3,0.009967,-1.59,-10.0,12.2,11.46,0.0,11.6,26,0.086379,19,0.063123,10,0.033223,1.1,0.0,1,0.05,0,0.0
origin_airline_route,IAD,SRQ,G4,,SRQ→IAD G4,,,2024-01-01,2024-12-31,94,91,3,0,0.031915,5,0.054945,2,0.021978,-1.4,-13.0,14.0,9.98,0.0,5.0,8,0.087912,6,0.065934,5,0.054945,-1.44,0.0,0,0.0,0,0.0
origin_airline_route,IAD,SRQ,UA,,SRQ→IAD UA,,,2024-01-01,2024-12-31,143,139,4,1,0.027972,8,0.057554,1,0.007194,10.11,-5.0,33.0,16.96,0.0,31.9,19,0.136691,15,0.107914,9,0.064748,-0.46,0.0,1,0.0625,0,0.0
origin_airline_route,IAD,STT,UA,,STT→IAD UA,,,2024-01-01,2024-12-31,320,317,3,3,0.009375,16,0.050473,3,0.009464,3.76,-4.0,43.7,11.83,0.0,39.4,60,0.189274,40,0.126183,17,0.053628,-0.69,0.0,2,0.04878,0,0.0
origin_airline_route,IAD,SYR,UA,,SYR→IAD UA,,,2024-01-01,2024-12-31,24,24,0,0,0.0,2,0.083333,1,0.041667,3.75,-12.0,32.1,12.75,0.0,15.4,3,0.125,2,0.083333,2,0.083333,-2.42,0.0,0,0.0,0,0.0
origin_airline_route,IAD,SYR,YX,,SYR→IAD YX,,,2024-01-01,2024-12-31,38,38,0,0,0.0,1,0.026316,0,0.0,-18.37,-22.0,4.3,0.82,0.0,0.0,1,0.026316,0,0.0,0,0.0,-1.66,0.0,0,,0,
origin_airline_route,IAD,TPA,F9,,TPA→IAD F9,,,2024-01-01,2024-12-31,15,15,0,0,0.0,2,0.133333,0,0.0,10.2,-9.0,72.8,12.0,0.0,26.0,3,0.2,2,0.133333,1,0.066667,-5.87,0.0,0,0.0,0,0.0
origin_airline_route,IAD,TPA,UA,,TPA→IAD UA,,,2024-01-01,2024-12-31,1096,1069,27,3,0.024635,76,0.071094,20,0.018709,4.03,-10.0,40.0,14.66,0.0,38.0,164,0.153414,119,0.111319,67,0.062675,-0.22,0.0,1,0.008197,0,0.0
origin_airline_route,IAD,TYS,UA,,TYS→IAD UA,,,2024-01-01,2024-12-31,1,1,0,0,0.0,0,0.0,0,0.0,-19.0,-19.0,-19.0,0.0,0.0,0.0,0,0.0,0,0.0,0,0.0,0.0,0.0,0,,0,
flight_number,IAD,ANC,UA,UA1698.0,ANC→IAD,,,2024-01-01,2024-12-31,103,101,2,2,0.019417,4,0.039604,2,0.019802,-1.87,-12.0,29.2,15.82,0.0,45.0,21,0.207921,16,0.158416,6,0.059406,3.97,0.0,3,0.1875,1,0.125
flight_number,IAD,ATL,DL,DL1309.0,ATL→IAD,,,2024-01-01,2024-12-31,170,168,2,0,0.011765,23,0.136905,4,0.02381,16.53,-2.0,77.3,21.4,0.0,74.8,42,0.25,31,0.184524,20,0.119048,-0.05,0.0,1,0.029412,0,0.0
flight_number,IAD,ATL,DL,DL1400.0,ATL→IAD,,,2024-01-01,2024-12-31,196,193,3,0,0.015306,6,0.031088,1,0.005181,4.68,-4.0,23.6,10.11,0.0,25.0,30,0.15544,15,0.07772,5,0.025907,-0.58,0.0,0,0.0,0,0.0
flight_number,IAD,ATL,DL,DL1444.0,ATL→IAD,,,2024-01-01,2024-12-31,147,145,2,0,0.013605,5,0.034483,1,0.006897,1.41,-6.0,18.8,6.79,0.0,13.6,13,0.089655,7,0.048276,6,0.041379,-1.62,0.0,0,0.0,0,0.0
flight_number,IAD,ATL,DL,DL1680.0,ATL→IAD,,,2024-01-01,2024-12-31,5,5,0,0,0.0,0,0.0,0,0.0,-9.0,-9.0,-5.0,0.0,0.0,0.0,0,0.0,0,0.0,0,0.0,0.0,0.0,0,,0,
flight_number,IAD,ATL,DL,DL1695.0,ATL→IAD,,,2024-01-01,2024-12-31,343,341,2,1,0.005831,26,0.076246,4,0.01173,9.21,-4.0,45.0,14.29,0.0,46.2,69,0.202346,43,0.1261,27,0.079179,-0.77,0.0,0,0.0,0,0.0
flight_number,IAD,ATL,DL,DL2146.0,ATL→IAD,,,2024-01-01,2024-12-31,57,57,0,0,0.0,2,0.035088,0,0.0,7.33,2.0,19.6,8.86,0.0,18.4,7,0.122807,3,0.052632,3,0.052632,-1.58,0.0,0,0.0,0,0.0
flight_number,IAD,ATL,DL,DL2178.0,ATL→IAD,,,2024-01-01,2024-12-31,58,58,0,0,0.0,4,0.068966,1,0.017241,17.45,-0.5,48.6,22.55,0.0,49.2,10,0.172414,8,0.137931,4,0.068966,1.14,0.0,0,0.0,0,0.0
flight_number,IAD,ATL,DL,DL2332.0,ATL→IAD,,,2024-01-01,2024-12-31,146,146,0,0,0.0,5,0.034247,1,0.006849,0.42,-7.0,10.5,7.05,0.0,13.5,13,0.089041,9,0.061644,5,0.034247,-0.52,0.0,0,0.0,0,0.0
flight_number,IAD,ATL,DL,DL2385.0,ATL→IAD,,,2024-01-01,2024-12-31,16,15,1,0,0.0625,0,0.0,0,0.0,8.87,6.0,35.0,12.07,0.0,39.0,4,0.266667,2,0.133333,0,0.0,-0.27,0.0,0,0.0,0,
flight_number,IAD,ATL,DL,DL2443.0,ATL→IAD,,,2024-01-01,2024-12-31,28,28,0,0,0.0,0,0.0,0,0.0,-4.82,-8.0,6.1,3.57,0.0,11.0,3,0.107143,1,0.035714,0,0.0,0.64,0.0,0,0.0,0,
flight_number,IAD,ATL,DL,DL2549.0,ATL→IAD,,,2024-01-01,2024-12-31,306,301,5,1,0.01634,25,0.083056,5,0.016611,16.37,-3.0,52.1,21.41,0.0,46.6,68,0.225914,53,0.17608,23,0.076412,0.03,0.0,0,0.0,0,0.0
flight_number,IAD,ATL,DL,DL2820.0,ATL→IAD,,,2024-01-01,2024-12-31,95,95,0,0,0.0,4,0.042105,0,0.0,0.75,-4.0,17.6,7.44,0.0,22.0,13,0.136842,5,0.052632,4,0.042105,0.09,0.0,0,0.0,0,0.0
flight_number,IAD,ATL,DL,DL2902.0,ATL→IAD,,,2024-01-01,2024-12-31,288,285,3,2,0.010417,16,0.05614,2,0.007018,6.16,-4.0,33.8,11.19,0.0,29.0,46,0.161404,27,0.094737,14,0.049123,-0.7,0.0,0,0.0,0,0.0
flight_number,IAD,ATL,DL,DL644.0,ATL→IAD,,,2024-01-01,2024-12-31,28,28,0,0,0.0,2,0.071429,0,0.0,9.79,-1.0,30.7,13.25,0.0,38.3,6,0.214286,5,0.178571,2,0.071429,-0.14,0.0,0,0.0,0,0.0
flight_number,IAD,ATL,DL,DL719.0,ATL→IAD,,,2024-01-01,2024-12-31,195,194,1,1,0.005128,12,0.061856,2,0.010309,3.44,-8.0,19.8,11.78,0.0,25.4,27,0.139175,18,0.092784,12,0.061856,0.54,0.0,0,0.0,0,0.0
flight_number,IAD,ATL,DL,DL784.0,ATL→IAD,,,2024-01-01,2024-12-31,31,30,1,0,0.032258,2,0.066667,0,0.0,6.33,-2.5,23.2,10.27,0.0,27.6,6,0.2,3,0.1,2,0.066667,-0.17,0.0,0,0.0,0,0.0
flight_number,IAD,ATL,F9,F91082.0,ATL→IAD,,,2024-01-01,2024-12-31,3,3,0,0,0.0,2,0.666667,0,0.0,82.33,73.0,146.6,77.0,67.0,144.6,2,0.666667,2,0.666667,2,0.666667,-5.33,-6.0,0,0.0,0,0.0
flight_number,IAD,ATL,F9,F94708.0,ATL→IAD,,,2024-01-01,2024-12-31,42,42,0,0,0.0,5,0.119048,1,0.02381,17.52,1.0,64.1,19.9,0.0,60.2,13,0.309524,7,0.166667,5,0.119048,-2.86,0.0,0,0.0,0,0.0
flight_number,IAD,ATL,UA,UA1780.0,ATL→IAD,,,2024-01-01,2024-12-31,15,14,1,0,0.066667,2,0.142857,0,0.0,12.79,-5.5,77.1,19.07,0.0,83.1,2,0.142857,2,0.142857,2,0.142857,0.86,0.0,0,0.0,0,0.0
flight_number,IAD,ATL,UA,UA2424.0,ATL→IAD,,,2024-01-01,2024-12-31,34,33,1,0,0.029412,1,0.030303,0,0.0,-1.88,-6.0,10.8,4.55,0.0,5.0,3,0.090909,2,0.060606,1,0.030303,-0.45,0.0,0,0.0,0,0.0
flight_number,IAD,ATL,UA,UA2634.0,ATL→IAD,,,2024-01-01,2024-12-31,340,338,2,0,0.005882,24,0.071006,7,0.02071,9.88,-4.0,44.6,16.51,0.0,45.3,68,0.201183,49,0.14497,29,0.085799,0.33,0.0,1,0.019608,0,0.0
flight_number,IAD,ATL,UA,UA267.0,ATL→IAD,,,2024-01-01,2024-12-31,108,105,3,0,0.027778,1,0.009524,1,0.009524,-10.6,-14.0,0.6,3.3,0.0,5.6,3,0.028571,2,0.019048,1,0.009524,0.71,0.0,0,0.0,0,0.0
flight_number,IAD,ATL,UA,UA334.0,ATL→IAD,,,2024-01-01,2024-12-31,35,34,1,0,0.028571,0,0.0,0,0.0,-11.71,-12.0,-0.6,4.97,0.0,14.1,3,0.088235,1,0.029412,0,0.0,3.65,0.0,0,0.0,0,
flight_number,IAD,ATL,UA,UA562.0,ATL→IAD,,,2024-01-01,2024-12-31,223,222,1,1,0.004484,16,0.072072,7,0.031532,12.29,-4.0,48.0,17.31,0.0,41.0,41,0.184685,27,0.121622,12,0.054054,-1.9,0.0,0,0.0,0,0.0
flight_number,IAD,ATL,UA,UA632.0,ATL→IAD,,,2024-01-01,2024-12-31,309,309,0,0,0.0,9,0.029126,1,0.003236,-1.85,-8.0,15.0,5.86,0.0,8.2,24,0.07767,16,0.05178,12,0.038835,-0.97,0.0,0,0.0,0,0.0
flight_number,IAD,ATL,WN,WN176.0,ATL→IAD,,,2024-01-01,2024-12-31,1,1,0,0,0.0,0,0.0,0,0.0,-6.0,-6.0,-6.0,0.0,0.0,0.0,0,0.0,0,0.0,0,0.0,0.0,0.0,0,,0,
flight_number,IAD,ATL,WN,WN2123.0,ATL→IAD,,,2024-01-01,2024-12-31,1,1,0,0,0.0,0,0.0,0,0.0,6.0,6.0,6.0,7.0,7.0,7.0,0,0.0,0,0.0,0,0.0,1.0,1.0,0,,0,
flight_number,IAD,ATL,WN,WN3597.0,ATL→IAD,,,2024-01-01,2024-12-31,1,1,0,0,0.0,0,0.0,0,0.0,-11.0,-11.0,-11.0,0.0,0.0,0.0,0,0.0,0,0.0,0,0.0,0.0,0.0,0,,0,
flight_number,IAD,ATL,WN,WN623.0,ATL→IAD,,,2024-01-01,2024-12-31,5,5,0,0,0.0,0,0.0,0,0.0,-4.4,-6.0,0.4,4.8,0.0,12.6,0,0.0,0,0.0,0,0.0,4.0,0.0,0,,0,
flight_number,IAD,ATL,YX,YX3429.0,ATL→IAD,,,2024-01-01,2024-12-31,3,3,0,0,0.0,0,0.0,0,0.0,-5.33,-4.0,4.8,0.0,0.0,0.0,0,0.0,0,0.0,0,0.0,-2.33,0.0,0,,0,
flight_number,IAD,ATL,YX,YX3514.0,ATL→IAD,,,2024-01-01,2024-12-31,8,8,0,0,0.0,0,0.0,0,0.0,-0.62,-1.0,13.3,5.5,0.0,20.4,2,0.25,0,0.0,0,0.0,1.38,0.0,0,,0,
flight_number,IAD,ATL,YX,YX3597.0,ATL→IAD,,,2024-01-01,2024-12-31,29,29,0,0,0.0,1,0.034483,0,0.0,2.93,-1.0,12.6,7.83,0.0,7.8,3,0.103448,3,0.103448,1,0.034483,-1.24,0.0,0,0.0,0,0.0
flight_number,IAD,AUS,G4,G41497.0,AUS→IAD,,,2024-01-01,2024-12-31,4,4,0,0,0.0,1,0.25,1,0.25,323.0,10.5,901.2,324.75,14.0,898.1,2,0.5,1,0.25,1,0.25,-0.75,-5.0,0,0.0,0,0.0
flight_number,IAD,AUS,G4,G41505.0,AUS→IAD,,,2024-01-01,2024-12-31,14,14,0,0,0.0,1,0.071429,0,0.0,-13.21,-20.5,0.4,7.14,0.0,2.1,1,0.071429,1,0.071429,1,0.071429,0.79,0.0,0,0.0,0,0.0
flight_number,IAD,AUS,G4,G41508.0,AUS→IAD,,,2024-01-01,2024-12-31,12,12,0,0,0.0,0,0.0,0,0.0,-17.58,-23.5,6.8,2.92,0.0,9.9,1,0.083333,0,0.0,0,0.0,-0.83,0.0,0,,0,
flight_number,IAD,AUS,G4,G41509.0,AUS→IAD,,,2024-01-01,2024-12-31,2,2,0,0,0.0,0,0.0,0,0.0,-29.5,-29.5,-26.7,0.0,0.0,0.0,0,0.0,0,0.0,0,0.0,0.0,0.0,0,,0,
flight_number,IAD,AUS,G4,G41512.0,AUS→IAD,,,2024-01-01,2024-12-31,6,6,0,0,0.0,1,0.166667,0,0.0,5.0,-3.5,32.5,11.67,4.0,31.0,1,0.166667,1,0.166667,0,0.0,0.83,0.0,0,0.0,0,
flight_number,IAD,AUS,G4,G41516.0,AUS→IAD,,,2024-01-01,2024-12-31,6,5,1,0,0.166667,0,0.0,0,0.0,33.6,37.0,48.2,25.8,22.0,52.4,3,0.6,2,0.4,1,0.2,-7.8,2.0,0,0.0,0,0.0
flight_number,IAD,AUS,G4,G43129.0,AUS→IAD,,,2024-01-01,2024-12-31,10,9,1,0,0.1,1,0.111111,0,0.0,14.22,11.0,48.2,19.11,7.0,50.2,3,0.333333,3,0.333333,1,0.111111,-1.22,0.0,0,0.0,0,0.0
flight_number,IAD,AUS,MQ,MQ3685.0,AUS→IAD,,,2024-01-01,2024-12-31,26,25,1,0,0.038462,1,0.04,0,0.0,-2.48,-11.0,13.8,8.96,0.0,21.2,3,0.12,2,0.08,1,0.04,0.48,0.0,0,0.0,0,0.0
flight_number,IAD,AUS,UA,UA1026.0,AUS→IAD,,,2024-01-01,2024-12-31,29,29,0,0,0.0,6,0.206897,4,0.137931,43.28,1.0,214.6,56.83,7.0,237.4,12,0.413793,10,0.344828,7,0.241379,6.79,2.0,0,0.0,0,0.0
flight_number,IAD,AUS,UA,UA1388.0,AUS→IAD,,,2024-01-01,2024-12-31,37,37,0,0,0.0,1,0.027027,1,0.027027,-0.38,-10.0,11.0,9.19,0.0,7.6,3,0.081081,2,0.054054,1,0.027027,0.08,0.0,0,0.0,0,0.0
flight_number,IAD,AUS,UA,UA1727.0,AUS→IAD,,,2024-01-01,2024-12-31,195,193,2,0,0.010256,7,0.036269,1,0.005181,-8.63,-17.0,9.0,8.44,0.0,17.0,21,0.108808,14,0.072539,7,0.036269,1.66,0.0,0,0.0,0,0.0
flight_number,IAD,AUS,UA,UA2344.0,AUS→IAD,,,2024-01-01,2024-12-31,152,150,2,0,0.013158,3,0.02,0,0.0,-5.39,-7.5,11.1,4.25,0.0,11.1,12,0.08,6,0.04,3,0.02,-0.06,0.0,0,0.0,0,0.0
flight_number,IAD,AUS,UA,UA238.0,AUS→IAD,,,2024-01-01,2024-12-31,31,28,3,0,0.096774,1,0.035714,0,0.0,5.86,2.0,18.3,6.14,0.0,10.6,3,0.107143,2,0.071429,1,0.035714,-2.79,0.0,1,0.5,0,0.0
flight_number,IAD,AUS,UA,UA2467.0,AUS→IAD,,,2024-01-01,2024-12-31,2,2,0,0,0.0,0,0.0,0,0.0,-3.5,-3.5,12.9,15.0,15.0,27.0,1,0.5,0,0.0,0,0.0,6.5,6.5,0,0.0,0,
flight_number,IAD,AUS,UA,UA376.0,AUS→IAD,,,2024-01-01,2024-12-31,202,201,1,0,0.00495,16,0.079602,3,0.014925,3.7,-8.0,33.0,16.28,0.0,38.0,35,0.174129,23,0.114428,18,0.089552,2.55,0.0,0,0.0,0,0.0
flight_number,IAD,AUS,UA,UA400.0,AUS→IAD,,,2024-01-01,2024-12-31,78,77,1,0,0.012821,0,0.0,0,0.0,-2.14,-5.0,13.4,3.25,0.0,12.4,7,0.090909,2,0.025974,0,0.0,-1.22,0.0,0,0.0,0,
flight_number,IAD,AUS,UA,UA654.0,AUS→IAD,,,2024-01-01,2024-12-31,137,137,0,1,0.0,3,0.021898,2,0.014599,-0.26,-7.5,9.0,8.63,0.0,7.5,8,0.058394,4,0.029197,3,0.021898,-0.25,0.0,0,0.0,0,0.0
flight_number,IAD,AUS,UA,UA688.0,AUS→IAD,,,2024-01-01,2024-12-31,21,20,1,0,0.047619,0,0.0,0,0.0,4.6,0.0,24.9,7.35,0.0,34.2,4,0.2,3,0.15,0,0.0,-0.75,0.0,0,0.0,0,
flight_number,IAD,AUS,YX,YX3597.0,AUS→IAD,,,2024-01-01,2024-12-31,6,6,0,0,0.0,0,0.0,0,0.0,4.83,4.5,23.0,8.83,0.0,26.5,2,0.333333,0,0.0,0,0.0,-0.33,0.0,0,0.0,0,
flight_number,IAD,AUS,YX,YX3626.0,AUS→IAD,,,2024-01-01,2024-12-31,4,4,0,0,0.0,0,0.0,0,0.0,4.5,14.0,17.7,5.0,0.0,14.0,1,0.25,0,0.0,0,0.0,-6.5,-5.5,0,,0,
flight_number,IAD,BDL,UA,UA1071.0,BDL→IAD,,,2024-01-01,2024-12-31,20,20,0,0,0.0,0,0.0,0,0.0,4.6,5.0,24.1,5.45,0.0,14.5,2,0.1,1,0.05,0,0.0,-3.55,0.0,0,0.0,0,
flight_number,IAD,BDL,UA,UA1104.0,BDL→IAD,,,2024-01-01,2024-12-31,108,107,1,0,0.009259,4,0.037383,2,0.018692,-1.64,-10.0,12.4,10.13,0.0,14.6,11,0.102804,8,0.074766,4,0.037383,1.79,0.0,0,0.0,0,0.0
flight_number,IAD,BDL,UA,UA1274.0,BDL→IAD,,,2024-01-01,2024-12-31,222,218,4,0,0.018018,6,0.027523,3,0.013761,-1.39,-10.0,8.0,8.16,0.0,8.0,16,0.073394,9,0.041284,7,0.03211,0.11,0.0,0,0.0,0,0.0
flight_number,IAD,BDL,UA,UA1499.0,BDL→IAD,,,2024-01-01,2024-12-31,25,25,0,1,0.0,3,0.12,1,0.04,16.29,-10.0,64.6,28.42,0.0,71.6,6,0.24,5,0.2,3,0.12,2.29,0.0,0,0.0,0,0.0
flight_number,IAD,BDL,UA,UA1893.0,BDL→IAD,,,2024-01-01,2024-12-31,49,49,0,0,0.0,1,0.020408,0,0.0,-2.51,-11.0,20.8,7.73,0.0,15.0,5,0.102041,4,0.081633,2,0.040816,0.12,0.0,0,0.0,0,0.0
flight_number,IAD,BDL,UA,UA2172.0,BDL→IAD,,,2024-01-01,2024-12-31,44,44,0,0,0.0,5,0.113636,4,0.090909,31.73,-5.5,108.0,38.95,0.0,112.3,8,0.181818,6,0.136364,5,0.113636,-0.11,0.0,0,0.0,0,0.0
flight_number,IAD,BDL,UA,UA2440.0,BDL→IAD,,,2024-01-01,2024-12-31,135,134,1,0,0.007407,3,0.022388,1,0.007463,-2.23,-9.0,6.7,6.95,0.0,7.0,9,0.067164,5,0.037313,2,0.014925,-0.37,0.0,0,0.0,0,0.0
flight_number,IAD,BDL,UA,UA466.0,BDL→IAD,,,2024-01-01,2024-12-31,18,18,0,0,0.0,0,0.0,0,0.0,-16.06,-18.0,-0.9,3.94,0.0,10.6,1,0.055556,1,0.055556,0,0.0,2.44,0.0,0,0.0,0,
flight_number,IAD,BDL,YX,YX3511.0,BDL→IAD,,,2024-01-01,2024-12-31,1,1,0,0,0.0,0,0.0,0,0.0,-14.0,-14.0,-14.0,0.0,0.0,0.0,0,0.0,0,0.0,0,0.0,0.0,0.0,0,,0,
flight_number,IAD,BDL,YX,YX3541.0,BDL→IAD,,,2024-01-01,2024-12-31,15,15,0,0,0.0,0,0.0,0,0.0,-1.53,-10.0,20.4,1.27,0.0,0.0,1,0.066667,0,0.0,0,0.0,-7.33,0.0,0,,0,
flight_number,IAD,BNA,G4,G41960.0,BNA→IAD,,,2024-01-01,2024-12-31,2,2,0,0,0.0,0,0.0,0,0.0,0.0,0.0,2.4,10.0,10.0,11.6,0,0.0,0,0.0,0,0.0,8.5,8.5,0,,0,
flight_number,IAD,BNA,G4,G41981.0,BNA→IAD,,,2024-01-01,2024-12-31,2,2,0,0,0.0,0,0.0,0,0.0,-13.5,-13.5,-9.9,0.0,0.0,0.0,0,0.0,0,0.0,0,0.0,0.0,0.0,0,,0,
flight_number,IAD,BNA,G4,G41982.0,BNA→IAD,,,2024-01-01,2024-12-31,6,6,0,0,0.0,1,0.166667,1,0.166667,40.5,-8.0,139.5,47.17,0.0,141.5,1,0.166667,1,0.166667,1,0.166667,0.67,0.0,0,0.0,0,0.0
flight_number,IAD,BNA,G4,G4319.0,BNA→IAD,,,2024-01-01,2024-12-31,10,10,0,0,0.0,1,0.1,1,0.1,17.7,-10.5,51.3,26.2,0.0,31.8,1,0.1,1,0.1,1,0.1,-2.7,0.0,0,0.0,0,0.0
flight_number,IAD,BNA,G4,G4323.0,BNA→IAD,,,2024-01-01,2024-12-31,8,8,0,0,0.0,0,0.0,0,0.0,-2.0,-8.0,21.5,7.88,0.0,26.9,2,0.25,1,0.125,0,0.0,0.75,0.0,0,0.0,0,
flight_number,IAD,BNA,G4,G4327.0,BNA→IAD,,,2024-01-01,2024-12-31,1,1,0,0,0.0,0,0.0,0,0.0,-18.0,-18.0,-18.0,0.0,0.0,0.0,0,0.0,0,0.0,0,0.0,0.0,0.0,0,,0,
flight_number,IAD,BNA,G4,G4337.0,BNA→IAD,,,2024-01-01,2024-12-31,10,10,0,0,0.0,2,0.2,1,0.1,44.9,30.0,131.5,51.9,27.0,137.7,5,0.5,5,0.5,4,0.4,3.5,2.5,0,0.0,0,0.0
flight_number,IAD,BNA,G4,G4343.0,BNA→IAD,,,2024-01-01,2024-12-31,1,1,0,0,0.0,0,0.0,0,0.0,-13.0,-13.0,-13.0,0.0,0.0,0.0,0,0.0,0,0.0,0,0.0,0.0,0.0,0,,0,
flight_number,IAD,BNA,G4,G4344.0,BNA→IAD,,,2024-01-01,2024-12-31,2,2,0,0,0.0,0,0.0,0,0.0,-16.5,-16.5,-15.3,0.0,0.0,0.0,0,0.0,0,0.0,0,0.0,0.0,0.0,0,,0,
flight_number,IAD,BNA,G4,G4348.0,BNA→IAD,,,2024-01-01,2024-12-31,8,8,0,0,0.0,1,0.125,1,0.125,26.25,-6.0,93.1,33.12,0.0,102.3,2,0.25,2,0.25,1,0.125,2.25,0.0,0,0.0,0,0.0
flight_number,IAD,BNA,G4,G4353.0,BNA→IAD,,,2024-01-01,2024-12-31,12,12,0,0,0.0,1,0.083333,1,0.083333,15.75,-2.5,34.1,17.83,0.0,15.3,2,0.166667,1,0.083333,1,0.083333,-2.0,0.0,0,0.0,0,0.0
flight_number,IAD,BNA,G4,G4357.0,BNA→IAD,,,2024-01-01,2024-12-31,2,2,0,0,0.0,0,0.0,0,0.0,-6.0,-6.0,-3.6,5.5,5.5,9.9,0,0.0,0,0.0,0,0.0,5.5,5.5,0,,0,
flight_number,IAD,BNA,UA,UA1709.0,BNA→IAD,,,2024-01-01,2024-12-31,203,200,3,0,0.014778,1,0.005,0,0.0,-8.5,-12.0,8.0,2.6,0.0,5.0,10,0.05,7,0.035,1,0.005,-0.02,0.0,0,0.0,0,0.0
flight_number,IAD,BNA,UA,UA204.0,BNA→IAD,,,2024-01-01,2024-12-31,13,13,0,0,0.0,0,0.0,0,0.0,1.54,-2.0,11.2,5.62,0.0,7.0,1,0.076923,1,0.076923,0,0.0,-0.15,0.0,0,0.0,0,
flight_number,IAD,BNA,UA,UA2060.0,BNA→IAD,,,2024-01-01,2024-12-31,31,30,1,0,0.032258,1,0.033333,0,0.0,-10.5,-14.5,-4.3,2.7,0.0,0.3,1,0.033333,1,0.033333,1,0.033333,-0.7,0.0,0,0.0,0,0.0
flight_number,IAD,BNA,UA,UA2125.0,BNA→IAD,,,2024-01-01,2024-12-31,351,349,2,1,0.005698,27,0.077364,9,0.025788,11.55,-3.0,36.0,15.38,0.0,29.6,46,0.131805,35,0.100287,25,0.071633,-1.89,0.0,0,0.0,0,0.0
flight_number,IAD,BNA,UA,UA495.0,BNA→IAD,,,2024-01-01,2024-12-31,352,349,3,0,0.008523,28,0.080229,3,0.008596,6.28,-6.0,35.2,13.92,0.0,34.2,60,0.17192,39,0.111748,28,0.080229,0.3,0.0,1,0.025,0,0.0
flight_number,IAD,BOS,UA,UA1157.0,BOS→IAD,,,2024-01-01,2024-12-31,29,29,0,0,0.0,0,0.0,0,0.0,-10.76,-13.0,0.6,1.69,0.0,4.6,1,0.034483,0,0.0,0,0.0,-0.55,0.0,0,,0,
flight_number,IAD,BOS,UA,UA1470.0,BOS→IAD,,,2024-01-01,2024-12-31,143,141,2,0,0.013986,10,0.070922,2,0.014184,6.34,-5.0,43.0,11.23,0.0,43.0,18,0.12766,15,0.106383,9,0.06383,-3.56,0.0,0,0.0,0,0.0
flight_number,IAD,BOS,UA,UA1734.0,BOS→IAD,,,2024-01-01,2024-12-31,66,66,0,0,0.0,0,0.0,0,0.0,-12.06,-13.0,-1.0,1.26,0.0,2.5,3,0.045455,0,0.0,0,0.0,-0.08,0.0,0,,0,
flight_number,IAD,BOS,UA,UA1785.0,BOS→IAD,,,2024-01-01,2024-12-31,247,247,0,0,0.0,3,0.012146,1,0.004049,-12.0,-15.0,-1.0,3.02,0.0,3.0,7,0.02834,3,0.012146,3,0.012146,0.49,0.0,0,0.0,0,0.0
flight_number,IAD,BOS,UA,UA2098.0,BOS→IAD,,,2024-01-01,2024-12-31,262,262,0,0,0.0,6,0.022901,1,0.003817,-4.86,-9.0,14.0,6.13,0.0,17.9,30,0.114504,11,0.041985,4,0.015267,1.06,0.0,0,0.0,0,0.0
flight_number,IAD,BOS,UA,UA2136.0,BOS→IAD,,,2024-01-01,2024-12-31,361,358,3,0,0.00831,41,0.114525,11,0.030726,12.4,-7.0,64.2,21.42,0.0,76.8,83,0.231844,59,0.164804,44,0.122905,0.73,0.0,0,0.0,0,0.0
flight_number,IAD,BOS,UA,UA216.0,BOS→IAD,,,2024-01-01,2024-12-31,74,71,3,0,0.040541,3,0.042254,1,0.014085,-2.46,-10.0,19.0,8.83,0.0,15.0,7,0.098592,5,0.070423,3,0.042254,0.07,0.0,0,0.0,0,0.0
flight_number,IAD,BOS,UA,UA248.0,BOS→IAD,,,2024-01-01,2024-12-31,32,32,0,0,0.0,0,0.0,0,0.0,-13.62,-15.0,-3.1,0.69,0.0,0.0,0,0.0,0,0.0,0,0.0,-0.03,0.0,0,,0,
flight_number,IAD,BOS,UA,UA288.0,BOS→IAD,,,2024-01-01,2024-12-31,21,21,0,0,0.0,0,0.0,0,0.0,-14.38,-17.0,-4.0,0.1,0.0,0.0,0,0.0,0,0.0,0,0.0,-0.52,0.0,0,,0,
flight_number,IAD,BOS,UA,UA304.0,BOS→IAD,,,2024-01-01,2024-12-31,38,38,0,0,0.0,1,0.026316,1,0.026316,-6.05,-12.5,0.9,6.53,0.0,1.0,1,0.026316,1,0.026316,1,0.026316,-0.42,0.0,0,0.0,0,0.0
flight_number,IAD,BOS,UA,UA721.0,BOS→IAD,,,2024-01-01,2024-12-31,186,182,4,1,0.021505,13,0.071429,2,0.010989,6.78,-3.0,37.0,10.51,0.0,23.0,26,0.142857,15,0.082418,11,0.06044,-2.62,0.0,0,0.0,0,0.0
flight_number,IAD,BOS,YX,YX3547.0,BOS→IAD,,,2024-01-01,2024-12-31,4,4,0,0,0.0,0,0.0,0,0.0,-1.5,-2.5,6.2,2.75,0.0,7.7,0,0.0,0,0.0,0,0.0,0.25,0.0,0,,0,
flight_number,IAD,BTV,UA,UA205.0,BTV→IAD,,,2024-01-01,2024-12-31,12,12,0,0,0.0,0,0.0,0,0.0,-8.08,-4.5,-1.2,1.58,0.0,7.2,0,0.0,0,0.0,0,0.0,0.08,0.0,0,,0,
flight_number,IAD,BTV,UA,UA2116.0,BTV→IAD,,,2024-01-01,2024-12-31,9,9,0,0,0.0,0,0.0,0,0.0,-12.44,-3.0,6.4,5.78,0.0,25.4,2,0.222222,0,0.0,0,0.0,3.44,0.0,0,,0,
flight_number,IAD,BTV,UA,UA255.0,BTV→IAD,,,2024-01-01,2024-12-31,7,6,1,0,0.142857,0,0.0,0,0.0,-7.67,-5.0,5.0,0.0,0.0,0.0,0,0.0,0,0.0,0,0.0,-1.67,0.0,0,,0,
flight_number,IAD,BTV,UA,UA625.0,BTV→IAD,,,2024-01-01,2024-12-31,1,1,0,0,0.0,0,0.0,0,0.0,-12.0,-12.0,-12.0,0.0,0.0,0.0,0,0.0,0,0.0,0,0.0,0.0,0.0,0,,0,
flight_number,IAD,BTV,UA,UA636.0,BTV→IAD,,,2024-01-01,2024-12-31,7,7,0,0,0.0,1,0.142857,0,0.0,4.29,-2.0,32.0,10.43,0.0,32.0,1,0.142857,1,0.142857,0,0.0,-0.71,0.0,0,0.0,0,
flight_number,IAD,BTV,YX,YX3414.0,BTV→IAD,,,2024-01-01,2024-12-31,21,21,0,0,0.0,0,0.0,0,0.0,-14.95,-18.0,7.0,0.0,0.0,0.0,0,0.0,0,0.0,0,0.0,-1.67,0.0,0,,0,
flight_number,IAD,BTV,YX,YX3416.0,BTV→IAD,,,2024-01-01,2024-12-31,1,1,0,0,0.0,0,0.0,0,0.0,-32.0,-32.0,-32.0,0.0,0.0,0.0,0,0.0,0,0.0,0,0.0,0.0,0.0,0,,0,
flight_number,IAD,BTV,YX,YX3424.0,BTV→IAD,,,2024-01-01,2024-12-31,172,170,2,0,0.011628,3,0.017647,1,0.005882,-10.46,-14.0,0.3,3.65,0.0,0.0,10,0.058824,7,0.041176,2,0.011765,0.19,0.0,0,0.0,0,0.0
flight_number,IAD,BTV,YX,YX3440.0,BTV→IAD,,,2024-01-01,2024-12-31,77,76,1,0,0.012987,7,0.092105,1,0.013158,-3.64,-16.5,42.5,11.07,0.0,50.5,11,0.144737,11,0.144737,6,0.078947,-1.53,0.0,1,0.090909,0,0.0
flight_number,IAD,BTV,YX,YX3451.0,BTV→IAD,,,2024-01-01,2024-12-31,4,4,0,0,0.0,0,0.0,0,0.0,-24.5,-25.0,-11.8,3.0,0.0,8.4,0,0.0,0,0.0,0,0.0,3.0,0.0,0,,0,
flight_number,IAD,BTV,YX,YX3460.0,BTV→IAD,,,2024-01-01,2024-12-31,13,13,0,0,0.0,0,0.0,0,0.0,-20.92,-30.0,-6.4,3.0,0.0,0.0,1,0.076923,1,0.076923,0,0.0,0.85,0.0,0,0.0,0,
flight_number,IAD,BTV,YX,YX3461.0,BTV→IAD,,,2024-01-01,2024-12-31,1,1,0,0,0.0,0,0.0,0,0.0,-9.0,-9.0,-9.0,0.0,0.0,0.0,0,0.0,0,0.0,0,0.0,0.0,0.0,0,,0,
flight_number,IAD,BTV,YX,YX3466.0,BTV→IAD,,,2024-01-01,2024-12-31,14,14,0,0,0.0,0,0.0,0,0.0,-25.29,-24.0,-13.2,0.07,0.0,0.0,0,0.0,0,0.0,0,0.0,0.07,0.0,0,,0,
flight_number,IAD,BTV,YX,YX3481.0,BTV→IAD,,,2024-01-01,2024-12-31,1,1,0,0,0.0,0,0.0,0,0.0,-23.0,-23.0,-23.0,0.0,0.0,0.0,0,0.0,0,0.0,0,0.0,0.0,0.0,0,,0,
flight_number,IAD,BTV,YX,YX3487.0,BTV→IAD,,,2024-01-01,2024-12-31,1,1,0,0,0.0,0,0.0,0,0.0,-34.0,-34.0,-34.0,0.0,0.0,0.0,0,0.0,0,0.0,0,0.0,0.0,0.0,0,,0,
flight_number,IAD,BTV,YX,YX3515.0,BTV→IAD,,,2024-01-01,2024-12-31,1,1,0,0,0.0,1,1.0,0,0.0,73.0,73.0,73.0,41.0,41.0,41.0,1,1.0,1,1.0,0,0.0,-32.0,-32.0,0,0.0,0,
flight_number,IAD,BTV,YX,YX3532.0,BTV→IAD,,,2024-01-01,2024-12-31,32,32,0,0,0.0,1,0.03125,0,0.0,-18.5,-25.5,8.5,6.78,0.0,22.5,4,0.125,3,0.09375,1,0.03125,2.47,0.0,1,0.333333,0,0.0
flight_number,IAD,BTV,YX,YX3539.0,BTV→IAD,,,2024-01-01,2024-12-31,42,42,0,0,0.0,0,0.0,0,0.0,-12.45,-12.0,-3.0,0.05,0.0,0.0,0,0.0,0,0.0,0,0.0,-0.31,0.0,0,,0,
flight_number,IAD,BTV,YX,YX3566.0,BTV→IAD,,,2024-01-01,2024-12-31,36,36,0,0,0.0,2,0.055556,0,0.0,-3.81,-18.0,50.5,9.06,0.0,20.5,6,0.166667,3,0.083333,2,0.055556,-3.47,0.0,0,0.0,0,0.0
flight_number,IAD,BTV,YX,YX3569.0,BTV→IAD,,,2024-01-01,2024-12-31,87,86,1,0,0.011494,1,0.011628,1,0.011628,-10.56,-16.0,-2.0,4.47,0.0,0.0,3,0.034884,2,0.023256,1,0.011628,0.67,0.0,0,0.0,0,0.0
flight_number,IAD,BTV,YX,YX3582.0,BTV→IAD,,,2024-01-01,2024-12-31,1,1,0,0,0.0,0,0.0,0,0.0,-21.0,-21.0,-21.0,0.0,0.0,0.0,0,0.0,0,0.0,0,0.0,0.0,0.0,0,,0,
flight_number,IAD,BTV,YX,YX3617.0,BTV→IAD,,,2024-01-01,2024-12-31,47,47,0,0,0.0,1,0.021277,1,0.021277,-3.7,-11.0,2.8,8.36,0.0,0.0,1,0.021277,1,0.021277,1,0.021277,-0.6,0.0,0,0.0,0,0.0
flight_number,IAD,BTV,YX,YX3673.0,BTV→IAD,,,2024-01-01,2024-12-31,23,23,0,0,0.0,1,0.043478,0,0.0,-6.74,-11.0,12.6,2.83,0.0,0.0,1,0.043478,1,0.043478,1,0.043478,-2.78,0.0,0,0.0,0,0.0
flight_number,IAD,BTV,YX,YX3687.0,BTV→IAD,,,2024-01-01,2024-12-31,1,1,0,0,0.0,0,0.0,0,0.0,41.0,41.0,41.0,38.0,38.0,38.0,1,1.0,1,1.0,0,0.0,-3.0,-3.0,0,0.0,0,
flight_number,IAD,BTV,YX,YX3696.0,BTV→IAD,,,2024-01-01,2024-12-31,1,1,0,0,0.0,0,0.0,0,0.0,10.0,10.0,10.0,14.0,14.0,14.0,0,0.0,0,0.0,0,0.0,4.0,4.0,0,,0,
flight_number,IAD,BUF,UA,UA433.0,BUF→IAD,,,2024-01-01,2024-12-31,1,1,0,0,0.0,0,0.0,0,0.0,-18.0,-18.0,-18.0,0.0,0.0,0.0,0,0.0,0,0.0,0,0.0,0.0,0.0,0,,0,
flight_number,IAD,BUF,UA,UA514.0,BUF→IAD,,,2024-01-01,2024-12-31,31,31,0,0,0.0,1,0.032258,0,0.0,-3.03,-11.0,23.0,7.84,0.0,31.0,5,0.16129,4,0.129032,1,0.032258,0.29,0.0,0,0.0,0,0.0
flight_number,IAD,BUF,YX,YX3418.0,BUF→IAD,,,2024-01-01,2024-12-31,52,52,0,0,0.0,1,0.019231,0,0.0,-7.38,-9.5,2.9,3.23,0.0,3.7,2,0.038462,1,0.019231,1,0.019231,0.65,0.0,0,0.0,0,0.0
flight_number,IAD,BUF,YX,YX3423.0,BUF→IAD,,,2024-01-01,2024-12-31,1,1,0,0,0.0,0,0.0,0,0.0,0.0,0.0,0.0,0.0,0.0,0.0,0,0.0,0,0.0,0,0.0,0.0,0.0,0,,0,
flight_number,IAD,BUF,YX,YX3428.0,BUF→IAD,,,2024-01-01,2024-12-31,21,21,0,0,0.0,0,0.0,0,0.0,-5.1,-7.0,10.0,2.67,0.0,0.0,1,0.047619,1,0.047619,0,0.0,-1.48,0.0,0,0.0,0,
flight_number,IAD,BUF,YX,YX3512.0,BUF→IAD,,,2024-01-01,2024-12-31,21,21,0,0,0.0,2,0.095238,1,0.047619,15.19,-11.0,13.0,20.86,0.0,15.0,2,0.095238,1,0.047619,1,0.047619,-3.33,0.0,0,0.0,0,0.0
flight_number,IAD,BUF,YX,YX3516.0,BUF→IAD,,,2024-01-01,2024-12-31,25,25,0,0,0.0,0,0.0,0,0.0,-12.64,-14.0,0.2,1.28,0.0,1.2,1,0.04,0,0.0,0,0.0,-0.24,0.0,0,,0,
flight_number,IAD,BUF,YX,YX3632.0,BUF→IAD,,,2024-01-01,2024-12-31,1,1,0,0,0.0,0,0.0,0,0.0,-20.0,-20.0,-20.0,0.0,0.0,0.0,0,0.0,0,0.0,0,0.0,0.0,0.0,0,,0,
flight_number,IAD,BUF,YX,YX3678.0,BUF→IAD,,,2024-01-01,2024-12-31,22,18,4,0,0.181818,3,0.166667,0,0.0,9.39,-7.5,79.9,12.89,0.0,29.4,2,0.111111,2,0.111111,2,0.111111,-7.22,0.0,0,0.0,0,0.0
flight_number,IAD,BZN,UA,UA381.0,BZN→IAD,,,2024-01-01,2024-12-31,4,4,0,0,0.0,0,0.0,0,0.0,-16.0,-17.0,-11.8,0.0,0.0,0.0,0,0.0,0,0.0,0,0.0,0.0,0.0,0,,0,
flight_number,IAD,BZN,UA,UA716.0,BZN→IAD,,,2024-01-01,2024-12-31,2,2,0,0,0.0,0,0.0,0,0.0,-9.5,-9.5,-9.1,0.0,0.0,0.0,0,0.0,0,0.0,0,0.0,0.0,0.0,0,,0,
flight_number,IAD,CHS,UA,UA2338.0,CHS→IAD,,,2024-01-01,2024-12-31,8,8,0,0,0.0,0,0.0,0,0.0,-12.88,-13.5,-7.4,0.0,0.0,0.0,0,0.0,0,0.0,0,0.0,0.0,0.0,0,,0,
flight_number,IAD,CHS,UA,UA242.0,CHS→IAD,,,2024-01-01,2024-12-31,178,177,1,0,0.005618,6,0.033898,1,0.00565,-4.84,-11.0,13.4,7.23,0.0,12.0,15,0.084746,12,0.067797,8,0.045198,0.38,0.0,1,0.083333,0,0.0
flight_number,IAD,CHS,UA,UA276.0,CHS→IAD,,,2024-01-01,2024-12-31,84,84,0,0,0.0,1,0.011905,0,0.0,-8.96,-11.0,2.7,1.89,0.0,1.4,2,0.02381,1,0.011905,1,0.011905,-0.15,0.0,0,0.0,0,0.0
flight_number,IAD,CHS,YX,YX3401.0,CHS→IAD,,,2024-01-01,2024-12-31,361,360,1,1,0.00277,18,0.05,1,0.002778,0.75,-10.0,19.6,9.79,0.0,15.0,35,0.097222,28,0.077778,17,0.047222,-1.08,0.0,1,0.034483,0,0.0
flight_number,IAD,CHS,YX,YX3420.0,CHS→IAD,,,2024-01-01,2024-12-31,1,1,0,0,0.0,0,0.0,0,0.0,-19.0,-19.0,-19.0,0.0,0.0,0.0,0,0.0,0,0.0,0,0.0,0.0,0.0,0,,0,
flight_number,IAD,CHS,YX,YX3447.0,CHS→IAD,,,2024-01-01,2024-12-31,3,3,0,0,0.0,0,0.0,0,0.0,-12.67,-14.0,-8.4,0.0,0.0,0.0,0,0.0,0,0.0,0,0.0,0.0,0.0,0,,0,
flight_number,IAD,CHS,YX,YX3452.0,CHS→IAD,,,2024-01-01,2024-12-31,30,29,1,0,0.033333,0,0.0,0,0.0,-4.38,-6.0,5.2,2.66,0.0,12.8,3,0.103448,0,0.0,0,0.0,-0.93,0.0,0,,0,
flight_number,IAD,CHS,YX,YX3517.0,CHS→IAD,,,2024-01-01,2024-12-31,37,37,0,0,0.0,0,0.0,0,0.0,-14.62,-15.0,-1.6,0.0,0.0,0.0,0,0.0,0,0.0,0,0.0,-0.54,0.0,0,,0,
flight_number,IAD,CHS,YX,YX3539.0,CHS→IAD,,,2024-01-01,2024-12-31,1,1,0,0,0.0,0,0.0,0,0.0,-27.0,-27.0,-27.0,0.0,0.0,0.0,0,0.0,0,0.0,0,0.0,0.0,0.0,0,,0,
flight_number,IAD,CHS,YX,YX3559.0,CHS→IAD,,,2024-01-01,2024-12-31,21,21,0,0,0.0,0,0.0,0,0.0,-12.71,-16.0,3.0,0.24,0.0,0.0,0,0.0,0,0.0,0,0.0,-0.71,0.0,0,,0,
flight_number,IAD,CLE,UA,UA1348.0,CLE→IAD,,,2024-01-01,2024-12-31,8,8,0,0,0.0,0,0.0,0,0.0,0.62,-0.5,12.8,2.88,0.0,6.9,1,0.125,0,0.0,0,0.0,-1.38,0.0,0,,0,
flight_number,IAD,CLE,UA,UA1479.0,CLE→IAD,,,2024-01-01,2024-12-31,1,1,0,0,0.0,0,0.0,0,0.0,-15.0,-15.0,-15.0,0.0,0.0,0.0,0,0.0,0,0.0,0,0.0,0.0,0.0,0,,0,
flight_number,IAD,CLE,UA,UA1706.0,CLE→IAD,,,2024-01-01,2024-12-31,260,260,0,0,0.0,2,0.007692,2,0.007692,-8.87,-13.0,2.0,2.85,0.0,0.0,7,0.026923,4,0.015385,2,0.007692,0.0,0.0,1,0.25,0,0.0
flight_number,IAD,CLE,UA,UA1766.0,CLE→IAD,,,2024-01-01,2024-12-31,1,1,0,0,0.0,0,0.0,0,0.0,7.0,7.0,7.0,0.0,0.0,0.0,0,0.0,0,0.0,0,0.0,-7.0,-7.0,0,,0,
flight_number,IAD,CLE,UA,UA2226.0,CLE→IAD,,,2024-01-01,2024-12-31,26,26,0,0,0.0,0,0.0,0,0.0,-1.12,-2.5,7.5,3.96,0.0,5.0,2,0.076923,2,0.076923,0,0.0,0.42,0.0,0,0.0,0,
flight_number,IAD,CLE,UA,UA236.0,CLE→IAD,,,2024-01-01,2024-12-31,6,6,0,0,0.0,0,0.0,0,0.0,-12.5,-13.5,-6.0,0.0,0.0,0.0,0,0.0,0,0.0,0,0.0,0.0,0.0,0,,0,
flight_number,IAD,CLE,UA,UA243.0,CLE→IAD,,,2024-01-01,2024-12-31,44,44,0,0,0.0,1,0.022727,0,0.0,-2.07,-5.5,3.4,4.52,0.0,4.7,3,0.068182,1,0.022727,1,0.022727,0.75,0.0,0,0.0,0,0.0
flight_number,IAD,CLE,UA,UA2700.0,CLE→IAD,,,2024-01-01,2024-12-31,28,28,0,0,0.0,0,0.0,0,0.0,-10.71,-12.5,1.3,0.11,0.0,0.0,0,0.0,0,0.0,0,0.0,-0.21,0.0,0,,0,
flight_number,IAD,CLE,UA,UA320.0,CLE→IAD,,,2024-01-01,2024-12-31,5,5,0,0,0.0,0,0.0,0,0.0,-4.6,-4.0,1.2,1.4,0.0,3.8,0,0.0,0,0.0,0,0.0,0.6,0.0,0,,0,
flight_number,IAD,CLE,UA,UA379.0,CLE→IAD,,,2024-01-01,2024-12-31,1,1,0,0,0.0,0,0.0,0,0.0,-2.0,-2.0,-2.0,11.0,11.0,11.0,0,0.0,0,0.0,0,0.0,11.0,11.0,0,,0,
flight_number,IAD,CLE,UA,UA423.0,CLE→IAD,,,2024-01-01,2024-12-31,1,1,0,0,0.0,0,0.0,0,0.0,-15.0,-15.0,-15.0,0.0,0.0,0.0,0,0.0,0,0.0,0,0.0,0.0,0.0,0,,0,
flight_number,IAD,CLE,UA,UA762.0,CLE→IAD,,,2024-01-01,2024-12-31,24,24,0,0,0.0,0,0.0,0,0.0,-9.79,-11.5,-2.2,0.21,0.0,0.0,0,0.0,0,0.0,0,0.0,-0.67,0.0,0,,0,
flight_number,IAD,CLE,YX,YX3412.0,CLE→IAD,,,2024-01-01,2024-12-31,53,49,4,0,0.075472,5,0.102041,2,0.040816,10.04,-5.0,61.4,16.96,0.0,56.4,11,0.22449,7,0.142857,5,0.102041,-0.37,0.0,0,0.0,0,0.0
flight_number,IAD,CLE,YX,YX3433.0,CLE→IAD,,,2024-01-01,2024-12-31,53,52,1,0,0.018868,1,0.019231,0,0.0,-3.77,-12.0,21.5,4.13,0.0,7.7,5,0.096154,2,0.038462,1,0.019231,-2.21,0.0,0,0.0,0,0.0
flight_number,IAD,CLE,YX,YX3449.0,CLE→IAD,,,2024-01-01,2024-12-31,1,1,0,0,0.0,0,0.0,0,0.0,-14.0,-14.0,-14.0,0.0,0.0,0.0,0,0.0,0,0.0,0,0.0,0.0,0.0,0,,0,
flight_number,IAD,CLE,YX,YX3450.0,CLE→IAD,,,2024-01-01,2024-12-31,13,13,0,0,0.0,1,0.076923,0,0.0,-2.54,-13.0,27.4,9.62,0.0,38.4,2,0.153846,2,0.153846,1,0.076923,0.92,0.0,0,0.0,0,0.0
flight_number,IAD,CLE,YX,YX3468.0,CLE→IAD,,,2024-01-01,2024-12-31,27,27,0,0,0.0,0,0.0,0,0.0,-8.44,-10.0,6.0,2.56,0.0,6.8,2,0.074074,1,0.037037,0,0.0,0.93,0.0,0,0.0,0,
flight_number,IAD,CLE,YX,YX3520.0,CLE→IAD,,,2024-01-01,2024-12-31,15,15,0,0,0.0,1,0.066667,0,0.0,-5.13,-11.0,3.0,5.4,0.0,0.0,1,0.066667,1,0.066667,1,0.066667,-0.2,0.0,0,0.0,0,0.0
flight_number,IAD,CLE,YX,YX3579.0,CLE→IAD,,,2024-01-01,2024-12-31,4,4,0,0,0.0,1,0.25,1,0.25,75.0,0.5,213.3,78.25,0.0,219.1,1,0.25,1,0.25,1,0.25,1.5,0.0,0,0.0,0,0.0
flight_number,IAD,CLE,YX,YX3650.0,CLE→IAD,,,2024-01-01,2024-12-31,6,6,0,0,0.0,0,0.0,0,0.0,2.17,-1.5,14.0,0.0,0.0,0.0,0,0.0,0,0.0,0,0.0,-4.67,0.0,0,,0,
flight_number,IAD,CLT,AA,AA2074.0,CLT→IAD,,,2024-01-01,2024-12-31,1,1,0,0,0.0,0,0.0,0,0.0,-11.0,-11.0,-11.0,0.0,0.0,0.0,0,0.0,0,0.0,0,0.0,0.0,0.0,0,,0,
flight_number,IAD,CLT,OH,OH5017.0,CLT→IAD,,,2024-01-01,2024-12-31,5,5,0,0,0.0,0,0.0,0,0.0,-12.8,-14.0,-3.4,0.0,0.0,0.0,0,0.0,0,0.0,0,0.0,-0.2,0.0,0,,0,
flight_number,IAD,CLT,OH,OH5044.0,CLT→IAD,,,2024-01-01,2024-12-31,85,81,4,0,0.047059,18,0.222222,1,0.012346,23.48,-1.0,101.0,35.99,8.0,124.0,36,0.444444,26,0.320988,19,0.234568,5.83,1.0,1,0.035714,0,0.0
flight_number,IAD,CLT,OH,OH5132.0,CLT→IAD,,,2024-01-01,2024-12-31,183,182,1,0,0.005464,4,0.021978,0,0.0,-3.72,-9.0,14.9,5.49,0.0,14.8,18,0.098901,10,0.054945,5,0.027473,0.1,0.0,0,0.0,0,0.0
flight_number,IAD,CLT,OH,OH5214.0,CLT→IAD,,,2024-01-01,2024-12-31,28,28,0,0,0.0,0,0.0,0,0.0,-11.25,-13.5,0.5,2.11,0.0,8.4,1,0.035714,0,0.0,0,0.0,0.46,0.0,0,,0,
flight_number,IAD,CLT,OH,OH5256.0,CLT→IAD,,,2024-01-01,2024-12-31,137,137,0,0,0.0,7,0.051095,3,0.021898,1.8,-10.0,26.0,12.39,0.0,28.2,19,0.138686,12,0.087591,7,0.051095,0.5,0.0,1,0.071429,0,0.0
flight_number,IAD,CLT,OH,OH5290.0,CLT→IAD,,,2024-01-01,2024-12-31,48,48,0,0,0.0,2,0.041667,0,0.0,1.38,-5.5,31.7,9.83,0.0,37.0,10,0.208333,6,0.125,2,0.041667,0.98,0.0,0,0.0,0,0.0
flight_number,IAD,CLT,OH,OH5317.0,CLT→IAD,,,2024-01-01,2024-12-31,32,32,0,0,0.0,3,0.09375,0,0.0,5.5,-3.5,49.4,10.69,0.0,32.1,5,0.15625,4,0.125,3,0.09375,-1.69,0.0,0,0.0,0,0.0
flight_number,IAD,CLT,OH,OH5337.0,CLT→IAD,,,2024-01-01,2024-12-31,89,83,6,0,0.067416,16,0.192771,3,0.036145,26.31,3.0,96.0,29.33,7.0,94.2,33,0.39759,24,0.289157,14,0.168675,-2.33,0.0,1,0.041667,0,0.0
flight_number,IAD,CLT,OH,OH5356.0,CLT→IAD,,,2024-01-01,2024-12-31,51,51,0,0,0.0,6,0.117647,0,0.0,9.18,-2.0,61.0,17.55,1.0,70.0,12,0.235294,10,0.196078,7,0.137255,1.39,0.0,0,0.0,0,0.0
flight_number,IAD,CLT,OH,OH5373.0,CLT→IAD,,,2024-01-01,2024-12-31,26,26,0,0,0.0,0,0.0,0,0.0,-0.15,-6.0,25.0,7.23,0.0,27.5,6,0.230769,3,0.115385,0,0.0,0.35,0.0,0,0.0,0,
flight_number,IAD,CLT,OH,OH5428.0,CLT→IAD,,,2024-01-01,2024-12-31,30,30,0,0,0.0,3,0.1,0,0.0,7.9,-3.0,54.5,15.93,0.0,74.6,6,0.2,4,0.133333,4,0.133333,0.63,0.0,0,0.0,0,0.0
flight_number,IAD,CLT,OH,OH5435.0,CLT→IAD,,,2024-01-01,2024-12-31,30,29,1,1,0.033333,4,0.137931,0,0.0,14.14,-3.5,82.6,19.04,0.0,84.0,7,0.241379,5,0.172414,4,0.137931,-1.0,0.0,0,0.0,0,0.0
flight_number,IAD,CLT,OH,OH5447.0,CLT→IAD,,,2024-01-01,2024-12-31,349,347,2,1,0.005731,29,0.083573,4,0.011527,7.55,-6.0,43.5,14.31,0.0,44.5,56,0.161383,45,0.129683,27,0.07781,-0.54,0.0,0,0.0,0,0.0
flight_number,IAD,CLT,OH,OH5459.0,CLT→IAD,,,2024-01-01,2024-12-31,30,28,2,0,0.066667,4,0.142857,0,0.0,21.32,10.5,66.8,28.75,15.0,73.1,13,0.464286,8,0.285714,5,0.178571,3.64,4.5,1,0.125,0,0.0
flight_number,IAD,CLT,OH,OH5543.0,CLT→IAD,,,2024-01-01,2024-12-31,237,237,0,0,0.0,18,0.075949,3,0.012658,-2.42,-14.0,34.8,13.67,0.0,44.4,38,0.160338,28,0.118143,19,0.080169,1.91,0.0,1,0.035714,1,0.047619
flight_number,IAD,CLT,OH,OH5549.0,CLT→IAD,,,2024-01-01,2024-12-31,149,148,1,0,0.006711,9,0.060811,3,0.02027,7.14,-9.0,32.3,18.29,0.0,35.1,29,0.195946,16,0.108108,9,0.060811,1.48,0.0,0,0.0,0,0.0
flight_number,IAD,CLT,OH,OH5582.0,CLT→IAD,,,2024-01-01,2024-12-31,147,146,1,1,0.006803,11,0.075342,0,0.0,7.5,-4.0,50.2,13.02,0.0,44.8,36,0.246575,23,0.157534,9,0.061644,-0.44,0.0,1,0.041667,0,0.0
flight_number,IAD,CLT,UA,UA1314.0,CLT→IAD,,,2024-01-01,2024-12-31,2,2,0,0,0.0,0,0.0,0,0.0,-12.5,-12.5,-8.9,0.0,0.0,0.0,0,0.0,0,0.0,0,0.0,0.0,0.0,0,,0,
flight_number,IAD,CLT,UA,UA1361.0,CLT→IAD,,,2024-01-01,2024-12-31,280,278,2,0,0.007143,10,0.035971,5,0.017986,2.82,-8.0,10.3,11.42,0.0,9.0,24,0.086331,16,0.057554,9,0.032374,0.11,0.0,0,0.0,0,0.0
flight_number,IAD,CLT,UA,UA2336.0,CLT→IAD,,,2024-01-01,2024-12-31,8,8,0,0,0.0,0,0.0,0,0.0,-6.88,-10.5,8.6,5.75,0.0,13.8,1,0.125,1,0.125,0,0.0,1.0,0.0,0,0.0,0,
flight_number,IAD,CLT,UA,UA2424.0,CLT→IAD,,,2024-01-01,2024-12-31,24,24,0,0,0.0,0,0.0,0,0.0,-6.0,-8.5,10.5,0.67,0.0,0.0,0,0.0,0,0.0,0,0.0,-1.67,0.0,0,,0,
flight_number,IAD,CLT,UA,UA2710.0,CLT→IAD,,,2024-01-01,2024-12-31,14,14,0,0,0.0,0,0.0,0,0.0,-16.14,-17.0,-7.1,2.0,0.0,0.0,1,0.071429,0,0.0,0,0.0,1.21,0.0,0,,0,
flight_number,IAD,CLT,UA,UA722.0,CLT→IAD,,,2024-01-01,2024-12-31,2,2,0,0,0.0,1,0.5,0,0.0,36.5,36.5,84.1,43.0,43.0,77.4,1,0.5,1,0.5,1,0.5,-5.0,-5.0,0,0.0,0,0.0
flight_number,IAD,CLT,YX,YX3420.0,CLT→IAD,,,2024-01-01,2024-12-31,53,53,0,0,0.0,1,0.018868,1,0.018868,-0.43,-10.0,0.6,8.96,0.0,0.0,1,0.018868,1,0.018868,1,0.018868,-1.21,0.0,0,0.0,0,0.0
flight_number,IAD,CLT,YX,YX3426.0,CLT→IAD,,,2024-01-01,2024-12-31,36,36,0,0,0.0,2,0.055556,0,0.0,6.17,-1.0,24.5,9.83,0.0,24.0,4,0.111111,4,0.111111,2,0.055556,-1.39,0.0,0,0.0,0,0.0
flight_number,IAD,CLT,YX,YX3449.0,CLT→IAD,,,2024-01-01,2024-12-31,1,1,0,0,0.0,0,0.0,0,0.0,-10.0,-10.0,-10.0,0.0,0.0,0.0,0,0.0,0,0.0,0,0.0,0.0,0.0,0,,0,
flight_number,IAD,CLT,YX,YX3469.0,CLT→IAD,,,2024-01-01,2024-12-31,1,1,0,0,0.0,0,0.0,0,0.0,-14.0,-14.0,-14.0,0.0,0.0,0.0,0,0.0,0,0.0,0,0.0,0.0,0.0,0,,0,
flight_number,IAD,CLT,YX,YX3493.0,CLT→IAD,,,2024-01-01,2024-12-31,8,8,0,0,0.0,0,0.0,0,0.0,-6.62,-12.5,14.2,4.75,0.0,11.4,1,0.125,1,0.125,0,0.0,0.5,0.0,0,0.0,0,
flight_number,IAD,CLT,YX,YX3498.0,CLT→IAD,,,2024-01-01,2024-12-31,3,3,0,0,0.0,1,0.333333,0,0.0,29.33,4.0,88.8,32.33,0.0,77.6,1,0.333333,1,0.333333,1,0.333333,-5.67,-4.0,0,0.0,0,0.0
flight_number,IAD,CLT,YX,YX3516.0,CLT→IAD,,,2024-01-01,2024-12-31,2,2,0,0,0.0,0,0.0,0,0.0,0.5,0.5,6.5,3.0,3.0,3.8,0,0.0,0,0.0,0,0.0,-1.0,-1.0,0,,0,
flight_number,IAD,CLT,YX,YX3549.0,CLT→IAD,,,2024-01-01,2024-12-31,29,29,0,0,0.0,0,0.0,0,0.0,-10.0,-13.0,1.4,2.21,0.0,1.0,1,0.034483,1,0.034483,0,0.0,0.52,0.0,0,0.0,0,
flight_number,IAD,CLT,YX,YX3645.0,CLT→IAD,,,2024-01-01,2024-12-31,3,3,0,0,0.0,0,0.0,0,0.0,-9.33,-6.0,-3.6,0.0,0.0,0.0,0,0.0,0,0.0,0,0.0,0.0,0.0,0,,0,
flight_number,IAD,CLT,YX,YX3711.0,CLT→IAD,,,2024-01-01,2024-12-31,1,1,0,0,0.0,0,0.0,0,0.0,-25.0,-25.0,-25.0,0.0,0.0,0.0,0,0.0,0,0.0,0,0.0,0.0,0.0,0,,0,
flight_number,IAD,CMH,UA,UA702.0,CMH→IAD,,,2024-01-01,2024-12-31,17,16,1,0,0.058824,1,0.0625,0,0.0,-8.12,-11.5,-2.0,4.62,0.0,0.0,1,0.0625,1,0.0625,1,0.0625,0.62,0.0,0,0.0,0,0.0
flight_number,IAD,CMH,YX,YX3428.0,CMH→IAD,,,2024-01-01,2024-12-31,56,56,0,0,0.0,2,0.035714,0,0.0,4.79,0.0,27.5,9.23,0.0,28.0,7,0.125,6,0.107143,3,0.053571,-0.66,0.0,0,0.0,0,0.0
flight_number,IAD,CMH,YX,YX3430.0,CMH→IAD,,,2024-01-01,2024-12-31,365,364,1,0,0.00274,6,0.016484,1,0.002747,-7.76,-12.0,8.7,3.7,0.0,7.0,23,0.063187,11,0.03022,6,0.016484,0.13,0.0,1,0.083333,0,0.0
flight_number,IAD,CMH,YX,YX3544.0,CMH→IAD,,,2024-01-01,2024-12-31,20,20,0,0,0.0,4,0.2,0,0.0,18.65,-3.0,101.5,21.55,0.0,101.3,4,0.2,4,0.2,4,0.2,-2.15,0.0,0,0.0,0,0.0
flight_number,IAD,CMH,YX,YX3546.0,CMH→IAD,,,2024-01-01,2024-12-31,157,152,5,0,0.031847,8,0.052632,0,0.0,-0.88,-9.0,16.9,8.82,0.0,23.9,19,0.125,11,0.072368,8,0.052632,0.08,0.0,1,0.083333,0,0.0
flight_number,IAD,CMH,YX,YX3563.0,CMH→IAD,,,2024-01-01,2024-12-31,23,22,1,0,0.043478,0,0.0,0,0.0,-5.5,-8.5,12.9,4.41,0.0,20.6,3,0.136364,1,0.045455,0,0.0,1.14,0.0,0,0.0,0,
flight_number,IAD,CMH,YX,YX3578.0,CMH→IAD,,,2024-01-01,2024-12-31,21,21,0,0,0.0,0,0.0,0,0.0,-2.05,-7.0,14.0,6.05,0.0,4.0,2,0.095238,2,0.095238,1,0.047619,-0.81,0.0,0,0.0,0,0.0
flight_number,IAD,CMH,YX,YX3587.0,CMH→IAD,,,2024-01-01,2024-12-31,9,9,0,0,0.0,0,0.0,0,0.0,-0.11,-10.0,21.0,2.44,0.0,4.4,1,0.111111,0,0.0,0,0.0,-5.67,0.0,0,,0,
flight_number,IAD,CMH,YX,YX3602.0,CMH→IAD,,,2024-01-01,2024-12-31,8,8,0,0,0.0,0,0.0,0,0.0,-9.88,-12.5,1.1,2.88,0.0,6.9,1,0.125,0,0.0,0,0.0,0.38,0.0,0,,0,
flight_number,IAD,CMH,YX,YX3618.0,CMH→IAD,,,2024-01-01,2024-12-31,9,9,0,0,0.0,1,0.111111,1,0.111111,13.33,-5.0,50.8,24.11,0.0,50.0,1,0.111111,1,0.111111,1,0.111111,1.56,0.0,0,0.0,0,0.0
flight_number,IAD,CMH,YX,YX3662.0,CMH→IAD,,,2024-01-01,2024-12-31,99,99,0,0,0.0,0,0.0,0,0.0,-11.33,-15.0,6.6,0.91,0.0,0.2,2,0.020202,1,0.010101,0,0.0,-1.06,0.0,0,0.0,0,
flight_number,IAD,CVG,UA,UA1598.0,CVG→IAD,,,2024-01-01,2024-12-31,4,4,0,0,0.0,0,0.0,0,0.0,-17.75,-15.5,-10.6,0.0,0.0,0.0,0,0.0,0,0.0,0,0.0,0.0,0.0,0,,0,
flight_number,IAD,CVG,YX,YX3402.0,CVG→IAD,,,2024-01-01,2024-12-31,5,5,0,0,0.0,0,0.0,0,0.0,-20.4,-26.0,-8.2,0.0,0.0,0.0,0,0.0,0,0.0,0,0.0,0.0,0.0,0,,0,
flight_number,IAD,CVG,YX,YX3444.0,CVG→IAD,,,2024-01-01,2024-12-31,21,21,0,0,0.0,0,0.0,0,0.0,-13.62,-14.0,-6.0,1.14,0.0,0.0,1,0.047619,0,0.0,0,0.0,-0.05,0.0,0,,0,
flight_number,IAD,CVG,YX,YX3445.0,CVG→IAD,,,2024-01-01,2024-12-31,8,8,0,0,0.0,0,0.0,0,0.0,-9.38,-16.0,8.0,3.38,0.0,8.1,1,0.125,0,0.0,0,0.0,-0.25,0.0,0,,0,
flight_number,IAD,CVG,YX,YX3452.0,CVG→IAD,,,2024-01-01,2024-12-31,292,291,1,0,0.003425,5,0.017182,1,0.003436,-9.32,-13.0,1.0,3.61,0.0,2.0,15,0.051546,9,0.030928,6,0.020619,0.31,0.0,0,0.0,0,0.0
flight_number,IAD,CVG,YX,YX3495.0,CVG→IAD,,,2024-01-01,2024-12-31,11,9,2,0,0.181818,1,0.111111,0,0.0,10.22,-4.0,39.8,18.56,0.0,54.6,2,0.222222,2,0.222222,1,0.111111,1.44,0.0,0,0.0,0,0.0
flight_number,IAD,CVG,YX,YX3496.0,CVG→IAD,,,2024-01-01,2024-12-31,15,15,0,0,0.0,1,0.066667,1,0.066667,15.13,-2.0,29.4,15.0,0.0,0.0,1,0.066667,1,0.066667,1,0.066667,-5.4,0.0,0,0.0,0,0.0
flight_number,IAD,CVG,YX,YX3517.0,CVG→IAD,,,2024-01-01,2024-12-31,1,1,0,0,0.0,0,0.0,0,0.0,24.0,24.0,24.0,0.0,0.0,0.0,0,0.0,0,0.0,0,0.0,-24.0,-24.0,0,,0,
flight_number,IAD,CVG,YX,YX3576.0,CVG→IAD,,,2024-01-01,2024-12-31,6,6,0,0,0.0,0,0.0,0,0.0,-4.0,-9.5,14.5,3.0,0.0,9.0,0,0.0,0,0.0,0,0.0,-1.83,0.0,0,,0,
flight_number,IAD,CVG,YX,YX3601.0,CVG→IAD,,,2024-01-01,2024-12-31,36,36,0,0,0.0,1,0.027778,1,0.027778,-5.83,-13.0,-0.5,5.72,0.0,3.5,3,0.083333,2,0.055556,1,0.027778,-1.42,0.0,0,0.0,0,0.0
flight_number,IAD,CVG,YX,YX3627.0,CVG→IAD,,,2024-01-01,2024-12-31,1,1,0,0,0.0,0,0.0,0,0.0,-19.0,-19.0,-19.0,0.0,0.0,0.0,0,0.0,0,0.0,0,0.0,0.0,0.0,0,,0,
flight_number,IAD,CVG,YX,YX3654.0,CVG→IAD,,,2024-01-01,2024-12-31,10,9,1,0,0.1,0,0.0,0,0.0,-13.78,-16.0,-2.4,0.0,0.0,0.0,0,0.0,0,0.0,0,0.0,-0.44,0.0,0,,0,
flight_number,IAD,CVG,YX,YX3674.0,CVG→IAD,,,2024-01-01,2024-12-31,2,2,0,0,0.0,1,0.5,0,0.0,38.0,38.0,60.4,38.5,38.5,69.3,1,0.5,1,0.5,1,0.5,0.5,0.5,0,0.0,0,0.0
flight_number,IAD,DEN,UA,UA1101.0,DEN→IAD,,,2024-01-01,2024-12-31,366,353,13,0,0.035519,8,0.022663,1,0.002833,-6.57,-13.0,12.0,4.88,0.0,6.0,19,0.053824,11,0.031161,9,0.025496,-0.78,0.0,0,0.0,0,0.0
flight_number,IAD,DEN,UA,UA1328.0,DEN→IAD,,,2024-01-01,2024-12-31,143,129,14,0,0.097902,21,0.162791,5,0.03876,22.79,-4.0,112.8,31.43,0.0,113.0,38,0.294574,33,0.255814,27,0.209302,2.01,0.0,2,0.058824,0,0.0
flight_number,IAD,DEN,UA,UA1379.0,DEN→IAD,,,2024-01-01,2024-12-31,2,2,0,0,0.0,0,0.0,0,0.0,-11.0,-11.0,-4.6,0.0,0.0,0.0,0,0.0,0,0.0,0,0.0,0.0,0.0,0,,0,
flight_number,IAD,DEN,UA,UA1712.0,DEN→IAD,,,2024-01-01,2024-12-31,66,66,0,0,0.0,1,0.015152,0,0.0,-9.94,-11.5,1.5,3.3,0.0,8.0,2,0.030303,1,0.015152,1,0.015152,-0.27,0.0,0,0.0,0,0.0
flight_number,IAD,DEN,UA,UA1911.0,DEN→IAD,,,2024-01-01,2024-12-31,223,221,2,0,0.008969,3,0.013575,0,0.0,-11.06,-15.0,3.0,2.69,0.0,0.0,8,0.036199,3,0.013575,3,0.013575,-0.17,0.0,0,0.0,0,0.0
flight_number,IAD,DEN,UA,UA2087.0,DEN→IAD,,,2024-01-01,2024-12-31,274,262,12,0,0.043796,17,0.064885,3,0.01145,7.22,-4.0,42.0,13.79,0.0,33.9,47,0.179389,32,0.122137,16,0.061069,-0.98,0.0,4,0.121212,0,0.0
flight_number,IAD,DEN,UA,UA2376.0,DEN→IAD,,,2024-01-01,2024-12-31,1,1,0,0,0.0,0,0.0,0,0.0,-21.0,-21.0,-21.0,0.0,0.0,0.0,0,0.0,0,0.0,0,0.0,0.0,0.0,0,,0,
flight_number,IAD,DEN,UA,UA2408.0,DEN→IAD,,,2024-01-01,2024-12-31,357,353,4,1,0.011204,49,0.13881,13,0.036827,30.53,-1.0,98.5,35.64,0.0,93.7,94,0.266289,66,0.186969,45,0.127479,-1.39,0.0,2,0.030303,0,0.0
flight_number,IAD,DEN,UA,UA267.0,DEN→IAD,,,2024-01-01,2024-12-31,8,7,1,0,0.125,0,0.0,0,0.0,-9.57,-7.0,-2.0,0.0,0.0,0.0,0,0.0,0,0.0,0,0.0,-0.57,0.0,0,,0,
flight_number,IAD,DEN,UA,UA271.0,DEN→IAD,,,2024-01-01,2024-12-31,8,7,1,0,0.125,1,0.142857,1,0.142857,32.71,-1.0,100.2,39.14,0.0,109.4,3,0.428571,2,0.285714,1,0.142857,2.29,0.0,0,0.0,0,0.0
flight_number,IAD,DEN,UA,UA286.0,DEN→IAD,,,2024-01-01,2024-12-31,32,32,0,0,0.0,3,0.09375,0,0.0,14.66,3.0,58.5,15.56,1.0,34.9,6,0.1875,5,0.15625,3,0.09375,-2.84,0.0,1,0.2,0,0.0
flight_number,IAD,DEN,UA,UA347.0,DEN→IAD,,,2024-01-01,2024-12-31,185,185,0,0,0.0,15,0.081081,1,0.005405,5.26,-7.0,44.8,13.51,0.0,38.6,34,0.183784,23,0.124324,15,0.081081,-0.79,0.0,0,0.0,0,0.0
flight_number,IAD,DEN,UA,UA355.0,DEN→IAD,,,2024-01-01,2024-12-31,13,13,0,0,0.0,1,0.076923,0,0.0,3.38,-9.0,16.2,13.92,0.0,22.8,4,0.307692,1,0.076923,1,0.076923,2.54,0.0,0,0.0,0,0.0
flight_number,IAD,DEN,UA,UA356.0,DEN→IAD,,,2024-01-01,2024-12-31,8,7,1,0,0.125,1,0.142857,0,0.0,26.14,1.0,86.6,33.29,6.0,96.0,3,0.428571,2,0.285714,2,0.285714,3.29,2.0,0,0.0,0,0.0
flight_number,IAD,DEN,UA,UA400.0,DEN→IAD,,,2024-01-01,2024-12-31,21,21,0,0,0.0,1,0.047619,0,0.0,3.24,-7.0,15.0,13.71,0.0,23.0,3,0.142857,2,0.095238,1,0.047619,2.14,0.0,0,0.0,0,0.0
flight_number,IAD,DEN,UA,UA418.0,DEN→IAD,,,2024-01-01,2024-12-31,138,137,1,0,0.007246,10,0.072993,1,0.007299,1.74,-9.0,44.4,16.23,2.0,55.8,30,0.218978,19,0.138686,14,0.10219,3.09,0.0,0,0.0,0,0.0
flight_number,IAD,DEN,UA,UA638.0,DEN→IAD,,,2024-01-01,2024-12-31,38,38,0,1,0.0,4,0.105263,1,0.026316,16.95,-6.0,69.4,19.76,0.0,24.8,5,0.131579,4,0.105263,3,0.078947,-4.08,0.0,0,0.0,0,0.0
flight_number,IAD,DEN,UA,UA646.0,DEN→IAD,,,2024-01-01,2024-12-31,21,21,0,0,0.0,1,0.047619,0,0.0,-4.19,-8.0,7.0,4.43,0.0,3.0,1,0.047619,1,0.047619,1,0.047619,0.1,0.0,0,0.0,0,0.0
flight_number,IAD,DEN,UA,UA672.0,DEN→IAD,,,2024-01-01,2024-12-31,21,21,0,0,0.0,6,0.285714,2,0.095238,51.76,16.0,154.0,49.38,6.0,167.0,8,0.380952,8,0.380952,6,0.285714,-4.14,-1.0,0,0.0,0,0.0
flight_number,IAD,DEN,UA,UA674.0,DEN→IAD,,,2024-01-01,2024-12-31,12,12,0,0,0.0,1,0.083333,0,0.0,7.42,-2.0,11.1,13.0,3.5,33.8,2,0.166667,2,0.166667,1,0.083333,0.83,2.5,1,0.5,0,0.0
flight_number,IAD,DEN,UA,UA745.0,DEN→IAD,,,2024-01-01,2024-12-31,38,36,2,0,0.052632,3,0.083333,0,0.0,8.97,-6.0,40.5,12.42,0.0,22.5,5,0.138889,3,0.083333,3,0.083333,-2.78,0.0,0,0.0,0,0.0
flight_number,IAD,DEN,UA,UA753.0,DEN→IAD,,,2024-01-01,2024-12-31,38,37,1,0,0.026316,3,0.081081,0,0.0,-1.11,-14.0,29.8,15.46,0.0,48.0,7,0.189189,6,0.162162,3,0.081081,3.89,0.0,1,0.166667,0,0.0
flight_number,IAD,DEN,UA,UA798.0,DEN→IAD,,,2024-01-01,2024-12-31,365,356,9,0,0.024658,46,0.129213,11,0.030899,20.25,-4.0,88.5,28.72,0.0,96.0,92,0.258427,66,0.185393,47,0.132022,1.06,0.0,3,0.044776,0,0.0
flight_number,IAD,DEN,WN,WN1010.0,DEN→IAD,,,2024-01-01,2024-12-31,1,1,0,0,0.0,0,0.0,0,0.0,-20.0,-20.0,-20.0,0.0,0.0,0.0,0,0.0,0,0.0,0,0.0,0.0,0.0,0,,0,
flight_number,IAD,DEN,WN,WN1179.0,DEN→IAD,,,2024-01-01,2024-12-31,52,52,0,0,0.0,2,0.038462,0,0.0,9.75,2.0,41.1,15.33,5.5,37.8,14,0.269231,9,0.173077,3,0.057692,1.17,0.0,0,0.0,0,0.0
flight_number,IAD,DEN,WN,WN1306.0,DEN→IAD,,,2024-01-01,2024-12-31,4,4,0,0,0.0,1,0.25,0,0.0,43.0,30.0,103.0,54.0,41.5,107.2,3,0.75,3,0.75,1,0.25,6.5,5.0,0,0.0,0,0.0
flight_number,IAD,DEN,WN,WN1502.0,DEN→IAD,,,2024-01-01,2024-12-31,61,61,0,0,0.0,14,0.229508,2,0.032787,34.7,20.0,101.0,37.54,18.0,106.0,31,0.508197,23,0.377049,14,0.229508,0.51,1.0,0,0.0,0,0.0
flight_number,IAD,DEN,WN,WN1693.0,DEN→IAD,,,2024-01-01,2024-12-31,23,23,0,0,0.0,0,0.0,0,0.0,-3.43,-10.0,15.4,3.17,0.0,4.8,2,0.086957,1,0.043478,0,0.0,-1.91,0.0,0,0.0,0,
flight_number,IAD,DEN,WN,WN1696.0,DEN→IAD,,,2024-01-01,2024-12-31,33,33,0,0,0.0,0,0.0,0,0.0,9.76,6.0,34.4,16.42,10.0,40.6,12,0.363636,9,0.272727,1,0.030303,3.58,1.0,0,0.0,0,0.0
flight_number,IAD,DEN,WN,WN1698.0,DEN→IAD,,,2024-01-01,2024-12-31,33,33,0,0,0.0,2,0.060606,0,0.0,16.97,11.0,48.2,23.18,18.0,56.0,18,0.545455,10,0.30303,2,0.060606,4.55,5.0,0,0.0,0,0.0
flight_number,IAD,DEN,WN,WN1709.0,DEN→IAD,,,2024-01-01,2024-12-31,27,27,0,0,0.0,0,0.0,0,0.0,-1.26,-2.0,13.4,1.81,0.0,6.2,0,0.0,0,0.0,0,0.0,-1.89,0.0,0,,0,
flight_number,IAD,DEN,WN,WN196.0,DEN→IAD,,,2024-01-01,2024-12-31,17,17,0,0,0.0,0,0.0,0,0.0,-4.88,-9.0,7.6,6.41,3.0,16.8,4,0.235294,0,0.0,0,0.0,4.29,2.0,0,,0,
flight_number,IAD,DEN,WN,WN2181.0,DEN→IAD,,,2024-01-01,2024-12-31,8,8,0,0,0.0,0,0.0,0,0.0,2.38,-3.0,24.2,17.25,10.0,40.2,3,0.375,2,0.25,0,0.0,9.0,10.0,0,0.0,0,
flight_number,IAD,DEN,WN,WN2189.0,DEN→IAD,,,2024-01-01,2024-12-31,2,2,0,0,0.0,1,0.5,0,0.0,84.5,84.5,145.7,90.5,90.5,152.5,1,0.5,1,0.5,1,0.5,6.0,6.0,0,0.0,0,0.0
flight_number,IAD,DEN,WN,WN2227.0,DEN→IAD,,,2024-01-01,2024-12-31,56,56,0,0,0.0,8,0.142857,2,0.035714,28.23,9.0,88.5,37.84,20.0,83.5,32,0.571429,19,0.339286,8,0.142857,7.11,7.0,2,0.105263,0,0.0
flight_number,IAD,DEN,WN,WN2442.0,DEN→IAD,,,2024-01-01,2024-12-31,7,7,0,0,0.0,0,0.0,0,0.0,-2.86,-5.0,10.4,4.29,3.0,11.4,0,0.0,0,0.0,0,0.0,1.0,0.0,0,,0,
flight_number,IAD,DEN,WN,WN2911.0,DEN→IAD,,,2024-01-01,2024-12-31,5,5,0,0,0.0,0,0.0,0,0.0,23.2,25.0,35.4,21.8,23.0,36.2,3,0.6,1,0.2,0,0.0,-1.4,0.0,0,0.0,0,
flight_number,IAD,DEN,WN,WN3325.0,DEN→IAD,,,2024-01-01,2024-12-31,13,13,0,0,0.0,0,0.0,0,0.0,3.54,1.0,19.2,8.38,3.0,21.0,3,0.230769,1,0.076923,0,0.0,1.62,0.0,0,0.0,0,
flight_number,IAD,DEN,WN,WN341.0,DEN→IAD,,,2024-01-01,2024-12-31,10,10,0,0,0.0,0,0.0,0,0.0,2.2,-2.5,23.0,11.0,3.0,30.7,3,0.3,1,0.1,0,0.0,3.0,1.5,0,0.0,0,
flight_number,IAD,DEN,WN,WN344.0,DEN→IAD,,,2024-01-01,2024-12-31,1,1,0,0,0.0,0,0.0,0,0.0,8.0,8.0,8.0,8.0,8.0,8.0,0,0.0,0,0.0,0,0.0,0.0,0.0,0,,0,
flight_number,IAD,DEN,WN,WN3509.0,DEN→IAD,,,2024-01-01,2024-12-31,58,58,0,0,0.0,5,0.086207,0,0.0,16.72,10.5,57.9,18.81,9.5,43.1,21,0.362069,10,0.172414,4,0.068966,-2.22,0.0,0,0.0,0,0.0
flight_number,IAD,DEN,WN,WN354.0,DEN→IAD,,,2024-01-01,2024-12-31,1,1,0,0,0.0,0,0.0,0,0.0,-21.0,-21.0,-21.0,2.0,2.0,2.0,0,0.0,0,0.0,0,0.0,2.0,2.0,0,,0,
flight_number,IAD,DEN,WN,WN3616.0,DEN→IAD,,,2024-01-01,2024-12-31,1,1,0,0,0.0,0,0.0,0,0.0,-10.0,-10.0,-10.0,3.0,3.0,3.0,0,0.0,0,0.0,0,0.0,3.0,3.0,0,,0,
flight_number,IAD,DEN,WN,WN3943.0,DEN→IAD,,,2024-01-01,2024-12-31,9,9,0,0,0.0,0,0.0,0,0.0,2.67,3.0,17.2,9.78,6.0,19.0,1,0.111111,1,0.111111,0,0.0,2.0,2.0,0,0.0,0,
flight_number,IAD,DEN,WN,WN4016.0,DEN→IAD,,,2024-01-01,2024-12-31,24,24,0,0,0.0,2,0.083333,0,0.0,20.88,7.5,56.8,27.29,14.5,68.7,11,0.458333,6,0.25,4,0.166667,4.42,2.5,0,0.0,0,0.0
flight_number,IAD,DEN,WN,WN4022.0,DEN→IAD,,,2024-01-01,2024-12-31,40,40,0,0,0.0,1,0.025,0,0.0,1.32,-6.5,37.1,9.75,0.5,29.9,9,0.225,4,0.1,1,0.025,0.65,0.0,0,0.0,0,0.0
flight_number,IAD,DEN,WN,WN4157.0,DEN→IAD,,,2024-01-01,2024-12-31,18,17,1,0,0.055556,0,0.0,0,0.0,2.06,5.0,15.8,6.59,5.0,15.8,2,0.117647,0,0.0,0,0.0,0.12,0.0,0,,0,
flight_number,IAD,DEN,WN,WN4323.0,DEN→IAD,,,2024-01-01,2024-12-31,43,43,0,0,0.0,0,0.0,0,0.0,0.14,-4.0,12.8,5.79,0.0,14.0,4,0.093023,3,0.069767,0,0.0,0.7,0.0,0,0.0,0,
flight_number,IAD,DEN,WN,WN4650.0,DEN→IAD,,,2024-01-01,2024-12-31,25,25,0,0,0.0,1,0.04,0,0.0,3.6,-2.0,36.4,8.04,0.0,30.8,4,0.16,3,0.12,0,0.0,-1.88,0.0,0,0.0,0,
flight_number,IAD,DEN,WN,WN509.0,DEN→IAD,,,2024-01-01,2024-12-31,41,41,0,0,0.0,0,0.0,0,0.0,3.66,0.0,18.0,10.07,5.0,25.0,11,0.268293,2,0.04878,0,0.0,3.2,3.0,0,0.0,0,0.0
flight_number,IAD,DEN,WN,WN5131.0,DEN→IAD,,,2024-01-01,2024-12-31,17,17,0,0,0.0,0,0.0,0,0.0,-10.29,-15.0,1.4,1.47,0.0,3.4,0,0.0,0,0.0,0,0.0,-2.24,0.0,0,,0,
flight_number,IAD,DEN,WN,WN5454.0,DEN→IAD,,,2024-01-01,2024-12-31,48,48,0,0,0.0,2,0.041667,0,0.0,1.4,-7.0,30.2,10.65,3.5,30.3,11,0.229167,5,0.104167,1,0.020833,0.98,1.5,1,0.166667,0,0.0
flight_number,IAD,DEN,WN,WN562.0,DEN→IAD,,,2024-01-01,2024-12-31,51,51,0,1,0.0,4,0.078431,0,0.0,15.5,6.0,37.3,18.76,10.5,39.9,20,0.392157,9,0.176471,4,0.078431,1.44,2.0,0,0.0,0,0.0
flight_number,IAD,DEN,WN,WN6081.0,DEN→IAD,,,2024-01-01,2024-12-31,48,48,0,0,0.0,1,0.020833,0,0.0,-8.27,-16.0,6.3,6.69,0.0,22.8,7,0.145833,3,0.0625,2,0.041667,1.54,0.0,0,0.0,0,0.0
flight_number,IAD,DEN,WN,WN6445.0,DEN→IAD,,,2024-01-01,2024-12-31,8,8,0,0,0.0,0,0.0,0,0.0,14.5,9.5,35.8,13.25,7.5,31.7,2,0.25,1,0.125,0,0.0,-1.88,0.5,0,0.0,0,
flight_number,IAD,DEN,WN,WN6447.0,DEN→IAD,,,2024-01-01,2024-12-31,8,8,0,0,0.0,4,0.5,0,0.0,78.75,55.0,153.9,62.62,44.5,160.8,5,0.625,5,0.625,3,0.375,-16.12,-10.5,0,0.0,0,0.0
flight_number,IAD,DEN,WN,WN674.0,DEN→IAD,,,2024-01-01,2024-12-31,1,1,0,0,0.0,0,0.0,0,0.0,-9.0,-9.0,-9.0,1.0,1.0,1.0,0,0.0,0,0.0,0,0.0,1.0,1.0,0,,0,
flight_number,IAD,DEN,WN,WN677.0,DEN→IAD,,,2024-01-01,2024-12-31,41,41,0,0,0.0,3,0.073171,0,0.0,4.2,-6.0,42.0,12.98,3.0,40.0,11,0.268293,7,0.170732,2,0.04878,0.68,1.0,0,0.0,0,0.0
flight_number,IAD,DEN,WN,WN686.0,DEN→IAD,,,2024-01-01,2024-12-31,26,26,0,0,0.0,3,0.115385,1,0.038462,16.35,0.5,63.5,21.04,5.5,51.5,8,0.307692,5,0.192308,2,0.076923,0.12,0.5,1,0.2,0,0.0
flight_number,IAD,DEN,WN,WN706.0,DEN→IAD,,,2024-01-01,2024-12-31,1,1,0,0,0.0,0,0.0,0,0.0,5.0,5.0,5.0,4.0,4.0,4.0,0,0.0,0,0.0,0,0.0,-1.0,-1.0,0,,0,
flight_number,IAD,DEN,WN,WN785.0,DEN→IAD,,,2024-01-01,2024-12-31,6,6,0,0,0.0,0,0.0,0,0.0,8.17,11.5,19.5,8.33,6.5,18.5,1,0.166667,0,0.0,0,0.0,-2.0,0.5,0,,0,
flight_number,IAD,DEN,WN,WN873.0,DEN→IAD,,,2024-01-01,2024-12-31,1,1,0,0,0.0,0,0.0,0,0.0,-16.0,-16.0,-16.0,0.0,0.0,0.0,0,0.0,0,0.0,0,0.0,0.0,0.0,0,,0,
flight_number,IAD,DFW,AA,AA1291.0,DFW→IAD,,,2024-01-01,2024-12-31,206,199,7,0,0.033981,33,0.165829,4,0.020101,23.66,8.0,74.2,35.59,18.0,90.2,104,0.522613,79,0.396985,47,0.236181,6.87,2.0,5,0.061728,1,0.020408
flight_number,IAD,DFW,AA,AA1390.0,DFW→IAD,,,2024-01-01,2024-12-31,182,181,1,2,0.005495,16,0.088398,5,0.027624,14.72,2.0,44.2,20.85,0.0,51.0,48,0.265193,35,0.19337,17,0.093923,1.42,0.0,3,0.085714,1,0.058824
flight_number,IAD,DFW,AA,AA1863.0,DFW→IAD,,,2024-01-01,2024-12-31,149,148,1,0,0.006711,9,0.060811,2,0.013514,12.05,4.0,40.9,16.67,0.0,52.3,37,0.25,23,0.155405,10,0.067568,0.3,0.0,1,0.041667,0,0.0
flight_number,IAD,DFW,AA,AA2414.0,DFW→IAD,,,2024-01-01,2024-12-31,32,31,1,0,0.03125,3,0.096774,0,0.0,3.71,-8.0,54.0,12.52,0.0,48.0,7,0.225806,5,0.16129,2,0.064516,-0.06,0.0,1,0.2,0,0.0
flight_number,IAD,DFW,AA,AA2522.0,DFW→IAD,,,2024-01-01,2024-12-31,25,25,0,0,0.0,0,0.0,0,0.0,-6.16,-10.0,9.0,1.24,0.0,3.8,0,0.0,0,0.0,0,0.0,-1.24,0.0,0,,0,
flight_number,IAD,DFW,AA,AA413.0,DFW→IAD,,,2024-01-01,2024-12-31,147,144,3,0,0.020408,20,0.138889,2,0.013889,19.87,5.5,79.9,24.4,4.0,77.4,57,0.395833,40,0.277778,21,0.145833,0.0,0.0,1,0.02439,0,0.0
flight_number,IAD,DFW,UA,UA1240.0,DFW→IAD,,,2024-01-01,2024-12-31,289,285,4,0,0.013841,34,0.119298,7,0.024561,14.99,-4.0,72.6,21.64,0.0,75.0,61,0.214035,45,0.157895,36,0.126316,-0.08,0.0,1,0.021739,0,0.0
flight_number,IAD,DFW,UA,UA2639.0,DFW→IAD,,,2024-01-01,2024-12-31,346,344,2,0,0.00578,21,0.061047,7,0.020349,4.21,-8.0,14.0,13.25,0.0,15.7,35,0.101744,27,0.078488,19,0.055233,0.28,0.0,1,0.037037,0,0.0
flight_number,IAD,DFW,UA,UA330.0,DFW→IAD,,,2024-01-01,2024-12-31,37,36,1,0,0.027027,5,0.138889,0,0.0,17.78,2.5,100.5,23.67,0.0,93.0,10,0.277778,7,0.194444,5,0.138889,0.06,0.0,0,0.0,0,0.0
flight_number,IAD,DFW,UA,UA358.0,DFW→IAD,,,2024-01-01,2024-12-31,298,292,6,1,0.020134,24,0.082192,5,0.017123,6.75,-9.0,40.0,16.73,0.0,40.0,47,0.160959,34,0.116438,22,0.075342,-0.01,0.0,0,0.0,0,0.0
flight_number,IAD,DFW,YX,YX3452.0,DFW→IAD,,,2024-01-01,2024-12-31,4,4,0,0,0.0,0,0.0,0,0.0,-5.5,-7.0,-0.1,0.0,0.0,0.0,0,0.0,0,0.0,0,0.0,-0.5,0.0,0,,0,
flight_number,IAD,DTW,9E,9E4884.0,DTW→IAD,,,2024-01-01,2024-12-31,4,4,0,0,0.0,0,0.0,0,0.0,11.5,8.0,35.6,9.75,7.0,21.7,1,0.25,0,0.0,0,0.0,-6.25,-4.5,0,,0,
flight_number,IAD,DTW,9E,9E5082.0,DTW→IAD,,,2024-01-01,2024-12-31,30,30,0,0,0.0,2,0.066667,0,0.0,8.4,-1.0,35.8,10.17,0.0,33.7,7,0.233333,5,0.166667,2,0.066667,-2.4,0.0,0,0.0,0,0.0
flight_number,IAD,DTW,9E,9E5195.0,DTW→IAD,,,2024-01-01,2024-12-31,92,92,0,0,0.0,4,0.043478,0,0.0,3.0,-6.5,30.9,8.25,0.0,13.8,8,0.086957,7,0.076087,3,0.032609,-2.54,0.0,0,0.0,0,0.0
flight_number,IAD,DTW,9E,9E5225.0,DTW→IAD,,,2024-01-01,2024-12-31,4,4,0,0,0.0,0,0.0,0,0.0,-12.25,-14.5,-7.7,0.0,0.0,0.0,0,0.0,0,0.0,0,0.0,0.0,0.0,0,,0,
flight_number,IAD,DTW,9E,9E5329.0,DTW→IAD,,,2024-01-01,2024-12-31,3,3,0,0,0.0,0,0.0,0,0.0,-17.33,-16.0,-14.4,0.0,0.0,0.0,0,0.0,0,0.0,0,0.0,0.0,0.0,0,,0,
flight_number,IAD,DTW,9E,9E5358.0,DTW→IAD,,,2024-01-01,2024-12-31,13,13,0,0,0.0,0,0.0,0,0.0,-0.85,-7.0,15.4,4.69,0.0,3.2,1,0.076923,1,0.076923,0,0.0,-2.69,0.0,0,0.0,0,
flight_number,IAD,DTW,9E,9E5437.0,DTW→IAD,,,2024-01-01,2024-12-31,5,5,0,0,0.0,0,0.0,0,0.0,-7.8,-11.0,4.2,2.0,0.0,5.8,0,0.0,0,0.0,0,0.0,0.2,0.0,0,,0,
flight_number,IAD,DTW,9E,9E5498.0,DTW→IAD,,,2024-01-01,2024-12-31,6,6,0,0,0.0,0,0.0,0,0.0,-6.0,-6.0,0.5,2.33,0.0,7.0,0,0.0,0,0.0,0,0.0,1.5,0.0,0,,0,
flight_number,IAD,DTW,DL,DL2060.0,DTW→IAD,,,2024-01-01,2024-12-31,6,6,0,0,0.0,0,0.0,0,0.0,-16.0,-12.0,-6.5,0.0,0.0,0.0,0,0.0,0,0.0,0,0.0,0.0,0.0,0,,0,
flight_number,IAD,DTW,DL,DL2103.0,DTW→IAD,,,2024-01-01,2024-12-31,3,3,0,0,0.0,0,0.0,0,0.0,-18.67,-21.0,-14.6,0.0,0.0,0.0,0,0.0,0,0.0,0,0.0,0.0,0.0,0,,0,
flight_number,IAD,DTW,DL,DL2260.0,DTW→IAD,,,2024-01-01,2024-12-31,30,30,0,0,0.0,2,0.066667,0,0.0,4.47,-6.5,25.4,15.13,0.0,39.7,8,0.266667,5,0.166667,2,0.066667,3.17,0.0,0,0.0,0,0.0
flight_number,IAD,DTW,DL,DL2288.0,DTW→IAD,,,2024-01-01,2024-12-31,29,28,1,0,0.034483,3,0.107143,1,0.035714,13.68,-1.0,57.4,17.75,0.0,68.3,5,0.178571,4,0.142857,4,0.142857,0.21,0.0,0,0.0,0,0.0
flight_number,IAD,DTW,DL,DL2382.0,DTW→IAD,,,2024-01-01,2024-12-31,9,9,0,0,0.0,3,0.333333,1,0.111111,60.89,-4.0,188.2,68.67,5.0,178.0,4,0.444444,4,0.444444,3,0.333333,0.22,0.0,0,0.0,0,0.0
flight_number,IAD,DTW,DL,DL2525.0,DTW→IAD,,,2024-01-01,2024-12-31,1,1,0,0,0.0,0,0.0,0,0.0,-32.0,-32.0,-32.0,0.0,0.0,0.0,0,0.0,0,0.0,0,0.0,0.0,0.0,0,,0,
flight_number,IAD,DTW,DL,DL2532.0,DTW→IAD,,,2024-01-01,2024-12-31,62,62,0,0,0.0,7,0.112903,0,0.0,3.5,-8.5,58.7,11.52,0.0,38.8,10,0.16129,10,0.16129,6,0.096774,-1.48,0.0,0,0.0,0,0.0
flight_number,IAD,DTW,DL,DL2817.0,DTW→IAD,,,2024-01-01,2024-12-31,28,28,0,0,0.0,1,0.035714,1,0.035714,9.89,-13.0,10.9,20.75,0.0,13.5,3,0.107143,1,0.035714,1,0.035714,0.07,0.0,0,0.0,0,0.0
flight_number,IAD,DTW,OO,OO3637.0,DTW→IAD,,,2024-01-01,2024-12-31,1,1,0,0,0.0,0,0.0,0,0.0,0.0,0.0,0.0,0.0,0.0,0.0,0,0.0,0,0.0,0,0.0,0.0,0.0,0,,0,
flight_number,IAD,DTW,OO,OO3666.0,DTW→IAD,,,2024-01-01,2024-12-31,37,37,0,0,0.0,4,0.108108,0,0.0,6.46,-7.0,60.0,12.95,0.0,54.0,7,0.189189,7,0.189189,4,0.108108,-1.84,0.0,0,0.0,0,0.0
flight_number,IAD,DTW,OO,OO3703.0,DTW→IAD,,,2024-01-01,2024-12-31,31,31,0,0,0.0,2,0.064516,1,0.032258,23.48,4.0,38.0,21.03,0.0,42.0,5,0.16129,5,0.16129,2,0.064516,-3.35,-1.0,0,0.0,0,0.0
flight_number,IAD,DTW,OO,OO3796.0,DTW→IAD,,,2024-01-01,2024-12-31,186,186,0,0,0.0,18,0.096774,4,0.021505,15.74,2.0,47.5,16.84,0.0,43.0,31,0.166667,22,0.11828,17,0.091398,-2.3,0.0,0,0.0,0,0.0
flight_number,IAD,DTW,OO,OO3812.0,DTW→IAD,,,2024-01-01,2024-12-31,6,6,0,0,0.0,0,0.0,0,0.0,-8.17,-13.0,6.5,5.33,0.0,16.0,1,0.166667,1,0.166667,0,0.0,1.17,0.0,0,0.0,0,
flight_number,IAD,DTW,OO,OO3818.0,DTW→IAD,,,2024-01-01,2024-12-31,125,125,0,0,0.0,5,0.04,2,0.016,8.42,-3.0,36.6,13.03,0.0,29.0,23,0.184,12,0.096,7,0.056,-0.82,0.0,0,0.0,0,0.0
flight_number,IAD,DTW,OO,OO3853.0,DTW→IAD,,,2024-01-01,2024-12-31,7,7,0,0,0.0,0,0.0,0,0.0,-0.14,-8.0,15.4,3.71,0.0,10.4,1,0.142857,0,0.0,0,0.0,-1.57,0.0,0,,0,
flight_number,IAD,DTW,OO,OO3858.0,DTW→IAD,,,2024-01-01,2024-12-31,1,1,0,0,0.0,0,0.0,0,0.0,-8.0,-8.0,-8.0,0.0,0.0,0.0,0,0.0,0,0.0,0,0.0,0.0,0.0,0,,0,
flight_number,IAD,DTW,OO,OO3867.0,DTW→IAD,,,2024-01-01,2024-12-31,28,28,0,0,0.0,3,0.107143,1,0.035714,20.75,2.0,63.1,21.57,0.0,54.2,7,0.25,5,0.178571,2,0.071429,-1.32,0.0,0,0.0,0,0.0
flight_number,IAD,DTW,OO,OO3877.0,DTW→IAD,,,2024-01-01,2024-12-31,14,14,0,0,0.0,2,0.142857,1,0.071429,22.57,-6.5,113.2,25.07,0.0,97.4,2,0.142857,2,0.142857,2,0.142857,-4.07,0.0,0,0.0,0,0.0
flight_number,IAD,DTW,OO,OO3887.0,DTW→IAD,,,2024-01-01,2024-12-31,5,5,0,0,0.0,2,0.4,1,0.2,69.8,7.0,204.8,81.0,19.0,211.2,3,0.6,2,0.4,2,0.4,5.0,6.0,0,0.0,0,0.0
flight_number,IAD,DTW,OO,OO3888.0,DTW→IAD,,,2024-01-01,2024-12-31,35,35,0,0,0.0,0,0.0,0,0.0,-7.6,-8.0,0.6,0.31,0.0,0.0,0,0.0,0,0.0,0,0.0,0.0,0.0,0,,0,
flight_number,IAD,DTW,OO,OO3898.0,DTW→IAD,,,2024-01-01,2024-12-31,28,28,0,0,0.0,0,0.0,0,0.0,0.25,-5.0,15.1,5.11,0.0,12.4,3,0.107143,2,0.071429,0,0.0,-0.11,0.0,0,0.0,0,
flight_number,IAD,DTW,OO,OO3900.0,DTW→IAD,,,2024-01-01,2024-12-31,28,28,0,0,0.0,1,0.035714,0,0.0,5.96,0.0,15.6,5.68,0.0,9.9,2,0.071429,1,0.035714,1,0.035714,-2.93,0.0,0,0.0,0,0.0
flight_number,IAD,DTW,OO,OO3939.0,DTW→IAD,,,2024-01-01,2024-12-31,31,31,0,0,0.0,2,0.064516,1,0.032258,13.9,-1.0,30.0,17.13,0.0,28.0,9,0.290323,2,0.064516,2,0.064516,-0.52,0.0,0,0.0,0,0.0
flight_number,IAD,DTW,OO,OO3957.0,DTW→IAD,,,2024-01-01,2024-12-31,87,87,0,0,0.0,11,0.126437,1,0.011494,14.09,-1.0,78.4,16.52,0.0,73.6,19,0.218391,16,0.183908,11,0.126437,-1.33,0.0,0,0.0,0,0.0
flight_number,IAD,DTW,OO,OO3961.0,DTW→IAD,,,2024-01-01,2024-12-31,28,27,1,0,0.035714,5,0.185185,0,0.0,22.59,1.0,76.4,25.96,0.0,79.2,8,0.296296,8,0.296296,5,0.185185,-0.33,0.0,0,0.0,0,0.0
flight_number,IAD,DTW,OO,OO3971.0,DTW→IAD,,,2024-01-01,2024-12-31,26,26,0,0,0.0,0,0.0,0,0.0,-5.15,-7.0,4.0,1.81,0.0,0.0,1,0.038462,1,0.038462,0,0.0,-0.31,0.0,0,0.0,0,
flight_number,IAD,DTW,OO,OO4014.0,DTW→IAD,,,2024-01-01,2024-12-31,1,1,0,0,0.0,0,0.0,0,0.0,-20.0,-20.0,-20.0,0.0,0.0,0.0,0,0.0,0,0.0,0,0.0,0.0,0.0,0,,0,
flight_number,IAD,DTW,OO,OO4016.0,DTW→IAD,,,2024-01-01,2024-12-31,47,44,3,0,0.06383,1,0.022727,1,0.022727,5.3,-6.5,36.4,13.75,0.0,30.0,11,0.25,4,0.090909,2,0.045455,0.93,0.0,0,0.0,0,0.0
flight_number,IAD,DTW,OO,OO4034.0,DTW→IAD,,,2024-01-01,2024-12-31,6,6,0,0,0.0,0,0.0,0,0.0,0.83,-5.5,37.5,3.0,0.0,9.0,0,0.0,0,0.0,0,0.0,-10.17,-2.0,0,,0,
flight_number,IAD,DTW,OO,OO4046.0,DTW→IAD,,,2024-01-01,2024-12-31,28,28,0,0,0.0,1,0.035714,1,0.035714,24.82,-6.0,16.5,32.29,0.0,15.8,3,0.107143,3,0.107143,1,0.035714,-0.11,0.0,0,0.0,0,0.0
flight_number,IAD,DTW,OO,OO4104.0,DTW→IAD,,,2024-01-01,2024-12-31,147,146,1,0,0.006803,25,0.171233,5,0.034247,26.73,6.0,95.0,28.36,2.0,95.0,55,0.376712,36,0.246575,23,0.157534,-2.04,0.0,0,0.0,0,0.0
flight_number,IAD,DTW,UA,UA2125.0,DTW→IAD,,,2024-01-01,2024-12-31,2,2,0,0,0.0,0,0.0,0,0.0,-9.0,-9.0,-9.0,0.0,0.0,0.0,0,0.0,0,0.0,0,0.0,0.0,0.0,0,,0,
flight_number,IAD,DTW,UA,UA2477.0,DTW→IAD,,,2024-01-01,2024-12-31,1,1,0,0,0.0,0,0.0,0,0.0,-24.0,-24.0,-24.0,0.0,0.0,0.0,0,0.0,0,0.0,0,0.0,0.0,0.0,0,,0,
flight_number,IAD,DTW,UA,UA2703.0,DTW→IAD,,,2024-01-01,2024-12-31,6,6,0,0,0.0,0,0.0,0,0.0,-20.33,-18.5,-16.0,0.0,0.0,0.0,0,0.0,0,0.0,0,0.0,0.0,0.0,0,,0,
flight_number,IAD,DTW,UA,UA2705.0,DTW→IAD,,,2024-01-01,2024-12-31,15,15,0,0,0.0,0,0.0,0,0.0,-17.53,-22.0,4.4,3.8,0.0,16.2,2,0.133333,0,0.0,0,0.0,1.8,0.0,1,1.0,0,
flight_number,IAD,DTW,UA,UA2712.0,DTW→IAD,,,2024-01-01,2024-12-31,1,1,0,0,0.0,0,0.0,0,0.0,12.0,12.0,12.0,0.0,0.0,0.0,0,0.0,0,0.0,0,0.0,-12.0,-12.0,0,,0,
flight_number,IAD,DTW,UA,UA284.0,DTW→IAD,,,2024-01-01,2024-12-31,6,6,0,0,0.0,0,0.0,0,0.0,-14.83,-17.0,-3.0,1.33,0.0,4.0,0,0.0,0,0.0,0,0.0,1.33,0.0,0,,0,
flight_number,IAD,DTW,YX,YX3457.0,DTW→IAD,,,2024-01-01,2024-12-31,1,1,0,0,0.0,0,0.0,0,0.0,-27.0,-27.0,-27.0,0.0,0.0,0.0,0,0.0,0,0.0,0,0.0,0.0,0.0,0,,0,
flight_number,IAD,DTW,YX,YX3509.0,DTW→IAD,,,2024-01-01,2024-12-31,12,12,0,0,0.0,0,0.0,0,0.0,-13.75,-15.5,-5.2,0.0,0.0,0.0,0,0.0,0,0.0,0,0.0,-0.33,0.0,0,,0,
flight_number,IAD,DTW,YX,YX3560.0,DTW→IAD,,,2024-01-01,2024-12-31,8,8,0,0,0.0,0,0.0,0,0.0,-2.88,-10.0,16.3,3.38,0.0,8.1,1,0.125,0,0.0,0,0.0,-1.75,0.0,0,,0,
flight_number,IAD,DTW,YX,YX3568.0,DTW→IAD,,,2024-01-01,2024-12-31,6,6,0,0,0.0,0,0.0,0,0.0,-20.0,-22.5,-11.5,0.33,0.0,1.0,0,0.0,0,0.0,0,0.0,0.33,0.0,0,,0,
flight_number,IAD,DTW,YX,YX3618.0,DTW→IAD,,,2024-01-01,2024-12-31,6,6,0,0,0.0,0,0.0,0,0.0,-18.17,-17.5,-15.5,0.0,0.0,0.0,0,0.0,0,0.0,0,0.0,0.0,0.0,0,,0,
flight_number,IAD,EWR,UA,UA1016.0,EWR→IAD,,,2024-01-01,2024-12-31,13,13,0,0,0.0,1,0.076923,0,0.0,2.31,-4.0,21.4,9.85,0.0,27.0,3,0.230769,1,0.076923,1,0.076923,1.54,0.0,0,0.0,0,0.0
flight_number,IAD,EWR,UA,UA1026.0,EWR→IAD,,,2024-01-01,2024-12-31,1,1,0,0,0.0,0,0.0,0,0.0,-20.0,-20.0,-20.0,0.0,0.0,0.0,0,0.0,0,0.0,0,0.0,0.0,0.0,0,,0,
flight_number,IAD,EWR,UA,UA1228.0,EWR→IAD,,,2024-01-01,2024-12-31,226,224,2,0,0.00885,2,0.008929,0,0.0,-8.64,-12.0,5.0,2.36,0.0,1.0,9,0.040179,7,0.03125,2,0.008929,-0.25,0.0,0,0.0,0,0.0
flight_number,IAD,EWR,UA,UA1382.0,EWR→IAD,,,2024-01-01,2024-12-31,1,1,0,0,0.0,0,0.0,0,0.0,-22.0,-22.0,-22.0,0.0,0.0,0.0,0,0.0,0,0.0,0,0.0,0.0,0.0,0,,0,
flight_number,IAD,EWR,UA,UA1386.0,EWR→IAD,,,2024-01-01,2024-12-31,95,94,1,0,0.010526,17,0.180851,2,0.021277,20.85,4.5,75.8,21.99,0.0,81.9,31,0.329787,22,0.234043,15,0.159574,-4.19,0.0,0,0.0,0,0.0
flight_number,IAD,EWR,UA,UA1499.0,EWR→IAD,,,2024-01-01,2024-12-31,16,16,0,0,0.0,5,0.3125,1,0.0625,45.0,21.5,110.5,42.0,8.0,111.5,6,0.375,6,0.375,5,0.3125,-4.81,-2.0,0,0.0,0,0.0
flight_number,IAD,EWR,UA,UA1695.0,EWR→IAD,,,2024-01-01,2024-12-31,13,13,0,0,0.0,3,0.230769,0,0.0,23.92,9.0,67.8,24.31,12.0,74.0,6,0.461538,4,0.307692,3,0.230769,-1.0,1.0,0,0.0,0,0.0
flight_number,IAD,EWR,UA,UA1777.0,EWR→IAD,,,2024-01-01,2024-12-31,53,49,4,0,0.075472,17,0.346939,5,0.102041,53.14,25.0,158.2,62.12,26.0,177.6,30,0.612245,23,0.469388,16,0.326531,5.04,7.0,1,0.043478,0,0.0
flight_number,IAD,EWR,UA,UA1781.0,EWR→IAD,,,2024-01-01,2024-12-31,58,56,2,0,0.034483,4,0.071429,0,0.0,-3.29,-16.0,33.5,12.79,0.0,46.5,11,0.196429,10,0.178571,4,0.071429,1.55,0.0,1,0.1,0,0.0
flight_number,IAD,EWR,UA,UA1789.0,EWR→IAD,,,2024-01-01,2024-12-31,1,1,0,0,0.0,1,1.0,0,0.0,142.0,142.0,142.0,119.0,119.0,119.0,1,1.0,1,1.0,1,1.0,-23.0,-23.0,0,0.0,0,0.0
flight_number,IAD,EWR,UA,UA1937.0,EWR→IAD,,,2024-01-01,2024-12-31,35,34,1,0,0.028571,8,0.235294,1,0.029412,21.09,-4.0,116.4,32.5,2.0,124.1,9,0.264706,8,0.235294,7,0.205882,1.97,0.0,0,0.0,0,0.0
flight_number,IAD,EWR,UA,UA1992.0,EWR→IAD,,,2024-01-01,2024-12-31,239,237,2,1,0.008368,28,0.118143,5,0.021097,21.25,5.5,71.0,20.36,2.0,65.0,69,0.291139,44,0.185654,26,0.109705,-4.62,0.0,1,0.022222,0,0.0
flight_number,IAD,EWR,UA,UA2166.0,EWR→IAD,,,2024-01-01,2024-12-31,28,28,0,0,0.0,3,0.107143,0,0.0,8.82,-3.0,49.7,15.82,0.0,54.9,5,0.178571,4,0.142857,3,0.107143,0.29,0.0,0,0.0,0,0.0
flight_number,IAD,EWR,UA,UA2204.0,EWR→IAD,,,2024-01-01,2024-12-31,38,38,0,0,0.0,2,0.052632,0,0.0,-4.13,-10.0,19.9,11.71,0.0,31.8,11,0.289474,4,0.105263,1,0.026316,3.53,0.0,1,0.2,0,0.0
flight_number,IAD,EWR,UA,UA246.0,EWR→IAD,,,2024-01-01,2024-12-31,5,5,0,0,0.0,0,0.0,0,0.0,-11.0,-15.0,0.2,3.6,0.0,10.2,0,0.0,0,0.0,0,0.0,2.2,0.0,0,,0,
flight_number,IAD,EWR,UA,UA2494.0,EWR→IAD,,,2024-01-01,2024-12-31,298,286,12,0,0.040268,50,0.174825,13,0.045455,24.24,3.0,93.0,28.48,2.0,79.0,100,0.34965,71,0.248252,38,0.132867,-2.43,0.0,2,0.027397,0,0.0
flight_number,IAD,EWR,UA,UA2671.0,EWR→IAD,,,2024-01-01,2024-12-31,45,44,1,0,0.022222,1,0.022727,1,0.022727,-1.98,-11.0,8.9,8.07,0.0,4.7,3,0.068182,2,0.045455,1,0.022727,-0.93,0.0,0,0.0,0,0.0
flight_number,IAD,EWR,UA,UA2719.0,EWR→IAD,,,2024-01-01,2024-12-31,1,1,0,0,0.0,0,0.0,0,0.0,11.0,11.0,11.0,1.0,1.0,1.0,0,0.0,0,0.0,0,0.0,-10.0,-10.0,0,,0,
flight_number,IAD,EWR,UA,UA2850.0,EWR→IAD,,,2024-01-01,2024-12-31,26,26,0,0,0.0,3,0.115385,0,0.0,21.85,2.0,76.0,24.5,0.0,73.5,8,0.307692,7,0.269231,3,0.115385,-2.0,0.0,0,0.0,0,0.0
flight_number,IAD,EWR,UA,UA424.0,EWR→IAD,,,2024-01-01,2024-12-31,1,1,0,0,0.0,1,1.0,0,0.0,143.0,143.0,143.0,117.0,117.0,117.0,1,1.0,1,1.0,1,1.0,-26.0,-26.0,0,0.0,0,0.0
flight_number,IAD,EWR,UA,UA558.0,EWR→IAD,,,2024-01-01,2024-12-31,37,37,0,0,0.0,10,0.27027,2,0.054054,37.05,17.0,89.8,34.62,14.0,95.2,16,0.432432,12,0.324324,7,0.189189,-5.68,0.0,0,0.0,0,0.0
flight_number,IAD,EWR,UA,UA586.0,EWR→IAD,,,2024-01-01,2024-12-31,1,1,0,0,0.0,0,0.0,0,0.0,-3.0,-3.0,-3.0,12.0,12.0,12.0,0,0.0,0,0.0,0,0.0,12.0,12.0,0,,0,
flight_number,IAD,EWR,UA,UA660.0,EWR→IAD,,,2024-01-01,2024-12-31,1,1,0,0,0.0,0,0.0,0,0.0,6.0,6.0,6.0,0.0,0.0,0.0,0,0.0,0,0.0,0,0.0,-6.0,-6.0,0,,0,
flight_number,IAD,EWR,UA,UA700.0,EWR→IAD,,,2024-01-01,2024-12-31,1,1,0,0,0.0,0,0.0,0,0.0,-27.0,-27.0,-27.0,0.0,0.0,0.0,0,0.0,0,0.0,0,0.0,0.0,0.0,0,,0,
flight_number,IAD,EWR,YX,YX3414.0,EWR→IAD,,,2024-01-01,2024-12-31,24,24,0,0,0.0,3,0.125,1,0.041667,11.38,-6.0,82.4,18.25,0.0,42.6,6,0.25,3,0.125,2,0.083333,-2.88,0.0,1,0.25,0,0.0
flight_number,IAD,EWR,YX,YX3429.0,EWR→IAD,,,2024-01-01,2024-12-31,8,8,0,0,0.0,0,0.0,0,0.0,-7.62,-10.5,2.6,0.0,0.0,0.0,0,0.0,0,0.0,0,0.0,-1.38,0.0,0,,0,
flight_number,IAD,EWR,YX,YX3442.0,EWR→IAD,,,2024-01-01,2024-12-31,1,0,1,0,1.0,0,,0,,,,,,,,0,,0,,0,,,,0,,0,
flight_number,IAD,EWR,YX,YX3465.0,EWR→IAD,,,2024-01-01,2024-12-31,1,1,0,0,0.0,0,0.0,0,0.0,-1.0,-1.0,-1.0,25.0,25.0,25.0,1,1.0,0,0.0,0,0.0,25.0,25.0,0,,0,
flight_number,IAD,EWR,YX,YX3516.0,EWR→IAD,,,2024-01-01,2024-12-31,1,1,0,0,0.0,0,0.0,0,0.0,10.0,10.0,10.0,20.0,20.0,20.0,1,1.0,0,0.0,0,0.0,10.0,10.0,0,,0,
flight_number,IAD,EWR,YX,YX3524.0,EWR→IAD,,,2024-01-01,2024-12-31,1,1,0,0,0.0,0,0.0,0,0.0,-10.0,-10.0,-10.0,0.0,0.0,0.0,0,0.0,0,0.0,0,0.0,0.0,0.0,0,,0,
flight_number,IAD,EWR,YX,YX3542.0,EWR→IAD,,,2024-01-01,2024-12-31,58,56,2,0,0.034483,4,0.071429,1,0.017857,4.12,-10.0,33.0,12.46,0.0,36.0,9,0.160714,7,0.125,4,0.071429,-1.8,0.0,0,0.0,0,0.0
flight_number,IAD,EWR,YX,YX3559.0,EWR→IAD,,,2024-01-01,2024-12-31,8,5,3,0,0.375,1,0.2,0,0.0,37.4,21.0,111.6,28.6,10.0,77.4,1,0.2,1,0.2,1,0.2,-14.4,-9.0,0,0.0,0,0.0
flight_number,IAD,EWR,YX,YX3572.0,EWR→IAD,,,2024-01-01,2024-12-31,1,1,0,0,0.0,0,0.0,0,0.0,-18.0,-18.0,-18.0,0.0,0.0,0.0,0,0.0,0,0.0,0,0.0,0.0,0.0,0,,0,
flight_number,IAD,EWR,YX,YX3591.0,EWR→IAD,,,2024-01-01,2024-12-31,6,6,0,0,0.0,1,0.166667,0,0.0,7.0,-19.0,68.0,25.67,0.0,77.0,1,0.166667,1,0.166667,1,0.166667,2.0,0.0,0,0.0,0,0.0
flight_number,IAD,EWR,YX,YX3598.0,EWR→IAD,,,2024-01-01,2024-12-31,10,10,0,0,0.0,2,0.2,0,0.0,8.0,-10.0,81.4,16.8,0.0,43.9,3,0.3,2,0.2,1,0.1,-4.2,0.0,0,0.0,0,0.0
flight_number,IAD,EWR,YX,YX3679.0,EWR→IAD,,,2024-01-01,2024-12-31,5,5,0,1,0.0,1,0.2,0,0.0,22.5,-6.0,84.7,33.25,4.5,89.5,1,0.2,1,0.2,1,0.2,3.0,1.5,0,0.0,0,0.0
flight_number,IAD,EWR,YX,YX3688.0,EWR→IAD,,,2024-01-01,2024-12-31,1,1,0,0,0.0,0,0.0,0,0.0,-20.0,-20.0,-20.0,3.0,3.0,3.0,0,0.0,0,0.0,0,0.0,3.0,3.0,0,,0,
flight_number,IAD,EYW,UA,UA1735.0,EYW→IAD,,,2024-01-01,2024-12-31,24,24,0,0,0.0,3,0.125,0,0.0,0.75,-8.5,48.1,12.75,0.0,54.7,4,0.166667,3,0.125,3,0.125,2.12,0.0,0,0.0,0,0.0
flight_number,IAD,EYW,UA,UA546.0,EYW→IAD,,,2024-01-01,2024-12-31,66,65,1,0,0.015152,4,0.061538,1,0.015385,2.6,-12.0,32.8,14.05,0.0,40.2,8,0.123077,8,0.123077,4,0.061538,-0.75,0.0,0,0.0,0,0.0
flight_number,IAD,FLL,UA,UA1278.0,FLL→IAD,,,2024-01-01,2024-12-31,21,21,0,0,0.0,2,0.095238,0,0.0,10.38,-9.0,32.0,16.14,0.0,49.0,3,0.142857,3,0.142857,2,0.095238,-2.48,0.0,0,0.0,0,0.0
flight_number,IAD,FLL,UA,UA1750.0,FLL→IAD,,,2024-01-01,2024-12-31,66,66,0,0,0.0,1,0.015152,0,0.0,-10.85,-14.0,6.5,1.65,0.0,0.5,1,0.015152,1,0.015152,1,0.015152,-1.08,0.0,0,0.0,0,0.0
flight_number,IAD,FLL,UA,UA1753.0,FLL→IAD,,,2024-01-01,2024-12-31,24,24,0,0,0.0,5,0.208333,1,0.041667,35.38,3.5,150.0,45.04,0.0,164.8,8,0.333333,7,0.291667,7,0.291667,3.58,0.0,0,0.0,0,0.0
flight_number,IAD,FLL,UA,UA1756.0,FLL→IAD,,,2024-01-01,2024-12-31,24,24,0,0,0.0,0,0.0,0,0.0,-1.0,-6.0,24.3,5.54,0.0,11.6,2,0.083333,2,0.083333,1,0.041667,-1.42,0.0,0,0.0,0,0.0
flight_number,IAD,FLL,UA,UA2169.0,FLL→IAD,,,2024-01-01,2024-12-31,149,148,1,0,0.006711,5,0.033784,0,0.0,-4.47,-11.0,9.6,6.16,0.0,6.3,11,0.074324,5,0.033784,4,0.027027,-0.01,0.0,0,0.0,0,0.0
flight_number,IAD,FLL,UA,UA315.0,FLL→IAD,,,2024-01-01,2024-12-31,366,362,4,0,0.010929,16,0.044199,6,0.016575,1.93,-11.0,26.8,11.69,0.0,19.9,43,0.118785,27,0.074586,16,0.044199,-1.31,0.0,2,0.071429,0,0.0
flight_number,IAD,FLL,UA,UA424.0,FLL→IAD,,,2024-01-01,2024-12-31,21,21,0,0,0.0,0,0.0,0,0.0,-12.38,-14.0,-3.0,1.71,0.0,0.0,1,0.047619,1,0.047619,0,0.0,0.19,0.0,0,0.0,0,
flight_number,IAD,FLL,UA,UA442.0,FLL→IAD,,,2024-01-01,2024-12-31,37,37,0,0,0.0,1,0.027027,0,0.0,-5.73,-12.0,6.0,6.22,0.0,8.4,3,0.081081,2,0.054054,1,0.027027,1.11,0.0,0,0.0,0,0.0
flight_number,IAD,FLL,UA,UA456.0,FLL→IAD,,,2024-01-01,2024-12-31,18,18,0,0,0.0,1,0.055556,0,0.0,-3.44,-15.0,41.9,10.11,0.0,42.6,4,0.222222,3,0.166667,1,0.055556,0.33,0.0,0,0.0,0,0.0
flight_number,IAD,FLL,UA,UA538.0,FLL→IAD,,,2024-01-01,2024-12-31,13,13,0,0,0.0,0,0.0,0,0.0,9.62,2.0,47.0,18.31,0.0,56.6,5,0.384615,4,0.307692,1,0.076923,3.85,0.0,0,0.0,0,0.0
flight_number,IAD,FLL,UA,UA631.0,FLL→IAD,,,2024-01-01,2024-12-31,8,8,0,0,0.0,0,0.0,0,0.0,-6.25,-10.5,17.7,5.25,0.0,14.2,1,0.125,1,0.125,0,0.0,0.38,0.0,0,0.0,0,
flight_number,IAD,FLL,UA,UA782.0,FLL→IAD,,,2024-01-01,2024-12-31,52,50,2,0,0.038462,5,0.1,2,0.04,11.44,-8.0,55.2,18.56,0.0,33.4,11,0.22,7,0.14,4,0.08,-2.12,0.0,0,0.0,0,0.0
flight_number,IAD,HDN,UA,UA15.0,HDN→IAD,,,2024-01-01,2024-12-31,3,3,0,0,0.0,0,0.0,0,0.0,-8.67,-11.0,-1.4,7.0,5.0,13.8,1,0.333333,0,0.0,0,0.0,6.67,5.0,0,,0,
flight_number,IAD,HDN,UA,UA2002.0,HDN→IAD,,,2024-01-01,2024-12-31,5,5,0,0,0.0,1,0.2,0,0.0,31.2,1.0,106.2,36.2,37.0,76.2,3,0.6,3,0.6,1,0.2,-1.4,0.0,1,0.333333,0,0.0
flight_number,IAD,HDN,UA,UA203.0,HDN→IAD,,,2024-01-01,2024-12-31,4,4,0,0,0.0,1,0.25,0,0.0,15.75,-2.0,57.3,25.25,9.5,62.8,2,0.5,1,0.25,1,0.25,4.5,1.0,0,0.0,0,0.0
flight_number,IAD,HDN,UA,UA397.0,HDN→IAD,,,2024-01-01,2024-12-31,1,1,0,0,0.0,1,1.0,0,0.0,101.0,101.0,101.0,122.0,122.0,122.0,1,1.0,1,1.0,1,1.0,21.0,21.0,0,0.0,0,0.0
flight_number,IAD,HDN,UA,UA593.0,HDN→IAD,,,2024-01-01,2024-12-31,2,2,0,0,0.0,0,0.0,0,0.0,-17.0,-17.0,-9.0,0.0,0.0,0.0,0,0.0,0,0.0,0,0.0,0.0,0.0,0,,0,
flight_number,IAD,HNL,UA,UA344.0,HNL→IAD,,,2024-01-01,2024-12-31,127,124,3,1,0.023622,12,0.096774,4,0.032258,3.81,-14.0,48.6,24.52,0.0,76.8,28,0.225806,22,0.177419,16,0.129032,5.32,0.0,1,0.045455,1,0.0625
flight_number,IAD,HSV,YX,YX3440.0,HSV→IAD,,,2024-01-01,2024-12-31,4,4,0,0,0.0,0,0.0,0,0.0,-20.25,-15.5,-8.3,0.0,0.0,0.0,0,0.0,0,0.0,0,0.0,0.0,0.0,0,,0,
flight_number,IAD,HSV,YX,YX3571.0,HSV→IAD,,,2024-01-01,2024-12-31,4,4,0,0,0.0,0,0.0,0,0.0,-21.25,-22.0,-12.7,0.0,0.0,0.0,0,0.0,0,0.0,0,0.0,0.0,0.0,0,,0,
flight_number,IAD,HSV,YX,YX3576.0,HSV→IAD,,,2024-01-01,2024-12-31,4,4,0,0,0.0,0,0.0,0,0.0,-19.75,-21.5,-10.7,0.0,0.0,0.0,0,0.0,0,0.0,0,0.0,0.0,0.0,0,,0,
flight_number,IAD,HSV,YX,YX3579.0,HSV→IAD,,,2024-01-01,2024-12-31,3,3,0,0,0.0,0,0.0,0,0.0,-5.0,-7.0,3.4,0.0,0.0,0.0,0,0.0,0,0.0,0,0.0,-2.0,0.0,0,,0,
flight_number,IAD,IAH,UA,UA1015.0,IAH→IAD,,,2024-01-01,2024-12-31,37,37,0,0,0.0,1,0.027027,1,0.027027,5.46,-5.0,33.4,17.16,1.0,47.4,11,0.297297,7,0.189189,1,0.027027,3.51,0.0,1,0.142857,0,0.0
flight_number,IAD,IAH,UA,UA1045.0,IAH→IAD,,,2024-01-01,2024-12-31,16,16,0,0,0.0,0,0.0,0,0.0,-2.38,-5.0,15.5,9.81,5.5,27.5,3,0.1875,2,0.125,0,0.0,5.0,4.0,1,0.5,0,
flight_number,IAD,IAH,UA,UA1286.0,IAH→IAD,,,2024-01-01,2024-12-31,32,32,0,0,0.0,2,0.0625,1,0.03125,11.81,-0.5,44.6,21.53,2.5,60.6,11,0.34375,7,0.21875,4,0.125,2.72,0.0,0,0.0,0,0.0
flight_number,IAD,IAH,UA,UA1297.0,IAH→IAD,,,2024-01-01,2024-12-31,31,30,1,0,0.032258,1,0.033333,0,0.0,-2.67,-11.5,16.9,10.9,0.0,16.4,3,0.1,2,0.066667,2,0.066667,2.2,0.0,0,0.0,0,0.0
flight_number,IAD,IAH,UA,UA1305.0,IAH→IAD,,,2024-01-01,2024-12-31,26,26,0,0,0.0,1,0.038462,0,0.0,8.12,-1.0,26.5,14.85,1.5,23.5,5,0.192308,2,0.076923,1,0.038462,2.62,0.0,0,0.0,0,0.0
flight_number,IAD,IAH,UA,UA1326.0,IAH→IAD,,,2024-01-01,2024-12-31,1,1,0,0,0.0,0,0.0,0,0.0,5.0,5.0,5.0,13.0,13.0,13.0,0,0.0,0,0.0,0,0.0,8.0,8.0,0,,0,
flight_number,IAD,IAH,UA,UA1346.0,IAH→IAD,,,2024-01-01,2024-12-31,32,32,0,0,0.0,0,0.0,0,0.0,-10.56,-10.5,4.9,2.59,0.0,7.5,3,0.09375,0,0.0,0,0.0,0.94,0.0,0,,0,
flight_number,IAD,IAH,UA,UA1352.0,IAH→IAD,,,2024-01-01,2024-12-31,35,35,0,0,0.0,6,0.171429,0,0.0,28.71,15.0,66.6,24.34,12.0,64.0,13,0.371429,10,0.285714,4,0.114286,-5.23,0.0,1,0.1,0,0.0
flight_number,IAD,IAH,UA,UA1355.0,IAH→IAD,,,2024-01-01,2024-12-31,21,20,1,0,0.047619,2,0.1,0,0.0,23.75,13.0,44.9,18.3,0.0,43.6,5,0.25,4,0.2,2,0.1,-6.2,-6.0,0,0.0,0,0.0
flight_number,IAD,IAH,UA,UA1370.0,IAH→IAD,,,2024-01-01,2024-12-31,79,75,4,0,0.050633,9,0.12,2,0.026667,15.43,0.0,63.6,22.79,1.0,75.4,21,0.28,19,0.253333,13,0.173333,1.24,0.0,0,0.0,0,0.0
flight_number,IAD,IAH,UA,UA1375.0,IAH→IAD,,,2024-01-01,2024-12-31,1,1,0,0,0.0,0,0.0,0,0.0,-11.0,-11.0,-11.0,0.0,0.0,0.0,0,0.0,0,0.0,0,0.0,0.0,0.0,0,,0,
flight_number,IAD,IAH,UA,UA1381.0,IAH→IAD,,,2024-01-01,2024-12-31,69,69,0,0,0.0,3,0.043478,1,0.014493,0.93,-6.0,30.4,11.43,0.0,33.6,14,0.202899,10,0.144928,3,0.043478,1.78,0.0,0,0.0,0,0.0
flight_number,IAD,IAH,UA,UA1439.0,IAH→IAD,,,2024-01-01,2024-12-31,32,32,0,0,0.0,1,0.03125,1,0.03125,8.47,-0.5,35.4,12.06,1.5,25.7,6,0.1875,2,0.0625,1,0.03125,-0.69,0.0,0,0.0,0,0.0
flight_number,IAD,IAH,UA,UA1549.0,IAH→IAD,,,2024-01-01,2024-12-31,135,135,0,0,0.0,3,0.022222,0,0.0,-2.96,-6.0,11.6,2.98,0.0,5.0,7,0.051852,5,0.037037,2,0.014815,-1.21,0.0,0,0.0,0,0.0
flight_number,IAD,IAH,UA,UA1640.0,IAH→IAD,,,2024-01-01,2024-12-31,58,58,0,0,0.0,5,0.086207,1,0.017241,11.86,-5.0,46.7,20.31,0.0,62.0,14,0.241379,11,0.189655,6,0.103448,1.93,0.0,0,0.0,0,0.0
flight_number,IAD,IAH,UA,UA1727.0,IAH→IAD,,,2024-01-01,2024-12-31,21,21,0,0,0.0,3,0.142857,2,0.095238,28.0,-6.0,65.0,28.29,0.0,67.0,4,0.190476,3,0.142857,3,0.142857,-6.19,0.0,0,0.0,0,0.0
flight_number,IAD,IAH,UA,UA1734.0,IAH→IAD,,,2024-01-01,2024-12-31,21,21,0,0,0.0,6,0.285714,1,0.047619,46.33,6.0,171.0,56.62,21.0,180.0,11,0.52381,8,0.380952,6,0.285714,5.81,4.0,0,0.0,0,0.0
flight_number,IAD,IAH,UA,UA1778.0,IAH→IAD,,,2024-01-01,2024-12-31,1,1,0,0,0.0,0,0.0,0,0.0,-12.0,-12.0,-12.0,0.0,0.0,0.0,0,0.0,0,0.0,0,0.0,0.0,0.0,0,,0,
flight_number,IAD,IAH,UA,UA1844.0,IAH→IAD,,,2024-01-01,2024-12-31,37,37,0,0,0.0,3,0.081081,0,0.0,12.81,5.0,54.6,17.54,4.0,67.8,9,0.243243,5,0.135135,5,0.135135,0.78,0.0,0,0.0,0,0.0
flight_number,IAD,IAH,UA,UA1887.0,IAH→IAD,,,2024-01-01,2024-12-31,82,82,0,0,0.0,8,0.097561,2,0.02439,18.12,2.0,54.8,26.5,6.0,57.6,27,0.329268,17,0.207317,8,0.097561,2.33,0.0,1,0.058824,0,0.0
flight_number,IAD,IAH,UA,UA1941.0,IAH→IAD,,,2024-01-01,2024-12-31,13,13,0,0,0.0,2,0.153846,0,0.0,18.46,1.0,82.4,17.77,2.0,61.6,3,0.230769,2,0.153846,2,0.153846,-4.23,0.0,0,0.0,0,0.0
flight_number,IAD,IAH,UA,UA1956.0,IAH→IAD,,,2024-01-01,2024-12-31,13,13,0,0,0.0,2,0.153846,0,0.0,15.0,5.0,61.4,23.77,13.0,58.6,6,0.461538,3,0.230769,2,0.153846,5.31,7.0,0,0.0,0,0.0
flight_number,IAD,IAH,UA,UA1966.0,IAH→IAD,,,2024-01-01,2024-12-31,1,1,0,0,0.0,0,0.0,0,0.0,-22.0,-22.0,-22.0,0.0,0.0,0.0,0,0.0,0,0.0,0,0.0,0.0,0.0,0,,0,
flight_number,IAD,IAH,UA,UA1975.0,IAH→IAD,,,2024-01-01,2024-12-31,8,8,0,0,0.0,1,0.125,0,0.0,11.0,-2.0,61.0,23.75,1.5,72.5,3,0.375,3,0.375,2,0.25,5.75,0.0,1,0.333333,0,0.0
flight_number,IAD,IAH,UA,UA2082.0,IAH→IAD,,,2024-01-01,2024-12-31,24,24,0,0,0.0,3,0.125,1,0.041667,16.0,-6.5,56.6,27.71,0.0,76.0,5,0.208333,5,0.208333,4,0.166667,4.62,0.0,0,0.0,0,0.0
flight_number,IAD,IAH,UA,UA2228.0,IAH→IAD,,,2024-01-01,2024-12-31,9,9,0,0,0.0,1,0.111111,0,0.0,13.11,1.0,56.2,26.0,20.0,66.4,5,0.555556,2,0.222222,1,0.111111,7.22,3.0,0,0.0,0,0.0
flight_number,IAD,IAH,UA,UA2237.0,IAH→IAD,,,2024-01-01,2024-12-31,53,52,1,0,0.018868,15,0.288462,3,0.057692,45.69,15.5,137.4,51.23,18.0,145.9,28,0.538462,20,0.384615,15,0.288462,4.42,4.0,0,0.0,0,0.0
flight_number,IAD,IAH,UA,UA2355.0,IAH→IAD,,,2024-01-01,2024-12-31,31,31,0,0,0.0,0,0.0,0,0.0,-0.84,1.0,10.0,6.58,2.0,16.0,4,0.129032,2,0.064516,0,0.0,1.68,0.0,2,0.666667,0,
flight_number,IAD,IAH,UA,UA2363.0,IAH→IAD,,,2024-01-01,2024-12-31,1,1,0,0,0.0,1,1.0,1,1.0,233.0,233.0,233.0,241.0,241.0,241.0,1,1.0,1,1.0,1,1.0,8.0,8.0,0,0.0,0,0.0
flight_number,IAD,IAH,UA,UA2366.0,IAH→IAD,,,2024-01-01,2024-12-31,29,29,0,0,0.0,1,0.034483,1,0.034483,22.38,14.0,34.2,22.31,10.0,37.2,12,0.413793,5,0.172414,2,0.068966,-0.34,-1.0,1,0.142857,0,0.0
flight_number,IAD,IAH,UA,UA2405.0,IAH→IAD,,,2024-01-01,2024-12-31,21,21,0,0,0.0,4,0.190476,0,0.0,31.29,14.0,88.0,37.62,21.0,80.0,12,0.571429,8,0.380952,5,0.238095,5.67,6.0,0,0.0,0,0.0
flight_number,IAD,IAH,UA,UA2412.0,IAH→IAD,,,2024-01-01,2024-12-31,53,52,1,0,0.018868,2,0.038462,1,0.019231,4.37,-3.5,14.0,10.0,0.0,17.7,6,0.115385,3,0.057692,3,0.057692,0.65,0.0,0,0.0,0,0.0
flight_number,IAD,IAH,UA,UA2461.0,IAH→IAD,,,2024-01-01,2024-12-31,53,51,2,2,0.037736,3,0.058824,1,0.019608,17.73,6.0,47.0,20.24,5.0,37.0,17,0.333333,7,0.137255,3,0.058824,-0.39,0.0,1,0.125,0,0.0
flight_number,IAD,IAH,UA,UA2474.0,IAH→IAD,,,2024-01-01,2024-12-31,8,7,1,0,0.125,0,0.0,0,0.0,0.14,-5.0,16.4,11.43,3.0,32.6,2,0.285714,1,0.142857,0,0.0,5.71,3.0,0,0.0,0,
flight_number,IAD,IAH,UA,UA2479.0,IAH→IAD,,,2024-01-01,2024-12-31,53,52,1,0,0.018868,10,0.192308,1,0.019231,29.83,12.5,96.8,39.19,14.0,120.4,25,0.480769,16,0.307692,14,0.269231,6.12,5.0,0,0.0,0,0.0
flight_number,IAD,IAH,UA,UA2484.0,IAH→IAD,,,2024-01-01,2024-12-31,36,36,0,0,0.0,0,0.0,0,0.0,-1.44,-3.5,20.5,4.25,0.0,15.5,4,0.111111,2,0.055556,0,0.0,-1.08,0.0,0,0.0,0,
flight_number,IAD,IAH,UA,UA2630.0,IAH→IAD,,,2024-01-01,2024-12-31,197,192,5,1,0.025381,10,0.052083,4,0.020833,9.5,-1.0,37.0,17.17,2.0,44.0,49,0.255208,29,0.151042,14,0.072917,1.83,0.0,3,0.1,0,0.0
flight_number,IAD,IAH,UA,UA2736.0,IAH→IAD,,,2024-01-01,2024-12-31,35,35,0,0,0.0,3,0.085714,2,0.057143,31.69,4.0,59.6,36.03,7.0,61.4,9,0.257143,6,0.171429,4,0.114286,0.86,2.0,0,0.0,0,0.0
flight_number,IAD,IAH,UA,UA326.0,IAH→IAD,,,2024-01-01,2024-12-31,61,61,0,0,0.0,3,0.04918,0,0.0,6.57,-1.0,30.0,12.07,3.0,26.0,14,0.229508,5,0.081967,3,0.04918,-0.15,0.0,0,0.0,0,0.0
flight_number,IAD,IAH,UA,UA337.0,IAH→IAD,,,2024-01-01,2024-12-31,1,1,0,0,0.0,0,0.0,0,0.0,-22.0,-22.0,-22.0,0.0,0.0,0.0,0,0.0,0,0.0,0,0.0,0.0,0.0,0,,0,
flight_number,IAD,IAH,UA,UA471.0,IAH→IAD,,,2024-01-01,2024-12-31,87,83,4,0,0.045977,3,0.036145,1,0.012048,0.77,-5.0,10.8,7.05,0.0,7.8,5,0.060241,4,0.048193,4,0.048193,-0.58,0.0,0,0.0,0,0.0
flight_number,IAD,IAH,UA,UA499.0,IAH→IAD,,,2024-01-01,2024-12-31,45,45,0,0,0.0,4,0.088889,2,0.044444,26.76,9.0,49.2,23.96,1.0,45.6,13,0.288889,6,0.133333,4,0.088889,-5.89,0.0,0,0.0,0,0.0
flight_number,IAD,IAH,UA,UA796.0,IAH→IAD,,,2024-01-01,2024-12-31,91,91,0,1,0.0,5,0.054945,1,0.010989,12.92,3.0,33.4,14.17,2.0,20.5,13,0.142857,8,0.087912,5,0.054945,-2.18,0.0,0,0.0,0,0.0
flight_number,IAD,IND,YX,YX3445.0,IND→IAD,,,2024-01-01,2024-12-31,208,202,6,0,0.028846,13,0.064356,1,0.00495,1.31,-9.0,34.9,12.06,0.0,40.0,36,0.178218,26,0.128713,15,0.074257,1.08,0.0,0,0.0,0,0.0
flight_number,IAD,IND,YX,YX3494.0,IND→IAD,,,2024-01-01,2024-12-31,341,339,2,0,0.005865,5,0.014749,1,0.00295,-8.62,-13.0,5.0,3.47,0.0,3.0,16,0.047198,8,0.023599,6,0.017699,-0.12,0.0,0,0.0,0,0.0
flight_number,IAD,IND,YX,YX3522.0,IND→IAD,,,2024-01-01,2024-12-31,32,32,0,0,0.0,1,0.03125,0,0.0,-4.38,-9.5,12.5,4.19,0.0,17.7,4,0.125,2,0.0625,0,0.0,-1.34,0.0,0,0.0,0,
flight_number,IAD,IND,YX,YX3526.0,IND→IAD,,,2024-01-01,2024-12-31,21,21,0,0,0.0,0,0.0,0,0.0,3.19,1.0,25.0,0.0,0.0,0.0,0,0.0,0,0.0,0,0.0,-8.19,-1.0,0,,0,
flight_number,IAD,IND,YX,YX3530.0,IND→IAD,,,2024-01-01,2024-12-31,313,313,0,2,0.0,10,0.031949,0,0.0,1.24,-4.0,17.0,4.84,0.0,7.0,24,0.076677,18,0.057508,9,0.028754,-2.36,0.0,0,0.0,0,0.0
flight_number,IAD,IND,YX,YX3698.0,IND→IAD,,,2024-01-01,2024-12-31,7,7,0,0,0.0,0,0.0,0,0.0,-9.29,-2.0,2.8,0.0,0.0,0.0,0,0.0,0,0.0,0,0.0,-1.0,0.0,0,,0,
flight_number,IAD,IND,YX,YX3709.0,IND→IAD,,,2024-01-01,2024-12-31,365,363,2,0,0.005479,6,0.016529,1,0.002755,-8.87,-12.0,2.0,3.04,0.0,1.0,15,0.041322,12,0.033058,6,0.016529,0.14,0.0,0,0.0,0,0.0
flight_number,IAD,JAX,G4,G4363.0,JAX→IAD,,,2024-01-01,2024-12-31,4,4,0,0,0.0,0,0.0,0,0.0,10.5,11.0,16.1,5.0,4.5,7.8,0,0.0,0,0.0,0,0.0,-5.5,-7.0,0,,0,
flight_number,IAD,JAX,G4,G4364.0,JAX→IAD,,,2024-01-01,2024-12-31,1,1,0,0,0.0,0,0.0,0,0.0,-22.0,-22.0,-22.0,0.0,0.0,0.0,0,0.0,0,0.0,0,0.0,0.0,0.0,0,,0,
flight_number,IAD,JAX,G4,G4365.0,JAX→IAD,,,2024-01-01,2024-12-31,1,1,0,0,0.0,0,0.0,0,0.0,-29.0,-29.0,-29.0,0.0,0.0,0.0,0,0.0,0,0.0,0,0.0,0.0,0.0,0,,0,
flight_number,IAD,JAX,G4,G4366.0,JAX→IAD,,,2024-01-01,2024-12-31,1,1,0,0,0.0,1,1.0,0,0.0,106.0,106.0,106.0,107.0,107.0,107.0,1,1.0,1,1.0,1,1.0,1.0,1.0,0,0.0,0,0.0
flight_number,IAD,JAX,G4,G4367.0,JAX→IAD,,,2024-01-01,2024-12-31,14,13,1,0,0.071429,3,0.230769,0,0.0,43.23,13.0,131.2,37.23,4.0,120.6,6,0.461538,4,0.307692,3,0.230769,-6.69,-3.0,0,0.0,0,0.0
flight_number,IAD,JAX,G4,G4369.0,JAX→IAD,,,2024-01-01,2024-12-31,4,4,0,0,0.0,1,0.25,1,0.25,43.75,-6.5,142.4,46.25,0.0,129.5,1,0.25,1,0.25,1,0.25,-5.25,0.0,0,0.0,0,0.0
flight_number,IAD,JAX,G4,G4373.0,JAX→IAD,,,2024-01-01,2024-12-31,1,1,0,0,0.0,0,0.0,0,0.0,-3.0,-3.0,-3.0,0.0,0.0,0.0,0,0.0,0,0.0,0,0.0,0.0,0.0,0,,0,
flight_number,IAD,JAX,G4,G4378.0,JAX→IAD,,,2024-01-01,2024-12-31,1,1,0,0,0.0,0,0.0,0,0.0,54.0,54.0,54.0,73.0,73.0,73.0,1,1.0,1,1.0,1,1.0,19.0,19.0,0,0.0,0,0.0
flight_number,IAD,JAX,G4,G4380.0,JAX→IAD,,,2024-01-01,2024-12-31,1,1,0,0,0.0,0,0.0,0,0.0,1.0,1.0,1.0,0.0,0.0,0.0,0,0.0,0,0.0,0,0.0,-1.0,-1.0,0,,0,
flight_number,IAD,JAX,G4,G4383.0,JAX→IAD,,,2024-01-01,2024-12-31,1,1,0,0,0.0,0,0.0,0,0.0,-16.0,-16.0,-16.0,0.0,0.0,0.0,0,0.0,0,0.0,0,0.0,0.0,0.0,0,,0,
flight_number,IAD,JAX,G4,G4389.0,JAX→IAD,,,2024-01-01,2024-12-31,1,1,0,0,0.0,0,0.0,0,0.0,11.0,11.0,11.0,26.0,26.0,26.0,1,1.0,0,0.0,0,0.0,15.0,15.0,0,,0,
flight_number,IAD,JAX,G4,G4393.0,JAX→IAD,,,2024-01-01,2024-12-31,3,3,0,0,0.0,0,0.0,0,0.0,-16.67,-18.0,-11.6,0.33,0.0,0.8,0,0.0,0,0.0,0,0.0,0.33,0.0,0,,0,
flight_number,IAD,JAX,G4,G4394.0,JAX→IAD,,,2024-01-01,2024-12-31,1,1,0,0,0.0,0,0.0,0,0.0,-4.0,-4.0,-4.0,0.0,0.0,0.0,0,0.0,0,0.0,0,0.0,0.0,0.0,0,,0,
flight_number,IAD,JAX,G4,G4401.0,JAX→IAD,,,2024-01-01,2024-12-31,2,2,0,0,0.0,0,0.0,0,0.0,-5.0,-5.0,-3.4,1.0,1.0,1.8,0,0.0,0,0.0,0,0.0,1.0,1.0,0,,0,
flight_number,IAD,JAX,G4,G4406.0,JAX→IAD,,,2024-01-01,2024-12-31,1,1,0,0,0.0,0,0.0,0,0.0,-28.0,-28.0,-28.0,0.0,0.0,0.0,0,0.0,0,0.0,0,0.0,0.0,0.0,0,,0,
flight_number,IAD,JAX,G4,G4407.0,JAX→IAD,,,2024-01-01,2024-12-31,5,5,0,0,0.0,0,0.0,0,0.0,-6.8,-6.0,6.4,0.0,0.0,0.0,0,0.0,0,0.0,0,0.0,-2.2,0.0,0,,0,
flight_number,IAD,JAX,G4,G4408.0,JAX→IAD,,,2024-01-01,2024-12-31,8,8,0,0,0.0,0,0.0,0,0.0,-3.12,-5.5,6.0,2.88,0.0,7.8,1,0.125,0,0.0,0,0.0,0.38,0.0,0,,0,
flight_number,IAD,JAX,G4,G4412.0,JAX→IAD,,,2024-01-01,2024-12-31,8,8,0,0,0.0,3,0.375,0,0.0,37.25,11.5,102.7,42.62,18.5,101.4,4,0.5,4,0.5,2,0.25,1.38,0.0,0,0.0,0,0.0
flight_number,IAD,JAX,G4,G4413.0,JAX→IAD,,,2024-01-01,2024-12-31,1,1,0,0,0.0,0,0.0,0,0.0,-7.0,-7.0,-7.0,5.0,5.0,5.0,0,0.0,0,0.0,0,0.0,5.0,5.0,0,,0,
flight_number,IAD,JAX,G4,G4423.0,JAX→IAD,,,2024-01-01,2024-12-31,4,4,0,0,0.0,0,0.0,0,0.0,-4.25,-20.0,26.1,6.25,0.0,17.5,1,0.25,0,0.0,0,0.0,-5.0,0.0,0,,0,
flight_number,IAD,JAX,G4,G4427.0,JAX→IAD,,,2024-01-01,2024-12-31,2,2,0,0,0.0,0,0.0,0,0.0,-29.5,-29.5,-27.5,0.0,0.0,0.0,0,0.0,0,0.0,0,0.0,0.0,0.0,0,,0,
flight_number,IAD,JAX,G4,G4428.0,JAX→IAD,,,2024-01-01,2024-12-31,2,2,0,0,0.0,0,0.0,0,0.0,2.5,2.5,2.9,0.0,0.0,0.0,0,0.0,0,0.0,0,0.0,-2.5,-2.5,0,,0,
flight_number,IAD,JAX,UA,UA1267.0,JAX→IAD,,,2024-01-01,2024-12-31,37,37,0,0,0.0,0,0.0,0,0.0,-6.65,-11.0,11.8,1.32,0.0,0.0,2,0.054054,0,0.0,0,0.0,-1.97,0.0,0,0.0,0,
flight_number,IAD,JAX,UA,UA1349.0,JAX→IAD,,,2024-01-01,2024-12-31,16,16,0,0,0.0,1,0.0625,0,0.0,3.81,-3.0,25.5,5.0,0.0,22.5,3,0.1875,1,0.0625,0,0.0,-4.88,0.0,0,0.0,0,
flight_number,IAD,JAX,UA,UA1437.0,JAX→IAD,,,2024-01-01,2024-12-31,16,16,0,0,0.0,2,0.125,1,0.0625,12.88,-5.0,34.0,18.44,0.0,37.5,2,0.125,2,0.125,2,0.125,-0.88,0.0,0,0.0,0,0.0
flight_number,IAD,JAX,UA,UA1757.0,JAX→IAD,,,2024-01-01,2024-12-31,234,232,2,3,0.008547,23,0.099138,7,0.030172,17.13,-4.0,59.4,22.87,0.0,60.2,42,0.181034,36,0.155172,23,0.099138,-0.66,0.0,0,0.0,0,0.0
flight_number,IAD,JAX,UA,UA1783.0,JAX→IAD,,,2024-01-01,2024-12-31,1,1,0,0,0.0,0,0.0,0,0.0,-2.0,-2.0,-2.0,0.0,0.0,0.0,0,0.0,0,0.0,0,0.0,0.0,0.0,0,,0,
flight_number,IAD,JAX,UA,UA1825.0,JAX→IAD,,,2024-01-01,2024-12-31,31,31,0,0,0.0,0,0.0,0,0.0,-11.71,-15.0,0.0,0.26,0.0,0.0,0,0.0,0,0.0,0,0.0,-1.19,0.0,0,,0,
flight_number,IAD,JAX,UA,UA1844.0,JAX→IAD,,,2024-01-01,2024-12-31,49,46,3,0,0.061224,4,0.086957,2,0.043478,11.22,-10.0,16.0,22.35,0.0,18.0,6,0.130435,4,0.086957,4,0.086957,0.93,0.0,0,0.0,0,0.0
flight_number,IAD,JAX,UA,UA1848.0,JAX→IAD,,,2024-01-01,2024-12-31,31,31,0,0,0.0,1,0.032258,0,0.0,-2.1,-9.0,13.0,8.35,0.0,26.0,7,0.225806,3,0.096774,1,0.032258,1.81,0.0,0,0.0,0,0.0
flight_number,IAD,JAX,UA,UA1893.0,JAX→IAD,,,2024-01-01,2024-12-31,26,26,0,0,0.0,1,0.038462,0,0.0,-9.12,-18.0,0.0,7.5,0.0,0.0,1,0.038462,1,0.038462,1,0.038462,-0.54,0.0,0,0.0,0,0.0
flight_number,IAD,JAX,UA,UA2011.0,JAX→IAD,,,2024-01-01,2024-12-31,1,1,0,0,0.0,0,0.0,0,0.0,10.0,10.0,10.0,14.0,14.0,14.0,0,0.0,0,0.0,0,0.0,4.0,4.0,0,,0,
flight_number,IAD,JAX,UA,UA2279.0,JAX→IAD,,,2024-01-01,2024-12-31,34,34,0,0,0.0,0,0.0,0,0.0,-10.62,-12.5,0.7,1.12,0.0,0.0,1,0.029412,1,0.029412,0,0.0,0.47,0.0,0,0.0,0,
flight_number,IAD,JAX,UA,UA2344.0,JAX→IAD,,,2024-01-01,2024-12-31,50,48,2,0,0.04,2,0.041667,0,0.0,7.0,-3.0,37.8,9.54,0.0,36.1,7,0.145833,7,0.145833,2,0.041667,-2.38,0.0,0,0.0,0,0.0
flight_number,IAD,JAX,UA,UA2477.0,JAX→IAD,,,2024-01-01,2024-12-31,12,12,0,0,0.0,1,0.083333,0,0.0,9.5,-1.5,36.1,14.0,0.0,31.5,3,0.25,2,0.166667,1,0.083333,-0.08,0.0,0,0.0,0,0.0
flight_number,IAD,JAX,UA,UA2734.0,JAX→IAD,,,2024-01-01,2024-12-31,4,4,0,0,0.0,0,0.0,0,0.0,-9.5,-8.0,-6.0,2.25,0.0,6.3,0,0.0,0,0.0,0,0.0,2.25,0.0,0,,0,
flight_number,IAD,JAX,UA,UA282.0,JAX→IAD,,,2024-01-01,2024-12-31,1,1,0,0,0.0,0,0.0,0,0.0,-26.0,-26.0,-26.0,0.0,0.0,0.0,0,0.0,0,0.0,0,0.0,0.0,0.0,0,,0,
flight_number,IAD,JAX,UA,UA2865.0,JAX→IAD,,,2024-01-01,2024-12-31,38,37,1,0,0.026316,2,0.054054,2,0.054054,24.35,-10.0,30.0,34.81,0.0,26.2,6,0.162162,4,0.108108,2,0.054054,-0.35,0.0,0,0.0,0,0.0
flight_number,IAD,JAX,UA,UA310.0,JAX→IAD,,,2024-01-01,2024-12-31,8,8,0,0,0.0,1,0.125,1,0.125,10.62,-19.5,59.3,28.38,0.0,68.1,1,0.125,1,0.125,1,0.125,1.62,0.0,0,0.0,0,0.0
flight_number,IAD,JAX,UA,UA441.0,JAX→IAD,,,2024-01-01,2024-12-31,45,45,0,0,0.0,2,0.044444,1,0.022222,-1.13,-13.0,20.6,11.98,0.0,23.0,6,0.133333,4,0.088889,2,0.044444,1.02,0.0,0,0.0,0,0.0
flight_number,IAD,JAX,YX,YX3447.0,JAX→IAD,,,2024-01-01,2024-12-31,5,5,0,0,0.0,0,0.0,0,0.0,-13.2,-11.0,-4.2,0.0,0.0,0.0,0,0.0,0,0.0,0,0.0,0.0,0.0,0,,0,
flight_number,IAD,JAX,YX,YX3455.0,JAX→IAD,,,2024-01-01,2024-12-31,7,7,0,0,0.0,0,0.0,0,0.0,-0.57,-6.0,11.4,0.86,0.0,2.4,0,0.0,0,0.0,0,0.0,-3.86,0.0,0,,0,
flight_number,IAD,JAX,YX,YX3471.0,JAX→IAD,,,2024-01-01,2024-12-31,34,34,0,0,0.0,2,0.058824,0,0.0,1.32,-11.0,40.2,11.38,0.0,38.6,6,0.176471,5,0.147059,3,0.088235,-0.12,0.0,0,0.0,0,0.0
flight_number,IAD,JAX,YX,YX3483.0,JAX→IAD,,,2024-01-01,2024-12-31,53,53,0,0,0.0,1,0.018868,0,0.0,-9.77,-15.0,13.8,3.77,0.0,7.6,4,0.075472,2,0.037736,1,0.018868,-0.06,0.0,0,0.0,0,0.0
flight_number,IAD,JAX,YX,YX3551.0,JAX→IAD,,,2024-01-01,2024-12-31,52,52,0,0,0.0,7,0.134615,2,0.038462,11.62,-4.0,70.5,15.85,0.0,32.8,9,0.173077,6,0.115385,4,0.076923,-4.38,0.0,0,0.0,0,0.0
flight_number,IAD,JAX,YX,YX3622.0,JAX→IAD,,,2024-01-01,2024-12-31,3,3,0,0,0.0,0,0.0,0,0.0,-11.67,-12.0,-7.2,0.0,0.0,0.0,0,0.0,0,0.0,0,0.0,0.0,0.0,0,,0,
flight_number,IAD,JFK,9E,9E4997.0,JFK→IAD,,,2024-01-01,2024-12-31,11,11,0,0,0.0,1,0.090909,0,0.0,-3.36,-15.0,17.0,9.09,0.0,13.0,1,0.090909,1,0.090909,1,0.090909,1.64,0.0,0,0.0,0,0.0
flight_number,IAD,JFK,9E,9E5159.0,JFK→IAD,,,2024-01-01,2024-12-31,28,28,0,0,0.0,0,0.0,0,0.0,-13.32,-18.5,12.2,1.96,0.0,1.2,2,0.071429,0,0.0,0,0.0,-1.61,0.0,0,,0,
flight_number,IAD,JFK,9E,9E5267.0,JFK→IAD,,,2024-01-01,2024-12-31,4,4,0,0,0.0,0,0.0,0,0.0,-9.25,-18.0,7.9,0.0,0.0,0.0,0,0.0,0,0.0,0,0.0,-4.75,0.0,0,,0,
flight_number,IAD,JFK,9E,9E5299.0,JFK→IAD,,,2024-01-01,2024-12-31,5,5,0,0,0.0,0,0.0,0,0.0,-21.4,-20.0,-11.2,0.0,0.0,0.0,0,0.0,0,0.0,0,0.0,0.0,0.0,0,,0,
flight_number,IAD,JFK,9E,9E5381.0,JFK→IAD,,,2024-01-01,2024-12-31,92,91,1,0,0.01087,6,0.065934,1,0.010989,-5.63,-15.0,9.0,6.99,0.0,10.0,9,0.098901,6,0.065934,3,0.032967,-1.53,0.0,0,0.0,0,0.0
flight_number,IAD,JFK,9E,9E5411.0,JFK→IAD,,,2024-01-01,2024-12-31,35,35,0,0,0.0,1,0.028571,0,0.0,-11.8,-15.0,2.2,2.4,0.0,0.0,2,0.057143,1,0.028571,1,0.028571,0.11,0.0,0,0.0,0,0.0
flight_number,IAD,JFK,OO,OO3850.0,JFK→IAD,,,2024-01-01,2024-12-31,33,32,1,0,0.030303,3,0.09375,0,0.0,7.62,-12.5,56.3,21.34,0.0,63.6,11,0.34375,9,0.28125,4,0.125,1.59,0.0,2,0.222222,0,0.0
flight_number,IAD,JFK,OO,OO3876.0,JFK→IAD,,,2024-01-01,2024-12-31,28,28,0,0,0.0,2,0.071429,0,0.0,1.07,-15.0,55.0,13.54,0.0,58.2,6,0.214286,4,0.142857,3,0.107143,-1.0,0.0,0,0.0,0,0.0
flight_number,IAD,JFK,OO,OO3904.0,JFK→IAD,,,2024-01-01,2024-12-31,1,1,0,0,0.0,0,0.0,0,0.0,-12.0,-12.0,-12.0,0.0,0.0,0.0,0,0.0,0,0.0,0,0.0,0.0,0.0,0,,0,
flight_number,IAD,JFK,OO,OO3917.0,JFK→IAD,,,2024-01-01,2024-12-31,28,28,0,0,0.0,3,0.107143,1,0.035714,6.54,-11.0,50.2,16.57,0.0,30.9,3,0.107143,3,0.107143,3,0.107143,-1.11,0.0,0,0.0,0,0.0
flight_number,IAD,JFK,OO,OO3931.0,JFK→IAD,,,2024-01-01,2024-12-31,134,131,3,1,0.022388,27,0.206107,6,0.045802,32.37,0.0,148.1,38.51,0.0,131.8,45,0.343511,39,0.29771,26,0.198473,-1.42,0.0,3,0.076923,0,0.0
flight_number,IAD,JFK,OO,OO3950.0,JFK→IAD,,,2024-01-01,2024-12-31,2,2,0,0,0.0,0,0.0,0,0.0,-3.5,-3.5,3.3,0.0,0.0,0.0,0,0.0,0,0.0,0,0.0,-2.5,-2.5,0,,0,
flight_number,IAD,JFK,OO,OO3965.0,JFK→IAD,,,2024-01-01,2024-12-31,31,31,0,0,0.0,2,0.064516,1,0.032258,0.81,-11.0,11.0,12.39,0.0,14.0,3,0.096774,3,0.096774,2,0.064516,1.39,0.0,0,0.0,0,0.0
flight_number,IAD,JFK,OO,OO3990.0,JFK→IAD,,,2024-01-01,2024-12-31,164,163,1,0,0.006098,13,0.079755,3,0.018405,6.5,-9.0,36.6,15.91,0.0,40.4,27,0.165644,23,0.141104,14,0.08589,-0.21,0.0,1,0.043478,0,0.0
flight_number,IAD,JFK,OO,OO4026.0,JFK→IAD,,,2024-01-01,2024-12-31,31,31,0,0,0.0,1,0.032258,1,0.032258,2.42,-12.0,30.0,11.58,0.0,31.0,5,0.16129,4,0.129032,1,0.032258,-0.97,0.0,0,0.0,0,0.0
flight_number,IAD,JFK,OO,OO4176.0,JFK→IAD,,,2024-01-01,2024-12-31,62,60,2,0,0.032258,11,0.183333,2,0.033333,19.95,-7.5,123.2,28.53,0.0,119.8,16,0.266667,15,0.25,11,0.183333,-0.68,0.0,0,0.0,0,0.0
flight_number,IAD,JFK,YX,YX5747.0,JFK→IAD,,,2024-01-01,2024-12-31,26,26,0,0,0.0,2,0.076923,0,0.0,7.58,-5.0,37.0,10.23,0.0,28.0,4,0.153846,3,0.115385,1,0.038462,-3.19,0.0,0,0.0,0,0.0
flight_number,IAD,JST,OO,OO5046.0,JST→IAD,,,2024-01-01,2024-12-31,366,358,8,0,0.021858,39,0.108939,12,0.03352,7.83,-13.0,65.3,21.26,0.0,62.6,70,0.195531,53,0.148045,38,0.106145,0.14,0.0,3,0.054545,0,0.0
flight_number,IAD,LAS,UA,UA1006.0,LAS→IAD,,,2024-01-01,2024-12-31,4,4,0,0,0.0,0,0.0,0,0.0,-3.5,-9.5,21.2,5.75,0.0,16.1,1,0.25,0,0.0,0,0.0,-2.25,0.0,0,,0,
flight_number,IAD,LAS,UA,UA1086.0,LAS→IAD,,,2024-01-01,2024-12-31,8,8,0,0,0.0,0,0.0,0,0.0,-0.38,-8.0,26.7,7.88,0.0,19.3,1,0.125,1,0.125,1,0.125,0.25,0.0,0,0.0,0,0.0
flight_number,IAD,LAS,UA,UA1540.0,LAS→IAD,,,2024-01-01,2024-12-31,16,16,0,0,0.0,1,0.0625,0,0.0,14.81,9.5,22.5,7.81,0.0,10.0,1,0.0625,1,0.0625,1,0.0625,-9.62,-7.0,0,0.0,0,0.0
flight_number,IAD,LAS,UA,UA1544.0,LAS→IAD,,,2024-01-01,2024-12-31,16,16,0,0,0.0,0,0.0,0,0.0,-6.25,-10.0,13.5,1.62,0.0,5.0,0,0.0,0,0.0,0,0.0,-2.81,0.0,0,,0,
flight_number,IAD,LAS,UA,UA1573.0,LAS→IAD,,,2024-01-01,2024-12-31,4,4,0,0,0.0,0,0.0,0,0.0,-8.25,-11.0,7.9,7.5,4.0,17.8,1,0.25,0,0.0,0,0.0,4.25,4.0,0,,0,
flight_number,IAD,LAS,UA,UA1627.0,LAS→IAD,,,2024-01-01,2024-12-31,293,290,3,3,0.010239,12,0.041379,1,0.003448,-6.54,-12.0,13.4,6.73,0.0,6.4,20,0.068966,14,0.048276,12,0.041379,-0.52,0.0,0,0.0,0,0.0
flight_number,IAD,LAS,UA,UA1818.0,LAS→IAD,,,2024-01-01,2024-12-31,77,77,0,0,0.0,1,0.012987,0,0.0,-13.91,-19.0,14.4,6.49,0.0,24.4,10,0.12987,7,0.090909,2,0.025974,2.14,0.0,0,0.0,0,0.0
flight_number,IAD,LAS,UA,UA1961.0,LAS→IAD,,,2024-01-01,2024-12-31,229,219,10,1,0.043668,17,0.077626,6,0.027397,10.25,-7.5,56.0,20.89,0.0,64.0,49,0.223744,36,0.164384,23,0.105023,0.37,0.0,0,0.0,1,0.043478
flight_number,IAD,LAS,UA,UA1987.0,LAS→IAD,,,2024-01-01,2024-12-31,31,30,1,0,0.032258,1,0.033333,0,0.0,-9.33,-18.0,8.8,6.23,0.0,9.2,2,0.066667,1,0.033333,1,0.033333,-0.23,0.0,0,0.0,0,0.0
flight_number,IAD,LAS,UA,UA2038.0,LAS→IAD,,,2024-01-01,2024-12-31,30,29,1,0,0.033333,4,0.137931,2,0.068966,25.62,-6.0,91.2,38.55,0.0,81.6,9,0.310345,7,0.241379,4,0.137931,2.0,0.0,0,0.0,0,0.0
flight_number,IAD,LAS,UA,UA2109.0,LAS→IAD,,,2024-01-01,2024-12-31,23,23,0,0,0.0,1,0.043478,0,0.0,-11.39,-18.0,5.4,4.3,0.0,1.6,2,0.086957,1,0.043478,1,0.043478,0.04,0.0,1,0.5,0,0.0
flight_number,IAD,LAS,UA,UA2144.0,LAS→IAD,,,2024-01-01,2024-12-31,1,1,0,0,0.0,0,0.0,0,0.0,58.0,58.0,58.0,39.0,39.0,39.0,1,1.0,1,1.0,0,0.0,-19.0,-19.0,0,0.0,0,
flight_number,IAD,LAS,UA,UA2230.0,LAS→IAD,,,2024-01-01,2024-12-31,65,65,0,0,0.0,4,0.061538,1,0.015385,-2.51,-15.0,17.2,13.35,0.0,13.6,6,0.092308,6,0.092308,3,0.046154,0.66,0.0,0,0.0,0,0.0
flight_number,IAD,LAS,UA,UA2382.0,LAS→IAD,,,2024-01-01,2024-12-31,36,35,1,0,0.027778,2,0.057143,0,0.0,-2.03,-7.0,26.8,8.06,0.0,23.2,6,0.171429,3,0.085714,1,0.028571,-0.34,0.0,0,0.0,0,0.0
flight_number,IAD,LAS,UA,UA2625.0,LAS→IAD,,,2024-01-01,2024-12-31,1,1,0,0,0.0,0,0.0,0,0.0,14.0,14.0,14.0,0.0,0.0,0.0,0,0.0,0,0.0,0,0.0,-14.0,-14.0,0,,0,
flight_number,IAD,LAS,UA,UA2663.0,LAS→IAD,,,2024-01-01,2024-12-31,21,20,1,0,0.047619,1,0.05,1,0.05,1.7,-9.0,27.2,11.85,0.0,6.5,1,0.05,1,0.05,1,0.05,-1.9,0.0,0,0.0,0,0.0
flight_number,IAD,LAS,UA,UA324.0,LAS→IAD,,,2024-01-01,2024-12-31,1,1,0,0,0.0,0,0.0,0,0.0,-4.0,-4.0,-4.0,0.0,0.0,0.0,0,0.0,0,0.0,0,0.0,0.0,0.0,0,,0,
flight_number,IAD,LAS,UA,UA362.0,LAS→IAD,,,2024-01-01,2024-12-31,26,26,0,0,0.0,0,0.0,0,0.0,-15.69,-17.0,-1.5,2.73,0.0,1.0,2,0.076923,1,0.038462,0,0.0,0.19,0.0,0,0.0,0,
flight_number,IAD,LAS,UA,UA370.0,LAS→IAD,,,2024-01-01,2024-12-31,1,1,0,0,0.0,0,0.0,0,0.0,14.0,14.0,14.0,4.0,4.0,4.0,0,0.0,0,0.0,0,0.0,-10.0,-10.0,0,,0,
flight_number,IAD,LAS,UA,UA526.0,LAS→IAD,,,2024-01-01,2024-12-31,13,13,0,0,0.0,0,0.0,0,0.0,-11.31,-13.0,6.6,3.08,0.0,12.8,0,0.0,0,0.0,0,0.0,1.31,0.0,0,,0,
flight_number,IAD,LAS,UA,UA662.0,LAS→IAD,,,2024-01-01,2024-12-31,13,13,0,0,0.0,1,0.076923,1,0.076923,14.92,-8.0,2.4,31.31,0.0,16.4,2,0.153846,1,0.076923,1,0.076923,3.85,0.0,0,0.0,0,0.0
flight_number,IAD,LAS,UA,UA709.0,LAS→IAD,,,2024-01-01,2024-12-31,32,32,0,0,0.0,0,0.0,0,0.0,-16.94,-22.0,-4.2,3.88,0.0,7.8,2,0.0625,1,0.03125,1,0.03125,1.84,0.0,0,0.0,0,0.0
flight_number,IAD,LAS,UA,UA714.0,LAS→IAD,,,2024-01-01,2024-12-31,1,1,0,0,0.0,1,1.0,0,0.0,90.0,90.0,90.0,91.0,91.0,91.0,1,1.0,1,1.0,1,1.0,1.0,1.0,0,0.0,0,0.0
flight_number,IAD,LAS,UA,UA797.0,LAS→IAD,,,2024-01-01,2024-12-31,2,2,0,0,0.0,0,0.0,0,0.0,-19.0,-19.0,-18.2,0.0,0.0,0.0,0,0.0,0,0.0,0,0.0,0.0,0.0,0,,0,
flight_number,IAD,LAX,AS,AS308.0,LAX→IAD,,,2024-01-01,2024-12-31,5,5,0,0,0.0,1,0.2,0,0.0,26.2,19.0,52.4,45.8,48.0,76.0,4,0.8,3,0.6,1,0.2,19.6,23.0,0,0.0,0,0.0
flight_number,IAD,LAX,AS,AS310.0,LAX→IAD,,,2024-01-01,2024-12-31,320,319,1,2,0.003125,12,0.037618,1,0.003135,2.99,-4.0,23.4,7.28,0.0,16.0,33,0.103448,24,0.075235,10,0.031348,-2.29,0.0,0,0.0,0,0.0
flight_number,IAD,LAX,AS,AS339.0,LAX→IAD,,,2024-01-01,2024-12-31,141,141,0,0,0.0,10,0.070922,0,0.0,7.66,-1.0,42.0,16.62,2.0,55.0,43,0.304965,26,0.184397,10,0.070922,2.95,0.0,2,0.076923,0,0.0
flight_number,IAD,LAX,AS,AS413.0,LAX→IAD,,,2024-01-01,2024-12-31,1,1,0,0,0.0,0,0.0,0,0.0,7.0,7.0,7.0,4.0,4.0,4.0,0,0.0,0,0.0,0,0.0,-3.0,-3.0,0,,0,
flight_number,IAD,LAX,UA,UA1071.0,LAX→IAD,,,2024-01-01,2024-12-31,31,31,0,0,0.0,1,0.032258,0,0.0,-7.03,-13.0,11.0,4.39,0.0,13.0,2,0.064516,2,0.064516,1,0.032258,-0.39,0.0,0,0.0,0,0.0
flight_number,IAD,LAX,UA,UA1140.0,LAX→IAD,,,2024-01-01,2024-12-31,186,182,4,0,0.021505,7,0.038462,3,0.016484,5.55,-2.5,28.9,12.47,0.0,33.7,31,0.17033,20,0.10989,9,0.049451,-0.45,0.0,3,0.142857,0,0.0
flight_number,IAD,LAX,UA,UA1164.0,LAX→IAD,,,2024-01-01,2024-12-31,37,27,10,0,0.27027,0,0.0,0,0.0,-4.19,-7.0,20.4,1.67,0.0,3.4,1,0.037037,0,0.0,0,0.0,-3.59,0.0,0,,0,
flight_number,IAD,LAX,UA,UA1554.0,LAX→IAD,,,2024-01-01,2024-12-31,35,34,1,0,0.028571,1,0.029412,0,0.0,-9.24,-14.5,12.7,7.59,0.0,12.1,3,0.088235,2,0.058824,1,0.029412,1.09,0.0,0,0.0,0,0.0
flight_number,IAD,LAX,UA,UA1573.0,LAX→IAD,,,2024-01-01,2024-12-31,116,116,0,0,0.0,2,0.017241,0,0.0,-10.89,-14.0,8.0,5.41,0.0,10.0,11,0.094828,8,0.068966,3,0.025862,1.56,0.0,2,0.222222,0,0.0
flight_number,IAD,LAX,UA,UA1596.0,LAX→IAD,,,2024-01-01,2024-12-31,21,21,0,0,0.0,1,0.047619,0,0.0,-7.43,-7.0,7.0,7.38,0.0,13.0,2,0.095238,1,0.047619,1,0.047619,1.71,0.0,0,0.0,0,0.0
flight_number,IAD,LAX,UA,UA1607.0,LAX→IAD,,,2024-01-01,2024-12-31,21,21,0,0,0.0,1,0.047619,0,0.0,-10.29,-13.0,14.0,9.81,0.0,41.0,4,0.190476,3,0.142857,1,0.047619,4.38,0.0,1,0.333333,0,0.0
flight_number,IAD,LAX,UA,UA1635.0,LAX→IAD,,,2024-01-01,2024-12-31,322,320,2,3,0.006211,16,0.05,1,0.003125,1.25,-5.0,26.4,10.91,0.0,29.0,52,0.1625,30,0.09375,19,0.059375,0.25,0.0,1,0.033333,0,0.0
flight_number,IAD,LAX,UA,UA1642.0,LAX→IAD,,,2024-01-01,2024-12-31,16,16,0,0,0.0,1,0.0625,0,0.0,14.19,7.0,36.0,15.69,4.0,47.0,6,0.375,3,0.1875,1,0.0625,1.0,1.0,1,0.333333,0,0.0
flight_number,IAD,LAX,UA,UA1778.0,LAX→IAD,,,2024-01-01,2024-12-31,53,52,1,0,0.018868,3,0.057692,0,0.0,0.92,-7.0,27.4,14.12,3.5,37.8,15,0.288462,7,0.134615,3,0.057692,3.85,1.5,1,0.142857,0,0.0
flight_number,IAD,LAX,UA,UA1834.0,LAX→IAD,,,2024-01-01,2024-12-31,32,32,0,1,0.0,1,0.03125,1,0.03125,-1.29,-11.0,9.0,11.42,0.0,9.0,3,0.09375,2,0.0625,1,0.03125,2.32,0.0,1,0.5,0,0.0
flight_number,IAD,LAX,UA,UA1835.0,LAX→IAD,,,2024-01-01,2024-12-31,32,32,0,0,0.0,0,0.0,0,0.0,-19.31,-20.0,-6.0,3.12,0.0,8.0,3,0.09375,1,0.03125,0,0.0,1.94,0.0,1,1.0,0,
flight_number,IAD,LAX,UA,UA1843.0,LAX→IAD,,,2024-01-01,2024-12-31,256,254,2,0,0.007812,7,0.027559,1,0.003937,-6.12,-12.5,21.4,9.86,0.0,29.4,42,0.165354,25,0.098425,13,0.051181,2.87,0.0,2,0.076923,0,0.0
flight_number,IAD,LAX,UA,UA1892.0,LAX→IAD,,,2024-01-01,2024-12-31,327,325,2,0,0.006116,7,0.021538,0,0.0,-4.32,-7.0,18.2,7.59,0.0,22.0,50,0.153846,23,0.070769,7,0.021538,1.55,0.0,2,0.083333,0,0.0
flight_number,IAD,LAX,UA,UA2062.0,LAX→IAD,,,2024-01-01,2024-12-31,21,21,0,0,0.0,0,0.0,0,0.0,-1.48,-3.0,19.0,10.05,1.0,34.0,4,0.190476,3,0.142857,1,0.047619,2.71,0.0,0,0.0,0,0.0
flight_number,IAD,LAX,UA,UA2066.0,LAX→IAD,,,2024-01-01,2024-12-31,31,31,0,0,0.0,2,0.064516,1,0.032258,12.52,-2.0,40.0,16.61,0.0,16.0,4,0.129032,3,0.096774,2,0.064516,-3.97,0.0,0,0.0,0,0.0
flight_number,IAD,LAX,UA,UA2151.0,LAX→IAD,,,2024-01-01,2024-12-31,31,31,0,0,0.0,0,0.0,0,0.0,-6.45,-14.0,26.0,7.26,0.0,24.0,6,0.193548,3,0.096774,1,0.032258,1.29,0.0,0,0.0,0,0.0
flight_number,IAD,LAX,UA,UA2159.0,LAX→IAD,,,2024-01-01,2024-12-31,53,53,0,0,0.0,1,0.018868,0,0.0,-7.4,-12.0,10.2,8.68,0.0,26.6,8,0.150943,3,0.056604,1,0.018868,3.17,0.0,0,0.0,0,0.0
flight_number,IAD,LAX,UA,UA2189.0,LAX→IAD,,,2024-01-01,2024-12-31,1,1,0,0,0.0,0,0.0,0,0.0,-10.0,-10.0,-10.0,0.0,0.0,0.0,0,0.0,0,0.0,0,0.0,0.0,0.0,0,,0,
flight_number,IAD,LAX,UA,UA2194.0,LAX→IAD,,,2024-01-01,2024-12-31,4,4,0,0,0.0,0,0.0,0,0.0,-2.75,-9.5,11.3,6.0,4.0,12.7,1,0.25,0,0.0,0,0.0,1.0,1.5,0,,0,
flight_number,IAD,LAX,UA,UA2238.0,LAX→IAD,,,2024-01-01,2024-12-31,38,38,0,0,0.0,2,0.052632,1,0.026316,10.42,-6.0,14.5,14.0,0.0,7.6,1,0.026316,1,0.026316,1,0.026316,-5.55,0.0,0,0.0,0,0.0
flight_number,IAD,LAX,UA,UA2282.0,LAX→IAD,,,2024-01-01,2024-12-31,12,12,0,0,0.0,0,0.0,0,0.0,3.17,-7.0,44.1,17.67,17.5,40.6,7,0.583333,3,0.25,0,0.0,4.92,0.0,1,0.333333,0,
flight_number,IAD,LAX,UA,UA234.0,LAX→IAD,,,2024-01-01,2024-12-31,21,21,0,0,0.0,2,0.095238,0,0.0,-3.57,-12.0,40.0,12.86,0.0,51.0,4,0.190476,4,0.190476,2,0.095238,3.52,0.0,1,0.25,0,0.0
flight_number,IAD,LAX,UA,UA2411.0,LAX→IAD,,,2024-01-01,2024-12-31,21,21,0,0,0.0,0,0.0,0,0.0,-7.38,-7.0,10.0,4.86,0.0,16.0,3,0.142857,1,0.047619,0,0.0,1.33,0.0,0,0.0,0,
flight_number,IAD,LAX,UA,UA2413.0,LAX→IAD,,,2024-01-01,2024-12-31,8,8,0,0,0.0,1,0.125,0,0.0,14.62,9.5,31.4,13.5,0.0,35.7,1,0.125,1,0.125,1,0.125,-2.0,-3.0,0,0.0,0,0.0
flight_number,IAD,LAX,UA,UA2487.0,LAX→IAD,,,2024-01-01,2024-12-31,13,13,0,0,0.0,0,0.0,0,0.0,-3.38,-6.0,10.6,4.77,0.0,14.8,2,0.153846,1,0.076923,0,0.0,0.08,0.0,0,0.0,0,
flight_number,IAD,LAX,UA,UA251.0,LAX→IAD,,,2024-01-01,2024-12-31,13,12,1,0,0.076923,0,0.0,0,0.0,-14.17,-9.0,-6.1,3.58,0.0,2.7,1,0.083333,1,0.083333,0,0.0,3.5,0.0,1,1.0,0,
flight_number,IAD,LAX,UA,UA2667.0,LAX→IAD,,,2024-01-01,2024-12-31,175,175,0,2,0.0,6,0.034286,1,0.005714,-8.61,-14.0,8.8,7.36,0.0,14.8,17,0.097143,11,0.062857,7,0.04,1.19,0.0,1,0.090909,0,0.0
flight_number,IAD,LAX,UA,UA2726.0,LAX→IAD,,,2024-01-01,2024-12-31,1,1,0,0,0.0,0,0.0,0,0.0,-21.0,-21.0,-21.0,0.0,0.0,0.0,0,0.0,0,0.0,0,0.0,0.0,0.0,0,,0,
flight_number,IAD,LAX,UA,UA2732.0,LAX→IAD,,,2024-01-01,2024-12-31,13,13,0,0,0.0,2,0.153846,0,0.0,23.69,17.0,75.4,25.0,12.0,82.0,5,0.384615,4,0.307692,2,0.153846,-2.77,0.0,0,0.0,0,0.0
flight_number,IAD,LAX,UA,UA352.0,LAX→IAD,,,2024-01-01,2024-12-31,32,31,1,0,0.03125,2,0.064516,0,0.0,5.48,-3.0,19.0,13.19,0.0,34.0,5,0.16129,4,0.129032,2,0.064516,0.65,0.0,0,0.0,0,0.0
flight_number,IAD,LAX,UA,UA419.0,LAX→IAD,,,2024-01-01,2024-12-31,75,75,0,0,0.0,0,0.0,0,0.0,-10.81,-14.0,4.0,4.4,0.0,13.8,8,0.106667,4,0.053333,1,0.013333,2.19,0.0,0,0.0,0,0.0
flight_number,IAD,LAX,UA,UA442.0,LAX→IAD,,,2024-01-01,2024-12-31,42,42,0,0,0.0,2,0.047619,0,0.0,0.79,-5.5,32.6,13.38,1.0,44.8,11,0.261905,6,0.142857,3,0.071429,3.33,0.0,1,0.142857,0,0.0
flight_number,IAD,LAX,UA,UA684.0,LAX→IAD,,,2024-01-01,2024-12-31,8,7,1,0,0.125,2,0.285714,0,0.0,33.43,-1.0,119.2,38.0,2.0,102.6,3,0.428571,3,0.428571,2,0.285714,0.14,0.0,0,0.0,0,0.0
flight_number,IAD,LAX,UA,UA689.0,LAX→IAD,,,2024-01-01,2024-12-31,13,13,0,0,0.0,2,0.153846,0,0.0,13.31,-6.0,57.2,23.54,0.0,77.2,3,0.230769,3,0.230769,2,0.153846,2.62,0.0,0,0.0,0,0.0
flight_number,IAD,LAX,UA,UA717.0,LAX→IAD,,,2024-01-01,2024-12-31,1,1,0,0,0.0,0,0.0,0,0.0,-13.0,-13.0,-13.0,0.0,0.0,0.0,0,0.0,0,0.0,0,0.0,0.0,0.0,0,,0,
flight_number,IAD,LAX,UA,UA783.0,LAX→IAD,,,2024-01-01,2024-12-31,37,36,1,0,0.027027,2,0.055556,0,0.0,-4.39,-10.0,34.0,10.44,0.0,33.5,6,0.166667,4,0.111111,3,0.083333,2.08,0.0,0,0.0,0,0.0
flight_number,IAD,LGA,UA,UA1047.0,LGA→IAD,,,2024-01-01,2024-12-31,1,1,0,0,0.0,0,0.0,0,0.0,-17.0,-17.0,-17.0,0.0,0.0,0.0,0,0.0,0,0.0,0,0.0,0.0,0.0,0,,0,
flight_number,IAD,LGA,UA,UA642.0,LGA→IAD,,,2024-01-01,2024-12-31,1,1,0,0,0.0,0,0.0,0,0.0,10.0,10.0,10.0,15.0,15.0,15.0,0,0.0,0,0.0,0,0.0,5.0,5.0,0,,0,
flight_number,IAD,LGA,YX,YX3408.0,LGA→IAD,,,2024-01-01,2024-12-31,1,1,0,0,0.0,0,0.0,0,0.0,-13.0,-13.0,-13.0,0.0,0.0,0.0,0,0.0,0,0.0,0,0.0,0.0,0.0,0,,0,
flight_number,IAD,LGA,YX,YX3438.0,LGA→IAD,,,2024-01-01,2024-12-31,8,8,0,0,0.0,0,0.0,0,0.0,-12.0,-15.0,2.7,0.75,0.0,1.9,0,0.0,0,0.0,0,0.0,-0.38,0.0,0,,0,
flight_number,IAD,LGA,YX,YX3457.0,LGA→IAD,,,2024-01-01,2024-12-31,8,8,0,0,0.0,0,0.0,0,0.0,-4.25,-9.5,24.0,5.88,0.0,17.3,1,0.125,1,0.125,0,0.0,-0.12,0.0,0,0.0,0,
flight_number,IAD,LGA,YX,YX3474.0,LGA→IAD,,,2024-01-01,2024-12-31,8,8,0,0,0.0,0,0.0,0,0.0,-16.75,-23.0,0.5,0.62,0.0,1.5,0,0.0,0,0.0,0,0.0,0.12,0.0,0,,0,
flight_number,IAD,LGA,YX,YX3478.0,LGA→IAD,,,2024-01-01,2024-12-31,16,16,0,0,0.0,0,0.0,0,0.0,-2.0,-5.5,8.5,0.31,0.0,0.0,0,0.0,0,0.0,0,0.0,-3.19,0.0,0,,0,
flight_number,IAD,LGA,YX,YX3491.0,LGA→IAD,,,2024-01-01,2024-12-31,37,37,0,0,0.0,0,0.0,0,0.0,-5.05,-6.0,5.4,0.03,0.0,0.0,0,0.0,0,0.0,0,0.0,-1.24,0.0,0,,0,
flight_number,IAD,LGA,YX,YX3500.0,LGA→IAD,,,2024-01-01,2024-12-31,35,31,4,0,0.114286,5,0.16129,3,0.096774,21.39,-9.0,166.0,36.39,0.0,170.0,9,0.290323,7,0.225806,5,0.16129,3.42,0.0,0,0.0,0,0.0
flight_number,IAD,LGA,YX,YX3509.0,LGA→IAD,,,2024-01-01,2024-12-31,37,35,2,0,0.054054,0,0.0,0,0.0,-9.89,-12.0,12.6,0.51,0.0,0.0,1,0.028571,0,0.0,0,0.0,-2.46,0.0,0,,0,
flight_number,IAD,LGA,YX,YX3515.0,LGA→IAD,,,2024-01-01,2024-12-31,45,45,0,0,0.0,1,0.022222,0,0.0,-12.38,-18.0,-3.0,3.67,0.0,0.0,1,0.022222,1,0.022222,1,0.022222,-0.98,0.0,0,0.0,0,0.0
flight_number,IAD,LGA,YX,YX3525.0,LGA→IAD,,,2024-01-01,2024-12-31,32,32,0,0,0.0,0,0.0,0,0.0,-14.78,-17.0,-5.0,1.66,0.0,0.9,2,0.0625,0,0.0,0,0.0,0.31,0.0,0,,0,
flight_number,IAD,LGA,YX,YX3529.0,LGA→IAD,,,2024-01-01,2024-12-31,1,1,0,0,0.0,0,0.0,0,0.0,-4.0,-4.0,-4.0,0.0,0.0,0.0,0,0.0,0,0.0,0,0.0,0.0,0.0,0,,0,
flight_number,IAD,LGA,YX,YX3535.0,LGA→IAD,,,2024-01-01,2024-12-31,182,172,10,0,0.054945,21,0.122093,2,0.011628,7.95,-11.5,73.7,18.58,0.0,65.5,47,0.273256,32,0.186047,19,0.110465,-1.35,0.0,0,0.0,0,0.0
flight_number,IAD,LGA,YX,YX3540.0,LGA→IAD,,,2024-01-01,2024-12-31,53,52,1,0,0.018868,1,0.019231,1,0.019231,1.88,-6.5,31.8,12.85,0.0,38.3,14,0.269231,7,0.134615,2,0.038462,0.67,0.0,0,0.0,0,0.0
flight_number,IAD,LGA,YX,YX3546.0,LGA→IAD,,,2024-01-01,2024-12-31,21,21,0,0,0.0,1,0.047619,0,0.0,-11.29,-19.0,7.0,6.43,0.0,14.0,2,0.095238,1,0.047619,1,0.047619,-0.86,0.0,0,0.0,0,0.0
flight_number,IAD,LGA,YX,YX3551.0,LGA→IAD,,,2024-01-01,2024-12-31,36,35,1,0,0.027778,2,0.057143,1,0.028571,2.4,-7.0,4.8,8.11,0.0,12.2,2,0.057143,2,0.057143,2,0.057143,-3.66,0.0,0,0.0,0,0.0
flight_number,IAD,LGA,YX,YX3552.0,LGA→IAD,,,2024-01-01,2024-12-31,6,6,0,0,0.0,0,0.0,0,0.0,-1.67,-8.0,23.0,12.0,0.0,36.0,1,0.166667,1,0.166667,0,0.0,4.17,0.0,0,0.0,0,
flight_number,IAD,LGA,YX,YX3567.0,LGA→IAD,,,2024-01-01,2024-12-31,38,35,3,0,0.078947,0,0.0,0,0.0,-5.71,-5.0,15.0,2.89,0.0,9.0,1,0.028571,1,0.028571,0,0.0,-0.94,0.0,0,0.0,0,
flight_number,IAD,LGA,YX,YX3581.0,LGA→IAD,,,2024-01-01,2024-12-31,294,291,3,1,0.010204,30,0.103093,4,0.013746,8.39,-6.0,61.2,15.01,0.0,40.2,66,0.226804,37,0.127148,18,0.061856,-3.26,0.0,1,0.026316,0,0.0
flight_number,IAD,LGA,YX,YX3592.0,LGA→IAD,,,2024-01-01,2024-12-31,44,44,0,0,0.0,2,0.045455,0,0.0,-2.48,-13.0,19.8,12.34,0.0,35.1,10,0.227273,7,0.159091,2,0.045455,3.05,0.0,1,0.142857,0,0.0
flight_number,IAD,LGA,YX,YX3622.0,LGA→IAD,,,2024-01-01,2024-12-31,37,36,1,0,0.027027,2,0.055556,1,0.027778,5.92,-6.0,40.5,15.5,0.0,33.5,7,0.194444,4,0.111111,2,0.055556,-0.19,0.0,0,0.0,0,0.0
flight_number,IAD,LGA,YX,YX3627.0,LGA→IAD,,,2024-01-01,2024-12-31,111,111,0,0,0.0,7,0.063063,1,0.009009,0.61,-10.0,26.0,9.89,0.0,14.0,11,0.099099,8,0.072072,5,0.045045,-0.96,0.0,0,0.0,0,0.0
flight_number,IAD,LGA,YX,YX3631.0,LGA→IAD,,,2024-01-01,2024-12-31,181,179,2,0,0.01105,7,0.039106,0,0.0,-3.54,-11.0,20.4,7.78,0.0,28.2,28,0.156425,16,0.089385,6,0.03352,0.51,0.0,1,0.058824,0,0.0
flight_number,IAD,LGA,YX,YX3638.0,LGA→IAD,,,2024-01-01,2024-12-31,3,3,0,0,0.0,0,0.0,0,0.0,0.33,4.0,7.2,9.0,0.0,21.6,1,0.333333,0,0.0,0,0.0,5.0,0.0,0,,0,
flight_number,IAD,LGA,YX,YX3656.0,LGA→IAD,,,2024-01-01,2024-12-31,163,156,7,0,0.042945,6,0.038462,4,0.025641,-5.9,-15.0,5.0,8.62,0.0,2.0,11,0.070513,9,0.057692,6,0.038462,-0.15,0.0,0,0.0,0,0.0
flight_number,IAD,LGA,YX,YX3666.0,LGA→IAD,,,2024-01-01,2024-12-31,1,1,0,0,0.0,0,0.0,0,0.0,-11.0,-11.0,-11.0,0.0,0.0,0.0,0,0.0,0,0.0,0,0.0,0.0,0.0,0,,0,
flight_number,IAD,LGA,YX,YX3679.0,LGA→IAD,,,2024-01-01,2024-12-31,1,1,0,0,0.0,0,0.0,0,0.0,-13.0,-13.0,-13.0,0.0,0.0,0.0,0,0.0,0,0.0,0,0.0,0.0,0.0,0,,0,
flight_number,IAD,LGA,YX,YX3682.0,LGA→IAD,,,2024-01-01,2024-12-31,19,17,2,0,0.105263,0,0.0,0,0.0,-11.53,-19.0,16.4,7.53,0.0,23.6,2,0.117647,2,0.117647,1,0.058824,1.59,0.0,0,0.0,0,0.0
flight_number,IAD,LGA,YX,YX3685.0,LGA→IAD,,,2024-01-01,2024-12-31,20,20,0,0,0.0,1,0.05,0,0.0,-11.5,-17.0,0.6,4.6,0.0,0.0,1,0.05,1,0.05,1,0.05,-0.45,0.0,0,0.0,0,0.0
flight_number,IAD,LGA,YX,YX3694.0,LGA→IAD,,,2024-01-01,2024-12-31,1,1,0,0,0.0,0,0.0,0,0.0,-3.0,-3.0,-3.0,0.0,0.0,0.0,0,0.0,0,0.0,0,0.0,0.0,0.0,0,,0,
flight_number,IAD,LGA,YX,YX3711.0,LGA→IAD,,,2024-01-01,2024-12-31,1,1,0,0,0.0,0,0.0,0,0.0,-5.0,-5.0,-5.0,0.0,0.0,0.0,0,0.0,0,0.0,0,0.0,0.0,0.0,0,,0,
flight_number,IAD,LGA,YX,YX3714.0,LGA→IAD,,,2024-01-01,2024-12-31,18,17,1,0,0.055556,1,0.058824,1,0.058824,21.82,-9.0,20.0,22.0,0.0,6.4,2,0.117647,1,0.058824,1,0.058824,-7.82,0.0,0,0.0,0,0.0
flight_number,IAD,LGA,YX,YX3716.0,LGA→IAD,,,2024-01-01,2024-12-31,19,17,2,0,0.105263,0,0.0,0,0.0,-5.18,-12.0,15.2,2.94,0.0,11.6,2,0.117647,0,0.0,0,0.0,-3.24,0.0,0,,0,
flight_number,IAD,MCI,UA,UA400.0,MCI→IAD,,,2024-01-01,2024-12-31,4,4,0,0,0.0,1,0.25,0,0.0,18.0,-6.5,64.6,27.25,0.5,75.9,1,0.25,1,0.25,1,0.25,3.75,0.5,0,0.0,0,0.0
flight_number,IAD,MCO,F9,F94812.0,MCO→IAD,,,2024-01-01,2024-12-31,39,39,0,0,0.0,2,0.051282,1,0.025641,0.72,-12.0,8.2,10.74,0.0,5.4,3,0.076923,3,0.076923,2,0.051282,-1.64,0.0,0,0.0,0,0.0
flight_number,IAD,MCO,UA,UA1126.0,MCO→IAD,,,2024-01-01,2024-12-31,13,12,1,0,0.076923,1,0.083333,0,0.0,10.0,-8.0,43.2,24.92,3.5,51.9,4,0.333333,4,0.333333,1,0.083333,6.58,3.5,0,0.0,0,0.0
flight_number,IAD,MCO,UA,UA1245.0,MCO→IAD,,,2024-01-01,2024-12-31,32,31,1,0,0.03125,0,0.0,0,0.0,-4.68,-9.0,14.0,3.39,0.0,8.0,3,0.096774,1,0.032258,0,0.0,-0.16,0.0,0,0.0,0,
flight_number,IAD,MCO,UA,UA1297.0,MCO→IAD,,,2024-01-01,2024-12-31,37,37,0,0,0.0,7,0.189189,1,0.027027,59.89,7.0,100.0,57.97,2.0,98.0,12,0.324324,10,0.27027,5,0.135135,-3.46,0.0,0,0.0,0,0.0
flight_number,IAD,MCO,UA,UA1375.0,MCO→IAD,,,2024-01-01,2024-12-31,37,34,3,0,0.081081,3,0.088235,1,0.029412,9.26,-3.5,33.6,13.29,0.0,34.6,6,0.176471,4,0.117647,2,0.058824,-1.35,0.0,0,0.0,0,0.0
flight_number,IAD,MCO,UA,UA1469.0,MCO→IAD,,,2024-01-01,2024-12-31,8,7,1,0,0.125,0,0.0,0,0.0,-9.86,-12.0,1.0,1.71,0.0,6.0,0,0.0,0,0.0,0,0.0,1.14,0.0,0,,0,
flight_number,IAD,MCO,UA,UA1513.0,MCO→IAD,,,2024-01-01,2024-12-31,37,37,0,0,0.0,0,0.0,0,0.0,-10.62,-15.0,0.4,3.41,0.0,6.6,2,0.054054,2,0.054054,0,0.0,0.97,0.0,0,0.0,0,
flight_number,IAD,MCO,UA,UA1606.0,MCO→IAD,,,2024-01-01,2024-12-31,61,55,6,0,0.098361,1,0.018182,0,0.0,-7.25,-13.0,10.6,2.29,0.0,1.8,3,0.054545,2,0.036364,0,0.0,-1.67,0.0,0,0.0,0,
flight_number,IAD,MCO,UA,UA1689.0,MCO→IAD,,,2024-01-01,2024-12-31,192,192,0,0,0.0,3,0.015625,0,0.0,-10.41,-16.0,8.9,3.96,0.0,5.0,15,0.078125,10,0.052083,3,0.015625,0.16,0.0,0,0.0,0,0.0
flight_number,IAD,MCO,UA,UA1727.0,MCO→IAD,,,2024-01-01,2024-12-31,13,13,0,0,0.0,6,0.461538,2,0.153846,87.92,6.0,228.0,94.23,27.0,230.0,8,0.615385,6,0.461538,5,0.384615,2.46,1.0,0,0.0,0,0.0
flight_number,IAD,MCO,UA,UA1808.0,MCO→IAD,,,2024-01-01,2024-12-31,16,16,0,0,0.0,1,0.0625,0,0.0,-2.69,-12.0,13.0,7.56,0.0,2.5,1,0.0625,1,0.0625,1,0.0625,-0.81,0.0,0,0.0,0,0.0
flight_number,IAD,MCO,UA,UA1829.0,MCO→IAD,,,2024-01-01,2024-12-31,1,1,0,0,0.0,0,0.0,0,0.0,-15.0,-15.0,-15.0,0.0,0.0,0.0,0,0.0,0,0.0,0,0.0,0.0,0.0,0,,0,
flight_number,IAD,MCO,UA,UA1832.0,MCO→IAD,,,2024-01-01,2024-12-31,16,16,0,0,0.0,1,0.0625,0,0.0,3.94,-8.0,40.0,12.12,0.0,44.5,4,0.25,3,0.1875,1,0.0625,0.25,0.0,0,0.0,0,0.0
flight_number,IAD,MCO,UA,UA1839.0,MCO→IAD,,,2024-01-01,2024-12-31,16,16,0,0,0.0,0,0.0,0,0.0,-5.0,-5.5,0.5,0.75,0.0,2.5,0,0.0,0,0.0,0,0.0,-1.31,0.0,0,,0,
flight_number,IAD,MCO,UA,UA1859.0,MCO→IAD,,,2024-01-01,2024-12-31,21,21,0,0,0.0,2,0.095238,0,0.0,10.76,0.0,32.0,10.48,0.0,17.0,3,0.142857,2,0.095238,1,0.047619,-3.38,0.0,0,0.0,0,0.0
flight_number,IAD,MCO,UA,UA1875.0,MCO→IAD,,,2024-01-01,2024-12-31,21,21,0,0,0.0,1,0.047619,0,0.0,-4.9,-15.0,33.0,10.33,0.0,53.0,3,0.142857,3,0.142857,2,0.095238,2.14,0.0,0,0.0,0,0.0
flight_number,IAD,MCO,UA,UA1997.0,MCO→IAD,,,2024-01-01,2024-12-31,235,233,2,0,0.008511,38,0.16309,6,0.025751,18.25,-4.0,90.0,25.7,0.0,89.6,71,0.304721,55,0.236052,36,0.154506,1.09,0.0,0,0.0,0,0.0
flight_number,IAD,MCO,UA,UA2065.0,MCO→IAD,,,2024-01-01,2024-12-31,335,326,9,1,0.026866,25,0.076687,5,0.015337,9.14,-2.0,42.0,14.76,0.0,39.2,59,0.180982,38,0.116564,20,0.06135,-1.33,0.0,0,0.0,0,0.0
flight_number,IAD,MCO,UA,UA2066.0,MCO→IAD,,,2024-01-01,2024-12-31,37,34,3,0,0.081081,5,0.147059,1,0.029412,10.94,-7.0,81.2,19.24,0.0,88.6,5,0.147059,5,0.147059,5,0.147059,0.41,0.0,0,0.0,0,0.0
flight_number,IAD,MCO,UA,UA2071.0,MCO→IAD,,,2024-01-01,2024-12-31,21,21,0,0,0.0,0,0.0,0,0.0,-5.24,-6.0,12.0,2.81,0.0,6.0,2,0.095238,1,0.047619,0,0.0,-0.05,0.0,1,1.0,0,
flight_number,IAD,MCO,UA,UA2072.0,MCO→IAD,,,2024-01-01,2024-12-31,53,52,1,0,0.018868,7,0.134615,0,0.0,8.83,-8.0,81.8,15.27,0.0,58.0,13,0.25,9,0.173077,5,0.096154,-2.62,0.0,0,0.0,0,0.0
flight_number,IAD,MCO,UA,UA2204.0,MCO→IAD,,,2024-01-01,2024-12-31,32,31,1,0,0.03125,2,0.064516,2,0.064516,6.61,-11.0,33.0,15.84,0.0,9.0,3,0.096774,2,0.064516,2,0.064516,-0.19,0.0,0,0.0,0,0.0
flight_number,IAD,MCO,UA,UA2227.0,MCO→IAD,,,2024-01-01,2024-12-31,21,21,0,0,0.0,3,0.142857,1,0.047619,20.52,1.0,103.0,25.24,0.0,107.0,4,0.190476,4,0.190476,3,0.142857,-0.14,0.0,0,0.0,0,0.0
flight_number,IAD,MCO,UA,UA2245.0,MCO→IAD,,,2024-01-01,2024-12-31,24,24,0,0,0.0,3,0.125,1,0.041667,12.58,-9.5,57.7,15.58,0.0,35.0,6,0.25,4,0.166667,2,0.083333,-5.21,0.0,1,0.25,0,0.0
flight_number,IAD,MCO,UA,UA2264.0,MCO→IAD,,,2024-01-01,2024-12-31,8,8,0,0,0.0,0,0.0,0,0.0,0.12,-1.5,12.0,7.62,3.5,18.5,1,0.125,0,0.0,0,0.0,3.0,1.5,0,,0,
flight_number,IAD,MCO,UA,UA2405.0,MCO→IAD,,,2024-01-01,2024-12-31,31,29,2,0,0.064516,0,0.0,0,0.0,-17.59,-18.0,-11.8,0.0,0.0,0.0,0,0.0,0,0.0,0,0.0,-0.52,0.0,0,,0,
flight_number,IAD,MCO,UA,UA2413.0,MCO→IAD,,,2024-01-01,2024-12-31,38,38,0,0,0.0,3,0.078947,1,0.026316,17.37,-2.0,54.9,18.34,0.0,61.3,7,0.184211,6,0.157895,5,0.131579,-3.76,0.0,0,0.0,0,0.0
flight_number,IAD,MCO,UA,UA2443.0,MCO→IAD,,,2024-01-01,2024-12-31,38,37,1,0,0.026316,3,0.081081,0,0.0,7.14,3.0,50.0,11.08,3.0,32.0,7,0.189189,4,0.108108,2,0.054054,-1.3,0.0,0,0.0,0,0.0
flight_number,IAD,MCO,UA,UA2722.0,MCO→IAD,,,2024-01-01,2024-12-31,31,29,2,0,0.064516,4,0.137931,0,0.0,5.72,-13.0,66.2,21.83,0.0,77.8,8,0.275862,7,0.241379,5,0.172414,5.41,0.0,1,0.142857,0,0.0
flight_number,IAD,MCO,UA,UA2862.0,MCO→IAD,,,2024-01-01,2024-12-31,31,29,2,0,0.064516,0,0.0,0,0.0,-15.28,-18.0,-0.4,4.03,0.0,17.6,3,0.103448,2,0.068966,0,0.0,2.1,0.0,1,0.5,0,
flight_number,IAD,MCO,UA,UA356.0,MCO→IAD,,,2024-01-01,2024-12-31,1,1,0,0,0.0,0,0.0,0,0.0,-15.0,-15.0,-15.0,5.0,5.0,5.0,0,0.0,0,0.0,0,0.0,5.0,5.0,0,,0,
flight_number,IAD,MCO,UA,UA394.0,MCO→IAD,,,2024-01-01,2024-12-31,8,8,0,0,0.0,0,0.0,0,0.0,-12.25,-17.5,5.4,0.38,0.0,0.9,0,0.0,0,0.0,0,0.0,-1.88,0.0,0,,0,
flight_number,IAD,MCO,UA,UA413.0,MCO→IAD,,,2024-01-01,2024-12-31,161,158,3,0,0.018634,21,0.132911,8,0.050633,20.71,-6.0,95.2,28.5,0.0,79.2,46,0.291139,34,0.21519,20,0.126582,-0.74,0.0,2,0.058824,0,0.0
flight_number,IAD,MCO,UA,UA442.0,MCO→IAD,,,2024-01-01,2024-12-31,6,6,0,0,0.0,0,0.0,0,0.0,-10.0,-8.0,-2.0,0.17,0.0,0.5,0,0.0,0,0.0,0,0.0,0.17,0.0,0,,0,
flight_number,IAD,MDW,WN,WN2809.0,MDW→IAD,,,2024-01-01,2024-12-31,1,1,0,0,0.0,0,0.0,0,0.0,2.0,2.0,2.0,8.0,8.0,8.0,0,0.0,0,0.0,0,0.0,6.0,6.0,0,,0,
flight_number,IAD,MDW,WN,WN3101.0,MDW→IAD,,,2024-01-01,2024-12-31,5,5,0,0,0.0,0,0.0,0,0.0,19.4,19.0,24.6,21.6,26.0,32.6,3,0.6,1,0.2,0,0.0,2.2,10.0,0,0.0,0,
flight_number,IAD,MDW,WN,WN329.0,MDW→IAD,,,2024-01-01,2024-12-31,5,5,0,0,0.0,0,0.0,0,0.0,5.0,7.0,20.2,6.2,0.0,18.4,1,0.2,0,0.0,0,0.0,-3.2,0.0,0,0.0,0,
flight_number,IAD,MDW,WN,WN3519.0,MDW→IAD,,,2024-01-01,2024-12-31,1,1,0,0,0.0,0,0.0,0,0.0,-2.0,-2.0,-2.0,0.0,0.0,0.0,0,0.0,0,0.0,0,0.0,0.0,0.0,0,,0,
flight_number,IAD,MGW,OO,OO5114.0,MGW→IAD,,,2024-01-01,2024-12-31,13,13,0,0,0.0,3,0.230769,2,0.153846,65.85,11.0,271.4,62.62,0.0,274.4,4,0.307692,3,0.230769,2,0.153846,-5.62,-2.0,0,0.0,0,0.0
flight_number,IAD,MGW,OO,OO5122.0,MGW→IAD,,,2024-01-01,2024-12-31,5,5,0,0,0.0,1,0.2,1,0.2,67.8,-6.0,215.8,72.2,0.0,216.6,1,0.2,1,0.2,1,0.2,-1.0,0.0,0,0.0,0,0.0
flight_number,IAD,MIA,UA,UA1005.0,MIA→IAD,,,2024-01-01,2024-12-31,8,7,1,0,0.125,0,0.0,0,0.0,-0.71,5.0,15.2,2.43,0.0,6.8,1,0.142857,0,0.0,0,0.0,-4.43,-3.0,0,,0,
flight_number,IAD,MIA,UA,UA1287.0,MIA→IAD,,,2024-01-01,2024-12-31,8,8,0,0,0.0,1,0.125,0,0.0,14.38,4.0,42.4,18.88,0.0,54.0,3,0.375,2,0.25,1,0.125,1.0,0.0,0,0.0,0,0.0
flight_number,IAD,MIA,UA,UA1552.0,MIA→IAD,,,2024-01-01,2024-12-31,37,34,3,0,0.081081,2,0.058824,1,0.029412,13.03,-13.0,33.7,24.56,0.0,40.1,7,0.205882,7,0.205882,2,0.058824,0.38,0.0,0,0.0,0,0.0
flight_number,IAD,MIA,UA,UA1643.0,MIA→IAD,,,2024-01-01,2024-12-31,66,66,0,1,0.0,3,0.045455,1,0.015152,2.34,-6.0,7.0,8.94,0.0,7.2,5,0.075758,5,0.075758,4,0.060606,-0.23,0.0,0,0.0,0,0.0
flight_number,IAD,MIA,UA,UA1666.0,MIA→IAD,,,2024-01-01,2024-12-31,53,53,0,0,0.0,1,0.018868,0,0.0,-2.83,-7.0,14.0,5.08,0.0,8.2,4,0.075472,3,0.056604,1,0.018868,-0.11,0.0,0,0.0,0,0.0
flight_number,IAD,MIA,UA,UA1706.0,MIA→IAD,,,2024-01-01,2024-12-31,1,1,0,0,0.0,0,0.0,0,0.0,-19.0,-19.0,-19.0,0.0,0.0,0.0,0,0.0,0,0.0,0,0.0,0.0,0.0,0,,0,
flight_number,IAD,MIA,UA,UA1719.0,MIA→IAD,,,2024-01-01,2024-12-31,58,57,1,0,0.017241,2,0.035088,0,0.0,1.88,-5.0,28.2,6.81,0.0,18.4,7,0.122807,4,0.070175,2,0.035088,-2.42,0.0,0,0.0,0,0.0
flight_number,IAD,MIA,UA,UA1938.0,MIA→IAD,,,2024-01-01,2024-12-31,112,110,2,1,0.017857,13,0.118182,3,0.027273,21.29,-6.0,66.6,27.12,0.0,70.2,21,0.190909,16,0.145455,12,0.109091,-2.45,0.0,0,0.0,0,0.0
flight_number,IAD,MIA,UA,UA2003.0,MIA→IAD,,,2024-01-01,2024-12-31,16,16,0,0,0.0,1,0.0625,0,0.0,3.12,-9.5,15.0,6.88,0.0,5.0,1,0.0625,1,0.0625,1,0.0625,-6.56,0.0,0,0.0,0,0.0
flight_number,IAD,MIA,UA,UA2074.0,MIA→IAD,,,2024-01-01,2024-12-31,24,24,0,0,0.0,1,0.041667,1,0.041667,12.83,2.5,29.4,13.92,0.0,28.3,4,0.166667,3,0.125,1,0.041667,-2.71,0.0,0,0.0,0,0.0
flight_number,IAD,MIA,UA,UA2192.0,MIA→IAD,,,2024-01-01,2024-12-31,21,21,0,0,0.0,0,0.0,0,0.0,-5.67,-9.0,6.0,3.24,0.0,5.0,2,0.095238,1,0.047619,0,0.0,-0.24,0.0,0,0.0,0,
flight_number,IAD,MIA,UA,UA2369.0,MIA→IAD,,,2024-01-01,2024-12-31,21,21,0,0,0.0,1,0.047619,1,0.047619,23.71,-7.0,21.0,31.29,0.0,15.0,2,0.095238,2,0.095238,1,0.047619,-1.1,0.0,0,0.0,0,0.0
flight_number,IAD,MIA,UA,UA2390.0,MIA→IAD,,,2024-01-01,2024-12-31,32,31,1,0,0.03125,3,0.096774,0,0.0,4.26,-3.0,54.0,9.68,0.0,36.0,8,0.258065,4,0.129032,1,0.032258,-3.16,0.0,0,0.0,0,0.0
flight_number,IAD,MIA,UA,UA2435.0,MIA→IAD,,,2024-01-01,2024-12-31,50,50,0,0,0.0,0,0.0,0,0.0,-9.38,-14.0,12.3,4.36,0.0,9.8,5,0.1,4,0.08,0,0.0,0.5,0.0,1,0.25,0,
flight_number,IAD,MIA,UA,UA2614.0,MIA→IAD,,,2024-01-01,2024-12-31,38,38,0,1,0.0,5,0.131579,1,0.026316,8.19,-10.0,71.6,16.32,0.0,52.6,7,0.184211,6,0.157895,3,0.078947,-1.86,0.0,0,0.0,0,0.0
flight_number,IAD,MIA,UA,UA2735.0,MIA→IAD,,,2024-01-01,2024-12-31,31,31,0,0,0.0,1,0.032258,0,0.0,-15.16,-21.0,-2.0,3.03,0.0,0.0,1,0.032258,1,0.032258,1,0.032258,-0.19,0.0,0,0.0,0,0.0
flight_number,IAD,MKE,UA,UA1169.0,MKE→IAD,,,2024-01-01,2024-12-31,1,1,0,0,0.0,0,0.0,0,0.0,-29.0,-29.0,-29.0,0.0,0.0,0.0,0,0.0,0,0.0,0,0.0,0.0,0.0,0,,0,
flight_number,IAD,MSP,9E,9E4853.0,MSP→IAD,,,2024-01-01,2024-12-31,1,1,0,0,0.0,0,0.0,0,0.0,7.0,7.0,7.0,0.0,0.0,0.0,0,0.0,0,0.0,0,0.0,-7.0,-7.0,0,,0,
flight_number,IAD,MSP,9E,9E4916.0,MSP→IAD,,,2024-01-01,2024-12-31,30,30,0,0,0.0,1,0.033333,0,0.0,-5.57,-9.5,10.9,2.33,0.0,0.0,1,0.033333,1,0.033333,1,0.033333,-2.27,0.0,0,0.0,0,0.0
flight_number,IAD,MSP,9E,9E4928.0,MSP→IAD,,,2024-01-01,2024-12-31,1,1,0,0,0.0,0,0.0,0,0.0,-25.0,-25.0,-25.0,0.0,0.0,0.0,0,0.0,0,0.0,0,0.0,0.0,0.0,0,,0,
flight_number,IAD,MSP,9E,9E4949.0,MSP→IAD,,,2024-01-01,2024-12-31,24,24,0,0,0.0,1,0.041667,0,0.0,-5.96,-9.5,7.5,3.58,0.0,0.0,2,0.083333,1,0.041667,1,0.041667,-0.21,0.0,0,0.0,0,0.0
flight_number,IAD,MSP,OO,OO3680.0,MSP→IAD,,,2024-01-01,2024-12-31,175,174,1,1,0.005714,16,0.091954,3,0.017241,11.86,0.0,50.8,14.97,0.0,40.8,34,0.195402,24,0.137931,14,0.08046,-1.35,0.0,1,0.04,0,0.0
flight_number,IAD,MSP,OO,OO3683.0,MSP→IAD,,,2024-01-01,2024-12-31,5,5,0,0,0.0,0,0.0,0,0.0,-4.2,-8.0,11.8,4.8,0.0,14.4,1,0.2,0,0.0,0,0.0,0.2,0.0,0,,0,
flight_number,IAD,MSP,OO,OO3687.0,MSP→IAD,,,2024-01-01,2024-12-31,19,19,0,0,0.0,0,0.0,0,0.0,-6.11,-7.0,3.4,0.84,0.0,1.4,0,0.0,0,0.0,0,0.0,-0.05,0.0,0,,0,
flight_number,IAD,MSP,OO,OO3700.0,MSP→IAD,,,2024-01-01,2024-12-31,126,126,0,0,0.0,7,0.055556,2,0.015873,7.56,-4.5,36.5,12.98,0.0,34.5,22,0.174603,15,0.119048,8,0.063492,-2.07,0.0,1,0.058824,0,0.0
flight_number,IAD,MSP,OO,OO3753.0,MSP→IAD,,,2024-01-01,2024-12-31,4,4,0,0,0.0,0,0.0,0,0.0,4.75,-1.5,18.2,3.25,0.0,9.1,0,0.0,0,0.0,0,0.0,-3.25,0.0,0,,0,
flight_number,IAD,MSP,OO,OO3868.0,MSP→IAD,,,2024-01-01,2024-12-31,158,156,2,0,0.012658,7,0.044872,1,0.00641,1.62,-4.0,21.0,7.9,0.0,15.5,16,0.102564,11,0.070513,5,0.032051,-1.13,0.0,1,0.076923,0,0.0
flight_number,IAD,MSP,OO,OO3917.0,MSP→IAD,,,2024-01-01,2024-12-31,124,123,1,0,0.008065,6,0.04878,2,0.01626,9.28,1.0,33.4,9.19,0.0,13.6,10,0.081301,7,0.056911,5,0.04065,-4.8,0.0,0,0.0,0,0.0
flight_number,IAD,MSP,OO,OO4097.0,MSP→IAD,,,2024-01-01,2024-12-31,28,28,0,0,0.0,3,0.107143,1,0.035714,14.36,-4.5,67.2,21.68,0.0,67.2,5,0.178571,4,0.142857,3,0.107143,0.82,0.0,0,0.0,0,0.0
flight_number,IAD,MSP,OO,OO4129.0,MSP→IAD,,,2024-01-01,2024-12-31,206,204,2,0,0.009709,13,0.063725,2,0.009804,6.52,-6.0,41.7,15.54,0.0,46.2,46,0.22549,32,0.156863,15,0.073529,0.73,0.0,1,0.03125,0,0.0
flight_number,IAD,MSP,OO,OO4152.0,MSP→IAD,,,2024-01-01,2024-12-31,26,26,0,0,0.0,0,0.0,0,0.0,2.88,-5.0,36.0,6.5,0.0,31.5,4,0.153846,3,0.115385,0,0.0,-2.38,0.0,0,0.0,0,
flight_number,IAD,MSP,UA,UA1989.0,MSP→IAD,,,2024-01-01,2024-12-31,1,1,0,0,0.0,0,0.0,0,0.0,-20.0,-20.0,-20.0,0.0,0.0,0.0,0,0.0,0,0.0,0,0.0,0.0,0.0,0,,0,
flight_number,IAD,MSP,UA,UA2081.0,MSP→IAD,,,2024-01-01,2024-12-31,2,2,0,0,0.0,0,0.0,0,0.0,16.0,16.0,34.4,10.0,10.0,18.0,1,0.5,0,0.0,0,0.0,-9.5,-9.5,0,,0,
flight_number,IAD,MSP,UA,UA2708.0,MSP→IAD,,,2024-01-01,2024-12-31,2,2,0,0,0.0,0,0.0,0,0.0,-20.0,-20.0,-15.2,0.0,0.0,0.0,0,0.0,0,0.0,0,0.0,0.0,0.0,0,,0,
flight_number,IAD,MSY,UA,UA1306.0,MSY→IAD,,,2024-01-01,2024-12-31,8,7,1,0,0.125,0,0.0,0,0.0,-18.0,-18.0,-4.8,0.14,0.0,0.4,0,0.0,0,0.0,0,0.0,-0.29,0.0,0,,0,
flight_number,IAD,MSY,UA,UA1392.0,MSY→IAD,,,2024-01-01,2024-12-31,274,270,4,0,0.014599,14,0.051852,1,0.003704,-4.37,-12.0,13.1,8.37,0.0,15.2,27,0.1,22,0.081481,16,0.059259,0.7,0.0,0,0.0,0,0.0
flight_number,IAD,MSY,UA,UA1637.0,MSY→IAD,,,2024-01-01,2024-12-31,37,35,2,0,0.054054,2,0.057143,0,0.0,-2.91,-11.0,32.6,10.34,0.0,44.8,4,0.114286,4,0.114286,4,0.114286,0.86,0.0,0,0.0,0,0.0
flight_number,IAD,MSY,UA,UA1660.0,MSY→IAD,,,2024-01-01,2024-12-31,37,32,5,0,0.135135,1,0.03125,0,0.0,-0.53,-5.0,11.8,5.81,0.0,11.7,2,0.0625,2,0.0625,1,0.03125,-0.03,0.0,0,0.0,0,0.0
flight_number,IAD,MSY,UA,UA2048.0,MSY→IAD,,,2024-01-01,2024-12-31,16,16,0,0,0.0,1,0.0625,0,0.0,0.88,-10.0,21.0,7.0,0.0,3.5,1,0.0625,1,0.0625,1,0.0625,-3.88,0.0,0,0.0,0,0.0
flight_number,IAD,MSY,UA,UA2060.0,MSY→IAD,,,2024-01-01,2024-12-31,24,24,0,0,0.0,1,0.041667,0,0.0,-9.21,-13.5,0.2,4.12,0.0,1.0,1,0.041667,1,0.041667,1,0.041667,-0.08,0.0,0,0.0,0,0.0
flight_number,IAD,MSY,UA,UA215.0,MSY→IAD,,,2024-01-01,2024-12-31,31,31,0,0,0.0,0,0.0,0,0.0,-19.61,-20.0,-10.0,0.1,0.0,0.0,0,0.0,0,0.0,0,0.0,0.1,0.0,0,,0,
flight_number,IAD,MSY,UA,UA2276.0,MSY→IAD,,,2024-01-01,2024-12-31,147,146,1,0,0.006803,10,0.068493,2,0.013699,4.45,-7.0,29.5,11.93,0.0,30.0,20,0.136986,14,0.09589,9,0.061644,-0.53,0.0,0,0.0,0,0.0
flight_number,IAD,MSY,UA,UA2314.0,MSY→IAD,,,2024-01-01,2024-12-31,14,14,0,1,0.0,1,0.071429,0,0.0,3.31,-2.0,29.4,11.77,0.0,43.4,3,0.214286,3,0.214286,0,0.0,0.85,0.0,0,0.0,0,
flight_number,IAD,MSY,UA,UA2374.0,MSY→IAD,,,2024-01-01,2024-12-31,21,21,0,0,0.0,0,0.0,0,0.0,-10.29,-13.0,2.0,0.0,0.0,0.0,0,0.0,0,0.0,0,0.0,-1.33,0.0,0,,0,
flight_number,IAD,MSY,UA,UA2397.0,MSY→IAD,,,2024-01-01,2024-12-31,21,21,0,0,0.0,1,0.047619,0,0.0,-2.71,-6.0,4.0,5.1,0.0,0.0,1,0.047619,1,0.047619,1,0.047619,-0.1,0.0,0,0.0,0,0.0
flight_number,IAD,MSY,UA,UA2732.0,MSY→IAD,,,2024-01-01,2024-12-31,37,34,3,1,0.081081,1,0.029412,0,0.0,-6.79,-12.0,6.0,5.09,0.0,4.6,2,0.058824,1,0.029412,1,0.029412,0.18,0.0,0,0.0,0,0.0
flight_number,IAD,MSY,UA,UA744.0,MSY→IAD,,,2024-01-01,2024-12-31,2,2,0,0,0.0,0,0.0,0,0.0,12.0,12.0,24.8,11.0,11.0,19.8,1,0.5,0,0.0,0,0.0,-3.0,-3.0,0,,0,
flight_number,IAD,MYR,YX,YX3555.0,MYR→IAD,,,2024-01-01,2024-12-31,5,5,0,0,0.0,0,0.0,0,0.0,-9.8,-9.0,0.4,0.0,0.0,0.0,0,0.0,0,0.0,0,0.0,-1.2,0.0,0,,0,
flight_number,IAD,ORD,UA,UA1074.0,ORD→IAD,,,2024-01-01,2024-12-31,1,1,0,0,0.0,0,0.0,0,0.0,-10.0,-10.0,-10.0,0.0,0.0,0.0,0,0.0,0,0.0,0,0.0,0.0,0.0,0,,0,
flight_number,IAD,ORD,UA,UA1147.0,ORD→IAD,,,2024-01-01,2024-12-31,4,4,0,0,0.0,0,0.0,0,0.0,-8.5,-9.5,-4.5,0.0,0.0,0.0,0,0.0,0,0.0,0,0.0,0.0,0.0,0,,0,
flight_number,IAD,ORD,UA,UA1193.0,ORD→IAD,,,2024-01-01,2024-12-31,53,51,2,0,0.037736,4,0.078431,3,0.058824,15.08,-5.0,41.0,19.9,0.0,48.0,7,0.137255,6,0.117647,4,0.078431,-1.16,0.0,0,0.0,0,0.0
flight_number,IAD,ORD,UA,UA1227.0,ORD→IAD,,,2024-01-01,2024-12-31,31,31,0,0,0.0,1,0.032258,0,0.0,1.48,-7.0,20.0,8.0,0.0,22.0,4,0.129032,2,0.064516,1,0.032258,-1.1,0.0,0,0.0,0,0.0
flight_number,IAD,ORD,UA,UA1285.0,ORD→IAD,,,2024-01-01,2024-12-31,2,2,0,0,0.0,0,0.0,0,0.0,-8.0,-8.0,-6.4,0.0,0.0,0.0,0,0.0,0,0.0,0,0.0,0.0,0.0,0,,0,
flight_number,IAD,ORD,UA,UA1581.0,ORD→IAD,,,2024-01-01,2024-12-31,35,35,0,0,0.0,4,0.114286,2,0.057143,30.2,-4.0,64.2,39.2,0.0,81.8,8,0.228571,7,0.2,5,0.142857,2.03,0.0,1,0.142857,0,0.0
flight_number,IAD,ORD,UA,UA1616.0,ORD→IAD,,,2024-01-01,2024-12-31,36,36,0,0,0.0,3,0.083333,0,0.0,-1.39,-14.0,16.5,10.19,0.0,19.0,4,0.111111,3,0.083333,3,0.083333,0.36,0.0,0,0.0,0,0.0
flight_number,IAD,ORD,UA,UA1729.0,ORD→IAD,,,2024-01-01,2024-12-31,156,155,1,0,0.00641,15,0.096774,5,0.032258,14.31,-6.0,56.6,27.23,3.0,73.6,52,0.335484,30,0.193548,20,0.129032,4.32,0.0,0,0.0,0,0.0
flight_number,IAD,ORD,UA,UA1830.0,ORD→IAD,,,2024-01-01,2024-12-31,188,186,2,1,0.010638,5,0.026882,1,0.005376,6.54,0.0,28.6,8.91,1.0,24.2,28,0.150538,15,0.080645,5,0.026882,-1.33,0.0,0,0.0,0,0.0
flight_number,IAD,ORD,UA,UA1843.0,ORD→IAD,,,2024-01-01,2024-12-31,37,36,1,0,0.027027,3,0.083333,1,0.027778,11.67,-11.0,57.0,24.33,0.0,66.0,9,0.25,7,0.194444,4,0.111111,2.94,0.0,1,0.142857,0,0.0
flight_number,IAD,ORD,UA,UA1859.0,ORD→IAD,,,2024-01-01,2024-12-31,37,37,0,0,0.0,6,0.162162,2,0.054054,31.86,1.0,87.8,38.27,3.0,90.6,13,0.351351,8,0.216216,7,0.189189,2.19,0.0,0,0.0,0,0.0
flight_number,IAD,ORD,UA,UA1862.0,ORD→IAD,,,2024-01-01,2024-12-31,53,49,4,0,0.075472,16,0.326531,5,0.102041,75.8,43.0,148.8,74.96,29.0,166.6,31,0.632653,24,0.489796,15,0.306122,-4.9,1.0,0,0.0,0,0.0
flight_number,IAD,ORD,UA,UA1869.0,ORD→IAD,,,2024-01-01,2024-12-31,35,35,0,0,0.0,2,0.057143,0,0.0,2.09,-3.0,13.6,8.37,0.0,21.6,6,0.171429,2,0.057143,2,0.057143,0.17,0.0,0,0.0,0,0.0
flight_number,IAD,ORD,UA,UA1887.0,ORD→IAD,,,2024-01-01,2024-12-31,8,8,0,0,0.0,0,0.0,0,0.0,-3.38,-1.5,7.3,2.5,1.5,6.6,0,0.0,0,0.0,0,0.0,0.25,0.0,0,,0,
flight_number,IAD,ORD,UA,UA2004.0,ORD→IAD,,,2024-01-01,2024-12-31,69,69,0,1,0.0,5,0.072464,2,0.028986,4.56,-11.0,16.3,15.18,0.0,31.2,8,0.115942,7,0.101449,5,0.072464,0.47,0.0,1,0.125,0,0.0
flight_number,IAD,ORD,UA,UA2031.0,ORD→IAD,,,2024-01-01,2024-12-31,21,21,0,0,0.0,2,0.095238,0,0.0,6.38,-6.0,27.0,10.1,0.0,19.0,5,0.238095,1,0.047619,1,0.047619,-3.43,0.0,0,0.0,0,0.0
flight_number,IAD,ORD,UA,UA2052.0,ORD→IAD,,,2024-01-01,2024-12-31,1,1,0,0,0.0,0,0.0,0,0.0,-31.0,-31.0,-31.0,0.0,0.0,0.0,0,0.0,0,0.0,0,0.0,0.0,0.0,0,,0,
flight_number,IAD,ORD,UA,UA210.0,ORD→IAD,,,2024-01-01,2024-12-31,36,36,0,0,0.0,1,0.027778,0,0.0,0.69,-5.5,22.0,7.22,0.0,14.0,4,0.111111,2,0.055556,1,0.027778,0.25,0.0,0,0.0,0,0.0
flight_number,IAD,ORD,UA,UA2168.0,ORD→IAD,,,2024-01-01,2024-12-31,21,21,0,0,0.0,1,0.047619,0,0.0,-3.38,-8.0,11.0,5.0,0.0,10.0,2,0.095238,1,0.047619,0,0.0,0.9,0.0,0,0.0,0,
flight_number,IAD,ORD,UA,UA2187.0,ORD→IAD,,,2024-01-01,2024-12-31,98,98,0,0,0.0,8,0.081633,1,0.010204,7.91,-2.0,28.3,11.53,0.0,28.3,14,0.142857,10,0.102041,6,0.061224,-1.67,0.0,0,0.0,0,0.0
flight_number,IAD,ORD,UA,UA2199.0,ORD→IAD,,,2024-01-01,2024-12-31,1,1,0,0,0.0,0,0.0,0,0.0,-9.0,-9.0,-9.0,0.0,0.0,0.0,0,0.0,0,0.0,0,0.0,0.0,0.0,0,,0,
flight_number,IAD,ORD,UA,UA2228.0,ORD→IAD,,,2024-01-01,2024-12-31,101,100,1,0,0.009901,7,0.07,1,0.01,6.91,-4.0,34.0,12.26,0.0,37.0,17,0.17,12,0.12,7,0.07,-0.88,0.0,0,0.0,0,0.0
flight_number,IAD,ORD,UA,UA2277.0,ORD→IAD,,,2024-01-01,2024-12-31,35,35,0,0,0.0,5,0.142857,1,0.028571,8.71,-11.0,69.4,20.4,0.0,79.0,8,0.228571,7,0.2,6,0.171429,2.09,0.0,0,0.0,0,0.0
flight_number,IAD,ORD,UA,UA2312.0,ORD→IAD,,,2024-01-01,2024-12-31,38,38,0,0,0.0,6,0.157895,4,0.105263,37.76,-1.5,151.7,43.71,3.0,158.0,12,0.315789,9,0.236842,7,0.184211,0.37,0.0,0,0.0,0,0.0
flight_number,IAD,ORD,UA,UA2369.0,ORD→IAD,,,2024-01-01,2024-12-31,53,52,1,0,0.018868,2,0.038462,1,0.019231,-1.77,-9.0,3.0,8.33,0.0,8.7,4,0.076923,2,0.038462,2,0.038462,0.25,0.0,0,0.0,0,0.0
flight_number,IAD,ORD,UA,UA2385.0,ORD→IAD,,,2024-01-01,2024-12-31,21,21,0,0,0.0,1,0.047619,0,0.0,1.24,-4.0,23.0,9.29,0.0,23.0,4,0.190476,2,0.095238,1,0.047619,1.52,0.0,0,0.0,0,0.0
flight_number,IAD,ORD,UA,UA2386.0,ORD→IAD,,,2024-01-01,2024-12-31,130,130,0,0,0.0,6,0.046154,2,0.015385,9.02,-2.0,39.6,15.78,2.0,42.1,34,0.261538,19,0.146154,7,0.053846,1.35,0.0,0,0.0,0,0.0
flight_number,IAD,ORD,UA,UA2415.0,ORD→IAD,,,2024-01-01,2024-12-31,16,16,0,0,0.0,1,0.0625,1,0.0625,19.0,1.5,41.0,26.25,1.0,60.0,4,0.25,4,0.25,2,0.125,3.25,0.0,0,0.0,0,0.0
flight_number,IAD,ORD,UA,UA2418.0,ORD→IAD,,,2024-01-01,2024-12-31,90,89,1,0,0.011111,4,0.044944,3,0.033708,9.45,-1.0,31.8,15.83,0.0,32.0,18,0.202247,10,0.11236,6,0.067416,0.58,0.0,0,0.0,0,0.0
flight_number,IAD,ORD,UA,UA2430.0,ORD→IAD,,,2024-01-01,2024-12-31,16,16,0,0,0.0,0,0.0,0,0.0,-0.12,-3.0,34.0,10.38,0.0,32.5,4,0.25,2,0.125,1,0.0625,1.94,0.0,0,0.0,0,0.0
flight_number,IAD,ORD,UA,UA2458.0,ORD→IAD,,,2024-01-01,2024-12-31,16,16,0,0,0.0,1,0.0625,0,0.0,9.44,4.0,30.5,9.94,0.0,12.5,1,0.0625,1,0.0625,1,0.0625,-3.38,-1.5,0,0.0,0,0.0
flight_number,IAD,ORD,UA,UA2469.0,ORD→IAD,,,2024-01-01,2024-12-31,1,1,0,0,0.0,0,0.0,0,0.0,-33.0,-33.0,-33.0,0.0,0.0,0.0,0,0.0,0,0.0,0,0.0,0.0,0.0,0,,0,
flight_number,IAD,ORD,UA,UA2612.0,ORD→IAD,,,2024-01-01,2024-12-31,21,21,0,0,0.0,0,0.0,0,0.0,-1.95,-4.0,15.0,2.48,0.0,9.0,0,0.0,0,0.0,0,0.0,-1.29,0.0,0,,0,
flight_number,IAD,ORD,UA,UA2669.0,ORD→IAD,,,2024-01-01,2024-12-31,1,1,0,0,0.0,0,0.0,0,0.0,-19.0,-19.0,-19.0,0.0,0.0,0.0,0,0.0,0,0.0,0,0.0,0.0,0.0,0,,0,
flight_number,IAD,ORD,UA,UA355.0,ORD→IAD,,,2024-01-01,2024-12-31,1,1,0,0,0.0,0,0.0,0,0.0,-5.0,-5.0,-5.0,3.0,3.0,3.0,0,0.0,0,0.0,0,0.0,3.0,3.0,0,,0,
flight_number,IAD,ORD,UA,UA407.0,ORD→IAD,,,2024-01-01,2024-12-31,1,1,0,0,0.0,0,0.0,0,0.0,-13.0,-13.0,-13.0,0.0,0.0,0.0,0,0.0,0,0.0,0,0.0,0.0,0.0,0,,0,
flight_number,IAD,ORD,UA,UA444.0,ORD→IAD,,,2024-01-01,2024-12-31,13,13,0,0,0.0,0,0.0,0,0.0,8.62,1.0,33.4,7.23,0.0,13.8,1,0.076923,1,0.076923,0,0.0,-3.23,0.0,0,0.0,0,
flight_number,IAD,ORD,UA,UA511.0,ORD→IAD,,,2024-01-01,2024-12-31,21,21,0,0,0.0,3,0.142857,1,0.047619,31.14,5.0,80.0,26.48,2.0,35.0,7,0.333333,3,0.142857,2,0.095238,-6.67,0.0,0,0.0,0,0.0
flight_number,IAD,ORD,UA,UA545.0,ORD→IAD,,,2024-01-01,2024-12-31,81,81,0,0,0.0,1,0.012346,0,0.0,-5.62,-9.0,7.0,3.2,0.0,3.0,4,0.049383,3,0.037037,2,0.024691,-0.21,0.0,1,0.333333,0,0.0
flight_number,IAD,ORD,UA,UA591.0,ORD→IAD,,,2024-01-01,2024-12-31,1,1,0,0,0.0,0,0.0,0,0.0,-27.0,-27.0,-27.0,0.0,0.0,0.0,0,0.0,0,0.0,0,0.0,0.0,0.0,0,,0,
flight_number,IAD,ORD,UA,UA656.0,ORD→IAD,,,2024-01-01,2024-12-31,67,66,1,0,0.014925,14,0.212121,5,0.075758,40.2,9.5,137.5,43.53,11.0,127.5,28,0.424242,19,0.287879,14,0.212121,-0.88,0.0,0,0.0,0,0.0
flight_number,IAD,ORD,UA,UA691.0,ORD→IAD,,,2024-01-01,2024-12-31,38,38,0,0,0.0,0,0.0,0,0.0,-5.97,-5.0,3.6,1.74,0.0,6.0,1,0.026316,0,0.0,0,0.0,0.95,0.0,0,,0,
flight_number,IAD,ORF,UA,UA1366.0,ORF→IAD,,,2024-01-01,2024-12-31,151,147,4,0,0.02649,8,0.054422,2,0.013605,1.37,-9.0,23.6,10.81,0.0,19.8,20,0.136054,11,0.07483,9,0.061224,0.35,0.0,0,0.0,0,0.0
flight_number,IAD,ORF,UA,UA1375.0,ORF→IAD,,,2024-01-01,2024-12-31,1,1,0,0,0.0,0,0.0,0,0.0,-17.0,-17.0,-17.0,0.0,0.0,0.0,0,0.0,0,0.0,0,0.0,0.0,0.0,0,,0,
flight_number,IAD,ORF,UA,UA1412.0,ORF→IAD,,,2024-01-01,2024-12-31,69,69,0,0,0.0,6,0.086957,1,0.014493,0.38,-16.0,26.0,14.72,0.0,26.8,10,0.144928,7,0.101449,6,0.086957,0.62,0.0,1,0.142857,0,0.0
flight_number,IAD,ORF,UA,UA1474.0,ORF→IAD,,,2024-01-01,2024-12-31,20,19,1,0,0.05,0,0.0,0,0.0,-14.0,-18.0,-7.2,0.05,0.0,0.0,0,0.0,0,0.0,0,0.0,-1.37,0.0,0,,0,
flight_number,IAD,ORF,UA,UA1528.0,ORF→IAD,,,2024-01-01,2024-12-31,32,32,0,0,0.0,0,0.0,0,0.0,-9.94,-14.0,16.7,3.44,0.0,12.9,2,0.0625,1,0.03125,0,0.0,0.62,0.0,0,0.0,0,
flight_number,IAD,ORF,UA,UA1746.0,ORF→IAD,,,2024-01-01,2024-12-31,15,15,0,0,0.0,0,0.0,0,0.0,-10.67,-12.0,-2.4,1.13,0.0,0.0,1,0.066667,0,0.0,0,0.0,-0.13,0.0,0,,0,
flight_number,IAD,ORF,UA,UA1914.0,ORF→IAD,,,2024-01-01,2024-12-31,24,24,0,0,0.0,2,0.083333,1,0.041667,11.58,-11.0,31.3,21.92,0.0,7.1,2,0.083333,2,0.083333,2,0.083333,-1.21,0.0,0,0.0,0,0.0
flight_number,IAD,ORF,UA,UA1926.0,ORF→IAD,,,2024-01-01,2024-12-31,12,12,0,0,0.0,0,0.0,0,0.0,-2.08,-2.5,9.7,3.17,0.0,8.9,0,0.0,0,0.0,0,0.0,0.33,0.0,0,,0,
flight_number,IAD,ORF,UA,UA2081.0,ORF→IAD,,,2024-01-01,2024-12-31,3,3,0,0,0.0,0,0.0,0,0.0,-20.0,-23.0,-14.2,0.0,0.0,0.0,0,0.0,0,0.0,0,0.0,0.0,0.0,0,,0,
flight_number,IAD,ORF,UA,UA2336.0,ORF→IAD,,,2024-01-01,2024-12-31,7,7,0,0,0.0,0,0.0,0,0.0,-11.43,-14.0,1.2,0.0,0.0,0.0,0,0.0,0,0.0,0,0.0,-1.29,0.0,0,,0,
flight_number,IAD,ORF,UA,UA2667.0,ORF→IAD,,,2024-01-01,2024-12-31,19,19,0,0,0.0,0,0.0,0,0.0,-2.11,-8.0,26.0,7.05,0.0,23.2,3,0.157895,1,0.052632,1,0.052632,-0.16,0.0,0,0.0,0,0.0
flight_number,IAD,ORF,UA,UA2854.0,ORF→IAD,,,2024-01-01,2024-12-31,37,37,0,0,0.0,0,0.0,0,0.0,-8.62,-12.0,3.0,2.7,0.0,7.6,2,0.054054,1,0.027027,0,0.0,0.76,0.0,0,0.0,0,
flight_number,IAD,ORF,UA,UA519.0,ORF→IAD,,,2024-01-01,2024-12-31,4,4,0,0,0.0,0,0.0,0,0.0,-13.75,-17.0,-4.8,0.0,0.0,0.0,0,0.0,0,0.0,0,0.0,0.0,0.0,0,,0,
flight_number,IAD,ORF,UA,UA608.0,ORF→IAD,,,2024-01-01,2024-12-31,8,8,0,0,0.0,0,0.0,0,0.0,-6.62,-6.0,5.6,4.0,2.0,10.3,0,0.0,0,0.0,0,0.0,2.0,1.0,0,,0,
flight_number,IAD,ORF,UA,UA758.0,ORF→IAD,,,2024-01-01,2024-12-31,53,49,4,0,0.075472,2,0.040816,0,0.0,2.96,-7.0,33.8,8.55,0.0,22.6,6,0.122449,4,0.081633,2,0.040816,-2.51,0.0,0,0.0,0,0.0
flight_number,IAD,ORF,YX,YX3402.0,ORF→IAD,,,2024-01-01,2024-12-31,1,1,0,0,0.0,0,0.0,0,0.0,-16.0,-16.0,-16.0,0.0,0.0,0.0,0,0.0,0,0.0,0,0.0,0.0,0.0,0,,0,
flight_number,IAD,ORF,YX,YX3439.0,ORF→IAD,,,2024-01-01,2024-12-31,27,27,0,0,0.0,0,0.0,0,0.0,-17.33,-24.0,18.0,4.59,0.0,20.0,4,0.148148,1,0.037037,0,0.0,-0.33,0.0,0,0.0,0,
flight_number,IAD,ORF,YX,YX3487.0,ORF→IAD,,,2024-01-01,2024-12-31,5,5,0,0,0.0,0,0.0,0,0.0,-15.0,-13.0,-9.0,0.0,0.0,0.0,0,0.0,0,0.0,0,0.0,0.0,0.0,0,,0,
flight_number,IAD,ORF,YX,YX3532.0,ORF→IAD,,,2024-01-01,2024-12-31,1,1,0,0,0.0,0,0.0,0,0.0,-24.0,-24.0,-24.0,0.0,0.0,0.0,0,0.0,0,0.0,0,0.0,0.0,0.0,0,,0,
flight_number,IAD,ORF,YX,YX3607.0,ORF→IAD,,,2024-01-01,2024-12-31,41,41,0,0,0.0,0,0.0,0,0.0,-12.73,-14.0,-3.0,0.34,0.0,0.0,0,0.0,0,0.0,0,0.0,-0.54,0.0,0,,0,
flight_number,IAD,ORF,YX,YX3665.0,ORF→IAD,,,2024-01-01,2024-12-31,3,3,0,0,0.0,0,0.0,0,0.0,-19.0,-17.0,-14.6,0.0,0.0,0.0,0,0.0,0,0.0,0,0.0,0.0,0.0,0,,0,
flight_number,IAD,ORF,YX,YX3666.0,ORF→IAD,,,2024-01-01,2024-12-31,31,31,0,0,0.0,0,0.0,0,0.0,-21.16,-22.0,-11.0,0.1,0.0,0.0,0,0.0,0,0.0,0,0.0,0.1,0.0,0,,0,
flight_number,IAD,ORF,YX,YX3669.0,ORF→IAD,,,2024-01-01,2024-12-31,3,3,0,0,0.0,0,0.0,0,0.0,10.33,18.0,22.0,0.0,0.0,0.0,0,0.0,0,0.0,0,0.0,-13.67,-18.0,0,,0,
flight_number,IAD,ORF,YX,YX3670.0,ORF→IAD,,,2024-01-01,2024-12-31,3,3,0,0,0.0,0,0.0,0,0.0,-14.0,-12.0,-12.0,0.0,0.0,0.0,0,0.0,0,0.0,0,0.0,0.0,0.0,0,,0,
flight_number,IAD,ORF,YX,YX3673.0,ORF→IAD,,,2024-01-01,2024-12-31,30,30,0,0,0.0,0,0.0,0,0.0,-14.13,-15.0,-1.9,0.8,0.0,0.3,0,0.0,0,0.0,0,0.0,0.23,0.0,0,,0,
flight_number,IAD,ORF,YX,YX3692.0,ORF→IAD,,,2024-01-01,2024-12-31,16,16,0,0,0.0,1,0.0625,1,0.0625,16.0,-7.0,22.0,19.06,0.0,4.5,1,0.0625,1,0.0625,1,0.0625,-3.25,0.0,0,0.0,0,0.0
flight_number,IAD,ORF,YX,YX3696.0,ORF→IAD,,,2024-01-01,2024-12-31,1,1,0,0,0.0,0,0.0,0,0.0,-25.0,-25.0,-25.0,0.0,0.0,0.0,0,0.0,0,0.0,0,0.0,0.0,0.0,0,,0,
flight_number,IAD,ORF,YX,YX3712.0,ORF→IAD,,,2024-01-01,2024-12-31,15,15,0,0,0.0,1,0.066667,0,0.0,-6.53,-18.0,11.4,9.67,0.0,16.8,2,0.133333,1,0.066667,1,0.066667,-2.13,0.0,0,0.0,0,0.0
flight_number,IAD,PBI,UA,UA1448.0,PBI→IAD,,,2024-01-01,2024-12-31,13,13,0,0,0.0,1,0.076923,0,0.0,-0.23,-8.0,12.4,9.0,0.0,5.8,1,0.076923,1,0.076923,1,0.076923,-1.08,0.0,0,0.0,0,0.0
flight_number,IAD,PBI,UA,UA215.0,PBI→IAD,,,2024-01-01,2024-12-31,1,1,0,0,0.0,0,0.0,0,0.0,3.0,3.0,3.0,17.0,17.0,17.0,1,1.0,0,0.0,0,0.0,14.0,14.0,0,,0,
flight_number,IAD,PBI,UA,UA2357.0,PBI→IAD,,,2024-01-01,2024-12-31,8,6,2,0,0.25,0,0.0,0,0.0,16.67,14.0,34.0,0.0,0.0,0.0,0,0.0,0,0.0,0,0.0,-16.83,-14.0,0,,0,
flight_number,IAD,PBI,UA,UA2703.0,PBI→IAD,,,2024-01-01,2024-12-31,15,15,0,0,0.0,0,0.0,0,0.0,-5.13,-6.0,3.6,0.0,0.0,0.0,0,0.0,0,0.0,0,0.0,-2.27,0.0,0,,0,
flight_number,IAD,PBI,UA,UA326.0,PBI→IAD,,,2024-01-01,2024-12-31,6,6,0,0,0.0,0,0.0,0,0.0,-3.0,-10.5,18.0,0.0,0.0,0.0,0,0.0,0,0.0,0,0.0,-6.83,0.0,0,,0,
flight_number,IAD,PDX,UA,UA1140.0,PDX→IAD,,,2024-01-01,2024-12-31,59,59,0,0,0.0,3,0.050847,1,0.016949,7.39,-5.0,39.6,15.07,0.0,34.4,8,0.135593,7,0.118644,4,0.067797,0.12,0.0,0,0.0,0,0.0
flight_number,IAD,PDX,UA,UA1322.0,PDX→IAD,,,2024-01-01,2024-12-31,4,4,0,0,0.0,0,0.0,0,0.0,3.0,-6.0,21.6,1.0,0.0,2.8,0,0.0,0,0.0,0,0.0,-7.25,0.0,0,,0,
flight_number,IAD,PDX,UA,UA1325.0,PDX→IAD,,,2024-01-01,2024-12-31,11,10,1,0,0.090909,0,0.0,0,0.0,-12.0,-15.5,5.2,0.0,0.0,0.0,0,0.0,0,0.0,0,0.0,-1.2,0.0,0,,0,
flight_number,IAD,PDX,UA,UA1400.0,PDX→IAD,,,2024-01-01,2024-12-31,1,1,0,0,0.0,0,0.0,0,0.0,-14.0,-14.0,-14.0,10.0,10.0,10.0,0,0.0,0,0.0,0,0.0,10.0,10.0,0,,0,
flight_number,IAD,PDX,UA,UA1779.0,PDX→IAD,,,2024-01-01,2024-12-31,4,4,0,0,0.0,0,0.0,0,0.0,-5.25,-11.5,12.6,9.25,8.0,19.5,2,0.5,0,0.0,0,0.0,4.0,0.0,0,,0,
flight_number,IAD,PDX,UA,UA1797.0,PDX→IAD,,,2024-01-01,2024-12-31,24,24,0,0,0.0,0,0.0,0,0.0,-9.46,-5.5,2.9,1.12,0.0,2.7,0,0.0,0,0.0,0,0.0,0.12,0.0,0,,0,
flight_number,IAD,PDX,UA,UA1904.0,PDX→IAD,,,2024-01-01,2024-12-31,37,37,0,0,0.0,1,0.027027,1,0.027027,-1.54,-22.0,2.8,23.62,0.0,14.4,4,0.108108,3,0.081081,1,0.027027,2.3,0.0,0,0.0,0,0.0
flight_number,IAD,PDX,UA,UA2109.0,PDX→IAD,,,2024-01-01,2024-12-31,32,32,0,0,0.0,0,0.0,0,0.0,-14.56,-18.0,4.0,3.5,0.0,4.6,2,0.0625,1,0.03125,1,0.03125,0.16,0.0,0,0.0,0,0.0
flight_number,IAD,PDX,UA,UA2268.0,PDX→IAD,,,2024-01-01,2024-12-31,116,116,0,0,0.0,1,0.008621,0,0.0,-10.59,-12.0,5.5,3.03,0.0,7.0,6,0.051724,4,0.034483,1,0.008621,0.88,0.0,2,0.5,0,0.0
flight_number,IAD,PGD,G4,G42469.0,PGD→IAD,,,2024-01-01,2024-12-31,4,4,0,0,0.0,0,0.0,0,0.0,-18.75,-19.5,-7.7,3.75,3.0,8.1,0,0.0,0,0.0,0,0.0,3.75,3.0,0,,0,
flight_number,IAD,PGD,G4,G42483.0,PGD→IAD,,,2024-01-01,2024-12-31,2,2,0,0,0.0,0,0.0,0,0.0,23.5,23.5,24.7,6.5,6.5,10.1,0,0.0,0,0.0,0,0.0,-17.0,-17.0,0,,0,
flight_number,IAD,PGD,G4,G43590.0,PGD→IAD,,,2024-01-01,2024-12-31,26,26,0,0,0.0,3,0.115385,2,0.076923,38.77,14.5,57.0,40.46,0.0,52.5,8,0.307692,7,0.269231,2,0.076923,-5.69,0.0,0,0.0,0,0.0
flight_number,IAD,PGD,G4,G4859.0,PGD→IAD,,,2024-01-01,2024-12-31,1,1,0,0,0.0,0,0.0,0,0.0,25.0,25.0,25.0,36.0,36.0,36.0,1,1.0,1,1.0,0,0.0,11.0,11.0,0,0.0,0,
flight_number,IAD,PGD,G4,G4861.0,PGD→IAD,,,2024-01-01,2024-12-31,17,17,0,0,0.0,1,0.058824,0,0.0,-1.29,-13.0,48.0,17.88,0.0,64.4,6,0.352941,4,0.235294,2,0.117647,5.88,0.0,0,0.0,0,0.0
flight_number,IAD,PGD,G4,G4874.0,PGD→IAD,,,2024-01-01,2024-12-31,2,2,0,0,0.0,0,0.0,0,0.0,7.0,7.0,11.0,21.5,21.5,25.9,2,1.0,0,0.0,0,0.0,14.5,14.5,0,,0,
flight_number,IAD,PGD,G4,G4892.0,PGD→IAD,,,2024-01-01,2024-12-31,4,4,0,0,0.0,0,0.0,0,0.0,-17.5,-22.5,-2.8,4.75,0.0,13.3,1,0.25,0,0.0,0,0.0,3.5,0.0,0,,0,
flight_number,IAD,PGD,G4,G4921.0,PGD→IAD,,,2024-01-01,2024-12-31,4,4,0,0,0.0,0,0.0,0,0.0,1.75,-11.0,43.4,22.75,14.0,52.5,2,0.5,1,0.25,1,0.25,6.25,2.0,0,0.0,0,0.0
flight_number,IAD,PGD,G4,G4929.0,PGD→IAD,,,2024-01-01,2024-12-31,2,2,0,0,0.0,0,0.0,0,0.0,-23.0,-23.0,-17.4,0.0,0.0,0.0,0,0.0,0,0.0,0,0.0,0.0,0.0,0,,0,
flight_number,IAD,PGD,G4,G4934.0,PGD→IAD,,,2024-01-01,2024-12-31,1,1,0,0,0.0,0,0.0,0,0.0,3.0,3.0,3.0,0.0,0.0,0.0,0,0.0,0,0.0,0,0.0,-3.0,-3.0,0,,0,
flight_number,IAD,PGD,G4,G4938.0,PGD→IAD,,,2024-01-01,2024-12-31,1,1,0,0,0.0,0,0.0,0,0.0,-26.0,-26.0,-26.0,0.0,0.0,0.0,0,0.0,0,0.0,0,0.0,0.0,0.0,0,,0,
flight_number,IAD,PGD,G4,G4945.0,PGD→IAD,,,2024-01-01,2024-12-31,2,2,0,0,0.0,0,0.0,0,0.0,1.0,1.0,4.2,13.5,13.5,15.5,1,0.5,0,0.0,0,0.0,11.0,11.0,0,,0,
flight_number,IAD,PHL,UA,UA1586.0,PHL→IAD,,,2024-01-01,2024-12-31,1,1,0,0,0.0,0,0.0,0,0.0,-24.0,-24.0,-24.0,0.0,0.0,0.0,0,0.0,0,0.0,0,0.0,0.0,0.0,0,,0,
flight_number,IAD,PHX,UA,UA1292.0,PHX→IAD,,,2024-01-01,2024-12-31,8,7,1,0,0.125,1,0.142857,0,0.0,-0.29,-14.0,31.6,15.29,0.0,42.8,1,0.142857,1,0.142857,1,0.142857,3.57,0.0,0,0.0,0,0.0
flight_number,IAD,PHX,UA,UA1354.0,PHX→IAD,,,2024-01-01,2024-12-31,45,35,10,0,0.222222,0,0.0,0,0.0,2.2,1.0,22.4,3.89,0.0,11.2,2,0.057143,2,0.057143,0,0.0,-4.0,0.0,0,0.0,0,
flight_number,IAD,PHX,UA,UA1393.0,PHX→IAD,,,2024-01-01,2024-12-31,13,13,0,0,0.0,2,0.153846,0,0.0,2.54,-5.0,57.0,14.23,0.0,46.2,3,0.230769,3,0.230769,1,0.076923,1.31,0.0,0,0.0,0,0.0
flight_number,IAD,PHX,UA,UA1409.0,PHX→IAD,,,2024-01-01,2024-12-31,1,1,0,0,0.0,0,0.0,0,0.0,-11.0,-11.0,-11.0,2.0,2.0,2.0,0,0.0,0,0.0,0,0.0,2.0,2.0,0,,0,
flight_number,IAD,PHX,UA,UA1557.0,PHX→IAD,,,2024-01-01,2024-12-31,96,96,0,1,0.0,1,0.010417,1,0.010417,-4.48,-12.0,4.8,10.79,0.0,12.6,6,0.0625,3,0.03125,1,0.010417,1.69,0.0,2,0.666667,0,0.0
flight_number,IAD,PHX,UA,UA1620.0,PHX→IAD,,,2024-01-01,2024-12-31,13,13,0,0,0.0,1,0.076923,0,0.0,1.62,-3.0,16.0,7.54,0.0,7.8,1,0.076923,1,0.076923,1,0.076923,-0.46,0.0,0,0.0,0,0.0
flight_number,IAD,PHX,UA,UA1778.0,PHX→IAD,,,2024-01-01,2024-12-31,2,2,0,0,0.0,0,0.0,0,0.0,-10.5,-10.5,2.7,4.0,4.0,7.2,0,0.0,0,0.0,0,0.0,1.0,1.0,0,,0,
flight_number,IAD,PHX,UA,UA1993.0,PHX→IAD,,,2024-01-01,2024-12-31,68,67,1,0,0.014706,2,0.029851,0,0.0,-6.57,-9.0,9.0,5.34,0.0,13.2,6,0.089552,4,0.059701,2,0.029851,0.73,0.0,0,0.0,0,0.0
flight_number,IAD,PHX,UA,UA2181.0,PHX→IAD,,,2024-01-01,2024-12-31,52,49,3,1,0.057692,2,0.040816,1,0.020408,8.71,-7.0,26.6,23.08,0.0,39.9,13,0.265306,6,0.122449,2,0.040816,3.31,0.0,0,0.0,0,0.0
flight_number,IAD,PHX,UA,UA2218.0,PHX→IAD,,,2024-01-01,2024-12-31,36,36,0,0,0.0,2,0.055556,0,0.0,-10.86,-21.5,19.5,6.28,0.0,4.5,3,0.083333,2,0.055556,2,0.055556,-1.0,0.0,0,0.0,0,0.0
flight_number,IAD,PHX,UA,UA2268.0,PHX→IAD,,,2024-01-01,2024-12-31,16,16,0,0,0.0,0,0.0,0,0.0,-5.12,-5.5,7.0,3.94,0.0,11.5,1,0.0625,1,0.0625,0,0.0,-0.12,0.0,0,0.0,0,
flight_number,IAD,PHX,UA,UA2303.0,PHX→IAD,,,2024-01-01,2024-12-31,292,292,0,1,0.0,10,0.034247,1,0.003425,-3.99,-10.0,19.0,6.76,0.0,14.0,28,0.09589,21,0.071918,12,0.041096,-0.62,0.0,1,0.047619,0,0.0
flight_number,IAD,PHX,UA,UA2397.0,PHX→IAD,,,2024-01-01,2024-12-31,35,34,1,0,0.028571,1,0.029412,0,0.0,-8.12,-10.0,9.7,9.71,1.5,28.1,8,0.235294,3,0.088235,1,0.029412,5.18,0.0,1,0.333333,0,0.0
flight_number,IAD,PHX,UA,UA2421.0,PHX→IAD,,,2024-01-01,2024-12-31,28,28,0,0,0.0,1,0.035714,0,0.0,-9.11,-15.5,2.4,6.04,0.0,2.0,1,0.035714,1,0.035714,1,0.035714,-0.32,0.0,0,0.0,0,0.0
flight_number,IAD,PHX,UA,UA2700.0,PHX→IAD,,,2024-01-01,2024-12-31,1,1,0,0,0.0,0,0.0,0,0.0,-6.0,-6.0,-6.0,8.0,8.0,8.0,0,0.0,0,0.0,0,0.0,8.0,8.0,0,,0,
flight_number,IAD,PHX,UA,UA755.0,PHX→IAD,,,2024-01-01,2024-12-31,129,129,0,0,0.0,7,0.054264,2,0.015504,6.47,-5.0,31.4,16.26,0.0,31.2,22,0.170543,13,0.100775,7,0.054264,2.02,0.0,0,0.0,0,0.0
flight_number,IAD,PHX,WN,WN1093.0,PHX→IAD,,,2024-01-01,2024-12-31,17,17,0,0,0.0,0,0.0,0,0.0,-6.59,-9.0,13.4,4.82,0.0,18.4,3,0.176471,0,0.0,0,0.0,1.53,0.0,0,0.0,0,
flight_number,IAD,PHX,WN,WN1457.0,PHX→IAD,,,2024-01-01,2024-12-31,53,53,0,0,0.0,2,0.037736,0,0.0,3.87,-1.0,33.0,10.96,2.0,46.4,8,0.150943,7,0.132075,2,0.037736,2.17,0.0,0,0.0,0,0.0
flight_number,IAD,PHX,WN,WN1490.0,PHX→IAD,,,2024-01-01,2024-12-31,40,40,0,0,0.0,0,0.0,0,0.0,-5.0,-4.0,8.6,3.9,0.0,14.2,4,0.1,1,0.025,0,0.0,1.07,0.0,0,0.0,0,
flight_number,IAD,PHX,WN,WN1802.0,PHX→IAD,,,2024-01-01,2024-12-31,59,59,0,1,0.0,1,0.016949,0,0.0,-1.19,-3.5,16.5,6.97,0.5,18.1,8,0.135593,2,0.033898,1,0.016949,0.98,0.0,0,0.0,0,0.0
flight_number,IAD,PHX,WN,WN2242.0,PHX→IAD,,,2024-01-01,2024-12-31,4,4,0,0,0.0,0,0.0,0,0.0,3.5,1.5,12.7,4.0,4.0,8.0,0,0.0,0,0.0,0,0.0,-1.25,0.0,0,,0,
flight_number,IAD,PHX,WN,WN2753.0,PHX→IAD,,,2024-01-01,2024-12-31,26,26,0,1,0.0,1,0.038462,0,0.0,2.84,-2.0,14.2,9.52,1.0,19.8,3,0.115385,2,0.076923,1,0.038462,0.96,0.0,0,0.0,0,0.0
flight_number,IAD,PHX,WN,WN3211.0,PHX→IAD,,,2024-01-01,2024-12-31,1,1,0,0,0.0,0,0.0,0,0.0,-11.0,-11.0,-11.0,4.0,4.0,4.0,0,0.0,0,0.0,0,0.0,4.0,4.0,0,,0,
flight_number,IAD,PHX,WN,WN3280.0,PHX→IAD,,,2024-01-01,2024-12-31,10,10,0,0,0.0,1,0.1,0,0.0,1.1,-7.0,21.4,8.4,0.0,14.5,1,0.1,1,0.1,1,0.1,-1.3,0.0,0,0.0,0,0.0
flight_number,IAD,PHX,WN,WN4291.0,PHX→IAD,,,2024-01-01,2024-12-31,26,26,0,0,0.0,3,0.115385,0,0.0,9.96,-4.5,47.0,20.69,7.5,58.5,7,0.269231,4,0.153846,3,0.115385,4.08,5.5,0,0.0,0,0.0
flight_number,IAD,PHX,WN,WN4872.0,PHX→IAD,,,2024-01-01,2024-12-31,4,4,0,0,0.0,0,0.0,0,0.0,10.5,13.0,21.2,11.0,11.0,18.5,1,0.25,0,0.0,0,0.0,-1.25,0.0,0,,0,
flight_number,IAD,PHX,WN,WN581.0,PHX→IAD,,,2024-01-01,2024-12-31,9,9,0,1,0.0,0,0.0,0,0.0,1.88,-0.5,27.2,12.12,3.5,35.0,2,0.222222,1,0.111111,0,0.0,3.88,1.0,0,0.0,0,
flight_number,IAD,PHX,WN,WN697.0,PHX→IAD,,,2024-01-01,2024-12-31,1,1,0,0,0.0,0,0.0,0,0.0,-18.0,-18.0,-18.0,11.0,11.0,11.0,0,0.0,0,0.0,0,0.0,11.0,11.0,0,,0,
flight_number,IAD,PIT,UA,UA1274.0,PIT→IAD,,,2024-01-01,2024-12-31,5,5,0,0,0.0,0,0.0,0,0.0,-19.2,-20.0,-16.4,0.0,0.0,0.0,0,0.0,0,0.0,0,0.0,0.0,0.0,0,,0,
flight_number,IAD,PIT,UA,UA1783.0,PIT→IAD,,,2024-01-01,2024-12-31,23,23,0,0,0.0,1,0.043478,0,0.0,-9.35,-17.0,1.8,4.48,0.0,0.0,1,0.043478,1,0.043478,1,0.043478,0.48,0.0,0,0.0,0,0.0
flight_number,IAD,PIT,UA,UA2160.0,PIT→IAD,,,2024-01-01,2024-12-31,22,22,0,0,0.0,2,0.090909,1,0.045455,56.86,-1.5,11.8,58.18,0.0,4.6,2,0.090909,2,0.090909,1,0.045455,-2.18,0.0,0,0.0,0,0.0
flight_number,IAD,PIT,YX,YX3420.0,PIT→IAD,,,2024-01-01,2024-12-31,1,1,0,0,0.0,0,0.0,0,0.0,-22.0,-22.0,-22.0,0.0,0.0,0.0,0,0.0,0,0.0,0,0.0,0.0,0.0,0,,0,
flight_number,IAD,PIT,YX,YX3442.0,PIT→IAD,,,2024-01-01,2024-12-31,1,1,0,0,0.0,0,0.0,0,0.0,-8.0,-8.0,-8.0,0.0,0.0,0.0,0,0.0,0,0.0,0,0.0,0.0,0.0,0,,0,
flight_number,IAD,PIT,YX,YX3457.0,PIT→IAD,,,2024-01-01,2024-12-31,13,13,0,0,0.0,0,0.0,0,0.0,4.69,3.0,38.8,11.38,0.0,49.6,3,0.230769,3,0.230769,0,0.0,0.69,0.0,0,0.0,0,
flight_number,IAD,PIT,YX,YX3481.0,PIT→IAD,,,2024-01-01,2024-12-31,37,37,0,0,0.0,0,0.0,0,0.0,-12.57,-17.0,2.4,0.59,0.0,0.0,0,0.0,0,0.0,0,0.0,-1.43,0.0,0,,0,
flight_number,IAD,PIT,YX,YX3488.0,PIT→IAD,,,2024-01-01,2024-12-31,1,1,0,0,0.0,0,0.0,0,0.0,-2.0,-2.0,-2.0,0.0,0.0,0.0,0,0.0,0,0.0,0,0.0,0.0,0.0,0,,0,
flight_number,IAD,PIT,YX,YX3578.0,PIT→IAD,,,2024-01-01,2024-12-31,24,24,0,0,0.0,0,0.0,0,0.0,-8.96,-11.0,8.2,1.12,0.0,0.0,1,0.041667,0,0.0,0,0.0,-0.46,0.0,0,,0,
flight_number,IAD,PIT,YX,YX3579.0,PIT→IAD,,,2024-01-01,2024-12-31,179,178,1,0,0.005587,2,0.011236,0,0.0,-3.24,-12.0,27.0,5.18,0.0,16.9,19,0.106742,11,0.061798,3,0.016854,-2.29,0.0,0,0.0,0,0.0
flight_number,IAD,PIT,YX,YX3586.0,PIT→IAD,,,2024-01-01,2024-12-31,21,21,0,0,0.0,0,0.0,0,0.0,-10.24,-10.0,1.0,0.71,0.0,0.0,0,0.0,0,0.0,0,0.0,-0.38,0.0,0,,0,
flight_number,IAD,PIT,YX,YX3588.0,PIT→IAD,,,2024-01-01,2024-12-31,20,20,0,0,0.0,0,0.0,0,0.0,-5.2,-15.0,22.6,6.9,0.0,27.1,4,0.2,1,0.05,0,0.0,-0.35,0.0,0,0.0,0,
flight_number,IAD,PIT,YX,YX3619.0,PIT→IAD,,,2024-01-01,2024-12-31,24,24,0,0,0.0,1,0.041667,1,0.041667,-3.75,-20.0,-1.1,13.75,0.0,0.0,1,0.041667,1,0.041667,1,0.041667,0.08,0.0,0,0.0,0,0.0
flight_number,IAD,PIT,YX,YX3634.0,PIT→IAD,,,2024-01-01,2024-12-31,53,53,0,0,0.0,1,0.018868,0,0.0,-8.74,-10.0,-1.4,1.75,0.0,0.0,1,0.018868,1,0.018868,1,0.018868,0.21,0.0,0,0.0,0,0.0
flight_number,IAD,PIT,YX,YX3671.0,PIT→IAD,,,2024-01-01,2024-12-31,7,7,0,0,0.0,0,0.0,0,0.0,-16.71,-18.0,-6.2,0.0,0.0,0.0,0,0.0,0,0.0,0,0.0,-0.14,0.0,0,,0,
flight_number,IAD,PIT,YX,YX3679.0,PIT→IAD,,,2024-01-01,2024-12-31,223,223,0,0,0.0,3,0.013453,2,0.008969,-2.09,-6.0,9.0,4.07,0.0,1.0,10,0.044843,5,0.022422,3,0.013453,-1.3,0.0,0,0.0,0,0.0
flight_number,IAD,PIT,YX,YX3685.0,PIT→IAD,,,2024-01-01,2024-12-31,1,1,0,0,0.0,0,0.0,0,0.0,-16.0,-16.0,-16.0,0.0,0.0,0.0,0,0.0,0,0.0,0,0.0,0.0,0.0,0,,0,
flight_number,IAD,PSP,UA,UA1652.0,PSP→IAD,,,2024-01-01,2024-12-31,13,13,0,0,0.0,0,0.0,0,0.0,-9.15,-6.0,12.0,7.54,0.0,30.2,2,0.153846,2,0.153846,0,0.0,2.85,0.0,1,0.5,0,
flight_number,IAD,PVD,YX,YX3587.0,PVD→IAD,,,2024-01-01,2024-12-31,69,68,1,0,0.014493,5,0.073529,0,0.0,-13.97,-24.5,11.6,8.81,0.0,13.5,7,0.102941,7,0.102941,5,0.073529,0.94,0.0,1,0.142857,0,0.0
flight_number,IAD,PVD,YX,YX3675.0,PVD→IAD,,,2024-01-01,2024-12-31,8,7,1,0,0.125,1,0.142857,0,0.0,7.43,-14.0,69.0,25.0,0.0,79.2,2,0.285714,2,0.285714,1,0.142857,3.0,0.0,0,0.0,0,0.0
flight_number,IAD,PWM,UA,UA1172.0,PWM→IAD,,,2024-01-01,2024-12-31,52,52,0,0,0.0,1,0.019231,0,0.0,-7.79,-11.5,3.9,3.6,0.0,4.8,4,0.076923,2,0.038462,1,0.019231,0.37,0.0,0,0.0,0,0.0
flight_number,IAD,PWM,UA,UA1668.0,PWM→IAD,,,2024-01-01,2024-12-31,13,13,0,0,0.0,0,0.0,0,0.0,-3.92,-3.0,10.0,4.0,0.0,14.0,2,0.153846,0,0.0,0,0.0,1.46,0.0,1,1.0,0,
flight_number,IAD,PWM,YX,YX3450.0,PWM→IAD,,,2024-01-01,2024-12-31,91,90,1,2,0.010989,4,0.044444,1,0.011111,11.15,-5.0,16.3,17.65,0.0,2.6,6,0.066667,5,0.055556,3,0.033333,-2.26,0.0,0,0.0,0,0.0
flight_number,IAD,PWM,YX,YX3470.0,PWM→IAD,,,2024-01-01,2024-12-31,37,37,0,0,0.0,2,0.054054,1,0.027027,2.05,-6.0,16.6,8.7,0.0,24.4,5,0.135135,3,0.081081,1,0.027027,-1.84,0.0,1,0.333333,0,0.0
flight_number,IAD,PWM,YX,YX3496.0,PWM→IAD,,,2024-01-01,2024-12-31,8,7,1,0,0.125,0,0.0,0,0.0,-0.57,-12.0,31.8,5.43,0.0,17.0,1,0.142857,0,0.0,0,0.0,-5.0,0.0,0,,0,
flight_number,IAD,PWM,YX,YX3516.0,PWM→IAD,,,2024-01-01,2024-12-31,34,31,3,0,0.088235,1,0.032258,0,0.0,-15.77,-23.0,-4.0,6.16,0.0,0.0,1,0.032258,1,0.032258,1,0.032258,0.23,0.0,0,0.0,0,0.0
flight_number,IAD,PWM,YX,YX3517.0,PWM→IAD,,,2024-01-01,2024-12-31,35,35,0,0,0.0,1,0.028571,0,0.0,-1.91,-8.0,17.8,5.77,0.0,3.0,3,0.085714,2,0.057143,1,0.028571,-2.4,0.0,0,0.0,0,0.0
flight_number,IAD,PWM,YX,YX3529.0,PWM→IAD,,,2024-01-01,2024-12-31,1,1,0,0,0.0,0,0.0,0,0.0,-9.0,-9.0,-9.0,0.0,0.0,0.0,0,0.0,0,0.0,0,0.0,0.0,0.0,0,,0,
flight_number,IAD,PWM,YX,YX3538.0,PWM→IAD,,,2024-01-01,2024-12-31,122,116,6,0,0.04918,5,0.043103,1,0.008621,-10.28,-20.0,31.0,9.03,0.0,38.0,18,0.155172,14,0.12069,5,0.043103,0.97,0.0,1,0.071429,0,0.0
flight_number,IAD,PWM,YX,YX3566.0,PWM→IAD,,,2024-01-01,2024-12-31,1,1,0,0,0.0,0,0.0,0,0.0,-6.0,-6.0,-6.0,7.0,7.0,7.0,0,0.0,0,0.0,0,0.0,7.0,7.0,0,,0,
flight_number,IAD,PWM,YX,YX3582.0,PWM→IAD,,,2024-01-01,2024-12-31,65,65,0,0,0.0,5,0.076923,0,0.0,-4.8,-21.0,37.8,14.51,0.0,58.6,16,0.246154,12,0.184615,7,0.107692,3.0,0.0,0,0.0,0,0.0
flight_number,IAD,PWM,YX,YX3619.0,PWM→IAD,,,2024-01-01,2024-12-31,18,18,0,0,0.0,0,0.0,0,0.0,-29.17,-32.0,-20.2,0.0,0.0,0.0,0,0.0,0,0.0,0,0.0,-0.56,0.0,0,,0,
flight_number,IAD,PWM,YX,YX3624.0,PWM→IAD,,,2024-01-01,2024-12-31,35,34,1,0,0.028571,1,0.029412,0,0.0,-12.65,-20.5,7.7,6.06,0.0,17.8,4,0.117647,2,0.058824,1,0.029412,1.21,0.0,0,0.0,0,0.0
flight_number,IAD,PWM,YX,YX3625.0,PWM→IAD,,,2024-01-01,2024-12-31,91,90,1,0,0.010989,2,0.022222,1,0.011111,-11.36,-16.5,0.3,4.88,0.0,0.0,4,0.044444,4,0.044444,2,0.022222,0.56,0.0,0,0.0,0,0.0
flight_number,IAD,PWM,YX,YX3643.0,PWM→IAD,,,2024-01-01,2024-12-31,8,6,2,0,0.25,0,0.0,0,0.0,-10.5,-15.5,5.0,0.0,0.0,0.0,0,0.0,0,0.0,0,0.0,-2.17,0.0,0,,0,
flight_number,IAD,PWM,YX,YX3679.0,PWM→IAD,,,2024-01-01,2024-12-31,14,14,0,0,0.0,0,0.0,0,0.0,-16.71,-19.0,-2.6,1.29,0.0,0.0,1,0.071429,0,0.0,0,0.0,1.0,0.0,0,,0,
flight_number,IAD,RDU,UA,UA1803.0,RDU→IAD,,,2024-01-01,2024-12-31,2,2,0,0,0.0,0,0.0,0,0.0,-15.0,-15.0,-15.0,0.0,0.0,0.0,0,0.0,0,0.0,0,0.0,0.0,0.0,0,,0,
flight_number,IAD,RDU,UA,UA1850.0,RDU→IAD,,,2024-01-01,2024-12-31,1,1,0,0,0.0,0,0.0,0,0.0,-26.0,-26.0,-26.0,0.0,0.0,0.0,0,0.0,0,0.0,0,0.0,0.0,0.0,0,,0,
flight_number,IAD,RDU,UA,UA1964.0,RDU→IAD,,,2024-01-01,2024-12-31,239,234,5,0,0.020921,6,0.025641,2,0.008547,-5.76,-12.0,6.7,5.9,0.0,7.7,14,0.059829,10,0.042735,6,0.025641,0.29,0.0,1,0.090909,0,0.0
flight_number,IAD,RDU,UA,UA2163.0,RDU→IAD,,,2024-01-01,2024-12-31,230,229,1,0,0.004348,5,0.021834,0,0.0,-9.83,-14.0,6.0,4.26,0.0,8.0,16,0.069869,8,0.034934,5,0.021834,0.48,0.0,0,0.0,0,0.0
flight_number,IAD,RDU,UA,UA2285.0,RDU→IAD,,,2024-01-01,2024-12-31,1,1,0,0,0.0,0,0.0,0,0.0,-19.0,-19.0,-19.0,0.0,0.0,0.0,0,0.0,0,0.0,0,0.0,0.0,0.0,0,,0,
flight_number,IAD,RDU,UA,UA2288.0,RDU→IAD,,,2024-01-01,2024-12-31,37,37,0,0,0.0,2,0.054054,1,0.027027,-2.32,-13.0,4.2,11.11,0.0,2.0,2,0.054054,2,0.054054,2,0.054054,0.22,0.0,0,0.0,0,0.0
flight_number,IAD,RDU,UA,UA2424.0,RDU→IAD,,,2024-01-01,2024-12-31,18,17,1,0,0.055556,0,0.0,0,0.0,0.59,2.0,17.0,0.59,0.0,0.0,0,0.0,0,0.0,0,0.0,-5.29,-2.0,0,,0,
flight_number,IAD,RDU,UA,UA2492.0,RDU→IAD,,,2024-01-01,2024-12-31,21,21,0,0,0.0,0,0.0,0,0.0,-21.76,-22.0,-12.0,0.81,0.0,0.0,1,0.047619,0,0.0,0,0.0,0.81,0.0,0,,0,
flight_number,IAD,RDU,UA,UA329.0,RDU→IAD,,,2024-01-01,2024-12-31,1,1,0,0,0.0,0,0.0,0,0.0,-16.0,-16.0,-16.0,0.0,0.0,0.0,0,0.0,0,0.0,0,0.0,0.0,0.0,0,,0,
flight_number,IAD,RDU,UA,UA689.0,RDU→IAD,,,2024-01-01,2024-12-31,169,169,0,0,0.0,9,0.053254,4,0.023669,0.37,-13.0,25.0,13.96,0.0,26.8,22,0.130178,17,0.100592,10,0.059172,1.29,0.0,0,0.0,0,0.0
flight_number,IAD,RDU,UA,UA717.0,RDU→IAD,,,2024-01-01,2024-12-31,36,36,0,0,0.0,2,0.055556,0,0.0,16.75,15.5,41.5,5.97,0.0,16.0,4,0.111111,2,0.055556,1,0.027778,-13.11,-9.5,0,0.0,0,0.0
flight_number,IAD,RDU,YX,YX3462.0,RDU→IAD,,,2024-01-01,2024-12-31,1,1,0,0,0.0,0,0.0,0,0.0,2.0,2.0,2.0,0.0,0.0,0.0,0,0.0,0,0.0,0,0.0,-2.0,-2.0,0,,0,
flight_number,IAD,RDU,YX,YX3493.0,RDU→IAD,,,2024-01-01,2024-12-31,5,5,0,0,0.0,1,0.2,1,0.2,45.0,-18.0,179.8,65.6,0.0,196.8,1,0.2,1,0.2,1,0.2,3.8,0.0,0,0.0,0,0.0
flight_number,IAD,RDU,YX,YX3594.0,RDU→IAD,,,2024-01-01,2024-12-31,5,5,0,0,0.0,1,0.2,1,0.2,63.6,-2.0,215.0,73.6,0.0,220.8,1,0.2,1,0.2,1,0.2,1.8,0.0,0,0.0,0,0.0
flight_number,IAD,RDU,YX,YX3597.0,RDU→IAD,,,2024-01-01,2024-12-31,9,9,0,0,0.0,0,0.0,0,0.0,-29.78,-30.0,-24.6,1.11,0.0,2.0,0,0.0,0,0.0,0,0.0,1.11,0.0,0,,0,
flight_number,IAD,RDU,YX,YX3633.0,RDU→IAD,,,2024-01-01,2024-12-31,5,5,0,0,0.0,0,0.0,0,0.0,-8.2,-16.0,12.0,7.6,0.0,22.8,1,0.2,1,0.2,0,0.0,1.6,0.0,0,0.0,0,
flight_number,IAD,RDU,YX,YX3653.0,RDU→IAD,,,2024-01-01,2024-12-31,24,24,0,0,0.0,2,0.083333,1,0.041667,15.25,-2.5,42.8,21.75,0.0,34.8,3,0.125,3,0.125,2,0.083333,-2.71,0.0,0,0.0,0,0.0
flight_number,IAD,RDU,YX,YX3665.0,RDU→IAD,,,2024-01-01,2024-12-31,1,1,0,0,0.0,0,0.0,0,0.0,8.0,8.0,8.0,8.0,8.0,8.0,0,0.0,0,0.0,0,0.0,0.0,0.0,0,,0,
flight_number,IAD,RDU,YX,YX3666.0,RDU→IAD,,,2024-01-01,2024-12-31,49,49,0,0,0.0,0,0.0,0,0.0,-13.37,-18.0,8.6,2.24,0.0,5.6,2,0.040816,2,0.040816,0,0.0,-0.67,0.0,0,0.0,0,
flight_number,IAD,ROC,UA,UA1412.0,ROC→IAD,,,2024-01-01,2024-12-31,13,13,0,0,0.0,1,0.076923,0,0.0,22.69,12.0,52.2,28.92,21.0,34.6,8,0.615385,3,0.230769,1,0.076923,4.62,3.0,2,0.666667,0,0.0
flight_number,IAD,ROC,YX,YX3478.0,ROC→IAD,,,2024-01-01,2024-12-31,7,7,0,0,0.0,0,0.0,0,0.0,4.57,-7.0,27.6,8.14,0.0,22.8,1,0.142857,1,0.142857,0,0.0,-1.43,0.0,0,0.0,0,
flight_number,IAD,ROC,YX,YX3493.0,ROC→IAD,,,2024-01-01,2024-12-31,35,35,0,0,0.0,1,0.028571,0,0.0,-9.2,-15.0,13.0,4.46,0.0,9.0,3,0.085714,1,0.028571,1,0.028571,-0.09,0.0,0,0.0,0,0.0
flight_number,IAD,ROC,YX,YX3510.0,ROC→IAD,,,2024-01-01,2024-12-31,31,31,0,0,0.0,2,0.064516,1,0.032258,2.87,-11.0,11.0,13.68,0.0,19.0,4,0.129032,2,0.064516,2,0.064516,-0.23,0.0,0,0.0,0,0.0
flight_number,IAD,ROC,YX,YX3577.0,ROC→IAD,,,2024-01-01,2024-12-31,8,8,0,0,0.0,0,0.0,0,0.0,-1.5,-4.0,12.1,2.62,0.0,8.0,0,0.0,0,0.0,0,0.0,-1.0,0.0,0,,0,
flight_number,IAD,ROC,YX,YX3611.0,ROC→IAD,,,2024-01-01,2024-12-31,23,23,0,0,0.0,0,0.0,0,0.0,-3.39,-7.0,14.6,5.57,0.0,7.6,2,0.086957,2,0.086957,0,0.0,0.3,0.0,0,0.0,0,
flight_number,IAD,ROC,YX,YX3650.0,ROC→IAD,,,2024-01-01,2024-12-31,22,22,0,0,0.0,1,0.045455,0,0.0,2.23,-5.5,23.9,5.27,0.0,3.6,1,0.045455,1,0.045455,1,0.045455,-6.18,0.0,0,0.0,0,0.0
flight_number,IAD,ROC,YX,YX3653.0,ROC→IAD,,,2024-01-01,2024-12-31,17,17,0,0,0.0,1,0.058824,0,0.0,1.65,-9.0,32.4,11.82,0.0,38.6,3,0.176471,2,0.117647,1,0.058824,0.24,0.0,0,0.0,0,0.0
flight_number,IAD,RSW,UA,UA1044.0,RSW→IAD,,,2024-01-01,2024-12-31,37,35,2,0,0.054054,0,0.0,0,0.0,-16.57,-19.0,-1.0,1.63,0.0,0.0,1,0.028571,1,0.028571,0,0.0,-0.09,0.0,0,0.0,0,
flight_number,IAD,RSW,UA,UA1244.0,RSW→IAD,,,2024-01-01,2024-12-31,32,32,0,0,0.0,1,0.03125,0,0.0,-11.0,-18.5,-4.0,6.72,0.0,0.0,2,0.0625,2,0.0625,1,0.03125,0.91,0.0,0,0.0,0,0.0
flight_number,IAD,RSW,UA,UA1349.0,RSW→IAD,,,2024-01-01,2024-12-31,85,85,0,1,0.0,2,0.023529,1,0.011765,1.11,-9.0,30.1,7.81,0.0,13.1,7,0.082353,4,0.047059,3,0.035294,-2.42,0.0,0,0.0,0,0.0
flight_number,IAD,RSW,UA,UA1546.0,RSW→IAD,,,2024-01-01,2024-12-31,16,16,0,0,0.0,2,0.125,0,0.0,-11.31,-20.5,28.5,9.75,0.0,34.5,2,0.125,2,0.125,2,0.125,0.31,0.0,0,0.0,0,0.0
flight_number,IAD,RSW,UA,UA1764.0,RSW→IAD,,,2024-01-01,2024-12-31,8,8,0,0,0.0,0,0.0,0,0.0,-14.62,-15.0,-5.4,0.88,0.0,3.3,0,0.0,0,0.0,0,0.0,0.88,0.0,0,,0,
flight_number,IAD,RSW,UA,UA2175.0,RSW→IAD,,,2024-01-01,2024-12-31,13,13,0,0,0.0,1,0.076923,1,0.076923,24.69,-18.0,3.8,46.0,0.0,11.2,1,0.076923,1,0.076923,1,0.076923,1.77,0.0,0,0.0,0,0.0
flight_number,IAD,RSW,UA,UA2344.0,RSW→IAD,,,2024-01-01,2024-12-31,21,21,0,0,0.0,2,0.095238,0,0.0,0.1,-10.0,18.0,7.19,0.0,14.0,2,0.095238,2,0.095238,1,0.047619,-2.05,0.0,0,0.0,0,0.0
flight_number,IAD,RSW,UA,UA2371.0,RSW→IAD,,,2024-01-01,2024-12-31,37,37,0,0,0.0,1,0.027027,0,0.0,-11.7,-14.0,-1.8,3.59,0.0,1.6,2,0.054054,1,0.027027,1,0.027027,0.84,0.0,0,0.0,0,0.0
flight_number,IAD,RSW,UA,UA2435.0,RSW→IAD,,,2024-01-01,2024-12-31,88,88,0,1,0.0,9,0.102273,3,0.034091,4.52,-14.0,49.6,14.68,0.0,14.2,9,0.102273,8,0.090909,8,0.090909,-2.09,0.0,0,0.0,0,0.0
flight_number,IAD,RSW,UA,UA2606.0,RSW→IAD,,,2024-01-01,2024-12-31,1,1,0,0,0.0,0,0.0,0,0.0,-10.0,-10.0,-10.0,0.0,0.0,0.0,0,0.0,0,0.0,0,0.0,0.0,0.0,0,,0,
flight_number,IAD,RSW,UA,UA326.0,RSW→IAD,,,2024-01-01,2024-12-31,37,33,4,0,0.108108,1,0.030303,1,0.030303,-1.58,-12.0,18.0,8.03,0.0,0.0,2,0.060606,1,0.030303,1,0.030303,-1.55,0.0,0,0.0,0,0.0
flight_number,IAD,RSW,UA,UA596.0,RSW→IAD,,,2024-01-01,2024-12-31,77,76,1,0,0.012987,1,0.013158,0,0.0,-10.5,-13.0,4.5,2.49,0.0,0.0,2,0.026316,2,0.026316,2,0.026316,-0.21,0.0,0,0.0,0,0.0
flight_number,IAD,RSW,UA,UA688.0,RSW→IAD,,,2024-01-01,2024-12-31,98,94,4,0,0.040816,4,0.042553,1,0.010638,-5.26,-14.5,15.0,6.41,0.0,2.0,6,0.06383,6,0.06383,4,0.042553,-1.87,0.0,0,0.0,0,0.0
flight_number,IAD,SAN,AS,AS322.0,SAN→IAD,,,2024-01-01,2024-12-31,364,350,14,2,0.038462,18,0.051429,1,0.002857,6.85,-2.0,43.0,10.04,0.0,27.3,52,0.148571,31,0.088571,15,0.042857,-4.78,0.0,3,0.09375,0,0.0
flight_number,IAD,SAN,UA,UA1738.0,SAN→IAD,,,2024-01-01,2024-12-31,31,31,0,0,0.0,3,0.096774,1,0.032258,8.84,-9.0,40.0,19.23,0.0,46.0,4,0.129032,4,0.129032,3,0.096774,0.1,0.0,0,0.0,0,0.0
flight_number,IAD,SAN,UA,UA1873.0,SAN→IAD,,,2024-01-01,2024-12-31,267,264,3,3,0.011236,15,0.056818,7,0.026515,9.86,-3.0,36.0,14.04,0.0,11.0,24,0.090909,20,0.075758,9,0.034091,-4.44,0.0,1,0.047619,0,0.0
flight_number,IAD,SAN,UA,UA2049.0,SAN→IAD,,,2024-01-01,2024-12-31,135,125,10,1,0.074074,3,0.024,0,0.0,-14.8,-17.5,-1.3,4.63,0.0,2.4,6,0.048,4,0.032,3,0.024,0.35,0.0,1,0.25,0,0.0
flight_number,IAD,SAN,UA,UA2081.0,SAN→IAD,,,2024-01-01,2024-12-31,53,53,0,1,0.0,4,0.075472,0,0.0,14.1,3.0,47.5,8.98,0.0,29.7,9,0.169811,5,0.09434,3,0.056604,-7.42,0.0,0,0.0,0,0.0
flight_number,IAD,SAN,UA,UA2129.0,SAN→IAD,,,2024-01-01,2024-12-31,360,352,8,0,0.022222,12,0.034091,2,0.005682,-2.73,-12.0,19.0,10.19,0.0,20.0,41,0.116477,26,0.073864,12,0.034091,0.57,0.0,2,0.074074,0,0.0
flight_number,IAD,SAN,UA,UA2221.0,SAN→IAD,,,2024-01-01,2024-12-31,269,266,3,1,0.011152,10,0.037594,5,0.018797,1.85,-7.0,12.6,11.95,0.0,11.2,24,0.090226,15,0.056391,12,0.045113,-0.1,0.0,0,0.0,0,0.0
flight_number,IAD,SAN,UA,UA2421.0,SAN→IAD,,,2024-01-01,2024-12-31,37,37,0,0,0.0,1,0.027027,1,0.027027,-1.22,-11.0,14.2,11.11,0.0,18.8,4,0.108108,1,0.027027,1,0.027027,0.46,0.0,1,0.5,0,0.0
flight_number,IAD,SAN,UA,UA2615.0,SAN→IAD,,,2024-01-01,2024-12-31,65,65,0,0,0.0,1,0.015385,0,0.0,-3.31,-7.0,19.0,5.42,0.0,10.6,6,0.092308,4,0.061538,1,0.015385,-0.57,0.0,0,0.0,0,0.0
flight_number,IAD,SAN,UA,UA2710.0,SAN→IAD,,,2024-01-01,2024-12-31,9,9,0,0,0.0,0,0.0,0,0.0,-12.67,-19.0,3.0,0.67,0.0,1.2,0,0.0,0,0.0,0,0.0,-1.0,0.0,0,,0,
flight_number,IAD,SAT,UA,UA1347.0,SAT→IAD,,,2024-01-01,2024-12-31,366,365,1,0,0.002732,9,0.024658,2,0.005479,-7.36,-12.0,6.0,6.41,0.0,6.0,27,0.073973,19,0.052055,12,0.032877,0.72,0.0,1,0.052632,0,0.0
flight_number,IAD,SAT,UA,UA2250.0,SAT→IAD,,,2024-01-01,2024-12-31,293,280,13,1,0.044369,9,0.032143,2,0.007143,0.27,-7.0,17.2,9.45,0.0,19.0,34,0.121429,17,0.060714,11,0.039286,0.42,0.0,0,0.0,0,0.0
flight_number,IAD,SAT,UA,UA392.0,SAT→IAD,,,2024-01-01,2024-12-31,1,1,0,0,0.0,0,0.0,0,0.0,-29.0,-29.0,-29.0,0.0,0.0,0.0,0,0.0,0,0.0,0,0.0,0.0,0.0,0,,0,
flight_number,IAD,SAV,UA,UA2703.0,SAV→IAD,,,2024-01-01,2024-12-31,6,6,0,0,0.0,0,0.0,0,0.0,-12.67,-13.0,-9.0,0.0,0.0,0.0,0,0.0,0,0.0,0,0.0,0.0,0.0,0,,0,
flight_number,IAD,SAV,YX,YX3490.0,SAV→IAD,,,2024-01-01,2024-12-31,23,23,0,0,0.0,2,0.086957,0,0.0,-1.7,-19.0,34.4,12.39,0.0,29.6,3,0.130435,3,0.130435,2,0.086957,-1.26,0.0,0,0.0,0,0.0
flight_number,IAD,SAV,YX,YX3493.0,SAV→IAD,,,2024-01-01,2024-12-31,2,2,0,0,0.0,0,0.0,0,0.0,-11.5,-11.5,-11.1,0.0,0.0,0.0,0,0.0,0,0.0,0,0.0,0.0,0.0,0,,0,
flight_number,IAD,SAV,YX,YX3514.0,SAV→IAD,,,2024-01-01,2024-12-31,20,20,0,0,0.0,0,0.0,0,0.0,-11.95,-12.0,0.2,0.0,0.0,0.0,0,0.0,0,0.0,0,0.0,-0.7,0.0,0,,0,
flight_number,IAD,SAV,YX,YX3558.0,SAV→IAD,,,2024-01-01,2024-12-31,6,6,0,0,0.0,0,0.0,0,0.0,-18.0,-18.0,-10.0,0.0,0.0,0.0,0,0.0,0,0.0,0,0.0,0.0,0.0,0,,0,
flight_number,IAD,SAV,YX,YX3669.0,SAV→IAD,,,2024-01-01,2024-12-31,1,1,0,0,0.0,0,0.0,0,0.0,4.0,4.0,4.0,0.0,0.0,0.0,0,0.0,0,0.0,0,0.0,-4.0,-4.0,0,,0,
flight_number,IAD,SAV,YX,YX3679.0,SAV→IAD,,,2024-01-01,2024-12-31,3,3,0,0,0.0,0,0.0,0,0.0,-20.67,-24.0,-13.6,0.0,0.0,0.0,0,0.0,0,0.0,0,0.0,0.0,0.0,0,,0,
flight_number,IAD,SAV,YX,YX3685.0,SAV→IAD,,,2024-01-01,2024-12-31,23,23,0,0,0.0,0,0.0,0,0.0,-6.61,-9.0,3.8,2.04,0.0,3.2,1,0.043478,1,0.043478,0,0.0,-0.57,0.0,0,0.0,0,
flight_number,IAD,SAV,YX,YX3714.0,SAV→IAD,,,2024-01-01,2024-12-31,1,1,0,0,0.0,0,0.0,0,0.0,-19.0,-19.0,-19.0,0.0,0.0,0.0,0,0.0,0,0.0,0,0.0,0.0,0.0,0,,0,
flight_number,IAD,SBN,YX,YX3467.0,SBN→IAD,,,2024-01-01,2024-12-31,15,15,0,0,0.0,3,0.2,2,0.133333,34.2,-9.0,155.6,43.4,0.0,153.6,4,0.266667,4,0.266667,3,0.2,0.73,0.0,0,0.0,0,0.0
flight_number,IAD,SBN,YX,YX3489.0,SBN→IAD,,,2024-01-01,2024-12-31,13,13,0,0,0.0,1,0.076923,1,0.076923,24.23,-1.0,36.8,30.46,1.0,36.4,4,0.307692,3,0.230769,1,0.076923,-1.15,0.0,1,0.333333,0,0.0
flight_number,IAD,SDF,UA,UA1742.0,SDF→IAD,,,2024-01-01,2024-12-31,3,3,0,0,0.0,0,0.0,0,0.0,-1.0,-6.0,7.6,4.67,0.0,11.2,0,0.0,0,0.0,0,0.0,1.0,0.0,0,,0,
flight_number,IAD,SDF,UA,UA2644.0,SDF→IAD,,,2024-01-01,2024-12-31,1,1,0,0,0.0,0,0.0,0,0.0,29.0,29.0,29.0,43.0,43.0,43.0,1,1.0,1,1.0,0,0.0,14.0,14.0,0,0.0,0,
flight_number,IAD,SDF,YX,YX3403.0,SDF→IAD,,,2024-01-01,2024-12-31,8,8,0,0,0.0,0,0.0,0,0.0,-11.5,-14.0,-1.6,0.0,0.0,0.0,0,0.0,0,0.0,0,0.0,-1.38,0.0,0,,0,
flight_number,IAD,SDF,YX,YX3543.0,SDF→IAD,,,2024-01-01,2024-12-31,300,300,0,0,0.0,5,0.016667,0,0.0,-7.47,-12.0,8.2,4.02,0.0,2.0,20,0.066667,14,0.046667,6,0.02,-0.06,0.0,0,0.0,0,0.0
flight_number,IAD,SDF,YX,YX3547.0,SDF→IAD,,,2024-01-01,2024-12-31,251,250,1,0,0.003984,6,0.024,1,0.004,-5.4,-9.0,4.1,4.14,0.0,0.0,10,0.04,8,0.032,6,0.024,-0.72,0.0,0,0.0,0,0.0
flight_number,IAD,SDF,YX,YX3630.0,SDF→IAD,,,2024-01-01,2024-12-31,1,1,0,0,0.0,0,0.0,0,0.0,-31.0,-31.0,-31.0,0.0,0.0,0.0,0,0.0,0,0.0,0,0.0,0.0,0.0,0,,0,
flight_number,IAD,SEA,AS,AS316.0,SEA→IAD,,,2024-01-01,2024-12-31,22,22,0,0,0.0,0,0.0,0,0.0,-15.77,-21.5,0.6,1.64,0.0,6.5,1,0.045455,0,0.0,0,0.0,-0.09,0.0,0,,0,
flight_number,IAD,SEA,AS,AS338.0,SEA→IAD,,,2024-01-01,2024-12-31,88,88,0,0,0.0,3,0.034091,0,0.0,-7.43,-10.0,9.0,3.35,0.0,4.6,5,0.056818,3,0.034091,1,0.011364,-0.83,0.0,0,0.0,0,0.0
flight_number,IAD,SEA,AS,AS348.0,SEA→IAD,,,2024-01-01,2024-12-31,299,299,0,1,0.0,14,0.046823,0,0.0,4.73,0.0,30.2,10.5,0.0,39.0,68,0.227425,37,0.123746,14,0.046823,0.11,0.0,3,0.076923,0,0.0
flight_number,IAD,SEA,AS,AS364.0,SEA→IAD,,,2024-01-01,2024-12-31,1,1,0,0,0.0,0,0.0,0,0.0,4.0,4.0,4.0,0.0,0.0,0.0,0,0.0,0,0.0,0,0.0,-4.0,-4.0,0,,0,
flight_number,IAD,SEA,AS,AS406.0,SEA→IAD,,,2024-01-01,2024-12-31,339,331,8,1,0.023599,12,0.036254,1,0.003021,5.06,1.0,30.1,11.91,3.0,29.0,76,0.229607,31,0.093656,12,0.036254,0.38,0.0,4,0.125,0,0.0
flight_number,IAD,SEA,AS,AS411.0,SEA→IAD,,,2024-01-01,2024-12-31,1,1,0,0,0.0,0,0.0,0,0.0,-23.0,-23.0,-23.0,11.0,11.0,11.0,0,0.0,0,0.0,0,0.0,11.0,11.0,0,,0,
flight_number,IAD,SEA,AS,AS418.0,SEA→IAD,,,2024-01-01,2024-12-31,28,28,0,0,0.0,0,0.0,0,0.0,-14.04,-22.0,16.9,12.68,2.0,50.6,6,0.214286,4,0.142857,2,0.071429,8.32,2.0,0,0.0,1,0.5
flight_number,IAD,SEA,AS,AS447.0,SEA→IAD,,,2024-01-01,2024-12-31,3,3,0,0,0.0,0,0.0,0,0.0,11.0,10.0,31.6,18.0,9.0,31.4,1,0.333333,1,0.333333,0,0.0,2.33,0.0,0,0.0,0,
flight_number,IAD,SEA,AS,AS544.0,SEA→IAD,,,2024-01-01,2024-12-31,1,1,0,0,0.0,0,0.0,0,0.0,-12.0,-12.0,-12.0,7.0,7.0,7.0,0,0.0,0,0.0,0,0.0,7.0,7.0,0,,0,
flight_number,IAD,SEA,AS,AS582.0,SEA→IAD,,,2024-01-01,2024-12-31,67,67,0,0,0.0,2,0.029851,0,0.0,7.91,2.0,32.6,12.27,3.0,34.0,15,0.223881,8,0.119403,2,0.029851,0.55,0.0,0,0.0,0,0.0
flight_number,IAD,SEA,DL,DL441.0,SEA→IAD,,,2024-01-01,2024-12-31,7,7,0,0,0.0,0,0.0,0,0.0,-5.86,-5.0,-0.2,0.43,0.0,1.2,0,0.0,0,0.0,0,0.0,-0.14,0.0,0,,0,
flight_number,IAD,SEA,DL,DL508.0,SEA→IAD,,,2024-01-01,2024-12-31,208,207,1,2,0.004808,12,0.057971,2,0.009662,-1.44,-10.0,29.0,11.39,0.0,20.6,26,0.125604,18,0.086957,14,0.067633,0.17,0.0,0,0.0,0,0.0
flight_number,IAD,SEA,DL,DL541.0,SEA→IAD,,,2024-01-01,2024-12-31,163,163,0,0,0.0,9,0.055215,2,0.01227,5.13,-4.0,39.0,14.18,0.0,45.6,26,0.159509,22,0.134969,10,0.06135,0.41,0.0,3,0.136364,0,0.0
flight_number,IAD,SEA,DL,DL544.0,SEA→IAD,,,2024-01-01,2024-12-31,62,62,0,0,0.0,5,0.080645,1,0.016129,4.6,-7.0,40.4,14.48,0.0,38.8,11,0.177419,7,0.112903,3,0.048387,-0.68,0.0,0,0.0,0,0.0
flight_number,IAD,SEA,DL,DL719.0,SEA→IAD,,,2024-01-01,2024-12-31,55,55,0,0,0.0,7,0.127273,1,0.018182,13.16,-6.0,62.6,24.73,2.0,76.6,19,0.345455,14,0.254545,9,0.163636,2.84,0.0,0,0.0,0,0.0
flight_number,IAD,SEA,DL,DL952.0,SEA→IAD,,,2024-01-01,2024-12-31,89,89,0,0,0.0,5,0.05618,2,0.022472,7.64,-7.0,37.2,18.6,0.0,46.6,20,0.224719,17,0.191011,6,0.067416,1.8,0.0,0,0.0,1,0.142857
flight_number,IAD,SEA,UA,UA1360.0,SEA→IAD,,,2024-01-01,2024-12-31,279,274,5,2,0.017921,9,0.032847,2,0.007299,-0.71,-5.0,15.0,8.26,0.0,12.0,23,0.083942,14,0.051095,11,0.040146,-0.71,0.0,2,0.133333,1,0.090909
flight_number,IAD,SEA,UA,UA1370.0,SEA→IAD,,,2024-01-01,2024-12-31,5,5,0,0,0.0,0,0.0,0,0.0,-9.6,-9.0,-5.2,0.0,0.0,0.0,0,0.0,0,0.0,0,0.0,0.0,0.0,0,,0,
flight_number,IAD,SEA,UA,UA1439.0,SEA→IAD,,,2024-01-01,2024-12-31,53,50,3,1,0.056604,3,0.06,1,0.02,13.1,-8.0,30.2,26.37,4.0,44.4,12,0.24,9,0.18,3,0.06,3.92,2.0,0,0.0,0,0.0
flight_number,IAD,SEA,UA,UA1521.0,SEA→IAD,,,2024-01-01,2024-12-31,37,21,16,0,0.432432,1,0.047619,0,0.0,5.71,-1.0,23.0,4.67,0.0,2.0,1,0.047619,1,0.047619,1,0.047619,-5.19,0.0,0,0.0,0,0.0
flight_number,IAD,SEA,UA,UA1631.0,SEA→IAD,,,2024-01-01,2024-12-31,88,83,5,0,0.056818,5,0.060241,1,0.012048,14.3,-2.0,27.6,26.67,6.0,35.8,29,0.349398,14,0.168675,4,0.048193,6.08,2.0,5,0.333333,0,0.0
flight_number,IAD,SEA,UA,UA1810.0,SEA→IAD,,,2024-01-01,2024-12-31,13,13,0,0,0.0,0,0.0,0,0.0,-4.77,-7.0,-0.4,1.69,0.0,4.8,0,0.0,0,0.0,0,0.0,0.38,0.0,0,,0,
flight_number,IAD,SEA,UA,UA2019.0,SEA→IAD,,,2024-01-01,2024-12-31,38,38,0,0,0.0,0,0.0,0,0.0,-7.63,-14.0,26.6,7.53,0.0,35.8,6,0.157895,5,0.131579,1,0.026316,2.05,0.0,0,0.0,0,0.0
flight_number,IAD,SEA,UA,UA2091.0,SEA→IAD,,,2024-01-01,2024-12-31,1,1,0,0,0.0,0,0.0,0,0.0,-12.0,-12.0,-12.0,0.0,0.0,0.0,0,0.0,0,0.0,0,0.0,0.0,0.0,0,,0,
flight_number,IAD,SEA,UA,UA2275.0,SEA→IAD,,,2024-01-01,2024-12-31,206,204,2,0,0.009709,12,0.058824,1,0.004902,-3.53,-12.0,23.1,10.05,0.0,21.4,23,0.112745,17,0.083333,12,0.058824,0.98,0.0,1,0.058824,0,0.0
flight_number,IAD,SEA,UA,UA2603.0,SEA→IAD,,,2024-01-01,2024-12-31,35,35,0,1,0.0,5,0.142857,0,0.0,4.38,-10.0,62.7,23.12,1.5,75.2,13,0.371429,8,0.228571,6,0.171429,6.62,1.0,0,0.0,0,0.0
flight_number,IAD,SEA,UA,UA2855.0,SEA→IAD,,,2024-01-01,2024-12-31,37,37,0,0,0.0,0,0.0,0,0.0,-2.89,-6.0,11.8,0.76,0.0,2.4,0,0.0,0,0.0,0,0.0,-2.89,0.0,0,,0,
flight_number,IAD,SEA,UA,UA352.0,SEA→IAD,,,2024-01-01,2024-12-31,21,21,0,0,0.0,1,0.047619,0,0.0,0.33,-2.0,17.0,5.81,0.0,6.0,1,0.047619,1,0.047619,1,0.047619,-1.43,0.0,0,0.0,0,0.0
flight_number,IAD,SFO,AS,AS434.0,SFO→IAD,,,2024-01-01,2024-12-31,290,287,3,0,0.010345,10,0.034843,0,0.0,-7.1,-12.0,20.0,6.48,0.0,15.4,29,0.101045,20,0.069686,11,0.038328,0.51,0.0,0,0.0,0,0.0
flight_number,IAD,SFO,AS,AS455.0,SFO→IAD,,,2024-01-01,2024-12-31,131,131,0,0,0.0,12,0.091603,0,0.0,5.11,-7.0,57.0,15.18,0.0,42.0,38,0.290076,26,0.198473,9,0.068702,-0.19,0.0,0,0.0,0,0.0
flight_number,IAD,SFO,UA,UA1152.0,SFO→IAD,,,2024-01-01,2024-12-31,2,2,0,0,0.0,0,0.0,0,0.0,-13.0,-13.0,-11.4,2.0,2.0,3.6,0,0.0,0,0.0,0,0.0,2.0,2.0,0,,0,
flight_number,IAD,SFO,UA,UA1322.0,SFO→IAD,,,2024-01-01,2024-12-31,181,180,1,0,0.005525,9,0.05,1,0.005556,-1.58,-8.0,20.1,9.13,0.0,20.1,24,0.133333,15,0.083333,8,0.044444,0.17,0.0,0,0.0,0,0.0
flight_number,IAD,SFO,UA,UA1355.0,SFO→IAD,,,2024-01-01,2024-12-31,29,29,0,0,0.0,5,0.172414,1,0.034483,14.17,-7.0,107.8,31.69,4.0,125.0,7,0.241379,5,0.172414,5,0.172414,7.28,1.0,0,0.0,0,0.0
flight_number,IAD,SFO,UA,UA1449.0,SFO→IAD,,,2024-01-01,2024-12-31,74,74,0,0,0.0,7,0.094595,1,0.013514,2.72,-9.0,40.2,19.82,0.0,66.2,21,0.283784,14,0.189189,8,0.108108,5.8,0.0,4,0.285714,0,0.0
flight_number,IAD,SFO,UA,UA1513.0,SFO→IAD,,,2024-01-01,2024-12-31,2,2,0,0,0.0,0,0.0,0,0.0,-2.0,-2.0,6.0,2.5,2.5,4.5,0,0.0,0,0.0,0,0.0,-1.5,-1.5,0,,0,
flight_number,IAD,SFO,UA,UA1521.0,SFO→IAD,,,2024-01-01,2024-12-31,1,1,0,0,0.0,0,0.0,0,0.0,5.0,5.0,5.0,32.0,32.0,32.0,1,1.0,1,1.0,0,0.0,27.0,27.0,1,1.0,0,
flight_number,IAD,SFO,UA,UA1585.0,SFO→IAD,,,2024-01-01,2024-12-31,38,37,1,1,0.026316,1,0.027027,1,0.027027,-1.83,-10.5,18.0,6.25,0.0,1.5,1,0.027027,1,0.027027,1,0.027027,-1.81,0.0,0,0.0,0,0.0
flight_number,IAD,SFO,UA,UA1678.0,SFO→IAD,,,2024-01-01,2024-12-31,52,52,0,0,0.0,1,0.019231,0,0.0,-2.81,-5.5,24.6,9.44,0.0,31.9,8,0.153846,8,0.153846,3,0.057692,2.27,0.0,2,0.25,0,0.0
flight_number,IAD,SFO,UA,UA1738.0,SFO→IAD,,,2024-01-01,2024-12-31,234,230,4,0,0.017094,23,0.1,9,0.03913,17.06,-3.0,56.6,26.72,0.5,62.6,59,0.256522,36,0.156522,24,0.104348,2.24,0.0,0,0.0,0,0.0
flight_number,IAD,SFO,UA,UA1813.0,SFO→IAD,,,2024-01-01,2024-12-31,10,10,0,0,0.0,0,0.0,0,0.0,-20.7,-20.0,-10.6,0.3,0.0,0.3,0,0.0,0,0.0,0,0.0,0.3,0.0,0,,0,
flight_number,IAD,SFO,UA,UA1849.0,SFO→IAD,,,2024-01-01,2024-12-31,244,244,0,0,0.0,9,0.036885,0,0.0,-1.58,-6.0,26.7,12.18,0.0,40.5,46,0.188525,29,0.118852,14,0.057377,4.22,0.0,3,0.103448,1,0.0625
flight_number,IAD,SFO,UA,UA1871.0,SFO→IAD,,,2024-01-01,2024-12-31,16,16,0,0,0.0,1,0.0625,0,0.0,-0.44,-15.5,28.0,17.12,0.0,50.5,5,0.3125,4,0.25,1,0.0625,6.06,0.0,0,0.0,0,0.0
flight_number,IAD,SFO,UA,UA1893.0,SFO→IAD,,,2024-01-01,2024-12-31,59,59,0,1,0.0,1,0.016949,0,0.0,-10.98,-12.0,8.2,7.03,0.0,17.8,7,0.118644,5,0.084746,2,0.033898,2.31,0.0,0,0.0,0,0.0
flight_number,IAD,SFO,UA,UA1965.0,SFO→IAD,,,2024-01-01,2024-12-31,13,13,0,0,0.0,2,0.153846,0,0.0,4.92,-14.0,62.8,25.15,3.0,83.2,4,0.307692,3,0.230769,2,0.153846,6.15,1.0,0,0.0,0,0.0
flight_number,IAD,SFO,UA,UA205.0,SFO→IAD,,,2024-01-01,2024-12-31,1,1,0,0,0.0,1,1.0,0,0.0,88.0,88.0,88.0,109.0,109.0,109.0,1,1.0,1,1.0,1,1.0,21.0,21.0,0,0.0,0,0.0
flight_number,IAD,SFO,UA,UA2110.0,SFO→IAD,,,2024-01-01,2024-12-31,60,60,0,0,0.0,3,0.05,1,0.016667,-6.93,-20.0,26.0,11.9,0.0,40.0,9,0.15,8,0.133333,3,0.05,0.42,0.0,2,0.25,0,0.0
flight_number,IAD,SFO,UA,UA2117.0,SFO→IAD,,,2024-01-01,2024-12-31,154,154,0,0,0.0,3,0.019481,0,0.0,-11.2,-14.0,11.1,7.79,0.0,28.1,23,0.149351,14,0.090909,7,0.045455,3.41,0.0,6,0.4,1,0.142857
flight_number,IAD,SFO,UA,UA2138.0,SFO→IAD,,,2024-01-01,2024-12-31,21,21,0,0,0.0,4,0.190476,0,0.0,16.24,4.0,74.0,31.52,15.0,93.0,10,0.47619,8,0.380952,5,0.238095,8.29,6.0,0,0.0,0,0.0
flight_number,IAD,SFO,UA,UA2165.0,SFO→IAD,,,2024-01-01,2024-12-31,37,37,0,0,0.0,2,0.054054,1,0.027027,4.57,-8.0,33.8,20.22,4.0,53.0,9,0.243243,6,0.162162,4,0.108108,6.24,4.0,1,0.166667,0,0.0
flight_number,IAD,SFO,UA,UA2236.0,SFO→IAD,,,2024-01-01,2024-12-31,1,1,0,0,0.0,0,0.0,0,0.0,-21.0,-21.0,-21.0,0.0,0.0,0.0,0,0.0,0,0.0,0,0.0,0.0,0.0,0,,0,
flight_number,IAD,SFO,UA,UA2243.0,SFO→IAD,,,2024-01-01,2024-12-31,8,8,0,0,0.0,0,0.0,0,0.0,10.5,13.5,23.6,7.75,7.0,16.0,1,0.125,0,0.0,0,0.0,-4.12,-4.0,0,,0,
flight_number,IAD,SFO,UA,UA2247.0,SFO→IAD,,,2024-01-01,2024-12-31,158,158,0,0,0.0,11,0.06962,1,0.006329,5.66,-5.0,42.3,17.88,2.0,45.0,43,0.272152,24,0.151899,11,0.06962,4.06,0.0,3,0.115385,0,0.0
flight_number,IAD,SFO,UA,UA2268.0,SFO→IAD,,,2024-01-01,2024-12-31,37,37,0,1,0.0,2,0.054054,0,0.0,14.78,8.5,36.5,16.61,5.0,42.0,13,0.351351,7,0.189189,2,0.054054,-1.64,0.0,0,0.0,0,0.0
flight_number,IAD,SFO,UA,UA2305.0,SFO→IAD,,,2024-01-01,2024-12-31,36,36,0,0,0.0,1,0.027778,0,0.0,-10.22,-17.5,16.0,7.58,0.0,24.0,8,0.222222,3,0.083333,1,0.027778,1.97,0.0,1,0.333333,0,0.0
flight_number,IAD,SFO,UA,UA2355.0,SFO→IAD,,,2024-01-01,2024-12-31,24,24,0,0,0.0,2,0.083333,1,0.041667,15.12,-8.0,48.1,26.62,0.0,46.9,7,0.291667,5,0.208333,1,0.041667,2.46,0.0,1,0.2,0,0.0
flight_number,IAD,SFO,UA,UA2480.0,SFO→IAD,,,2024-01-01,2024-12-31,29,29,0,0,0.0,0,0.0,0,0.0,-4.0,-3.0,15.2,10.48,2.0,28.0,9,0.310345,3,0.103448,0,0.0,6.0,1.0,2,0.666667,0,
flight_number,IAD,SFO,UA,UA2497.0,SFO→IAD,,,2024-01-01,2024-12-31,53,52,1,1,0.018868,2,0.038462,0,0.0,-2.47,-10.0,34.0,8.88,0.0,16.0,6,0.115385,5,0.096154,2,0.038462,-0.61,0.0,0,0.0,0,0.0
flight_number,IAD,SFO,UA,UA2626.0,SFO→IAD,,,2024-01-01,2024-12-31,146,143,3,0,0.020548,16,0.111888,2,0.013986,8.33,-6.0,71.4,21.94,0.0,81.0,42,0.293706,30,0.20979,20,0.13986,4.33,0.0,5,0.16129,0,0.0
flight_number,IAD,SFO,UA,UA2667.0,SFO→IAD,,,2024-01-01,2024-12-31,45,45,0,0,0.0,5,0.111111,2,0.044444,14.87,1.0,67.6,26.58,2.0,83.6,13,0.288889,7,0.155556,5,0.111111,4.07,1.0,0,0.0,0,0.0
flight_number,IAD,SFO,UA,UA372.0,SFO→IAD,,,2024-01-01,2024-12-31,53,53,0,0,0.0,4,0.075472,1,0.018868,0.92,-8.0,46.6,18.51,5.0,68.2,15,0.283019,8,0.150943,6,0.113208,6.89,4.0,1,0.125,0,0.0
flight_number,IAD,SFO,UA,UA374.0,SFO→IAD,,,2024-01-01,2024-12-31,49,49,0,0,0.0,2,0.040816,1,0.020408,-6.18,-15.0,20.4,14.24,0.0,36.6,10,0.204082,7,0.142857,2,0.040816,4.73,0.0,0,0.0,0,0.0
flight_number,IAD,SFO,UA,UA375.0,SFO→IAD,,,2024-01-01,2024-12-31,49,49,0,0,0.0,1,0.020408,1,0.020408,-1.04,-6.0,24.0,13.2,0.0,33.4,9,0.183673,7,0.142857,1,0.020408,4.49,0.0,2,0.285714,0,0.0
flight_number,IAD,SFO,UA,UA408.0,SFO→IAD,,,2024-01-01,2024-12-31,1,1,0,0,0.0,1,1.0,0,0.0,98.0,98.0,98.0,103.0,103.0,103.0,1,1.0,1,1.0,1,1.0,5.0,5.0,0,0.0,0,0.0
flight_number,IAD,SFO,UA,UA487.0,SFO→IAD,,,2024-01-01,2024-12-31,202,193,9,2,0.044554,9,0.046632,3,0.015544,1.92,-10.0,26.0,15.69,0.0,32.0,31,0.160622,20,0.103627,12,0.062176,1.46,0.0,1,0.05,0,0.0
flight_number,IAD,SFO,UA,UA519.0,SFO→IAD,,,2024-01-01,2024-12-31,8,8,0,0,0.0,1,0.125,0,0.0,27.5,15.5,69.4,28.25,9.0,70.2,3,0.375,3,0.375,1,0.125,0.25,-1.5,0,0.0,0,0.0
flight_number,IAD,SFO,UA,UA552.0,SFO→IAD,,,2024-01-01,2024-12-31,1,1,0,0,0.0,0,0.0,0,0.0,-33.0,-33.0,-33.0,0.0,0.0,0.0,0,0.0,0,0.0,0,0.0,0.0,0.0,0,,0,
flight_number,IAD,SFO,UA,UA556.0,SFO→IAD,,,2024-01-01,2024-12-31,35,34,1,0,0.028571,3,0.088235,0,0.0,7.09,1.5,36.0,15.44,2.5,45.6,8,0.235294,6,0.176471,3,0.088235,1.26,0.0,0,0.0,0,0.0
flight_number,IAD,SFO,UA,UA670.0,SFO→IAD,,,2024-01-01,2024-12-31,1,1,0,0,0.0,0,0.0,0,0.0,-18.0,-18.0,-18.0,5.0,5.0,5.0,0,0.0,0,0.0,0,0.0,5.0,5.0,0,,0,
flight_number,IAD,SFO,UA,UA717.0,SFO→IAD,,,2024-01-01,2024-12-31,135,134,1,0,0.007407,6,0.044776,3,0.022388,4.17,-5.5,23.7,14.24,0.0,22.2,16,0.119403,11,0.08209,5,0.037313,0.86,0.0,0,0.0,0,0.0
flight_number,IAD,SFO,UA,UA722.0,SFO→IAD,,,2024-01-01,2024-12-31,36,22,14,0,0.388889,1,0.045455,0,0.0,10.82,5.5,46.0,18.59,0.0,65.7,6,0.272727,4,0.181818,3,0.136364,1.95,0.0,1,0.25,0,0.0
flight_number,IAD,SFO,UA,UA780.0,SFO→IAD,,,2024-01-01,2024-12-31,1,1,0,0,0.0,0,0.0,0,0.0,-4.0,-4.0,-4.0,3.0,3.0,3.0,0,0.0,0,0.0,0,0.0,3.0,3.0,0,,0,
flight_number,IAD,SJU,UA,UA2022.0,SJU→IAD,,,2024-01-01,2024-12-31,115,113,2,0,0.017391,3,0.026549,3,0.026549,5.83,-11.0,7.0,16.71,0.0,3.0,6,0.053097,5,0.044248,3,0.026549,-0.72,0.0,0,0.0,0,0.0
flight_number,IAD,SJU,UA,UA2024.0,SJU→IAD,,,2024-01-01,2024-12-31,305,302,3,2,0.009836,19,0.062914,2,0.006623,6.58,-4.0,39.0,13.85,0.0,42.1,57,0.188742,41,0.135762,20,0.066225,-0.51,0.0,1,0.02439,0,0.0
flight_number,IAD,SLC,DL,DL563.0,SLC→IAD,,,2024-01-01,2024-12-31,28,28,0,0,0.0,0,0.0,0,0.0,-8.0,-14.0,14.4,1.39,0.0,0.0,1,0.035714,1,0.035714,0,0.0,-1.96,0.0,0,0.0,0,
flight_number,IAD,SLC,DL,DL665.0,SLC→IAD,,,2024-01-01,2024-12-31,31,31,0,0,0.0,5,0.16129,0,0.0,12.03,-10.0,100.0,25.9,0.0,96.0,8,0.258065,7,0.225806,5,0.16129,3.74,0.0,0,0.0,0,0.0
flight_number,IAD,SLC,DL,DL784.0,SLC→IAD,,,2024-01-01,2024-12-31,7,7,0,0,0.0,0,0.0,0,0.0,7.0,3.0,29.8,5.43,0.0,17.4,1,0.142857,0,0.0,0,0.0,-4.71,0.0,0,,0,
flight_number,IAD,SLC,DL,DL847.0,SLC→IAD,,,2024-01-01,2024-12-31,208,206,2,1,0.009615,15,0.072816,1,0.004854,2.69,-10.0,39.6,13.96,0.0,35.4,37,0.179612,24,0.116505,17,0.082524,0.58,0.0,3,0.12,0,0.0
flight_number,IAD,SLC,DL,DL884.0,SLC→IAD,,,2024-01-01,2024-12-31,62,62,0,0,0.0,2,0.032258,0,0.0,0.55,-3.0,14.9,9.32,0.0,27.0,13,0.209677,5,0.080645,1,0.016129,0.73,0.0,2,0.333333,0,0.0
flight_number,IAD,SLC,DL,DL988.0,SLC→IAD,,,2024-01-01,2024-12-31,30,30,0,0,0.0,4,0.133333,0,0.0,11.43,-0.5,65.8,14.5,0.0,57.0,8,0.266667,5,0.166667,3,0.1,-0.73,0.0,0,0.0,0,0.0
flight_number,IAD,SLC,UA,UA426.0,SLC→IAD,,,2024-01-01,2024-12-31,2,2,0,0,0.0,0,0.0,0,0.0,-22.0,-22.0,-18.0,0.0,0.0,0.0,0,0.0,0,0.0,0,0.0,0.0,0.0,0,,0,
flight_number,IAD,SLC,UA,UA661.0,SLC→IAD,,,2024-01-01,2024-12-31,11,11,0,0,0.0,2,0.181818,0,0.0,13.18,-9.0,102.0,26.64,0.0,117.0,3,0.272727,3,0.272727,2,0.181818,2.27,0.0,0,0.0,0,0.0
flight_number,IAD,SMF,UA,UA1050.0,SMF→IAD,,,2024-01-01,2024-12-31,32,32,0,1,0.0,1,0.03125,1,0.03125,11.81,-12.0,20.0,29.87,0.0,41.0,6,0.1875,5,0.15625,1,0.03125,5.32,0.0,1,0.2,0,0.0
flight_number,IAD,SMF,UA,UA1322.0,SMF→IAD,,,2024-01-01,2024-12-31,4,4,0,1,0.0,0,0.0,0,0.0,9.0,8.0,23.2,0.0,0.0,0.0,0,0.0,0,0.0,0,0.0,-11.67,-8.0,0,,0,
flight_number,IAD,SMF,UA,UA1414.0,SMF→IAD,,,2024-01-01,2024-12-31,1,1,0,0,0.0,0,0.0,0,0.0,-9.0,-9.0,-9.0,0.0,0.0,0.0,0,0.0,0,0.0,0,0.0,0.0,0.0,0,,0,
flight_number,IAD,SMF,UA,UA1521.0,SMF→IAD,,,2024-01-01,2024-12-31,21,21,0,0,0.0,2,0.095238,0,0.0,5.81,-7.0,12.0,12.86,0.0,3.0,2,0.095238,2,0.095238,2,0.095238,-0.52,0.0,0,0.0,0,0.0
flight_number,IAD,SMF,UA,UA1848.0,SMF→IAD,,,2024-01-01,2024-12-31,1,1,0,0,0.0,0,0.0,0,0.0,-21.0,-21.0,-21.0,0.0,0.0,0.0,0,0.0,0,0.0,0,0.0,0.0,0.0,0,,0,
flight_number,IAD,SMF,UA,UA2132.0,SMF→IAD,,,2024-01-01,2024-12-31,53,50,3,0,0.056604,2,0.04,1,0.02,14.08,-11.5,28.7,29.12,0.0,37.3,10,0.2,7,0.14,4,0.08,3.72,0.0,0,0.0,0,0.0
flight_number,IAD,SMF,UA,UA2497.0,SMF→IAD,,,2024-01-01,2024-12-31,16,16,0,0,0.0,0,0.0,0,0.0,0.19,-1.5,22.5,3.88,0.0,16.0,2,0.125,0,0.0,0,0.0,-2.75,0.0,0,,0,
flight_number,IAD,SMF,UA,UA2624.0,SMF→IAD,,,2024-01-01,2024-12-31,24,24,0,0,0.0,0,0.0,0,0.0,-7.62,-8.0,1.7,2.33,0.0,3.4,1,0.041667,1,0.041667,0,0.0,0.5,0.0,0,0.0,0,
flight_number,IAD,SMF,UA,UA393.0,SMF→IAD,,,2024-01-01,2024-12-31,106,106,0,0,0.0,2,0.018868,1,0.009434,-8.48,-10.0,5.0,4.06,0.0,4.5,3,0.028302,3,0.028302,2,0.018868,0.07,0.0,0,0.0,0,0.0
flight_number,IAD,SMF,UA,UA410.0,SMF→IAD,,,2024-01-01,2024-12-31,35,33,2,0,0.057143,0,0.0,0,0.0,-15.7,-17.0,-4.6,1.48,0.0,3.6,1,0.030303,0,0.0,0,0.0,0.18,0.0,0,,0,
flight_number,IAD,SMF,UA,UA561.0,SMF→IAD,,,2024-01-01,2024-12-31,13,13,0,0,0.0,1,0.076923,0,0.0,-5.08,-16.0,10.6,13.62,0.0,14.8,1,0.076923,1,0.076923,1,0.076923,3.31,0.0,0,0.0,0,0.0
flight_number,IAD,SRQ,G4,G41351.0,SRQ→IAD,,,2024-01-01,2024-12-31,20,20,0,0,0.0,0,0.0,0,0.0,-12.0,-13.0,-4.8,1.3,0.0,0.5,1,0.05,0,0.0,0,0.0,-0.2,0.0,0,,0,
flight_number,IAD,SRQ,G4,G41353.0,SRQ→IAD,,,2024-01-01,2024-12-31,1,1,0,0,0.0,0,0.0,0,0.0,-6.0,-6.0,-6.0,0.0,0.0,0.0,0,0.0,0,0.0,0,0.0,0.0,0.0,0,,0,
flight_number,IAD,SRQ,G4,G41354.0,SRQ→IAD,,,2024-01-01,2024-12-31,12,10,2,0,0.166667,1,0.1,0,0.0,-6.0,-17.5,0.5,9.8,0.0,9.8,1,0.1,1,0.1,1,0.1,0.3,0.0,0,0.0,0,0.0
flight_number,IAD,SRQ,G4,G41357.0,SRQ→IAD,,,2024-01-01,2024-12-31,1,1,0,0,0.0,0,0.0,0,0.0,-18.0,-18.0,-18.0,0.0,0.0,0.0,0,0.0,0,0.0,0,0.0,0.0,0.0,0,,0,
flight_number,IAD,SRQ,G4,G41362.0,SRQ→IAD,,,2024-01-01,2024-12-31,2,2,0,0,0.0,1,0.5,1,0.5,164.0,164.0,301.6,168.5,168.5,303.3,1,0.5,1,0.5,1,0.5,0.5,0.5,0,0.0,0,0.0
flight_number,IAD,SRQ,G4,G41375.0,SRQ→IAD,,,2024-01-01,2024-12-31,8,7,1,0,0.125,1,0.142857,1,0.142857,19.29,-3.0,86.0,26.29,0.0,73.6,1,0.142857,1,0.142857,1,0.142857,-4.14,0.0,0,0.0,0,0.0
flight_number,IAD,SRQ,G4,G41383.0,SRQ→IAD,,,2024-01-01,2024-12-31,2,2,0,0,0.0,0,0.0,0,0.0,-8.5,-8.5,-5.7,0.0,0.0,0.0,0,0.0,0,0.0,0,0.0,0.0,0.0,0,,0,
flight_number,IAD,SRQ,G4,G41387.0,SRQ→IAD,,,2024-01-01,2024-12-31,4,4,0,0,0.0,0,0.0,0,0.0,-13.25,-18.5,2.6,0.0,0.0,0.0,0,0.0,0,0.0,0,0.0,-2.75,0.0,0,,0,
flight_number,IAD,SRQ,G4,G41390.0,SRQ→IAD,,,2024-01-01,2024-12-31,4,4,0,0,0.0,1,0.25,0,0.0,25.75,-8.0,101.3,27.0,0.0,75.6,1,0.25,1,0.25,1,0.25,-9.5,0.0,0,0.0,0,0.0
flight_number,IAD,SRQ,G4,G41391.0,SRQ→IAD,,,2024-01-01,2024-12-31,2,2,0,0,0.0,0,0.0,0,0.0,-29.0,-29.0,-25.8,0.0,0.0,0.0,0,0.0,0,0.0,0,0.0,0.0,0.0,0,,0,
flight_number,IAD,SRQ,G4,G41946.0,SRQ→IAD,,,2024-01-01,2024-12-31,1,1,0,0,0.0,0,0.0,0,0.0,-24.0,-24.0,-24.0,0.0,0.0,0.0,0,0.0,0,0.0,0,0.0,0.0,0.0,0,,0,
flight_number,IAD,SRQ,G4,G42989.0,SRQ→IAD,,,2024-01-01,2024-12-31,1,1,0,0,0.0,0,0.0,0,0.0,-12.0,-12.0,-12.0,0.0,0.0,0.0,0,0.0,0,0.0,0,0.0,0.0,0.0,0,,0,
flight_number,IAD,SRQ,G4,G42995.0,SRQ→IAD,,,2024-01-01,2024-12-31,4,4,0,0,0.0,0,0.0,0,0.0,-17.25,-16.0,-10.8,0.0,0.0,0.0,0,0.0,0,0.0,0,0.0,0.0,0.0,0,,0,
flight_number,IAD,SRQ,G4,G42997.0,SRQ→IAD,,,2024-01-01,2024-12-31,2,2,0,0,0.0,0,0.0,0,0.0,19.5,19.5,35.9,12.5,12.5,22.5,1,0.5,0,0.0,0,0.0,-7.5,-7.5,0,,0,
flight_number,IAD,SRQ,G4,G42998.0,SRQ→IAD,,,2024-01-01,2024-12-31,6,6,0,0,0.0,0,0.0,0,0.0,-19.0,-18.0,-14.0,0.0,0.0,0.0,0,0.0,0,0.0,0,0.0,0.0,0.0,0,,0,
flight_number,IAD,SRQ,G4,G43001.0,SRQ→IAD,,,2024-01-01,2024-12-31,1,1,0,0,0.0,0,0.0,0,0.0,-12.0,-12.0,-12.0,0.0,0.0,0.0,0,0.0,0,0.0,0,0.0,0.0,0.0,0,,0,
flight_number,IAD,SRQ,G4,G43005.0,SRQ→IAD,,,2024-01-01,2024-12-31,1,1,0,0,0.0,0,0.0,0,0.0,-26.0,-26.0,-26.0,0.0,0.0,0.0,0,0.0,0,0.0,0,0.0,0.0,0.0,0,,0,
flight_number,IAD,SRQ,G4,G43010.0,SRQ→IAD,,,2024-01-01,2024-12-31,10,10,0,0,0.0,0,0.0,0,0.0,-3.9,-7.0,8.6,0.0,0.0,0.0,0,0.0,0,0.0,0,0.0,-2.2,0.0,0,,0,
flight_number,IAD,SRQ,G4,G43011.0,SRQ→IAD,,,2024-01-01,2024-12-31,4,4,0,0,0.0,1,0.25,0,0.0,24.75,2.0,77.1,24.25,6.5,62.7,1,0.25,1,0.25,1,0.25,-5.0,0.0,0,0.0,0,0.0
flight_number,IAD,SRQ,G4,G43012.0,SRQ→IAD,,,2024-01-01,2024-12-31,4,4,0,0,0.0,0,0.0,0,0.0,-3.75,-11.0,17.0,8.25,0.0,23.1,1,0.25,1,0.25,0,0.0,1.75,0.0,0,0.0,0,
flight_number,IAD,SRQ,G4,G43015.0,SRQ→IAD,,,2024-01-01,2024-12-31,1,1,0,0,0.0,0,0.0,0,0.0,3.0,3.0,3.0,0.0,0.0,0.0,0,0.0,0,0.0,0,0.0,-3.0,-3.0,0,,0,
flight_number,IAD,SRQ,G4,G43019.0,SRQ→IAD,,,2024-01-01,2024-12-31,3,3,0,0,0.0,0,0.0,0,0.0,-23.67,-19.0,-18.2,0.0,0.0,0.0,0,0.0,0,0.0,0,0.0,0.0,0.0,0,,0,
flight_number,IAD,SRQ,UA,UA1992.0,SRQ→IAD,,,2024-01-01,2024-12-31,24,22,2,0,0.083333,2,0.090909,0,0.0,5.55,-4.5,49.0,15.05,0.0,59.5,6,0.272727,5,0.227273,3,0.136364,2.09,0.0,1,0.2,0,0.0
flight_number,IAD,SRQ,UA,UA2497.0,SRQ→IAD,,,2024-01-01,2024-12-31,61,60,1,1,0.016393,4,0.066667,1,0.016667,23.76,-6.0,43.6,28.86,0.0,31.6,9,0.15,7,0.116667,4,0.066667,-1.78,0.0,0,0.0,0,0.0
flight_number,IAD,SRQ,UA,UA688.0,SRQ→IAD,,,2024-01-01,2024-12-31,58,57,1,0,0.017241,2,0.035088,0,0.0,-2.26,-4.0,11.4,5.37,0.0,11.0,4,0.070175,3,0.052632,2,0.035088,-0.07,0.0,0,0.0,0,0.0
flight_number,IAD,STT,UA,UA1329.0,STT→IAD,,,2024-01-01,2024-12-31,13,13,0,1,0.0,0,0.0,0,0.0,-9.33,-16.5,15.7,7.0,0.0,22.5,2,0.153846,1,0.076923,0,0.0,1.42,0.0,0,0.0,0,
flight_number,IAD,STT,UA,UA1445.0,STT→IAD,,,2024-01-01,2024-12-31,307,304,3,2,0.009772,16,0.052632,3,0.009868,4.28,-3.0,43.9,12.03,0.0,39.8,58,0.190789,39,0.128289,17,0.055921,-0.77,0.0,2,0.05,0,0.0
flight_number,IAD,SYR,UA,UA1412.0,SYR→IAD,,,2024-01-01,2024-12-31,23,23,0,0,0.0,2,0.086957,1,0.043478,2.22,-12.0,14.6,13.3,0.0,17.6,3,0.130435,2,0.086957,2,0.086957,-0.83,0.0,0,0.0,0,0.0
flight_number,IAD,SYR,UA,UA362.0,SYR→IAD,,,2024-01-01,2024-12-31,1,1,0,0,0.0,0,0.0,0,0.0,39.0,39.0,39.0,0.0,0.0,0.0,0,0.0,0,0.0,0,0.0,-39.0,-39.0,0,,0,
flight_number,IAD,SYR,YX,YX3439.0,SYR→IAD,,,2024-01-01,2024-12-31,7,7,0,0,0.0,1,0.142857,0,0.0,-2.86,-8.0,31.4,1.86,0.0,5.2,0,0.0,0,0.0,0,0.0,-9.29,0.0,0,,0,
flight_number,IAD,SYR,YX,YX3598.0,SYR→IAD,,,2024-01-01,2024-12-31,14,14,0,0,0.0,0,0.0,0,0.0,-19.14,-20.5,-13.2,1.29,0.0,0.0,1,0.071429,0,0.0,0,0.0,1.0,0.0,0,,0,
flight_number,IAD,SYR,YX,YX3617.0,SYR→IAD,,,2024-01-01,2024-12-31,2,2,0,0,0.0,0,0.0,0,0.0,-20.5,-20.5,-16.9,0.0,0.0,0.0,0,0.0,0,0.0,0,0.0,0.0,0.0,0,,0,
flight_number,IAD,SYR,YX,YX3681.0,SYR→IAD,,,2024-01-01,2024-12-31,15,15,0,0,0.0,0,0.0,0,0.0,-24.6,-29.0,-14.0,0.0,0.0,0.0,0,0.0,0,0.0,0,0.0,-0.8,0.0,0,,0,
flight_number,IAD,TPA,F9,F92954.0,TPA→IAD,,,2024-01-01,2024-12-31,15,15,0,0,0.0,2,0.133333,0,0.0,10.2,-9.0,72.8,12.0,0.0,26.0,3,0.2,2,0.133333,1,0.066667,-5.87,0.0,0,0.0,0,0.0
flight_number,IAD,TPA,UA,UA1228.0,TPA→IAD,,,2024-01-01,2024-12-31,37,37,0,0,0.0,6,0.162162,2,0.054054,36.22,-12.0,102.2,51.08,0.0,112.0,7,0.189189,6,0.162162,6,0.162162,3.24,0.0,0,0.0,0,0.0
flight_number,IAD,TPA,UA,UA1370.0,TPA→IAD,,,2024-01-01,2024-12-31,187,182,5,0,0.026738,26,0.142857,6,0.032967,18.31,-6.0,111.0,25.71,0.0,113.6,50,0.274725,37,0.203297,24,0.131868,-0.26,0.0,0,0.0,0,0.0
flight_number,IAD,TPA,UA,UA1657.0,TPA→IAD,,,2024-01-01,2024-12-31,13,13,0,0,0.0,0,0.0,0,0.0,-14.92,-14.0,-4.0,0.15,0.0,0.8,0,0.0,0,0.0,0,0.0,0.08,0.0,0,,0,
flight_number,IAD,TPA,UA,UA2045.0,TPA→IAD,,,2024-01-01,2024-12-31,74,74,0,0,0.0,7,0.094595,1,0.013514,10.3,-6.0,58.7,18.74,0.0,48.2,15,0.202703,12,0.162162,7,0.094595,-0.58,0.0,0,0.0,0,0.0
flight_number,IAD,TPA,UA,UA2060.0,TPA→IAD,,,2024-01-01,2024-12-31,69,63,6,0,0.086957,1,0.015873,1,0.015873,-12.16,-20.0,-3.4,6.65,0.0,5.0,5,0.079365,4,0.063492,1,0.015873,0.76,0.0,0,0.0,0,0.0
flight_number,IAD,TPA,UA,UA2081.0,TPA→IAD,,,2024-01-01,2024-12-31,8,8,0,0,0.0,0,0.0,0,0.0,-9.5,-12.5,2.9,4.12,0.0,9.9,1,0.125,1,0.125,0,0.0,1.75,0.0,0,0.0,0,
flight_number,IAD,TPA,UA,UA2172.0,TPA→IAD,,,2024-01-01,2024-12-31,35,35,0,0,0.0,5,0.142857,2,0.057143,25.49,3.0,71.0,36.03,10.0,66.2,16,0.457143,10,0.285714,4,0.114286,5.69,1.0,0,0.0,0,0.0
flight_number,IAD,TPA,UA,UA2331.0,TPA→IAD,,,2024-01-01,2024-12-31,275,273,2,1,0.007273,10,0.03663,3,0.010989,-6.22,-15.0,4.9,7.04,0.0,4.9,19,0.069597,14,0.051282,10,0.03663,-0.19,0.0,1,0.0625,0,0.0
flight_number,IAD,TPA,UA,UA2344.0,TPA→IAD,,,2024-01-01,2024-12-31,31,30,1,0,0.032258,2,0.066667,1,0.033333,10.67,-8.5,29.2,18.93,0.0,33.6,5,0.166667,4,0.133333,2,0.066667,-0.7,0.0,0,0.0,0,0.0
flight_number,IAD,TPA,UA,UA2398.0,TPA→IAD,,,2024-01-01,2024-12-31,335,324,11,2,0.032836,19,0.058642,4,0.012346,1.73,-9.0,33.6,10.3,0.0,25.9,41,0.126543,29,0.089506,13,0.040123,-1.53,0.0,0,0.0,0,0.0
flight_number,IAD,TPA,UA,UA664.0,TPA→IAD,,,2024-01-01,2024-12-31,32,30,2,0,0.0625,0,0.0,0,0.0,-5.87,-9.0,11.6,5.27,0.0,17.7,5,0.166667,2,0.066667,0,0.0,1.23,0.0,0,0.0,0,
flight_number,IAD,TYS,UA,UA2716.0,TYS→IAD,,,2024-01-01,2024-12-31,1,1,0,0,0.0,0,0.0,0,0.0,-19.0,-19.0,-19.0,0.0,0.0,0.0,0,0.0,0,0.0,0,0.0,0.0,0.0,0,,0,
origin_route_time_bucket,IAD,ANC,,,ANC→IAD,night,,2024-01-01,2024-12-31,103,101,2,2,0.019417,4,0.039604,2,0.019802,-1.87,-12.0,29.2,15.82,0.0,45.0,21,0.207921,16,0.158416,6,0.059406,3.97,0.0,3,0.1875,1,0.125
origin_route_time_bucket,IAD,ATL,,,ATL→IAD,afternoon,,2024-01-01,2024-12-31,846,838,8,3,0.009456,59,0.070406,13,0.015513,8.46,-5.0,41.6,14.1,0.0,38.0,149,0.177804,96,0.114558,55,0.065632,-0.82,0.0,0,0.0,0,0.0
origin_route_time_bucket,IAD,ATL,,,ATL→IAD,early_morning,,2024-01-01,2024-12-31,494,488,6,0,0.012146,13,0.026639,4,0.008197,-2.7,-8.0,11.0,6.19,0.0,12.0,39,0.079918,23,0.047131,15,0.030738,-0.18,0.0,0,0.0,0,0.0
origin_route_time_bucket,IAD,ATL,,,ATL→IAD,evening,,2024-01-01,2024-12-31,821,814,7,2,0.008526,64,0.078624,13,0.015971,9.85,-4.0,44.0,15.57,0.0,44.0,163,0.200246,109,0.133907,66,0.081081,-0.09,0.0,2,0.017241,0,0.0
origin_route_time_bucket,IAD,ATL,,,ATL→IAD,late_morning,,2024-01-01,2024-12-31,683,681,2,0,0.002928,24,0.035242,2,0.002937,1.64,-5.0,20.0,7.82,0.0,19.0,79,0.116006,43,0.063142,26,0.038179,-0.8,0.0,0,0.0,0,0.0
origin_route_time_bucket,IAD,ATL,,,ATL→IAD,night,,2024-01-01,2024-12-31,422,416,6,1,0.014218,33,0.079327,6,0.014423,15.8,-2.0,51.6,20.54,0.0,50.4,91,0.21875,70,0.168269,30,0.072115,0.11,0.0,0,0.0,0,0.0
origin_route_time_bucket,IAD,AUS,,,AUS→IAD,afternoon,,2024-01-01,2024-12-31,309,300,9,0,0.029126,7,0.023333,1,0.003333,2.77,-5.0,19.0,9.48,0.0,20.0,35,0.116667,19,0.063333,7,0.023333,-0.8,0.0,1,0.052632,0,0.0
origin_route_time_bucket,IAD,AUS,,,AUS→IAD,early_morning,,2024-01-01,2024-12-31,360,358,2,1,0.005556,11,0.030726,3,0.00838,-5.48,-12.0,9.4,8.39,0.0,13.0,33,0.092179,19,0.053073,11,0.030726,0.79,0.0,0,0.0,0,0.0
origin_route_time_bucket,IAD,AUS,,,AUS→IAD,evening,,2024-01-01,2024-12-31,235,234,1,0,0.004255,22,0.094017,7,0.029915,8.62,-8.0,45.7,21.12,0.0,64.4,48,0.205128,33,0.141026,25,0.106838,2.92,0.0,0,0.0,0,0.0
origin_route_time_bucket,IAD,AUS,,,AUS→IAD,late_morning,,2024-01-01,2024-12-31,70,69,1,0,0.014286,2,0.028986,1,0.014493,-2.65,-10.0,12.2,8.99,0.0,11.2,7,0.101449,5,0.072464,2,0.028986,0.38,0.0,0,0.0,0,0.0
origin_route_time_bucket,IAD,BDL,,,BDL→IAD,afternoon,,2024-01-01,2024-12-31,35,35,0,0,0.0,0,0.0,0,0.0,1.97,4.0,24.6,3.66,0.0,12.6,3,0.085714,1,0.028571,0,0.0,-5.17,0.0,0,0.0,0,
origin_route_time_bucket,IAD,BDL,,,BDL→IAD,early_morning,,2024-01-01,2024-12-31,357,352,5,0,0.014006,9,0.025568,4,0.011364,-1.71,-10.0,8.0,7.7,0.0,8.0,25,0.071023,14,0.039773,9,0.025568,-0.08,0.0,0,0.0,0,0.0
origin_route_time_bucket,IAD,BDL,,,BDL→IAD,evening,,2024-01-01,2024-12-31,193,192,1,1,0.005181,12,0.0625,7,0.036458,6.94,-10.0,23.0,18.47,0.0,32.0,25,0.130208,20,0.104167,12,0.0625,1.41,0.0,0,0.0,0,0.0
origin_route_time_bucket,IAD,BDL,,,BDL→IAD,late_morning,,2024-01-01,2024-12-31,50,50,0,0,0.0,1,0.02,0,0.0,-2.74,-11.5,20.4,7.58,0.0,14.0,5,0.1,4,0.08,2,0.04,0.12,0.0,0,0.0,0,0.0
origin_route_time_bucket,IAD,BDL,,,BDL→IAD,night,,2024-01-01,2024-12-31,2,2,0,0,0.0,0,0.0,0,0.0,-1.5,-1.5,5.3,11.5,11.5,20.7,1,0.5,0,0.0,0,0.0,8.0,8.0,0,,0,
origin_route_time_bucket,IAD,BNA,,,BNA→IAD,afternoon,,2024-01-01,2024-12-31,385,383,2,1,0.005195,29,0.075718,11,0.028721,11.5,-4.0,36.9,15.66,0.0,30.8,52,0.13577,39,0.101828,27,0.070496,-1.71,0.0,0,0.0,0,0.0
origin_route_time_bucket,IAD,BNA,,,BNA→IAD,early_morning,,2024-01-01,2024-12-31,244,240,4,0,0.016393,3,0.0125,1,0.004167,-7.66,-12.0,8.1,3.6,0.0,5.0,12,0.05,9,0.0375,3,0.0125,-0.22,0.0,0,0.0,0,0.0
origin_route_time_bucket,IAD,BNA,,,BNA→IAD,evening,,2024-01-01,2024-12-31,385,382,3,0,0.007792,31,0.081152,5,0.013089,7.36,-5.0,39.0,14.86,0.0,48.9,67,0.175393,46,0.120419,33,0.086387,0.43,0.0,1,0.021277,0,0.0
origin_route_time_bucket,IAD,BOS,,,BOS→IAD,afternoon,,2024-01-01,2024-12-31,366,360,6,1,0.016393,26,0.072222,5,0.013889,6.58,-5.0,41.4,11.34,0.0,24.8,50,0.138889,35,0.097222,23,0.063889,-2.64,0.0,0,0.0,0,0.0
origin_route_time_bucket,IAD,BOS,,,BOS→IAD,early_morning,,2024-01-01,2024-12-31,366,366,0,0,0.0,3,0.008197,1,0.002732,-12.29,-15.0,-1.0,2.33,0.0,2.0,10,0.027322,3,0.008197,3,0.008197,0.28,0.0,0,0.0,0,0.0
origin_route_time_bucket,IAD,BOS,,,BOS→IAD,evening,,2024-01-01,2024-12-31,365,362,3,0,0.008219,41,0.11326,11,0.030387,12.25,-7.0,63.0,21.22,0.0,74.9,83,0.229282,59,0.162983,44,0.121547,0.72,0.0,0,0.0,0,0.0
origin_route_time_bucket,IAD,BOS,,,BOS→IAD,late_morning,,2024-01-01,2024-12-31,366,363,3,0,0.008197,7,0.019284,2,0.00551,-6.15,-11.0,13.0,5.36,0.0,14.0,33,0.090909,12,0.033058,5,0.013774,0.61,0.0,0,0.0,0,0.0
origin_route_time_bucket,IAD,BTV,,,BTV→IAD,afternoon,,2024-01-01,2024-12-31,153,152,1,0,0.006536,12,0.078947,1,0.006579,-4.12,-16.0,41.9,9.45,0.0,38.9,23,0.151316,18,0.118421,9,0.059211,-1.9,0.0,1,0.055556,0,0.0
origin_route_time_bucket,IAD,BTV,,,BTV→IAD,early_morning,,2024-01-01,2024-12-31,191,190,1,0,0.005236,2,0.010526,2,0.010526,-9.19,-13.5,0.0,4.2,0.0,0.0,4,0.021053,3,0.015789,2,0.010526,0.09,0.0,0,0.0,0,0.0
origin_route_time_bucket,IAD,BTV,,,BTV→IAD,evening,,2024-01-01,2024-12-31,1,1,0,0,0.0,0,0.0,0,0.0,10.0,10.0,10.0,14.0,14.0,14.0,0,0.0,0,0.0,0,0.0,4.0,4.0,0,,0,
origin_route_time_bucket,IAD,BTV,,,BTV→IAD,late_morning,,2024-01-01,2024-12-31,267,264,3,0,0.011236,4,0.015152,1,0.003788,-13.07,-16.0,3.7,3.37,0.0,0.0,15,0.056818,11,0.041667,3,0.011364,0.25,0.0,1,0.090909,0,0.0
origin_route_time_bucket,IAD,BUF,,,BUF→IAD,afternoon,,2024-01-01,2024-12-31,22,18,4,0,0.181818,3,0.166667,0,0.0,9.39,-7.5,79.9,12.89,0.0,29.4,2,0.111111,2,0.111111,2,0.111111,-7.22,0.0,0,0.0,0,0.0
origin_route_time_bucket,IAD,BUF,,,BUF→IAD,early_morning,,2024-01-01,2024-12-31,127,127,0,0,0.0,4,0.031496,1,0.007874,-2.24,-10.0,8.2,7.13,0.0,10.4,10,0.07874,7,0.055118,3,0.023622,-0.46,0.0,0,0.0,0,0.0
origin_route_time_bucket,IAD,BUF,,,BUF→IAD,evening,,2024-01-01,2024-12-31,25,25,0,0,0.0,0,0.0,0,0.0,-12.64,-14.0,0.2,1.28,0.0,1.2,1,0.04,0,0.0,0,0.0,-0.24,0.0,0,,0,
origin_route_time_bucket,IAD,BUF,,,BUF→IAD,late_morning,,2024-01-01,2024-12-31,1,1,0,0,0.0,0,0.0,0,0.0,-20.0,-20.0,-20.0,0.0,0.0,0.0,0,0.0,0,0.0,0,0.0,0.0,0.0,0,,0,
origin_route_time_bucket,IAD,BZN,,,BZN→IAD,afternoon,,2024-01-01,2024-12-31,2,2,0,0,0.0,0,0.0,0,0.0,-9.5,-9.5,-9.1,0.0,0.0,0.0,0,0.0,0,0.0,0,0.0,0.0,0.0,0,,0,
origin_route_time_bucket,IAD,BZN,,,BZN→IAD,late_morning,,2024-01-01,2024-12-31,4,4,0,0,0.0,0,0.0,0,0.0,-16.0,-17.0,-11.8,0.0,0.0,0.0,0,0.0,0,0.0,0,0.0,0.0,0.0,0,,0,
origin_route_time_bucket,IAD,CHS,,,CHS→IAD,afternoon,,2024-01-01,2024-12-31,361,360,1,1,0.00277,18,0.05,1,0.002778,0.75,-10.0,19.6,9.79,0.0,15.0,35,0.097222,28,0.077778,17,0.047222,-1.08,0.0,1,0.034483,0,0.0
origin_route_time_bucket,IAD,CHS,,,CHS→IAD,evening,,2024-01-01,2024-12-31,4,4,0,0,0.0,0,0.0,0,0.0,-16.25,-15.5,-9.1,0.0,0.0,0.0,0,0.0,0,0.0,0,0.0,0.0,0.0,0,,0,
origin_route_time_bucket,IAD,CHS,,,CHS→IAD,late_morning,,2024-01-01,2024-12-31,359,357,2,0,0.005571,7,0.019608,1,0.002801,-7.47,-11.0,6.0,4.26,0.0,1.4,20,0.056022,13,0.036415,9,0.02521,-0.02,0.0,1,0.076923,0,0.0
origin_route_time_bucket,IAD,CLE,,,CLE→IAD,afternoon,,2024-01-01,2024-12-31,63,62,1,0,0.015873,2,0.032258,1,0.016129,1.89,-7.5,24.7,8.52,0.0,7.7,6,0.096774,3,0.048387,2,0.032258,-2.21,0.0,0,0.0,0,0.0
origin_route_time_bucket,IAD,CLE,,,CLE→IAD,early_morning,,2024-01-01,2024-12-31,303,303,0,0,0.0,2,0.006601,2,0.006601,-8.81,-13.0,2.0,2.53,0.0,0.0,8,0.026403,4,0.013201,2,0.006601,-0.08,0.0,1,0.25,0,0.0
origin_route_time_bucket,IAD,CLE,,,CLE→IAD,evening,,2024-01-01,2024-12-31,120,116,4,0,0.033333,6,0.051724,2,0.017241,1.61,-6.0,23.5,9.72,0.0,30.0,17,0.146552,12,0.103448,6,0.051724,0.26,0.0,0,0.0,0,0.0
origin_route_time_bucket,IAD,CLE,,,CLE→IAD,late_morning,,2024-01-01,2024-12-31,91,91,0,0,0.0,2,0.021978,0,0.0,-5.02,-7.0,2.0,3.33,0.0,4.0,4,0.043956,2,0.021978,2,0.021978,0.31,0.0,0,0.0,0,0.0
origin_route_time_bucket,IAD,CLT,,,CLT→IAD,afternoon,,2024-01-01,2024-12-31,408,406,2,2,0.004902,36,0.08867,5,0.012315,8.92,-5.0,54.8,14.61,0.0,43.8,78,0.192118,57,0.140394,31,0.076355,-0.93,0.0,1,0.017241,0,0.0
origin_route_time_bucket,IAD,CLT,,,CLT→IAD,early_morning,,2024-01-01,2024-12-31,243,242,1,0,0.004115,5,0.020661,0,0.0,-4.73,-10.0,14.0,4.75,0.0,9.9,20,0.082645,10,0.041322,5,0.020661,-0.15,0.0,0,0.0,0,0.0
origin_route_time_bucket,IAD,CLT,,,CLT→IAD,evening,,2024-01-01,2024-12-31,423,415,8,1,0.018913,39,0.093976,3,0.007229,8.41,-5.0,58.7,15.29,0.0,53.1,93,0.224096,68,0.163855,38,0.091566,-0.34,0.0,1,0.014706,0,0.0
origin_route_time_bucket,IAD,CLT,,,CLT→IAD,late_morning,,2024-01-01,2024-12-31,749,747,2,0,0.00267,33,0.044177,11,0.014726,-0.3,-10.0,16.0,11.3,0.0,18.4,81,0.108434,57,0.076305,35,0.046854,0.75,0.0,2,0.033898,1,0.027027
origin_route_time_bucket,IAD,CLT,,,CLT→IAD,night,,2024-01-01,2024-12-31,301,294,7,0,0.023256,36,0.122449,4,0.013605,13.4,-5.0,67.1,24.38,2.0,76.5,88,0.29932,58,0.197279,39,0.132653,2.89,0.0,2,0.033333,0,0.0
origin_route_time_bucket,IAD,CMH,,,CMH→IAD,afternoon,,2024-01-01,2024-12-31,114,114,0,0,0.0,6,0.052632,0,0.0,4.54,-3.0,30.0,9.82,0.0,29.6,15,0.131579,12,0.105263,8,0.070175,-1.27,0.0,0,0.0,0,0.0
origin_route_time_bucket,IAD,CMH,,,CMH→IAD,early_morning,,2024-01-01,2024-12-31,365,364,1,0,0.00274,6,0.016484,1,0.002747,-7.76,-12.0,8.7,3.7,0.0,7.0,23,0.063187,11,0.03022,6,0.016484,0.13,0.0,1,0.083333,0,0.0
origin_route_time_bucket,IAD,CMH,,,CMH→IAD,evening,,2024-01-01,2024-12-31,157,152,5,0,0.031847,8,0.052632,0,0.0,-0.88,-9.0,16.9,8.82,0.0,23.9,19,0.125,11,0.072368,8,0.052632,0.08,0.0,1,0.083333,0,0.0
origin_route_time_bucket,IAD,CMH,,,CMH→IAD,late_morning,,2024-01-01,2024-12-31,148,146,2,0,0.013514,2,0.013699,1,0.006849,-8.58,-13.0,9.5,3.27,0.0,2.5,7,0.047945,4,0.027397,2,0.013699,-0.38,0.0,0,0.0,0,0.0
origin_route_time_bucket,IAD,CVG,,,CVG→IAD,afternoon,,2024-01-01,2024-12-31,3,3,0,0,0.0,1,0.333333,0,0.0,33.33,24.0,57.6,25.67,0.0,61.6,1,0.333333,1,0.333333,1,0.333333,-7.67,-10.0,0,0.0,0,0.0
origin_route_time_bucket,IAD,CVG,,,CVG→IAD,early_morning,,2024-01-01,2024-12-31,26,25,1,0,0.038462,1,0.04,1,0.04,3.36,-9.0,15.4,9.0,0.0,0.0,1,0.04,1,0.04,1,0.04,-3.4,0.0,0,0.0,0,0.0
origin_route_time_bucket,IAD,CVG,,,CVG→IAD,evening,,2024-01-01,2024-12-31,22,20,2,0,0.090909,1,0.05,0,0.0,-1.7,-11.5,17.1,9.25,0.0,12.7,2,0.1,2,0.1,1,0.05,0.1,0.0,0,0.0,0,0.0
origin_route_time_bucket,IAD,CVG,,,CVG→IAD,late_morning,,2024-01-01,2024-12-31,361,360,1,0,0.00277,6,0.016667,2,0.005556,-9.32,-13.0,1.0,3.63,0.0,2.1,20,0.055556,11,0.030556,7,0.019444,0.1,0.0,0,0.0,0,0.0
origin_route_time_bucket,IAD,DEN,,,DEN→IAD,afternoon,,2024-01-01,2024-12-31,779,756,23,1,0.029525,72,0.095238,14,0.018519,13.5,-3.0,56.6,21.44,0.0,64.2,195,0.257937,129,0.170635,80,0.10582,1.19,0.0,4,0.030303,0,0.0
origin_route_time_bucket,IAD,DEN,,,DEN→IAD,early_morning,,2024-01-01,2024-12-31,770,754,16,0,0.020779,13,0.017241,1,0.001326,-7.24,-12.0,11.7,4.32,0.0,7.0,46,0.061008,24,0.03183,14,0.018568,-0.41,0.0,0,0.0,0,0.0
origin_route_time_bucket,IAD,DEN,,,DEN→IAD,evening,,2024-01-01,2024-12-31,772,766,6,1,0.007772,106,0.138381,23,0.030026,26.34,1.0,89.2,32.06,4.0,89.6,252,0.328982,170,0.221932,100,0.130548,0.02,0.0,7,0.040936,0,0.0
origin_route_time_bucket,IAD,DEN,,,DEN→IAD,late_morning,,2024-01-01,2024-12-31,614,600,14,1,0.022801,40,0.066667,5,0.008333,8.88,-3.0,42.4,14.13,1.0,36.2,115,0.191667,74,0.123333,38,0.063333,-0.99,0.0,5,0.065789,0,0.0
origin_route_time_bucket,IAD,DEN,,,DEN→IAD,night,,2024-01-01,2024-12-31,311,308,3,0,0.009646,18,0.058442,1,0.003247,0.4,-9.0,32.9,13.52,0.0,35.6,60,0.194805,37,0.12013,23,0.074675,2.37,0.0,2,0.054054,0,0.0
origin_route_time_bucket,IAD,DEN,,,DEN→IAD,red_eye,,2024-01-01,2024-12-31,1,1,0,0,0.0,0,0.0,0,0.0,-21.0,-21.0,-21.0,0.0,0.0,0.0,0,0.0,0,0.0,0,0.0,0.0,0.0,0,,0,
origin_route_time_bucket,IAD,DFW,,,DFW→IAD,afternoon,,2024-01-01,2024-12-31,556,551,5,2,0.008993,40,0.072595,8,0.014519,9.69,-1.0,40.0,16.24,0.0,48.0,117,0.212341,80,0.145191,40,0.072595,0.4,0.0,5,0.060976,1,0.02381
origin_route_time_bucket,IAD,DFW,,,DFW→IAD,early_morning,,2024-01-01,2024-12-31,375,373,2,0,0.005333,21,0.0563,7,0.018767,3.41,-8.0,13.8,12.3,0.0,14.0,35,0.093834,27,0.072386,19,0.050938,0.17,0.0,1,0.037037,0,0.0
origin_route_time_bucket,IAD,DFW,,,DFW→IAD,evening,,2024-01-01,2024-12-31,674,659,15,0,0.022255,91,0.138088,13,0.019727,18.81,1.0,75.2,26.55,1.0,85.0,230,0.349014,170,0.257967,108,0.163885,2.04,0.0,7,0.04,1,0.008929
origin_route_time_bucket,IAD,DFW,,,DFW→IAD,late_morning,,2024-01-01,2024-12-31,106,102,4,1,0.037736,12,0.117647,4,0.039216,11.51,-13.0,100.0,25.13,0.0,81.0,22,0.215686,17,0.166667,11,0.107843,0.71,0.0,0,0.0,0,0.0
origin_route_time_bucket,IAD,DFW,,,DFW→IAD,night,,2024-01-01,2024-12-31,4,4,0,0,0.0,1,0.25,0,0.0,25.0,11.5,67.6,28.75,17.0,58.9,2,0.5,1,0.25,1,0.25,0.75,-2.0,0,0.0,0,0.0
origin_route_time_bucket,IAD,DTW,,,DTW→IAD,afternoon,,2024-01-01,2024-12-31,285,284,1,0,0.003509,35,0.123239,9,0.03169,19.14,0.0,75.0,22.95,0.0,75.2,82,0.288732,52,0.183099,32,0.112676,-1.24,0.0,0,0.0,0,0.0
origin_route_time_bucket,IAD,DTW,,,DTW→IAD,early_morning,,2024-01-01,2024-12-31,180,180,0,0,0.0,7,0.038889,2,0.011111,5.31,-4.5,35.1,10.93,0.0,29.0,28,0.155556,17,0.094444,9,0.05,-0.78,0.0,0,0.0,0,0.0
origin_route_time_bucket,IAD,DTW,,,DTW→IAD,evening,,2024-01-01,2024-12-31,127,124,3,0,0.023622,3,0.024194,1,0.008065,-0.31,-9.0,27.4,8.65,0.0,30.0,23,0.185484,10,0.080645,4,0.032258,-0.35,0.0,1,0.071429,0,0.0
origin_route_time_bucket,IAD,DTW,,,DTW→IAD,late_morning,,2024-01-01,2024-12-31,366,366,0,0,0.0,26,0.071038,6,0.016393,11.44,0.0,36.5,13.53,0.0,27.0,48,0.131148,36,0.098361,24,0.065574,-2.49,0.0,0,0.0,0,0.0
origin_route_time_bucket,IAD,DTW,,,DTW→IAD,night,,2024-01-01,2024-12-31,364,362,2,0,0.005495,33,0.09116,4,0.01105,9.02,-6.0,51.7,15.58,0.0,47.9,60,0.165746,51,0.140884,33,0.09116,-0.61,0.0,0,0.0,0,0.0
origin_route_time_bucket,IAD,EWR,,,EWR→IAD,afternoon,,2024-01-01,2024-12-31,349,342,7,1,0.020057,38,0.111111,7,0.020468,16.85,2.0,68.0,18.4,0.0,60.0,89,0.260234,57,0.166667,34,0.099415,-4.06,0.0,2,0.033898,0,0.0
origin_route_time_bucket,IAD,EWR,,,EWR→IAD,early_morning,,2024-01-01,2024-12-31,299,296,3,0,0.010033,5,0.016892,1,0.003378,-6.98,-11.5,7.0,4.0,0.0,3.0,16,0.054054,11,0.037162,5,0.016892,-0.21,0.0,0,0.0,0,0.0
origin_route_time_bucket,IAD,EWR,,,EWR→IAD,evening,,2024-01-01,2024-12-31,366,353,13,0,0.035519,68,0.192635,16,0.045326,26.45,5.0,93.0,29.53,4.0,86.6,128,0.362606,93,0.263456,53,0.150142,-2.79,0.0,2,0.021053,0,0.0
origin_route_time_bucket,IAD,EWR,,,EWR→IAD,late_morning,,2024-01-01,2024-12-31,5,5,0,0,0.0,0,0.0,0,0.0,-11.2,-10.0,-1.8,8.0,3.0,19.8,1,0.2,0,0.0,0,0.0,8.0,3.0,0,,0,
origin_route_time_bucket,IAD,EWR,,,EWR→IAD,night,,2024-01-01,2024-12-31,339,331,8,1,0.023599,57,0.172205,8,0.024169,18.58,-2.5,93.1,26.72,0.0,90.3,108,0.326284,81,0.244713,52,0.1571,0.15,0.0,3,0.036145,0,0.0
origin_route_time_bucket,IAD,EYW,,,EYW→IAD,afternoon,,2024-01-01,2024-12-31,90,89,1,0,0.011111,7,0.078652,1,0.011236,2.1,-12.0,36.8,13.7,0.0,43.0,12,0.134831,11,0.123596,7,0.078652,0.02,0.0,0,0.0,0,0.0
origin_route_time_bucket,IAD,FLL,,,FLL→IAD,afternoon,,2024-01-01,2024-12-31,366,362,4,0,0.010929,16,0.044199,6,0.016575,1.93,-11.0,26.8,11.69,0.0,19.9,43,0.118785,27,0.074586,16,0.044199,-1.31,0.0,2,0.071429,0,0.0
origin_route_time_bucket,IAD,FLL,,,FLL→IAD,early_morning,,2024-01-01,2024-12-31,222,221,1,0,0.004505,5,0.022624,0,0.0,-6.53,-11.0,10.0,4.24,0.0,5.0,12,0.054299,7,0.031674,5,0.022624,-0.49,0.0,0,0.0,0,0.0
origin_route_time_bucket,IAD,FLL,,,FLL→IAD,evening,,2024-01-01,2024-12-31,136,134,2,0,0.014706,13,0.097015,3,0.022388,12.33,-8.0,60.0,20.97,0.0,63.1,32,0.238806,25,0.186567,15,0.11194,-0.1,0.0,0,0.0,0,0.0
origin_route_time_bucket,IAD,FLL,,,FLL→IAD,late_morning,,2024-01-01,2024-12-31,75,75,0,0,0.0,2,0.026667,0,0.0,-5.75,-12.0,7.8,6.43,0.0,7.6,6,0.08,4,0.053333,2,0.026667,0.61,0.0,0,0.0,0,0.0
origin_route_time_bucket,IAD,HDN,,,HDN→IAD,afternoon,,2024-01-01,2024-12-31,15,15,0,0,0.0,3,0.2,0,0.0,17.33,-6.0,93.0,28.33,5.0,88.6,7,0.466667,5,0.333333,3,0.2,3.47,1.0,1,0.2,0,0.0
origin_route_time_bucket,IAD,HNL,,,HNL→IAD,afternoon,,2024-01-01,2024-12-31,59,56,3,0,0.050847,8,0.142857,2,0.035714,11.5,-13.0,96.5,30.14,0.0,107.5,14,0.25,12,0.214286,9,0.160714,5.02,0.0,0,0.0,0,0.0
origin_route_time_bucket,IAD,HNL,,,HNL→IAD,evening,,2024-01-01,2024-12-31,68,68,0,1,0.0,4,0.058824,2,0.029412,-2.61,-15.0,30.2,19.82,0.0,58.2,14,0.205882,10,0.147059,7,0.102941,5.57,0.0,1,0.1,1,0.142857
origin_route_time_bucket,IAD,HSV,,,HSV→IAD,evening,,2024-01-01,2024-12-31,15,15,0,0,0.0,0,0.0,0,0.0,-17.33,-17.0,-7.4,0.0,0.0,0.0,0,0.0,0,0.0,0,0.0,-0.4,0.0,0,,0,
origin_route_time_bucket,IAD,IAH,,,IAH→IAD,afternoon,,2024-01-01,2024-12-31,385,382,3,3,0.007792,27,0.070681,8,0.020942,17.93,6.0,43.6,20.35,4.0,41.2,97,0.253927,50,0.13089,29,0.075916,-1.11,0.0,4,0.074074,0,0.0
origin_route_time_bucket,IAD,IAH,,,IAH→IAD,early_morning,,2024-01-01,2024-12-31,366,361,5,0,0.013661,13,0.036011,4,0.01108,1.15,-5.0,14.0,7.77,0.0,15.0,35,0.096953,19,0.052632,14,0.038781,-0.4,0.0,0,0.0,0,0.0
origin_route_time_bucket,IAD,IAH,,,IAH→IAD,evening,,2024-01-01,2024-12-31,856,843,13,1,0.015187,83,0.098458,17,0.020166,14.64,0.0,60.0,22.29,3.0,68.9,255,0.302491,173,0.205219,100,0.118624,2.12,0.0,8,0.045714,0,0.0
origin_route_time_bucket,IAD,IAH,,,IAH→IAD,late_morning,,2024-01-01,2024-12-31,3,3,0,0,0.0,1,0.333333,1,0.333333,85.0,35.0,193.4,92.67,36.0,200.0,2,0.666667,2,0.666667,1,0.333333,3.33,1.0,0,0.0,0,0.0
origin_route_time_bucket,IAD,IAH,,,IAH→IAD,night,,2024-01-01,2024-12-31,80,80,0,0,0.0,3,0.0375,1,0.0125,6.56,-4.0,32.2,14.86,0.0,26.4,14,0.175,8,0.1,5,0.0625,1.44,0.0,0,0.0,0,0.0
origin_route_time_bucket,IAD,IND,,,IND→IAD,afternoon,,2024-01-01,2024-12-31,366,366,0,2,0.0,11,0.030055,0,0.0,0.86,-4.0,18.4,4.51,0.0,6.7,28,0.076503,20,0.054645,9,0.02459,-2.6,0.0,0,0.0,0,0.0
origin_route_time_bucket,IAD,IND,,,IND→IAD,early_morning,,2024-01-01,2024-12-31,348,346,2,0,0.005747,5,0.014451,1,0.00289,-8.63,-13.0,5.0,3.4,0.0,2.5,16,0.046243,8,0.023121,6,0.017341,-0.14,0.0,0,0.0,0,0.0
origin_route_time_bucket,IAD,IND,,,IND→IAD,evening,,2024-01-01,2024-12-31,208,202,6,0,0.028846,13,0.064356,1,0.00495,1.31,-9.0,34.9,12.06,0.0,40.0,36,0.178218,26,0.128713,15,0.074257,1.08,0.0,0,0.0,0,0.0
origin_route_time_bucket,IAD,IND,,,IND→IAD,late_morning,,2024-01-01,2024-12-31,365,363,2,0,0.005479,6,0.016529,1,0.002755,-8.87,-12.0,2.0,3.04,0.0,1.0,15,0.041322,12,0.033058,6,0.016529,0.14,0.0,0,0.0,0,0.0
origin_route_time_bucket,IAD,JAX,,,JAX→IAD,afternoon,,2024-01-01,2024-12-31,393,389,4,3,0.010178,30,0.077121,7,0.017995,10.73,-5.0,43.0,16.78,0.0,42.0,66,0.169666,51,0.131105,28,0.071979,-0.79,0.0,0,0.0,0,0.0
origin_route_time_bucket,IAD,JAX,,,JAX→IAD,evening,,2024-01-01,2024-12-31,238,237,1,0,0.004202,18,0.075949,5,0.021097,2.99,-12.0,34.6,12.92,0.0,31.2,34,0.14346,24,0.101266,16,0.067511,-1.37,0.0,0,0.0,0,0.0
origin_route_time_bucket,IAD,JAX,,,JAX→IAD,late_morning,,2024-01-01,2024-12-31,224,220,4,0,0.017857,10,0.045455,5,0.022727,4.03,-10.0,16.3,13.92,0.0,11.6,22,0.1,15,0.068182,11,0.05,-0.23,0.0,0,0.0,0,0.0
origin_route_time_bucket,IAD,JFK,,,JFK→IAD,afternoon,,2024-01-01,2024-12-31,297,292,5,1,0.016835,43,0.14726,7,0.023973,16.94,-7.0,110.0,26.01,0.0,98.0,78,0.267123,65,0.222603,42,0.143836,-1.0,0.0,5,0.076923,0,0.0
origin_route_time_bucket,IAD,JFK,,,JFK→IAD,evening,,2024-01-01,2024-12-31,69,68,1,0,0.014493,4,0.058824,1,0.014706,-0.31,-11.5,38.3,10.51,0.0,29.3,9,0.132353,7,0.102941,5,0.073529,-0.53,0.0,0,0.0,0,0.0
origin_route_time_bucket,IAD,JFK,,,JFK→IAD,late_morning,,2024-01-01,2024-12-31,349,347,2,0,0.005731,25,0.072046,7,0.020173,2.34,-12.0,32.2,12.79,0.0,32.0,47,0.135447,39,0.112392,23,0.066282,-0.56,0.0,1,0.025641,0,0.0
origin_route_time_bucket,IAD,JST,,,JST→IAD,early_morning,,2024-01-01,2024-12-31,19,19,0,0,0.0,4,0.210526,3,0.157895,48.68,1.0,254.6,60.42,0.0,265.0,5,0.263158,4,0.210526,4,0.210526,1.53,0.0,0,0.0,0,0.0
origin_route_time_bucket,IAD,JST,,,JST→IAD,late_morning,,2024-01-01,2024-12-31,347,339,8,0,0.023055,35,0.103245,9,0.026549,5.54,-13.0,63.2,19.06,0.0,53.8,65,0.19174,49,0.144543,34,0.100295,0.06,0.0,3,0.058824,0,0.0
origin_route_time_bucket,IAD,LAS,,,LAS→IAD,afternoon,,2024-01-01,2024-12-31,353,341,12,1,0.033994,21,0.061584,6,0.017595,4.04,-9.0,46.1,15.32,0.0,41.0,60,0.175953,41,0.120235,26,0.076246,0.04,0.0,1,0.023256,1,0.038462
origin_route_time_bucket,IAD,LAS,,,LAS→IAD,early_morning,,2024-01-01,2024-12-31,309,306,3,3,0.009709,13,0.042484,1,0.003268,-5.5,-12.0,15.0,6.71,0.0,7.0,20,0.065359,15,0.04902,13,0.042484,-1.0,0.0,0,0.0,0,0.0
origin_route_time_bucket,IAD,LAS,,,LAS→IAD,late_morning,,2024-01-01,2024-12-31,2,2,0,0,0.0,0,0.0,0,0.0,41.0,41.0,54.6,31.5,31.5,37.5,2,1.0,1,0.5,0,0.0,-9.5,-9.5,0,0.0,0,
origin_route_time_bucket,IAD,LAS,,,LAS→IAD,night,,2024-01-01,2024-12-31,279,277,2,0,0.007168,12,0.043321,5,0.018051,-4.26,-15.0,25.8,12.68,0.0,25.0,35,0.126354,26,0.093863,14,0.050542,1.27,0.0,0,0.0,0,0.0
origin_route_time_bucket,IAD,LAS,,,LAS→IAD,red_eye,,2024-01-01,2024-12-31,1,1,0,0,0.0,0,0.0,0,0.0,-4.0,-4.0,-4.0,0.0,0.0,0.0,0,0.0,0,0.0,0,0.0,0.0,0.0,0,,0,
origin_route_time_bucket,IAD,LAX,,,LAX→IAD,afternoon,,2024-01-01,2024-12-31,434,432,2,3,0.004608,19,0.043981,1,0.002315,-0.11,-7.0,26.0,10.71,0.0,29.0,75,0.173611,42,0.097222,23,0.053241,0.94,0.0,1,0.02381,0,0.0
origin_route_time_bucket,IAD,LAX,,,LAX→IAD,early_morning,,2024-01-01,2024-12-31,558,553,5,3,0.008961,20,0.036166,6,0.01085,5.09,-2.0,27.0,10.07,0.0,25.0,72,0.130199,47,0.084991,20,0.036166,-1.77,0.0,5,0.104167,0,0.0
origin_route_time_bucket,IAD,LAX,,,LAX→IAD,evening,,2024-01-01,2024-12-31,153,152,1,0,0.006536,4,0.026316,0,0.0,-9.35,-14.0,12.8,6.6,0.0,16.0,17,0.111842,12,0.078947,6,0.039474,1.68,0.0,2,0.153846,0,0.0
origin_route_time_bucket,IAD,LAX,,,LAX→IAD,late_morning,,2024-01-01,2024-12-31,433,421,12,2,0.027714,19,0.045131,2,0.004751,-3.41,-10.0,17.4,8.91,0.0,17.6,47,0.111639,34,0.08076,20,0.047506,0.41,0.0,1,0.029412,0,0.0
origin_route_time_bucket,IAD,LAX,,,LAX→IAD,night,,2024-01-01,2024-12-31,1038,1031,7,0,0.006744,35,0.033948,1,0.00097,-3.56,-9.0,23.0,9.89,0.0,32.0,194,0.188167,108,0.104753,43,0.041707,2.4,0.0,13,0.117117,0,0.0
origin_route_time_bucket,IAD,LGA,,,LGA→IAD,afternoon,,2024-01-01,2024-12-31,383,377,6,1,0.015666,33,0.087533,5,0.013263,5.79,-6.0,53.5,13.52,0.0,35.0,77,0.204244,42,0.111406,21,0.055703,-2.66,0.0,1,0.023256,0,0.0
origin_route_time_bucket,IAD,LGA,,,LGA→IAD,early_morning,,2024-01-01,2024-12-31,379,369,10,0,0.026385,9,0.02439,5,0.01355,-6.62,-13.0,7.0,5.8,0.0,0.0,20,0.054201,13,0.03523,9,0.02439,-1.07,0.0,0,0.0,0,0.0
origin_route_time_bucket,IAD,LGA,,,LGA→IAD,evening,,2024-01-01,2024-12-31,361,343,18,0,0.049861,29,0.084548,6,0.017493,4.99,-10.0,47.8,16.45,0.0,44.8,81,0.236152,54,0.157434,28,0.081633,0.02,0.0,1,0.018182,0,0.0
origin_route_time_bucket,IAD,LGA,,,LGA→IAD,late_morning,,2024-01-01,2024-12-31,356,351,5,0,0.014045,16,0.045584,2,0.005698,-1.95,-10.0,20.0,8.52,0.0,25.0,44,0.125356,29,0.082621,14,0.039886,-0.25,0.0,1,0.033333,0,0.0
origin_route_time_bucket,IAD,MCI,,,MCI→IAD,afternoon,,2024-01-01,2024-12-31,4,4,0,0,0.0,1,0.25,0,0.0,18.0,-6.5,64.6,27.25,0.5,75.9,1,0.25,1,0.25,1,0.25,3.75,0.5,0,0.0,0,0.0
origin_route_time_bucket,IAD,MCO,,,MCO→IAD,afternoon,,2024-01-01,2024-12-31,577,567,10,1,0.017331,54,0.095238,9,0.015873,12.43,-3.0,53.5,17.94,0.0,48.0,109,0.19224,74,0.130511,43,0.075838,-1.37,0.0,2,0.026316,0,0.0
origin_route_time_bucket,IAD,MCO,,,MCO→IAD,early_morning,,2024-01-01,2024-12-31,254,248,6,0,0.023622,5,0.020161,0,0.0,-9.75,-15.5,12.3,4.38,0.0,4.3,18,0.072581,14,0.056452,6,0.024194,-0.03,0.0,0,0.0,0,0.0
origin_route_time_bucket,IAD,MCO,,,MCO→IAD,evening,,2024-01-01,2024-12-31,711,691,20,0,0.028129,81,0.117221,20,0.028944,13.69,-5.0,68.0,21.35,0.0,65.0,168,0.243126,129,0.186686,78,0.11288,0.12,0.0,4,0.030303,0,0.0
origin_route_time_bucket,IAD,MCO,,,MCO→IAD,late_morning,,2024-01-01,2024-12-31,129,127,2,0,0.015504,2,0.015748,1,0.007874,-8.61,-15.0,1.8,4.43,0.0,3.4,7,0.055118,5,0.03937,1,0.007874,-0.28,0.0,0,0.0,0,0.0
origin_route_time_bucket,IAD,MDW,,,MDW→IAD,early_morning,,2024-01-01,2024-12-31,6,6,0,0,0.0,0,0.0,0,0.0,3.83,2.5,20.0,5.17,0.0,15.5,1,0.166667,0,0.0,0,0.0,-2.67,0.0,0,0.0,0,
origin_route_time_bucket,IAD,MDW,,,MDW→IAD,evening,,2024-01-01,2024-12-31,6,6,0,0,0.0,0,0.0,0,0.0,16.5,17.0,24.5,19.33,18.5,32.0,3,0.5,1,0.166667,0,0.0,2.83,8.0,0,0.0,0,
origin_route_time_bucket,IAD,MGW,,,MGW→IAD,early_morning,,2024-01-01,2024-12-31,18,18,0,0,0.0,4,0.222222,3,0.166667,66.39,9.0,328.1,65.28,0.0,340.7,5,0.277778,4,0.222222,3,0.166667,-4.33,0.0,0,0.0,0,0.0
origin_route_time_bucket,IAD,MIA,,,MIA→IAD,afternoon,,2024-01-01,2024-12-31,366,359,7,2,0.019126,26,0.072423,6,0.016713,7.52,-10.0,39.6,16.41,0.0,36.4,55,0.153203,42,0.116992,21,0.058496,-1.59,0.0,1,0.02381,0,0.0
origin_route_time_bucket,IAD,MIA,,,MIA→IAD,early_morning,,2024-01-01,2024-12-31,194,193,1,0,0.005155,6,0.031088,1,0.005181,1.48,-5.0,22.6,7.36,0.0,18.8,21,0.108808,15,0.07772,7,0.036269,-1.09,0.0,0,0.0,0,0.0
origin_route_time_bucket,IAD,MIA,,,MIA→IAD,late_morning,,2024-01-01,2024-12-31,16,16,0,1,0.0,2,0.125,1,0.0625,15.2,-6.0,47.2,20.2,0.0,50.2,2,0.125,2,0.125,2,0.125,-0.4,0.0,0,0.0,0,0.0
origin_route_time_bucket,IAD,MKE,,,MKE→IAD,afternoon,,2024-01-01,2024-12-31,1,1,0,0,0.0,0,0.0,0,0.0,-29.0,-29.0,-29.0,0.0,0.0,0.0,0,0.0,0,0.0,0,0.0,0.0,0.0,0,,0,
origin_route_time_bucket,IAD,MSP,,,MSP→IAD,afternoon,,2024-01-01,2024-12-31,218,217,1,1,0.004587,19,0.087558,4,0.018433,11.81,0.0,45.0,15.11,0.0,40.0,40,0.184332,27,0.124424,18,0.082949,-1.02,0.0,1,0.035714,0,0.0
origin_route_time_bucket,IAD,MSP,,,MSP→IAD,early_morning,,2024-01-01,2024-12-31,210,210,0,0,0.0,7,0.033333,2,0.009524,1.46,-7.0,30.0,7.98,0.0,28.1,25,0.119048,18,0.085714,8,0.038095,-1.62,0.0,1,0.05,0,0.0
origin_route_time_bucket,IAD,MSP,,,MSP→IAD,evening,,2024-01-01,2024-12-31,93,92,1,0,0.010753,5,0.054348,0,0.0,3.6,-3.0,28.6,9.49,0.0,30.0,12,0.130435,9,0.097826,4,0.043478,-1.38,0.0,1,0.090909,0,0.0
origin_route_time_bucket,IAD,MSP,,,MSP→IAD,late_morning,,2024-01-01,2024-12-31,140,139,1,0,0.007143,8,0.057554,2,0.014388,9.29,-1.0,35.8,10.22,0.0,19.4,15,0.107914,10,0.071942,6,0.043165,-4.86,0.0,0,0.0,0,0.0
origin_route_time_bucket,IAD,MSP,,,MSP→IAD,night,,2024-01-01,2024-12-31,271,268,3,0,0.01107,15,0.05597,3,0.011194,4.67,-5.5,37.3,13.17,0.0,41.0,50,0.186567,34,0.126866,16,0.059701,0.37,0.0,1,0.029412,0,0.0
origin_route_time_bucket,IAD,MSY,,,MSY→IAD,afternoon,,2024-01-01,2024-12-31,305,296,9,2,0.029508,15,0.050676,2,0.006757,-0.6,-9.0,19.0,8.48,0.0,18.5,30,0.101351,22,0.074324,13,0.043919,-0.44,0.0,0,0.0,0,0.0
origin_route_time_bucket,IAD,MSY,,,MSY→IAD,early_morning,,2024-01-01,2024-12-31,364,357,7,0,0.019231,17,0.047619,1,0.002801,-5.17,-12.0,11.4,7.62,0.0,10.4,32,0.089636,27,0.07563,21,0.058824,0.52,0.0,0,0.0,0,0.0
origin_route_time_bucket,IAD,MYR,,,MYR→IAD,afternoon,,2024-01-01,2024-12-31,5,5,0,0,0.0,0,0.0,0,0.0,-9.8,-9.0,0.4,0.0,0.0,0.0,0,0.0,0,0.0,0,0.0,-1.2,0.0,0,,0,
origin_route_time_bucket,IAD,ORD,,,ORD→IAD,afternoon,,2024-01-01,2024-12-31,526,523,3,2,0.005703,32,0.061185,7,0.013384,7.35,-4.0,29.0,13.34,0.0,31.0,86,0.164436,54,0.10325,33,0.063098,-0.27,0.0,2,0.036364,0,0.0
origin_route_time_bucket,IAD,ORD,,,ORD→IAD,early_morning,,2024-01-01,2024-12-31,454,450,4,0,0.008811,25,0.055556,9,0.02,4.97,-6.0,24.0,12.58,0.0,25.2,55,0.122222,42,0.093333,28,0.062222,0.16,0.0,2,0.047619,0,0.0
origin_route_time_bucket,IAD,ORD,,,ORD→IAD,evening,,2024-01-01,2024-12-31,365,359,6,0,0.016438,46,0.128134,18,0.050139,26.83,2.0,97.2,30.45,3.0,79.6,106,0.295265,71,0.197772,47,0.130919,-1.37,0.0,0,0.0,0,0.0
origin_route_time_bucket,IAD,ORD,,,ORD→IAD,late_morning,,2024-01-01,2024-12-31,23,23,0,0,0.0,1,0.043478,0,0.0,0.26,-4.0,21.6,8.48,0.0,21.6,4,0.173913,2,0.086957,1,0.043478,1.39,0.0,0,0.0,0,0.0
origin_route_time_bucket,IAD,ORD,,,ORD→IAD,night,,2024-01-01,2024-12-31,317,316,1,0,0.003155,23,0.072785,7,0.022152,10.79,-4.0,49.5,20.53,1.0,55.5,91,0.287975,50,0.158228,28,0.088608,2.46,0.0,0,0.0,0,0.0
origin_route_time_bucket,IAD,ORF,,,ORF→IAD,afternoon,,2024-01-01,2024-12-31,76,76,0,0,0.0,1,0.013158,0,0.0,-15.67,-21.5,5.0,3.58,0.0,5.0,6,0.078947,2,0.026316,1,0.013158,-1.04,0.0,0,0.0,0,0.0
origin_route_time_bucket,IAD,ORF,,,ORF→IAD,early_morning,,2024-01-01,2024-12-31,333,329,4,0,0.012012,15,0.045593,4,0.012158,-1.23,-11.0,16.2,9.6,0.0,16.2,35,0.106383,21,0.06383,16,0.048632,0.26,0.0,1,0.047619,0,0.0
origin_route_time_bucket,IAD,ORF,,,ORF→IAD,evening,,2024-01-01,2024-12-31,98,97,1,0,0.010204,0,0.0,0,0.0,-10.62,-14.0,3.6,1.71,0.0,0.0,4,0.041237,1,0.010309,1,0.010309,-0.55,0.0,0,0.0,0,0.0
origin_route_time_bucket,IAD,ORF,,,ORF→IAD,late_morning,,2024-01-01,2024-12-31,95,91,4,0,0.042105,4,0.043956,1,0.010989,2.04,-10.0,30.0,10.74,0.0,11.0,8,0.087912,6,0.065934,4,0.043956,-1.49,0.0,0,0.0,0,0.0
origin_route_time_bucket,IAD,ORF,,,ORF→IAD,night,,2024-01-01,2024-12-31,30,30,0,0,0.0,0,0.0,0,0.0,-14.13,-15.0,-1.9,0.8,0.0,0.3,0,0.0,0,0.0,0,0.0,0.23,0.0,0,,0,
origin_route_time_bucket,IAD,PBI,,,PBI→IAD,afternoon,,2024-01-01,2024-12-31,42,40,2,0,0.047619,1,0.025,0,0.0,0.05,-5.0,26.5,2.92,0.0,0.0,1,0.025,1,0.025,1,0.025,-4.75,0.0,0,0.0,0,0.0
origin_route_time_bucket,IAD,PBI,,,PBI→IAD,late_morning,,2024-01-01,2024-12-31,1,1,0,0,0.0,0,0.0,0,0.0,3.0,3.0,3.0,17.0,17.0,17.0,1,1.0,0,0.0,0,0.0,14.0,14.0,0,,0,
origin_route_time_bucket,IAD,PDX,,,PDX→IAD,early_morning,,2024-01-01,2024-12-31,216,216,0,0,0.0,5,0.023148,2,0.009259,-3.88,-11.5,9.5,9.81,0.0,12.0,18,0.083333,14,0.064815,6,0.027778,0.76,0.0,2,0.142857,0,0.0
origin_route_time_bucket,IAD,PDX,,,PDX→IAD,night,,2024-01-01,2024-12-31,72,71,1,0,0.013889,0,0.0,0,0.0,-11.94,-13.0,5.0,2.62,0.0,7.0,4,0.056338,1,0.014085,1,0.014085,0.31,0.0,0,0.0,0,0.0
origin_route_time_bucket,IAD,PGD,,,PGD→IAD,afternoon,,2024-01-01,2024-12-31,41,41,0,0,0.0,3,0.073171,2,0.04878,24.22,5.0,48.0,32.29,2.0,58.0,14,0.341463,10,0.243902,4,0.097561,-0.59,0.0,0,0.0,0,0.0
origin_route_time_bucket,IAD,PGD,,,PGD→IAD,early_morning,,2024-01-01,2024-12-31,1,1,0,0,0.0,0,0.0,0,0.0,-26.0,-26.0,-26.0,0.0,0.0,0.0,0,0.0,0,0.0,0,0.0,0.0,0.0,0,,0,
origin_route_time_bucket,IAD,PGD,,,PGD→IAD,evening,,2024-01-01,2024-12-31,23,23,0,0,0.0,1,0.043478,0,0.0,-3.04,-7.0,25.0,12.0,0.0,34.4,7,0.304348,3,0.130435,1,0.043478,2.39,0.0,0,0.0,0,0.0
origin_route_time_bucket,IAD,PGD,,,PGD→IAD,late_morning,,2024-01-01,2024-12-31,1,1,0,0,0.0,0,0.0,0,0.0,-30.0,-30.0,-30.0,0.0,0.0,0.0,0,0.0,0,0.0,0,0.0,0.0,0.0,0,,0,
origin_route_time_bucket,IAD,PHL,,,PHL→IAD,late_morning,,2024-01-01,2024-12-31,1,1,0,0,0.0,0,0.0,0,0.0,-24.0,-24.0,-24.0,0.0,0.0,0.0,0,0.0,0,0.0,0,0.0,0.0,0.0,0,,0,
origin_route_time_bucket,IAD,PHX,,,PHX→IAD,afternoon,,2024-01-01,2024-12-31,175,175,0,0,0.0,9,0.051429,2,0.011429,4.09,-5.0,30.6,13.96,0.0,30.0,29,0.165714,17,0.097143,8,0.045714,1.73,0.0,0,0.0,0,0.0
origin_route_time_bucket,IAD,PHX,,,PHX→IAD,early_morning,,2024-01-01,2024-12-31,267,267,0,1,0.0,10,0.037453,1,0.003745,-3.85,-11.0,22.5,7.39,0.0,16.0,28,0.104869,20,0.074906,12,0.044944,-0.34,0.0,0,0.0,0,0.0
origin_route_time_bucket,IAD,PHX,,,PHX→IAD,late_morning,,2024-01-01,2024-12-31,339,329,10,3,0.029499,9,0.027356,0,0.0,0.21,-4.0,20.0,7.57,0.0,21.5,39,0.118541,23,0.069909,9,0.027356,0.4,0.0,1,0.041667,0,0.0
origin_route_time_bucket,IAD,PHX,,,PHX→IAD,night,,2024-01-01,2024-12-31,301,295,6,2,0.019934,10,0.033898,2,0.00678,-4.13,-11.0,10.8,11.11,0.0,19.0,36,0.122034,19,0.064407,10,0.033898,1.81,0.0,3,0.142857,0,0.0
origin_route_time_bucket,IAD,PHX,,,PHX→IAD,red_eye,,2024-01-01,2024-12-31,3,3,0,0,0.0,0,0.0,0,0.0,-10.67,-11.0,2.6,3.33,2.0,6.8,0,0.0,0,0.0,0,0.0,1.33,2.0,0,,0,
origin_route_time_bucket,IAD,PIT,,,PIT→IAD,afternoon,,2024-01-01,2024-12-31,179,178,1,0,0.005587,2,0.011236,0,0.0,-3.24,-12.0,27.0,5.18,0.0,16.9,19,0.106742,11,0.061798,3,0.016854,-2.29,0.0,0,0.0,0,0.0
origin_route_time_bucket,IAD,PIT,,,PIT→IAD,early_morning,,2024-01-01,2024-12-31,365,365,0,0,0.0,5,0.013699,3,0.008219,-4.98,-9.0,7.0,3.75,0.0,0.0,12,0.032877,7,0.019178,5,0.013699,-0.93,0.0,0,0.0,0,0.0
origin_route_time_bucket,IAD,PIT,,,PIT→IAD,evening,,2024-01-01,2024-12-31,21,21,0,0,0.0,0,0.0,0,0.0,-5.33,-14.0,20.0,6.57,0.0,27.0,4,0.190476,1,0.047619,0,0.0,-0.33,0.0,0,0.0,0,
origin_route_time_bucket,IAD,PIT,,,PIT→IAD,late_morning,,2024-01-01,2024-12-31,77,77,0,0,0.0,3,0.038961,1,0.012987,8.9,-11.0,9.4,18.31,0.0,0.0,4,0.051948,3,0.038961,2,0.025974,-0.62,0.0,0,0.0,0,0.0
origin_route_time_bucket,IAD,PIT,,,PIT→IAD,night,,2024-01-01,2024-12-31,13,13,0,0,0.0,0,0.0,0,0.0,4.69,3.0,38.8,11.38,0.0,49.6,3,0.230769,3,0.230769,0,0.0,0.69,0.0,0,0.0,0,
origin_route_time_bucket,IAD,PSP,,,PSP→IAD,afternoon,,2024-01-01,2024-12-31,13,13,0,0,0.0,0,0.0,0,0.0,-9.15,-6.0,12.0,7.54,0.0,30.2,2,0.153846,2,0.153846,0,0.0,2.85,0.0,1,0.5,0,
origin_route_time_bucket,IAD,PVD,,,PVD→IAD,early_morning,,2024-01-01,2024-12-31,8,7,1,0,0.125,1,0.142857,0,0.0,7.43,-14.0,69.0,25.0,0.0,79.2,2,0.285714,2,0.285714,1,0.142857,3.0,0.0,0,0.0,0,0.0
origin_route_time_bucket,IAD,PVD,,,PVD→IAD,evening,,2024-01-01,2024-12-31,69,68,1,0,0.014493,5,0.073529,0,0.0,-13.97,-24.5,11.6,8.81,0.0,13.5,7,0.102941,7,0.102941,5,0.073529,0.94,0.0,1,0.142857,0,0.0
origin_route_time_bucket,IAD,PWM,,,PWM→IAD,afternoon,,2024-01-01,2024-12-31,171,169,2,2,0.011696,7,0.04142,2,0.011834,5.9,-6.0,17.8,12.66,0.0,8.4,15,0.088757,10,0.059172,5,0.029586,-2.31,0.0,1,0.1,0,0.0
origin_route_time_bucket,IAD,PWM,,,PWM→IAD,early_morning,,2024-01-01,2024-12-31,199,193,6,0,0.030151,4,0.020725,1,0.005181,-10.56,-15.0,3.8,4.5,0.0,0.8,11,0.056995,7,0.036269,4,0.020725,0.42,0.0,1,0.125,0,0.0
origin_route_time_bucket,IAD,PWM,,,PWM→IAD,evening,,2024-01-01,2024-12-31,240,233,7,0,0.029167,11,0.04721,1,0.004292,-10.55,-21.0,27.6,9.43,0.0,38.8,38,0.16309,28,0.120172,13,0.055794,1.45,0.0,1,0.035714,0,0.0
origin_route_time_bucket,IAD,PWM,,,PWM→IAD,late_morning,,2024-01-01,2024-12-31,15,15,0,0,0.0,0,0.0,0,0.0,-16.0,-19.0,-1.8,1.67,0.0,4.2,1,0.066667,0,0.0,0,0.0,1.4,0.0,0,,0,
origin_route_time_bucket,IAD,RDU,,,RDU→IAD,afternoon,,2024-01-01,2024-12-31,133,132,1,0,0.007519,5,0.037879,2,0.015152,4.17,-3.5,29.4,8.98,0.0,8.9,10,0.075758,8,0.060606,4,0.030303,-4.87,0.0,0,0.0,0,0.0
origin_route_time_bucket,IAD,RDU,,,RDU→IAD,early_morning,,2024-01-01,2024-12-31,279,274,5,0,0.017921,8,0.029197,3,0.010949,-5.37,-12.0,7.0,6.57,0.0,7.7,16,0.058394,12,0.043796,8,0.029197,0.27,0.0,1,0.076923,0,0.0
origin_route_time_bucket,IAD,RDU,,,RDU→IAD,evening,,2024-01-01,2024-12-31,165,165,0,0,0.0,9,0.054545,5,0.030303,1.86,-13.0,22.4,15.65,0.0,23.8,21,0.127273,16,0.09697,10,0.060606,1.3,0.0,0,0.0,0,0.0
origin_route_time_bucket,IAD,RDU,,,RDU→IAD,late_morning,,2024-01-01,2024-12-31,238,237,1,0,0.004202,5,0.021097,0,0.0,-9.86,-14.0,6.0,4.28,0.0,8.0,17,0.07173,9,0.037975,5,0.021097,0.5,0.0,0,0.0,0,0.0
origin_route_time_bucket,IAD,RDU,,,RDU→IAD,night,,2024-01-01,2024-12-31,39,39,0,0,0.0,1,0.025641,0,0.0,-16.72,-21.0,-9.6,4.41,0.0,0.2,3,0.076923,2,0.051282,1,0.025641,1.03,0.0,0,0.0,0,0.0
origin_route_time_bucket,IAD,ROC,,,ROC→IAD,afternoon,,2024-01-01,2024-12-31,22,22,0,0,0.0,1,0.045455,0,0.0,0.5,-9.0,23.2,9.73,0.0,23.4,3,0.136364,2,0.090909,1,0.045455,-0.36,0.0,0,0.0,0,0.0
origin_route_time_bucket,IAD,ROC,,,ROC→IAD,early_morning,,2024-01-01,2024-12-31,51,51,0,0,0.0,3,0.058824,1,0.019608,8.16,-8.0,39.0,16.8,0.0,33.0,13,0.254902,6,0.117647,3,0.058824,0.84,0.0,2,0.333333,0,0.0
origin_route_time_bucket,IAD,ROC,,,ROC→IAD,evening,,2024-01-01,2024-12-31,53,53,0,0,0.0,1,0.018868,0,0.0,-7.23,-12.0,14.0,5.11,0.0,10.0,5,0.09434,3,0.056604,1,0.018868,0.3,0.0,0,0.0,0,0.0
origin_route_time_bucket,IAD,ROC,,,ROC→IAD,late_morning,,2024-01-01,2024-12-31,30,30,0,0,0.0,1,0.033333,0,0.0,1.23,-4.0,23.1,4.57,0.0,5.6,1,0.033333,1,0.033333,1,0.033333,-4.8,0.0,0,0.0,0,0.0
origin_route_time_bucket,IAD,RSW,,,RSW→IAD,afternoon,,2024-01-01,2024-12-31,366,358,8,2,0.021858,19,0.053073,6,0.01676,-1.38,-12.0,20.5,8.67,0.0,10.0,28,0.078212,22,0.061453,18,0.050279,-1.75,0.0,0,0.0,0,0.0
origin_route_time_bucket,IAD,RSW,,,RSW→IAD,early_morning,,2024-01-01,2024-12-31,107,104,3,0,0.028037,2,0.019231,1,0.009615,-7.3,-15.0,4.7,7.98,0.0,0.0,4,0.038462,4,0.038462,3,0.028846,0.11,0.0,0,0.0,0,0.0
origin_route_time_bucket,IAD,RSW,,,RSW→IAD,evening,,2024-01-01,2024-12-31,48,48,0,0,0.0,3,0.0625,0,0.0,-11.1,-19.0,-1.9,7.73,0.0,2.1,4,0.083333,4,0.083333,3,0.0625,0.71,0.0,0,0.0,0,0.0
origin_route_time_bucket,IAD,RSW,,,RSW→IAD,late_morning,,2024-01-01,2024-12-31,29,29,0,0,0.0,0,0.0,0,0.0,-14.66,-17.0,-2.8,0.72,0.0,1.4,0,0.0,0,0.0,0,0.0,0.0,0.0,0,,0,
origin_route_time_bucket,IAD,SAN,,,SAN→IAD,afternoon,,2024-01-01,2024-12-31,365,362,3,1,0.008219,14,0.038674,6,0.016575,1.35,-7.0,16.0,11.34,0.0,11.0,33,0.09116,23,0.063536,16,0.044199,-0.21,0.0,0,0.0,0,0.0
origin_route_time_bucket,IAD,SAN,,,SAN→IAD,early_morning,,2024-01-01,2024-12-31,735,708,27,6,0.036735,34,0.048023,8,0.011299,3.36,-5.0,33.0,9.38,0.0,14.0,70,0.09887,44,0.062147,23,0.032486,-3.81,0.0,5,0.104167,0,0.0
origin_route_time_bucket,IAD,SAN,,,SAN→IAD,late_morning,,2024-01-01,2024-12-31,130,130,0,1,0.0,7,0.053846,1,0.007692,10.83,-2.0,43.2,15.91,0.0,36.0,26,0.2,17,0.130769,8,0.061538,-3.6,0.0,1,0.058824,0,0.0
origin_route_time_bucket,IAD,SAN,,,SAN→IAD,night,,2024-01-01,2024-12-31,360,352,8,0,0.022222,12,0.034091,2,0.005682,-2.73,-12.0,19.0,10.19,0.0,20.0,41,0.116477,26,0.073864,12,0.034091,0.57,0.0,2,0.074074,0,0.0
origin_route_time_bucket,IAD,SAT,,,SAT→IAD,afternoon,,2024-01-01,2024-12-31,270,257,13,0,0.048148,9,0.035019,2,0.007782,0.49,-7.0,17.0,9.93,0.0,18.4,31,0.120623,16,0.062257,11,0.042802,0.49,0.0,0,0.0,0,0.0
origin_route_time_bucket,IAD,SAT,,,SAT→IAD,early_morning,,2024-01-01,2024-12-31,366,365,1,0,0.002732,9,0.024658,2,0.005479,-7.36,-12.0,6.0,6.41,0.0,6.0,27,0.073973,19,0.052055,12,0.032877,0.72,0.0,1,0.052632,0,0.0
origin_route_time_bucket,IAD,SAT,,,SAT→IAD,evening,,2024-01-01,2024-12-31,1,1,0,0,0.0,0,0.0,0,0.0,-29.0,-29.0,-29.0,0.0,0.0,0.0,0,0.0,0,0.0,0,0.0,0.0,0.0,0,,0,
origin_route_time_bucket,IAD,SAT,,,SAT→IAD,late_morning,,2024-01-01,2024-12-31,23,23,0,1,0.0,0,0.0,0,0.0,-2.32,-8.0,17.1,3.86,0.0,17.5,3,0.130435,1,0.043478,0,0.0,-0.41,0.0,0,0.0,0,
origin_route_time_bucket,IAD,SAV,,,SAV→IAD,afternoon,,2024-01-01,2024-12-31,11,11,0,0,0.0,0,0.0,0,0.0,-14.64,-12.0,-11.0,0.0,0.0,0.0,0,0.0,0,0.0,0,0.0,0.0,0.0,0,,0,
origin_route_time_bucket,IAD,SAV,,,SAV→IAD,late_morning,,2024-01-01,2024-12-31,74,74,0,0,0.0,2,0.027027,0,0.0,-7.47,-13.5,9.6,4.49,0.0,0.0,4,0.054054,4,0.054054,2,0.027027,-0.81,0.0,0,0.0,0,0.0
origin_route_time_bucket,IAD,SBN,,,SBN→IAD,late_morning,,2024-01-01,2024-12-31,28,28,0,0,0.0,4,0.142857,3,0.107143,29.57,-5.0,132.8,37.39,0.0,117.3,8,0.285714,7,0.25,4,0.142857,-0.14,0.0,1,0.142857,0,0.0
origin_route_time_bucket,IAD,SDF,,,SDF→IAD,afternoon,,2024-01-01,2024-12-31,11,11,0,0,0.0,0,0.0,0,0.0,-8.64,-9.0,11.0,1.27,0.0,0.0,0,0.0,0,0.0,0,0.0,-0.73,0.0,0,,0,
origin_route_time_bucket,IAD,SDF,,,SDF→IAD,early_morning,,2024-01-01,2024-12-31,252,251,1,0,0.003968,6,0.023904,1,0.003984,-5.51,-9.0,4.0,4.12,0.0,0.0,10,0.039841,8,0.031873,6,0.023904,-0.72,0.0,0,0.0,0,0.0
origin_route_time_bucket,IAD,SDF,,,SDF→IAD,evening,,2024-01-01,2024-12-31,1,1,0,0,0.0,0,0.0,0,0.0,29.0,29.0,29.0,43.0,43.0,43.0,1,1.0,1,1.0,0,0.0,14.0,14.0,0,0.0,0,
origin_route_time_bucket,IAD,SDF,,,SDF→IAD,late_morning,,2024-01-01,2024-12-31,300,300,0,0,0.0,5,0.016667,0,0.0,-7.47,-12.0,8.2,4.02,0.0,2.0,20,0.066667,14,0.046667,6,0.02,-0.06,0.0,0,0.0,0,0.0
origin_route_time_bucket,IAD,SEA,,,SEA→IAD,afternoon,,2024-01-01,2024-12-31,238,236,2,0,0.008403,13,0.055085,1,0.004237,-3.27,-11.0,20.0,9.36,0.0,16.0,25,0.105932,18,0.076271,13,0.055085,0.85,0.0,1,0.055556,0,0.0
origin_route_time_bucket,IAD,SEA,,,SEA→IAD,early_morning,,2024-01-01,2024-12-31,752,730,22,4,0.029255,32,0.043836,7,0.009589,-0.14,-7.0,19.0,9.65,0.0,19.5,77,0.105479,55,0.075342,33,0.045205,-0.4,0.0,2,0.035714,2,0.058824
origin_route_time_bucket,IAD,SEA,,,SEA→IAD,evening,,2024-01-01,2024-12-31,271,271,0,0,0.0,14,0.051661,0,0.0,5.08,0.0,29.0,10.09,0.0,34.0,57,0.210332,30,0.110701,14,0.051661,-0.48,0.0,1,0.032258,0,0.0
origin_route_time_bucket,IAD,SEA,,,SEA→IAD,late_morning,,2024-01-01,2024-12-31,384,376,8,1,0.020833,14,0.037234,1,0.00266,4.24,-1.0,31.0,11.84,1.0,29.0,84,0.223404,36,0.095745,14,0.037234,0.25,0.0,4,0.108108,0,0.0
origin_route_time_bucket,IAD,SEA,,,SEA→IAD,night,,2024-01-01,2024-12-31,601,593,8,3,0.013311,32,0.053963,5,0.008432,5.06,-5.0,37.3,16.88,0.0,44.0,139,0.234401,92,0.155143,38,0.064081,2.78,0.0,10,0.106383,1,0.026316
origin_route_time_bucket,IAD,SFO,,,SFO→IAD,afternoon,,2024-01-01,2024-12-31,563,559,4,1,0.007105,41,0.073345,12,0.021467,8.88,-4.0,35.0,19.96,0.0,49.0,133,0.237925,81,0.144902,44,0.078712,2.79,0.0,5,0.060976,0,0.0
origin_route_time_bucket,IAD,SFO,,,SFO→IAD,early_morning,,2024-01-01,2024-12-31,691,684,7,3,0.01013,26,0.038012,5,0.00731,-2.79,-9.0,22.0,8.74,0.0,17.0,75,0.109649,52,0.076023,25,0.03655,0.08,0.0,1,0.019231,0,0.0
origin_route_time_bucket,IAD,SFO,,,SFO→IAD,evening,,2024-01-01,2024-12-31,329,326,3,0,0.009119,24,0.07362,4,0.01227,1.41,-8.5,38.5,17.19,0.0,55.0,83,0.254601,53,0.162577,31,0.095092,4.58,0.0,9,0.166667,0,0.0
origin_route_time_bucket,IAD,SFO,,,SFO→IAD,late_morning,,2024-01-01,2024-12-31,342,333,9,2,0.026316,22,0.066066,6,0.018018,2.44,-10.0,32.0,18.4,0.0,47.0,69,0.207207,47,0.141141,29,0.087087,3.81,0.0,8,0.170213,0,0.0
origin_route_time_bucket,IAD,SFO,,,SFO→IAD,night,,2024-01-01,2024-12-31,832,817,15,0,0.018029,48,0.058752,3,0.003672,0.08,-8.0,34.4,13.96,0.0,44.0,183,0.22399,122,0.149327,55,0.067319,2.79,0.0,13,0.104,2,0.034483
origin_route_time_bucket,IAD,SJU,,,SJU→IAD,early_morning,,2024-01-01,2024-12-31,115,113,2,0,0.017391,3,0.026549,3,0.026549,5.83,-11.0,7.0,16.71,0.0,3.0,6,0.053097,5,0.044248,3,0.026549,-0.72,0.0,0,0.0,0,0.0
origin_route_time_bucket,IAD,SJU,,,SJU→IAD,evening,,2024-01-01,2024-12-31,305,302,3,2,0.009836,19,0.062914,2,0.006623,6.58,-4.0,39.0,13.85,0.0,42.1,57,0.188742,41,0.135762,20,0.066225,-0.51,0.0,1,0.02439,0,0.0
origin_route_time_bucket,IAD,SLC,,,SLC→IAD,evening,,2024-01-01,2024-12-31,364,362,2,1,0.005495,26,0.071823,1,0.002762,3.1,-8.0,30.0,13.14,0.0,33.0,68,0.187845,42,0.116022,26,0.071823,0.53,0.0,5,0.113636,0,0.0
origin_route_time_bucket,IAD,SLC,,,SLC→IAD,late_morning,,2024-01-01,2024-12-31,2,2,0,0,0.0,0,0.0,0,0.0,3.5,3.5,27.9,5.5,5.5,9.9,0,0.0,0,0.0,0,0.0,-11.5,-11.5,0,,0,
origin_route_time_bucket,IAD,SLC,,,SLC→IAD,night,,2024-01-01,2024-12-31,13,13,0,0,0.0,2,0.153846,0,0.0,7.77,-13.0,88.4,22.54,0.0,102.4,3,0.230769,3,0.230769,2,0.153846,1.92,0.0,0,0.0,0,0.0
origin_route_time_bucket,IAD,SMF,,,SMF→IAD,early_morning,,2024-01-01,2024-12-31,182,180,2,1,0.010989,4,0.022222,1,0.005556,-7.07,-10.0,9.2,4.53,0.0,5.0,8,0.044444,5,0.027778,4,0.022222,-0.43,0.0,0,0.0,0,0.0
origin_route_time_bucket,IAD,SMF,,,SMF→IAD,night,,2024-01-01,2024-12-31,124,121,3,1,0.024194,4,0.033058,2,0.016529,6.59,-10.0,23.2,21.79,0.0,35.2,18,0.14876,14,0.115702,6,0.049587,3.38,0.0,1,0.066667,0,0.0
origin_route_time_bucket,IAD,SRQ,,,SRQ→IAD,afternoon,,2024-01-01,2024-12-31,162,158,4,1,0.024691,10,0.063291,1,0.006329,9.74,-5.0,40.0,16.37,0.0,32.2,22,0.139241,17,0.107595,11,0.06962,-0.89,0.0,1,0.055556,0,0.0
origin_route_time_bucket,IAD,SRQ,,,SRQ→IAD,early_morning,,2024-01-01,2024-12-31,60,57,3,0,0.05,1,0.017544,0,0.0,-10.68,-13.0,-1.8,2.75,0.0,0.0,3,0.052632,2,0.035088,1,0.017544,-0.28,0.0,0,0.0,0,0.0
origin_route_time_bucket,IAD,SRQ,,,SRQ→IAD,evening,,2024-01-01,2024-12-31,15,15,0,0,0.0,2,0.133333,2,0.133333,23.2,-17.0,120.0,34.73,0.0,110.4,2,0.133333,2,0.133333,2,0.133333,-2.6,0.0,0,0.0,0,0.0
origin_route_time_bucket,IAD,STT,,,STT→IAD,afternoon,,2024-01-01,2024-12-31,169,168,1,1,0.005917,7,0.041667,0,0.0,-1.01,-5.0,18.0,7.51,0.0,25.4,25,0.14881,15,0.089286,4,0.02381,-0.65,0.0,1,0.066667,0,0.0
origin_route_time_bucket,IAD,STT,,,STT→IAD,evening,,2024-01-01,2024-12-31,151,149,2,2,0.013245,9,0.060403,3,0.020134,9.18,-3.0,54.4,16.74,0.0,46.2,35,0.234899,25,0.167785,13,0.087248,-0.73,0.0,1,0.038462,0,0.0
origin_route_time_bucket,IAD,SYR,,,SYR→IAD,afternoon,,2024-01-01,2024-12-31,29,29,0,0,0.0,0,0.0,0,0.0,-21.97,-23.0,-11.6,0.62,0.0,0.0,1,0.034483,0,0.0,0,0.0,0.07,0.0,0,,0,
origin_route_time_bucket,IAD,SYR,,,SYR→IAD,early_morning,,2024-01-01,2024-12-31,33,33,0,0,0.0,3,0.090909,1,0.030303,0.88,-12.0,34.4,9.67,0.0,10.4,3,0.090909,2,0.060606,2,0.060606,-3.73,0.0,0,0.0,0,0.0
origin_route_time_bucket,IAD,TPA,,,TPA→IAD,afternoon,,2024-01-01,2024-12-31,372,360,12,2,0.032258,21,0.058333,5,0.013889,2.42,-9.0,34.9,10.89,0.0,26.3,47,0.130556,33,0.091667,15,0.041667,-1.52,0.0,0,0.0,0,0.0
origin_route_time_bucket,IAD,TPA,,,TPA→IAD,early_morning,,2024-01-01,2024-12-31,72,71,1,0,0.013889,0,0.0,0,0.0,-14.86,-16.0,-3.0,0.75,0.0,0.0,1,0.014085,1,0.014085,0,0.0,-0.06,0.0,0,0.0,0,
origin_route_time_bucket,IAD,TPA,,,TPA→IAD,evening,,2024-01-01,2024-12-31,368,361,7,0,0.019022,45,0.124654,11,0.030471,17.36,-6.0,88.0,26.33,0.0,87.0,94,0.260388,68,0.188366,42,0.116343,0.73,0.0,0,0.0,0,0.0
origin_route_time_bucket,IAD,TPA,,,TPA→IAD,late_morning,,2024-01-01,2024-12-31,299,292,7,1,0.023411,12,0.041096,4,0.013699,-5.59,-15.0,6.0,8.07,0.0,9.0,25,0.085616,19,0.065068,11,0.037671,-0.15,0.0,1,0.045455,0,0.0
origin_route_time_bucket,IAD,TYS,,,TYS→IAD,afternoon,,2024-01-01,2024-12-31,1,1,0,0,0.0,0,0.0,0,0.0,-19.0,-19.0,-19.0,0.0,0.0,0.0,0,0.0,0,0.0,0,0.0,0.0,0.0,0,,0,
origin_airline_route_time_bucket,IAD,ANC,UA,,ANC→IAD UA,night,,2024-01-01,2024-12-31,103,101,2,2,0.019417,4,0.039604,2,0.019802,-1.87,-12.0,29.2,15.82,0.0,45.0,21,0.207921,16,0.158416,6,0.059406,3.97,0.0,3,0.1875,1,0.125
origin_airline_route_time_bucket,IAD,ATL,DL,,ATL→IAD DL,afternoon,,2024-01-01,2024-12-31,561,556,5,2,0.008913,39,0.070144,6,0.010791,7.3,-5.0,39.4,13.15,0.0,37.8,99,0.178058,63,0.113309,39,0.070144,-0.44,0.0,0,0.0,0,0.0
origin_airline_route_time_bucket,IAD,ATL,DL,,ATL→IAD DL,early_morning,,2024-01-01,2024-12-31,333,331,2,0,0.006006,10,0.030211,2,0.006042,-0.37,-7.0,14.0,6.41,0.0,14.0,29,0.087613,17,0.05136,11,0.033233,-0.72,0.0,0,0.0,0,0.0
origin_airline_route_time_bucket,IAD,ATL,DL,,ATL→IAD DL,evening,,2024-01-01,2024-12-31,458,453,5,2,0.010917,37,0.081678,6,0.013245,9.57,-4.0,44.0,14.69,0.0,43.0,88,0.19426,57,0.125828,34,0.075055,-0.42,0.0,1,0.016393,0,0.0
origin_airline_route_time_bucket,IAD,ATL,DL,,ATL→IAD DL,late_morning,,2024-01-01,2024-12-31,335,333,2,0,0.00597,13,0.039039,1,0.003003,4.57,-3.0,22.0,9.63,0.0,22.8,50,0.15015,23,0.069069,13,0.039039,-0.48,0.0,0,0.0,0,0.0
origin_airline_route_time_bucket,IAD,ATL,DL,,ATL→IAD DL,night,,2024-01-01,2024-12-31,422,416,6,1,0.014218,33,0.079327,6,0.014423,15.8,-2.0,51.6,20.54,0.0,50.4,91,0.21875,70,0.168269,30,0.072115,0.11,0.0,0,0.0,0,0.0
origin_airline_route_time_bucket,IAD,ATL,F9,,ATL→IAD F9,afternoon,,2024-01-01,2024-12-31,10,10,0,0,0.0,1,0.1,0,0.0,20.0,-0.5,59.6,24.5,0.0,45.4,4,0.4,2,0.2,1,0.1,-1.1,0.0,0,0.0,0,0.0
origin_airline_route_time_bucket,IAD,ATL,F9,,ATL→IAD F9,early_morning,,2024-01-01,2024-12-31,18,18,0,0,0.0,2,0.111111,1,0.055556,17.5,-6.5,74.9,21.39,0.0,74.5,4,0.222222,3,0.166667,3,0.166667,-2.67,0.0,0,0.0,0,0.0
origin_airline_route_time_bucket,IAD,ATL,F9,,ATL→IAD F9,evening,,2024-01-01,2024-12-31,9,9,0,0,0.0,3,0.333333,0,0.0,41.0,23.0,91.4,39.78,24.0,86.4,5,0.555556,3,0.333333,3,0.333333,-2.78,-4.0,0,0.0,0,0.0
origin_airline_route_time_bucket,IAD,ATL,F9,,ATL→IAD F9,late_morning,,2024-01-01,2024-12-31,8,8,0,0,0.0,1,0.125,0,0.0,12.38,0.5,54.3,9.88,0.0,34.1,2,0.25,1,0.125,0,0.0,-6.5,-0.5,0,0.0,0,
origin_airline_route_time_bucket,IAD,ATL,UA,,ATL→IAD UA,afternoon,,2024-01-01,2024-12-31,272,269,3,1,0.011029,19,0.070632,7,0.026022,10.57,-5.0,43.1,15.83,0.0,38.0,46,0.171004,31,0.115242,15,0.055762,-1.58,0.0,0,0.0,0,0.0
origin_airline_route_time_bucket,IAD,ATL,UA,,ATL→IAD UA,early_morning,,2024-01-01,2024-12-31,143,139,4,0,0.027972,1,0.007194,1,0.007194,-10.87,-13.0,0.2,3.71,0.0,8.0,6,0.043165,3,0.021583,1,0.007194,1.43,0.0,0,0.0,0,0.0
origin_airline_route_time_bucket,IAD,ATL,UA,,ATL→IAD UA,evening,,2024-01-01,2024-12-31,340,338,2,0,0.005882,24,0.071006,7,0.02071,9.88,-4.0,44.6,16.51,0.0,45.3,68,0.201183,49,0.14497,29,0.085799,0.33,0.0,1,0.019608,0,0.0
origin_airline_route_time_bucket,IAD,ATL,UA,,ATL→IAD UA,late_morning,,2024-01-01,2024-12-31,309,309,0,0,0.0,9,0.029126,1,0.003236,-1.85,-8.0,15.0,5.86,0.0,8.2,24,0.07767,16,0.05178,12,0.038835,-0.97,0.0,0,0.0,0,0.0
origin_airline_route_time_bucket,IAD,ATL,WN,,ATL→IAD WN,evening,,2024-01-01,2024-12-31,6,6,0,0,0.0,0,0.0,0,0.0,-2.67,-5.5,5.0,5.17,3.5,12.0,0,0.0,0,0.0,0,0.0,3.5,0.5,0,,0,
origin_airline_route_time_bucket,IAD,ATL,WN,,ATL→IAD WN,late_morning,,2024-01-01,2024-12-31,2,2,0,0,0.0,0,0.0,0,0.0,-8.5,-8.5,-6.5,0.0,0.0,0.0,0,0.0,0,0.0,0,0.0,0.0,0.0,0,,0,
origin_airline_route_time_bucket,IAD,ATL,YX,,ATL→IAD YX,afternoon,,2024-01-01,2024-12-31,3,3,0,0,0.0,0,0.0,0,0.0,-5.33,-4.0,4.8,0.0,0.0,0.0,0,0.0,0,0.0,0,0.0,-2.33,0.0,0,,0,
origin_airline_route_time_bucket,IAD,ATL,YX,,ATL→IAD YX,evening,,2024-01-01,2024-12-31,8,8,0,0,0.0,0,0.0,0,0.0,-0.62,-1.0,13.3,5.5,0.0,20.4,2,0.25,0,0.0,0,0.0,1.38,0.0,0,,0,
origin_airline_route_time_bucket,IAD,ATL,YX,,ATL→IAD YX,late_morning,,2024-01-01,2024-12-31,29,29,0,0,0.0,1,0.034483,0,0.0,2.93,-1.0,12.6,7.83,0.0,7.8,3,0.103448,3,0.103448,1,0.034483,-1.24,0.0,0,0.0,0,0.0
origin_airline_route_time_bucket,IAD,AUS,G4,,AUS→IAD G4,afternoon,,2024-01-01,2024-12-31,28,26,2,0,0.071429,3,0.115385,1,0.038462,61.27,7.0,57.0,65.15,7.0,57.0,10,0.384615,7,0.269231,3,0.115385,-1.23,0.0,0,0.0,0,0.0
origin_airline_route_time_bucket,IAD,AUS,G4,,AUS→IAD G4,early_morning,,2024-01-01,2024-12-31,20,20,0,0,0.0,1,0.05,0,0.0,-13.9,-22.5,10.0,5.55,0.0,3.8,1,0.05,1,0.05,1,0.05,-0.75,0.0,0,0.0,0,0.0
origin_airline_route_time_bucket,IAD,AUS,G4,,AUS→IAD G4,late_morning,,2024-01-01,2024-12-31,6,6,0,0,0.0,0,0.0,0,0.0,-25.33,-23.5,-20.0,0.0,0.0,0.0,0,0.0,0,0.0,0,0.0,0.0,0.0,0,,0,
origin_airline_route_time_bucket,IAD,AUS,MQ,,AUS→IAD MQ,late_morning,,2024-01-01,2024-12-31,26,25,1,0,0.038462,1,0.04,0,0.0,-2.48,-11.0,13.8,8.96,0.0,21.2,3,0.12,2,0.08,1,0.04,0.48,0.0,0,0.0,0,0.0
origin_airline_route_time_bucket,IAD,AUS,UA,,AUS→IAD UA,afternoon,,2024-01-01,2024-12-31,281,274,7,0,0.024911,4,0.014599,0,0.0,-2.78,-5.0,14.0,4.2,0.0,12.7,25,0.091241,12,0.043796,4,0.014599,-0.76,0.0,1,0.083333,0,0.0
origin_airline_route_time_bucket,IAD,AUS,UA,,AUS→IAD UA,early_morning,,2024-01-01,2024-12-31,334,332,2,1,0.005988,10,0.03012,3,0.009036,-5.16,-11.0,9.0,8.56,0.0,13.0,30,0.090361,18,0.054217,10,0.03012,0.91,0.0,0,0.0,0,0.0
origin_airline_route_time_bucket,IAD,AUS,UA,,AUS→IAD UA,evening,,2024-01-01,2024-12-31,231,230,1,0,0.004329,22,0.095652,7,0.030435,8.69,-8.0,46.8,21.4,0.0,66.2,47,0.204348,33,0.143478,25,0.108696,3.08,0.0,0,0.0,0,0.0
origin_airline_route_time_bucket,IAD,AUS,UA,,AUS→IAD UA,late_morning,,2024-01-01,2024-12-31,38,38,0,0,0.0,1,0.026316,1,0.026316,0.82,-9.5,16.1,10.42,0.0,11.8,4,0.105263,3,0.078947,1,0.026316,0.37,0.0,0,0.0,0,0.0
origin_airline_route_time_bucket,IAD,AUS,YX,,AUS→IAD YX,early_morning,,2024-01-01,2024-12-31,6,6,0,0,0.0,0,0.0,0,0.0,4.83,4.5,23.0,8.83,0.0,26.5,2,0.333333,0,0.0,0,0.0,-0.33,0.0,0,0.0,0,
origin_airline_route_time_bucket,IAD,AUS,YX,,AUS→IAD YX,evening,,2024-01-01,2024-12-31,4,4,0,0,0.0,0,0.0,0,0.0,4.5,14.0,17.7,5.0,0.0,14.0,1,0.25,0,0.0,0,0.0,-6.5,-5.5,0,,0,
origin_airline_route_time_bucket,IAD,BDL,UA,,BDL→IAD UA,afternoon,,2024-01-01,2024-12-31,20,20,0,0,0.0,0,0.0,0,0.0,4.6,5.0,24.1,5.45,0.0,14.5,2,0.1,1,0.05,0,0.0,-3.55,0.0,0,0.0,0,
origin_airline_route_time_bucket,IAD,BDL,UA,,BDL→IAD UA,early_morning,,2024-01-01,2024-12-31,357,352,5,0,0.014006,9,0.025568,4,0.011364,-1.71,-10.0,8.0,7.7,0.0,8.0,25,0.071023,14,0.039773,9,0.025568,-0.08,0.0,0,0.0,0,0.0
origin_airline_route_time_bucket,IAD,BDL,UA,,BDL→IAD UA,evening,,2024-01-01,2024-12-31,193,192,1,1,0.005181,12,0.0625,7,0.036458,6.94,-10.0,23.0,18.47,0.0,32.0,25,0.130208,20,0.104167,12,0.0625,1.41,0.0,0,0.0,0,0.0
origin_airline_route_time_bucket,IAD,BDL,UA,,BDL→IAD UA,late_morning,,2024-01-01,2024-12-31,49,49,0,0,0.0,1,0.020408,0,0.0,-2.51,-11.0,20.8,7.73,0.0,15.0,5,0.102041,4,0.081633,2,0.040816,0.12,0.0,0,0.0,0,0.0
origin_airline_route_time_bucket,IAD,BDL,UA,,BDL→IAD UA,night,,2024-01-01,2024-12-31,2,2,0,0,0.0,0,0.0,0,0.0,-1.5,-1.5,5.3,11.5,11.5,20.7,1,0.5,0,0.0,0,0.0,8.0,8.0,0,,0,
origin_airline_route_time_bucket,IAD,BDL,YX,,BDL→IAD YX,afternoon,,2024-01-01,2024-12-31,15,15,0,0,0.0,0,0.0,0,0.0,-1.53,-10.0,20.4,1.27,0.0,0.0,1,0.066667,0,0.0,0,0.0,-7.33,0.0,0,,0,
origin_airline_route_time_bucket,IAD,BDL,YX,,BDL→IAD YX,late_morning,,2024-01-01,2024-12-31,1,1,0,0,0.0,0,0.0,0,0.0,-14.0,-14.0,-14.0,0.0,0.0,0.0,0,0.0,0,0.0,0,0.0,0.0,0.0,0,,0,
origin_airline_route_time_bucket,IAD,BNA,G4,,BNA→IAD G4,afternoon,,2024-01-01,2024-12-31,34,34,0,0,0.0,2,0.058824,2,0.058824,10.94,-7.0,43.3,18.47,0.0,36.1,6,0.176471,4,0.117647,2,0.058824,0.15,0.0,0,0.0,0,0.0
origin_airline_route_time_bucket,IAD,BNA,G4,,BNA→IAD G4,early_morning,,2024-01-01,2024-12-31,10,10,0,0,0.0,1,0.1,1,0.1,17.7,-10.5,51.3,26.2,0.0,31.8,1,0.1,1,0.1,1,0.1,-2.7,0.0,0,0.0,0,0.0
origin_airline_route_time_bucket,IAD,BNA,G4,,BNA→IAD G4,evening,,2024-01-01,2024-12-31,20,20,0,0,0.0,3,0.15,2,0.1,30.0,-3.5,131.5,37.35,0.0,137.7,6,0.3,6,0.3,5,0.25,3.1,0.0,0,0.0,0,0.0
origin_airline_route_time_bucket,IAD,BNA,UA,,BNA→IAD UA,afternoon,,2024-01-01,2024-12-31,351,349,2,1,0.005698,27,0.077364,9,0.025788,11.55,-3.0,36.0,15.38,0.0,29.6,46,0.131805,35,0.100287,25,0.071633,-1.89,0.0,0,0.0,0,0.0
origin_airline_route_time_bucket,IAD,BNA,UA,,BNA→IAD UA,early_morning,,2024-01-01,2024-12-31,234,230,4,0,0.017094,2,0.008696,0,0.0,-8.76,-12.0,7.1,2.62,0.0,4.1,11,0.047826,8,0.034783,2,0.008696,-0.11,0.0,0,0.0,0,0.0
origin_airline_route_time_bucket,IAD,BNA,UA,,BNA→IAD UA,evening,,2024-01-01,2024-12-31,365,362,3,0,0.008219,28,0.077348,3,0.008287,6.11,-5.5,34.8,13.62,0.0,33.0,61,0.168508,40,0.110497,28,0.077348,0.28,0.0,1,0.02439,0,0.0
origin_airline_route_time_bucket,IAD,BOS,UA,,BOS→IAD UA,afternoon,,2024-01-01,2024-12-31,366,360,6,1,0.016393,26,0.072222,5,0.013889,6.58,-5.0,41.4,11.34,0.0,24.8,50,0.138889,35,0.097222,23,0.063889,-2.64,0.0,0,0.0,0,0.0
origin_airline_route_time_bucket,IAD,BOS,UA,,BOS→IAD UA,early_morning,,2024-01-01,2024-12-31,366,366,0,0,0.0,3,0.008197,1,0.002732,-12.29,-15.0,-1.0,2.33,0.0,2.0,10,0.027322,3,0.008197,3,0.008197,0.28,0.0,0,0.0,0,0.0
origin_airline_route_time_bucket,IAD,BOS,UA,,BOS→IAD UA,evening,,2024-01-01,2024-12-31,361,358,3,0,0.00831,41,0.114525,11,0.030726,12.4,-7.0,64.2,21.42,0.0,76.8,83,0.231844,59,0.164804,44,0.122905,0.73,0.0,0,0.0,0,0.0
origin_airline_route_time_bucket,IAD,BOS,UA,,BOS→IAD UA,late_morning,,2024-01-01,2024-12-31,366,363,3,0,0.008197,7,0.019284,2,0.00551,-6.15,-11.0,13.0,5.36,0.0,14.0,33,0.090909,12,0.033058,5,0.013774,0.61,0.0,0,0.0,0,0.0
origin_airline_route_time_bucket,IAD,BOS,YX,,BOS→IAD YX,evening,,2024-01-01,2024-12-31,4,4,0,0,0.0,0,0.0,0,0.0,-1.5,-2.5,6.2,2.75,0.0,7.7,0,0.0,0,0.0,0,0.0,0.25,0.0,0,,0,
origin_airline_route_time_bucket,IAD,BTV,UA,,BTV→IAD UA,afternoon,,2024-01-01,2024-12-31,16,16,0,0,0.0,1,0.0625,0,0.0,-5.12,-2.5,10.0,7.81,0.0,26.0,3,0.1875,1,0.0625,0,0.0,1.62,0.0,0,0.0,0,
origin_airline_route_time_bucket,IAD,BTV,UA,,BTV→IAD UA,early_morning,,2024-01-01,2024-12-31,13,13,0,0,0.0,0,0.0,0,0.0,-8.38,-5.0,-1.4,1.46,0.0,6.4,0,0.0,0,0.0,0,0.0,0.08,0.0,0,,0,
origin_airline_route_time_bucket,IAD,BTV,UA,,BTV→IAD UA,late_morning,,2024-01-01,2024-12-31,7,6,1,0,0.142857,0,0.0,0,0.0,-7.67,-5.0,5.0,0.0,0.0,0.0,0,0.0,0,0.0,0,0.0,-1.67,0.0,0,,0,
origin_airline_route_time_bucket,IAD,BTV,YX,,BTV→IAD YX,afternoon,,2024-01-01,2024-12-31,137,136,1,0,0.007299,11,0.080882,1,0.007353,-4.01,-17.0,42.5,9.64,0.0,40.0,20,0.147059,17,0.125,9,0.066176,-2.32,0.0,1,0.058824,0,0.0
origin_airline_route_time_bucket,IAD,BTV,YX,,BTV→IAD YX,early_morning,,2024-01-01,2024-12-31,178,177,1,0,0.005618,2,0.011299,2,0.011299,-9.25,-14.0,0.0,4.4,0.0,0.0,4,0.022599,3,0.016949,2,0.011299,0.1,0.0,0,0.0,0,0.0
origin_airline_route_time_bucket,IAD,BTV,YX,,BTV→IAD YX,evening,,2024-01-01,2024-12-31,1,1,0,0,0.0,0,0.0,0,0.0,10.0,10.0,10.0,14.0,14.0,14.0,0,0.0,0,0.0,0,0.0,4.0,4.0,0,,0,
origin_airline_route_time_bucket,IAD,BTV,YX,,BTV→IAD YX,late_morning,,2024-01-01,2024-12-31,260,258,2,0,0.007692,4,0.015504,1,0.003876,-13.2,-16.0,3.3,3.45,0.0,0.0,15,0.05814,11,0.042636,3,0.011628,0.29,0.0,1,0.090909,0,0.0
origin_airline_route_time_bucket,IAD,BUF,UA,,BUF→IAD UA,early_morning,,2024-01-01,2024-12-31,32,32,0,0,0.0,1,0.03125,0,0.0,-3.5,-11.5,22.5,7.59,0.0,30.7,5,0.15625,4,0.125,1,0.03125,0.28,0.0,0,0.0,0,0.0
origin_airline_route_time_bucket,IAD,BUF,YX,,BUF→IAD YX,afternoon,,2024-01-01,2024-12-31,22,18,4,0,0.181818,3,0.166667,0,0.0,9.39,-7.5,79.9,12.89,0.0,29.4,2,0.111111,2,0.111111,2,0.111111,-7.22,0.0,0,0.0,0,0.0
origin_airline_route_time_bucket,IAD,BUF,YX,,BUF→IAD YX,early_morning,,2024-01-01,2024-12-31,95,95,0,0,0.0,3,0.031579,1,0.010526,-1.81,-9.0,6.6,6.97,0.0,5.2,5,0.052632,3,0.031579,2,0.021053,-0.71,0.0,0,0.0,0,0.0
origin_airline_route_time_bucket,IAD,BUF,YX,,BUF→IAD YX,evening,,2024-01-01,2024-12-31,25,25,0,0,0.0,0,0.0,0,0.0,-12.64,-14.0,0.2,1.28,0.0,1.2,1,0.04,0,0.0,0,0.0,-0.24,0.0,0,,0,
origin_airline_route_time_bucket,IAD,BUF,YX,,BUF→IAD YX,late_morning,,2024-01-01,2024-12-31,1,1,0,0,0.0,0,0.0,0,0.0,-20.0,-20.0,-20.0,0.0,0.0,0.0,0,0.0,0,0.0,0,0.0,0.0,0.0,0,,0,
origin_airline_route_time_bucket,IAD,BZN,UA,,BZN→IAD UA,afternoon,,2024-01-01,2024-12-31,2,2,0,0,0.0,0,0.0,0,0.0,-9.5,-9.5,-9.1,0.0,0.0,0.0,0,0.0,0,0.0,0,0.0,0.0,0.0,0,,0,
origin_airline_route_time_bucket,IAD,BZN,UA,,BZN→IAD UA,late_morning,,2024-01-01,2024-12-31,4,4,0,0,0.0,0,0.0,0,0.0,-16.0,-17.0,-11.8,0.0,0.0,0.0,0,0.0,0,0.0,0,0.0,0.0,0.0,0,,0,
origin_airline_route_time_bucket,IAD,CHS,UA,,CHS→IAD UA,late_morning,,2024-01-01,2024-12-31,270,269,1,0,0.003704,7,0.026022,1,0.003717,-6.36,-11.0,6.2,5.35,0.0,5.0,17,0.063197,13,0.048327,9,0.033457,0.2,0.0,1,0.076923,0,0.0
origin_airline_route_time_bucket,IAD,CHS,YX,,CHS→IAD YX,afternoon,,2024-01-01,2024-12-31,361,360,1,1,0.00277,18,0.05,1,0.002778,0.75,-10.0,19.6,9.79,0.0,15.0,35,0.097222,28,0.077778,17,0.047222,-1.08,0.0,1,0.034483,0,0.0
origin_airline_route_time_bucket,IAD,CHS,YX,,CHS→IAD YX,evening,,2024-01-01,2024-12-31,4,4,0,0,0.0,0,0.0,0,0.0,-16.25,-15.5,-9.1,0.0,0.0,0.0,0,0.0,0,0.0,0,0.0,0.0,0.0,0,,0,
origin_airline_route_time_bucket,IAD,CHS,YX,,CHS→IAD YX,late_morning,,2024-01-01,2024-12-31,89,88,1,0,0.011236,0,0.0,0,0.0,-10.84,-13.0,3.0,0.93,0.0,0.0,3,0.034091,0,0.0,0,0.0,-0.7,0.0,0,,0,
origin_airline_route_time_bucket,IAD,CLE,UA,,CLE→IAD UA,early_morning,,2024-01-01,2024-12-31,303,303,0,0,0.0,2,0.006601,2,0.006601,-8.81,-13.0,2.0,2.53,0.0,0.0,8,0.026403,4,0.013201,2,0.006601,-0.08,0.0,1,0.25,0,0.0
origin_airline_route_time_bucket,IAD,CLE,UA,,CLE→IAD UA,evening,,2024-01-01,2024-12-31,27,27,0,0,0.0,0,0.0,0,0.0,-1.63,-3.0,7.2,3.81,0.0,4.8,2,0.074074,2,0.074074,0,0.0,0.41,0.0,0,0.0,0,
origin_airline_route_time_bucket,IAD,CLE,UA,,CLE→IAD UA,late_morning,,2024-01-01,2024-12-31,75,75,0,0,0.0,1,0.013333,0,0.0,-4.88,-6.0,1.2,2.96,0.0,4.6,3,0.04,1,0.013333,1,0.013333,0.41,0.0,0,0.0,0,0.0
origin_airline_route_time_bucket,IAD,CLE,YX,,CLE→IAD YX,afternoon,,2024-01-01,2024-12-31,63,62,1,0,0.015873,2,0.032258,1,0.016129,1.89,-7.5,24.7,8.52,0.0,7.7,6,0.096774,3,0.048387,2,0.032258,-2.21,0.0,0,0.0,0,0.0
origin_airline_route_time_bucket,IAD,CLE,YX,,CLE→IAD YX,evening,,2024-01-01,2024-12-31,93,89,4,0,0.043011,6,0.067416,2,0.022472,2.6,-7.0,32.4,11.52,0.0,32.6,15,0.168539,10,0.11236,6,0.067416,0.21,0.0,0,0.0,0,0.0
origin_airline_route_time_bucket,IAD,CLE,YX,,CLE→IAD YX,late_morning,,2024-01-01,2024-12-31,16,16,0,0,0.0,1,0.0625,0,0.0,-5.69,-11.5,2.0,5.06,0.0,0.0,1,0.0625,1,0.0625,1,0.0625,-0.19,0.0,0,0.0,0,0.0
origin_airline_route_time_bucket,IAD,CLT,AA,,CLT→IAD AA,early_morning,,2024-01-01,2024-12-31,1,1,0,0,0.0,0,0.0,0,0.0,-11.0,-11.0,-11.0,0.0,0.0,0.0,0,0.0,0,0.0,0,0.0,0.0,0.0,0,,0,
origin_airline_route_time_bucket,IAD,CLT,OH,,CLT→IAD OH,afternoon,,2024-01-01,2024-12-31,371,369,2,2,0.005391,34,0.092141,5,0.01355,9.25,-5.0,57.4,15.11,0.0,45.4,74,0.200542,53,0.143631,29,0.078591,-0.89,0.0,1,0.018519,0,0.0
origin_airline_route_time_bucket,IAD,CLT,OH,,CLT→IAD OH,early_morning,,2024-01-01,2024-12-31,200,199,1,0,0.005,5,0.025126,0,0.0,-3.69,-9.0,14.4,5.23,0.0,11.4,18,0.090452,8,0.040201,5,0.025126,-0.3,0.0,0,0.0,0,0.0
origin_airline_route_time_bucket,IAD,CLT,OH,,CLT→IAD OH,evening,,2024-01-01,2024-12-31,401,393,8,1,0.01995,37,0.094148,3,0.007634,9.11,-4.0,58.9,15.6,0.0,53.7,90,0.229008,66,0.167939,36,0.091603,-0.33,0.0,1,0.015152,0,0.0
origin_airline_route_time_bucket,IAD,CLT,OH,,CLT→IAD OH,late_morning,,2024-01-01,2024-12-31,383,383,0,0,0.0,22,0.057441,5,0.013055,-2.02,-13.0,25.0,12.36,0.0,34.8,55,0.143603,39,0.101828,25,0.065274,1.64,0.0,2,0.04878,1,0.037037
origin_airline_route_time_bucket,IAD,CLT,OH,,CLT→IAD OH,night,,2024-01-01,2024-12-31,301,294,7,0,0.023256,36,0.122449,4,0.013605,13.4,-5.0,67.1,24.38,2.0,76.5,88,0.29932,58,0.197279,39,0.132653,2.89,0.0,2,0.033333,0,0.0
origin_airline_route_time_bucket,IAD,CLT,UA,,CLT→IAD UA,early_morning,,2024-01-01,2024-12-31,10,10,0,0,0.0,0,0.0,0,0.0,-8.0,-10.5,0.2,4.6,0.0,4.6,1,0.1,1,0.1,0,0.0,0.8,0.0,0,0.0,0,
origin_airline_route_time_bucket,IAD,CLT,UA,,CLT→IAD UA,evening,,2024-01-01,2024-12-31,16,16,0,0,0.0,1,0.0625,0,0.0,-9.56,-17.0,3.0,7.12,0.0,14.0,2,0.125,1,0.0625,1,0.0625,0.44,0.0,0,0.0,0,0.0
origin_airline_route_time_bucket,IAD,CLT,UA,,CLT→IAD UA,late_morning,,2024-01-01,2024-12-31,304,302,2,0,0.006579,10,0.033113,5,0.016556,2.12,-8.0,10.9,10.57,0.0,8.0,24,0.07947,16,0.05298,9,0.029801,-0.03,0.0,0,0.0,0,0.0
origin_airline_route_time_bucket,IAD,CLT,YX,,CLT→IAD YX,afternoon,,2024-01-01,2024-12-31,37,37,0,0,0.0,2,0.054054,0,0.0,5.73,-2.0,24.4,9.57,0.0,22.2,4,0.108108,4,0.108108,2,0.054054,-1.35,0.0,0,0.0,0,0.0
origin_airline_route_time_bucket,IAD,CLT,YX,,CLT→IAD YX,early_morning,,2024-01-01,2024-12-31,32,32,0,0,0.0,0,0.0,0,0.0,-9.94,-12.5,1.0,2.0,0.0,0.0,1,0.03125,1,0.03125,0,0.0,0.47,0.0,0,0.0,0,
origin_airline_route_time_bucket,IAD,CLT,YX,,CLT→IAD YX,evening,,2024-01-01,2024-12-31,6,6,0,0,0.0,1,0.166667,0,0.0,10.67,-1.5,59.0,17.17,1.0,50.5,1,0.166667,1,0.166667,1,0.166667,-3.17,-2.0,0,0.0,0,0.0
origin_airline_route_time_bucket,IAD,CLT,YX,,CLT→IAD YX,late_morning,,2024-01-01,2024-12-31,62,62,0,0,0.0,1,0.016129,1,0.016129,-1.45,-11.5,3.7,8.27,0.0,0.0,2,0.032258,2,0.032258,1,0.016129,-0.97,0.0,0,0.0,0,0.0
origin_airline_route_time_bucket,IAD,CMH,UA,,CMH→IAD UA,late_morning,,2024-01-01,2024-12-31,17,16,1,0,0.058824,1,0.0625,0,0.0,-8.12,-11.5,-2.0,4.62,0.0,0.0,1,0.0625,1,0.0625,1,0.0625,0.62,0.0,0,0.0,0,0.0
origin_airline_route_time_bucket,IAD,CMH,YX,,CMH→IAD YX,afternoon,,2024-01-01,2024-12-31,114,114,0,0,0.0,6,0.052632,0,0.0,4.54,-3.0,30.0,9.82,0.0,29.6,15,0.131579,12,0.105263,8,0.070175,-1.27,0.0,0,0.0,0,0.0
origin_airline_route_time_bucket,IAD,CMH,YX,,CMH→IAD YX,early_morning,,2024-01-01,2024-12-31,365,364,1,0,0.00274,6,0.016484,1,0.002747,-7.76,-12.0,8.7,3.7,0.0,7.0,23,0.063187,11,0.03022,6,0.016484,0.13,0.0,1,0.083333,0,0.0
origin_airline_route_time_bucket,IAD,CMH,YX,,CMH→IAD YX,evening,,2024-01-01,2024-12-31,157,152,5,0,0.031847,8,0.052632,0,0.0,-0.88,-9.0,16.9,8.82,0.0,23.9,19,0.125,11,0.072368,8,0.052632,0.08,0.0,1,0.083333,0,0.0
origin_airline_route_time_bucket,IAD,CMH,YX,,CMH→IAD YX,late_morning,,2024-01-01,2024-12-31,131,130,1,0,0.007634,1,0.007692,1,0.007692,-8.64,-13.0,10.0,3.11,0.0,3.0,6,0.046154,3,0.023077,1,0.007692,-0.51,0.0,0,0.0,0,0.0
origin_airline_route_time_bucket,IAD,CVG,UA,,CVG→IAD UA,late_morning,,2024-01-01,2024-12-31,4,4,0,0,0.0,0,0.0,0,0.0,-17.75,-15.5,-10.6,0.0,0.0,0.0,0,0.0,0,0.0,0,0.0,0.0,0.0,0,,0,
origin_airline_route_time_bucket,IAD,CVG,YX,,CVG→IAD YX,afternoon,,2024-01-01,2024-12-31,3,3,0,0,0.0,1,0.333333,0,0.0,33.33,24.0,57.6,25.67,0.0,61.6,1,0.333333,1,0.333333,1,0.333333,-7.67,-10.0,0,0.0,0,0.0
origin_airline_route_time_bucket,IAD,CVG,YX,,CVG→IAD YX,early_morning,,2024-01-01,2024-12-31,26,25,1,0,0.038462,1,0.04,1,0.04,3.36,-9.0,15.4,9.0,0.0,0.0,1,0.04,1,0.04,1,0.04,-3.4,0.0,0,0.0,0,0.0
origin_airline_route_time_bucket,IAD,CVG,YX,,CVG→IAD YX,evening,,2024-01-01,2024-12-31,22,20,2,0,0.090909,1,0.05,0,0.0,-1.7,-11.5,17.1,9.25,0.0,12.7,2,0.1,2,0.1,1,0.05,0.1,0.0,0,0.0,0,0.0
origin_airline_route_time_bucket,IAD,CVG,YX,,CVG→IAD YX,late_morning,,2024-01-01,2024-12-31,357,356,1,0,0.002801,6,0.016854,2,0.005618,-9.22,-13.0,1.0,3.67,0.0,2.5,20,0.05618,11,0.030899,7,0.019663,0.1,0.0,0,0.0,0,0.0
origin_airline_route_time_bucket,IAD,DEN,UA,,DEN→IAD UA,afternoon,,2024-01-01,2024-12-31,598,576,22,1,0.036789,65,0.112847,14,0.024306,14.74,-5.0,75.0,23.07,0.0,77.6,135,0.234375,99,0.171875,71,0.123264,0.64,0.0,3,0.029412,0,0.0
origin_airline_route_time_bucket,IAD,DEN,UA,,DEN→IAD UA,early_morning,,2024-01-01,2024-12-31,618,602,16,0,0.02589,12,0.019934,1,0.001661,-8.17,-13.0,6.9,4.0,0.0,3.0,28,0.046512,15,0.024917,13,0.021595,-0.52,0.0,0,0.0,0,0.0
origin_airline_route_time_bucket,IAD,DEN,UA,,DEN→IAD UA,evening,,2024-01-01,2024-12-31,498,492,6,1,0.012048,71,0.144309,18,0.036585,29.03,-2.0,104.0,34.76,0.0,102.0,131,0.26626,95,0.193089,67,0.136179,-1.02,0.0,4,0.042105,0,0.0
origin_airline_route_time_bucket,IAD,DEN,UA,,DEN→IAD UA,late_morning,,2024-01-01,2024-12-31,367,353,14,0,0.038147,29,0.082153,5,0.014164,10.62,-3.0,54.8,15.85,0.0,46.0,66,0.186969,48,0.135977,28,0.07932,-1.51,0.0,5,0.102041,0,0.0
origin_airline_route_time_bucket,IAD,DEN,UA,,DEN→IAD UA,night,,2024-01-01,2024-12-31,296,293,3,0,0.010135,18,0.061433,1,0.003413,-0.26,-10.0,34.4,13.22,0.0,34.4,51,0.174061,33,0.112628,23,0.078498,2.26,0.0,2,0.060606,0,0.0
origin_airline_route_time_bucket,IAD,DEN,UA,,DEN→IAD UA,red_eye,,2024-01-01,2024-12-31,1,1,0,0,0.0,0,0.0,0,0.0,-21.0,-21.0,-21.0,0.0,0.0,0.0,0,0.0,0,0.0,0,0.0,0.0,0.0,0,,0,
origin_airline_route_time_bucket,IAD,DEN,WN,,DEN→IAD WN,afternoon,,2024-01-01,2024-12-31,181,180,1,0,0.005525,7,0.038889,0,0.0,9.53,3.0,35.1,16.21,7.5,42.0,60,0.333333,30,0.166667,9,0.05,2.96,2.0,1,0.033333,0,0.0
origin_airline_route_time_bucket,IAD,DEN,WN,,DEN→IAD WN,early_morning,,2024-01-01,2024-12-31,152,152,0,0,0.0,1,0.006579,0,0.0,-3.57,-9.0,15.8,5.57,0.0,21.5,18,0.118421,9,0.059211,1,0.006579,0.03,0.0,0,0.0,0,0.0
origin_airline_route_time_bucket,IAD,DEN,WN,,DEN→IAD WN,evening,,2024-01-01,2024-12-31,274,274,0,0,0.0,35,0.127737,5,0.018248,21.53,8.5,83.0,27.22,13.0,74.8,121,0.441606,75,0.273723,33,0.120438,1.9,2.0,3,0.039474,0,0.0
origin_airline_route_time_bucket,IAD,DEN,WN,,DEN→IAD WN,late_morning,,2024-01-01,2024-12-31,247,247,0,1,0.0,11,0.044534,0,0.0,6.39,-2.0,33.0,11.67,3.0,35.0,49,0.198381,26,0.105263,10,0.040486,-0.24,0.0,0,0.0,0,0.0
origin_airline_route_time_bucket,IAD,DEN,WN,,DEN→IAD WN,night,,2024-01-01,2024-12-31,15,15,0,0,0.0,0,0.0,0,0.0,13.2,10.0,27.0,19.4,18.0,38.8,9,0.6,4,0.266667,0,0.0,4.6,5.0,0,0.0,0,
origin_airline_route_time_bucket,IAD,DFW,AA,,DFW→IAD AA,afternoon,,2024-01-01,2024-12-31,359,356,3,2,0.008357,28,0.078652,7,0.019663,12.85,2.0,44.7,18.42,0.0,51.7,90,0.252809,62,0.174157,29,0.081461,0.77,0.0,5,0.079365,1,0.032258
origin_airline_route_time_bucket,IAD,DFW,AA,,DFW→IAD AA,early_morning,,2024-01-01,2024-12-31,25,25,0,0,0.0,0,0.0,0,0.0,-6.16,-10.0,9.0,1.24,0.0,3.8,0,0.0,0,0.0,0,0.0,-1.24,0.0,0,,0,
origin_airline_route_time_bucket,IAD,DFW,AA,,DFW→IAD AA,evening,,2024-01-01,2024-12-31,348,338,10,0,0.028736,52,0.153846,6,0.017751,22.14,7.0,75.0,31.01,10.0,87.0,159,0.470414,118,0.349112,67,0.198225,4.04,0.0,6,0.049587,1,0.014493
origin_airline_route_time_bucket,IAD,DFW,AA,,DFW→IAD AA,late_morning,,2024-01-01,2024-12-31,5,5,0,0,0.0,0,0.0,0,0.0,-5.8,-20.0,22.0,13.0,0.0,35.6,2,0.4,1,0.2,0,0.0,5.2,0.0,0,0.0,0,
origin_airline_route_time_bucket,IAD,DFW,AA,,DFW→IAD AA,night,,2024-01-01,2024-12-31,4,4,0,0,0.0,1,0.25,0,0.0,25.0,11.5,67.6,28.75,17.0,58.9,2,0.5,1,0.25,1,0.25,0.75,-2.0,0,0.0,0,0.0
origin_airline_route_time_bucket,IAD,DFW,UA,,DFW→IAD UA,afternoon,,2024-01-01,2024-12-31,197,195,2,0,0.010152,12,0.061538,1,0.005128,3.95,-7.0,29.8,12.29,0.0,25.8,27,0.138462,18,0.092308,11,0.05641,-0.25,0.0,0,0.0,0,0.0
origin_airline_route_time_bucket,IAD,DFW,UA,,DFW→IAD UA,early_morning,,2024-01-01,2024-12-31,346,344,2,0,0.00578,21,0.061047,7,0.020349,4.21,-8.0,14.0,13.25,0.0,15.7,35,0.101744,27,0.078488,19,0.055233,0.28,0.0,1,0.037037,0,0.0
origin_airline_route_time_bucket,IAD,DFW,UA,,DFW→IAD UA,evening,,2024-01-01,2024-12-31,326,321,5,0,0.015337,39,0.121495,7,0.021807,15.3,-3.0,76.0,21.86,0.0,77.0,71,0.221184,52,0.161994,41,0.127726,-0.06,0.0,1,0.018519,0,0.0
origin_airline_route_time_bucket,IAD,DFW,UA,,DFW→IAD UA,late_morning,,2024-01-01,2024-12-31,101,97,4,1,0.039604,12,0.123711,4,0.041237,12.42,-13.0,103.5,25.76,0.0,83.0,20,0.206186,16,0.164948,11,0.113402,0.48,0.0,0,0.0,0,0.0
origin_airline_route_time_bucket,IAD,DFW,YX,,DFW→IAD YX,early_morning,,2024-01-01,2024-12-31,4,4,0,0,0.0,0,0.0,0,0.0,-5.5,-7.0,-0.1,0.0,0.0,0.0,0,0.0,0,0.0,0,0.0,-0.5,0.0,0,,0,
origin_airline_route_time_bucket,IAD,DTW,9E,,DTW→IAD 9E,afternoon,,2024-01-01,2024-12-31,19,19,0,0,0.0,0,0.0,0,0.0,-2.47,-7.0,13.6,3.95,0.0,6.0,1,0.052632,1,0.052632,0,0.0,-1.37,0.0,0,0.0,0,
origin_airline_route_time_bucket,IAD,DTW,9E,,DTW→IAD 9E,evening,,2024-01-01,2024-12-31,37,37,0,0,0.0,2,0.054054,0,0.0,6.65,-3.0,36.8,9.3,0.0,32.4,8,0.216216,5,0.135135,2,0.054054,-2.62,0.0,0,0.0,0,0.0
origin_airline_route_time_bucket,IAD,DTW,9E,,DTW→IAD 9E,late_morning,,2024-01-01,2024-12-31,101,101,0,0,0.0,4,0.039604,0,0.0,1.86,-7.0,30.0,7.61,0.0,12.0,8,0.079208,7,0.069307,3,0.029703,-2.31,0.0,0,0.0,0,0.0
origin_airline_route_time_bucket,IAD,DTW,DL,,DTW→IAD DL,afternoon,,2024-01-01,2024-12-31,12,12,0,0,0.0,3,0.25,1,0.083333,41.0,-10.0,162.5,51.5,0.0,155.6,4,0.333333,4,0.333333,3,0.25,0.17,0.0,0,0.0,0,0.0
origin_airline_route_time_bucket,IAD,DTW,DL,,DTW→IAD DL,evening,,2024-01-01,2024-12-31,1,1,0,0,0.0,0,0.0,0,0.0,3.0,3.0,3.0,0.0,0.0,0.0,0,0.0,0,0.0,0,0.0,-3.0,-3.0,0,,0,
origin_airline_route_time_bucket,IAD,DTW,DL,,DTW→IAD DL,night,,2024-01-01,2024-12-31,155,154,1,0,0.006452,13,0.084416,2,0.012987,5.71,-8.0,38.0,14.58,0.0,38.4,26,0.168831,20,0.12987,13,0.084416,0.09,0.0,0,0.0,0,0.0
origin_airline_route_time_bucket,IAD,DTW,OO,,DTW→IAD OO,afternoon,,2024-01-01,2024-12-31,240,239,1,0,0.004167,32,0.133891,8,0.033473,21.97,2.0,77.0,24.36,0.0,83.6,77,0.322176,47,0.196653,29,0.121339,-1.38,0.0,0,0.0,0,0.0
origin_airline_route_time_bucket,IAD,DTW,OO,,DTW→IAD OO,early_morning,,2024-01-01,2024-12-31,166,166,0,0,0.0,7,0.042169,2,0.012048,7.05,-4.0,36.0,11.86,0.0,30.5,28,0.168675,17,0.10241,9,0.054217,-0.82,0.0,0,0.0,0,0.0
origin_airline_route_time_bucket,IAD,DTW,OO,,DTW→IAD OO,evening,,2024-01-01,2024-12-31,53,50,3,0,0.056604,1,0.02,1,0.02,3.68,-8.5,29.2,12.74,0.0,30.1,12,0.24,5,0.1,2,0.04,0.96,0.0,0,0.0,0,0.0
origin_airline_route_time_bucket,IAD,DTW,OO,,DTW→IAD OO,late_morning,,2024-01-01,2024-12-31,265,265,0,0,0.0,22,0.083019,6,0.022642,15.09,1.0,39.6,15.79,0.0,35.0,40,0.150943,29,0.109434,21,0.079245,-2.56,0.0,0,0.0,0,0.0
origin_airline_route_time_bucket,IAD,DTW,OO,,DTW→IAD OO,night,,2024-01-01,2024-12-31,209,208,1,0,0.004785,20,0.096154,2,0.009615,11.48,-5.0,57.2,16.32,0.0,53.3,34,0.163462,31,0.149038,20,0.096154,-1.12,0.0,0,0.0,0,0.0
origin_airline_route_time_bucket,IAD,DTW,UA,,DTW→IAD UA,afternoon,,2024-01-01,2024-12-31,8,8,0,0,0.0,0,0.0,0,0.0,-17.5,-17.0,-9.0,0.0,0.0,0.0,0,0.0,0,0.0,0,0.0,0.0,0.0,0,,0,
origin_airline_route_time_bucket,IAD,DTW,UA,,DTW→IAD UA,early_morning,,2024-01-01,2024-12-31,1,1,0,0,0.0,0,0.0,0,0.0,-24.0,-24.0,-24.0,0.0,0.0,0.0,0,0.0,0,0.0,0,0.0,0.0,0.0,0,,0,
origin_airline_route_time_bucket,IAD,DTW,UA,,DTW→IAD UA,evening,,2024-01-01,2024-12-31,22,22,0,0,0.0,0,0.0,0,0.0,-15.45,-19.5,10.7,2.95,0.0,7.2,2,0.090909,0,0.0,0,0.0,1.05,0.0,1,1.0,0,
origin_airline_route_time_bucket,IAD,DTW,YX,,DTW→IAD YX,afternoon,,2024-01-01,2024-12-31,6,6,0,0,0.0,0,0.0,0,0.0,-20.0,-22.5,-11.5,0.33,0.0,1.0,0,0.0,0,0.0,0,0.0,0.33,0.0,0,,0,
origin_airline_route_time_bucket,IAD,DTW,YX,,DTW→IAD YX,early_morning,,2024-01-01,2024-12-31,13,13,0,0,0.0,0,0.0,0,0.0,-14.77,-16.0,-5.4,0.0,0.0,0.0,0,0.0,0,0.0,0,0.0,-0.31,0.0,0,,0,
origin_airline_route_time_bucket,IAD,DTW,YX,,DTW→IAD YX,evening,,2024-01-01,2024-12-31,14,14,0,0,0.0,0,0.0,0,0.0,-9.43,-13.5,6.4,1.93,0.0,0.0,1,0.071429,0,0.0,0,0.0,-1.0,0.0,0,,0,
origin_airline_route_time_bucket,IAD,EWR,UA,,EWR→IAD UA,afternoon,,2024-01-01,2024-12-31,240,238,2,1,0.008333,28,0.117647,5,0.021008,21.21,6.0,70.4,20.28,2.0,64.6,69,0.289916,44,0.184874,26,0.109244,-4.65,0.0,1,0.022222,0,0.0
origin_airline_route_time_bucket,IAD,EWR,UA,,EWR→IAD UA,early_morning,,2024-01-01,2024-12-31,292,289,3,0,0.010274,4,0.013841,1,0.00346,-7.23,-11.0,7.0,3.56,0.0,3.0,15,0.051903,10,0.034602,4,0.013841,-0.25,0.0,0,0.0,0,0.0
origin_airline_route_time_bucket,IAD,EWR,UA,,EWR→IAD UA,evening,,2024-01-01,2024-12-31,364,352,12,0,0.032967,68,0.193182,16,0.045455,26.52,5.0,93.0,29.59,4.0,87.3,128,0.363636,93,0.264205,53,0.150568,-2.82,0.0,2,0.021053,0,0.0
origin_airline_route_time_bucket,IAD,EWR,UA,,EWR→IAD UA,late_morning,,2024-01-01,2024-12-31,2,2,0,0,0.0,0,0.0,0,0.0,-12.5,-12.5,-4.9,6.0,6.0,10.8,0,0.0,0,0.0,0,0.0,6.0,6.0,0,,0,
origin_airline_route_time_bucket,IAD,EWR,UA,,EWR→IAD UA,night,,2024-01-01,2024-12-31,335,327,8,0,0.023881,56,0.171254,8,0.024465,18.47,-2.0,88.8,26.58,0.0,90.0,107,0.327217,80,0.244648,51,0.155963,0.15,0.0,3,0.036585,0,0.0
origin_airline_route_time_bucket,IAD,EWR,YX,,EWR→IAD YX,afternoon,,2024-01-01,2024-12-31,109,104,5,0,0.045872,10,0.096154,2,0.019231,6.92,-10.0,43.4,14.11,0.0,36.7,20,0.192308,13,0.125,8,0.076923,-2.74,0.0,1,0.071429,0,0.0
origin_airline_route_time_bucket,IAD,EWR,YX,,EWR→IAD YX,early_morning,,2024-01-01,2024-12-31,7,7,0,0,0.0,1,0.142857,0,0.0,3.43,-18.0,53.2,22.0,0.0,61.6,1,0.142857,1,0.142857,1,0.142857,1.71,0.0,0,0.0,0,0.0
origin_airline_route_time_bucket,IAD,EWR,YX,,EWR→IAD YX,evening,,2024-01-01,2024-12-31,2,1,1,0,0.5,0,0.0,0,0.0,0.0,0.0,0.0,9.0,9.0,9.0,0,0.0,0,0.0,0,0.0,9.0,9.0,0,,0,
origin_airline_route_time_bucket,IAD,EWR,YX,,EWR→IAD YX,late_morning,,2024-01-01,2024-12-31,3,3,0,0,0.0,0,0.0,0,0.0,-10.33,-10.0,-2.8,9.33,3.0,20.6,1,0.333333,0,0.0,0,0.0,9.33,3.0,0,,0,
origin_airline_route_time_bucket,IAD,EWR,YX,,EWR→IAD YX,night,,2024-01-01,2024-12-31,4,4,0,1,0.0,1,0.25,0,0.0,30.0,-12.0,94.4,41.33,0.0,99.2,1,0.25,1,0.25,1,0.25,1.0,0.0,0,0.0,0,0.0
origin_airline_route_time_bucket,IAD,EYW,UA,,EYW→IAD UA,afternoon,,2024-01-01,2024-12-31,90,89,1,0,0.011111,7,0.078652,1,0.011236,2.1,-12.0,36.8,13.7,0.0,43.0,12,0.134831,11,0.123596,7,0.078652,0.02,0.0,0,0.0,0,0.0
origin_airline_route_time_bucket,IAD,FLL,UA,,FLL→IAD UA,afternoon,,2024-01-01,2024-12-31,366,362,4,0,0.010929,16,0.044199,6,0.016575,1.93,-11.0,26.8,11.69,0.0,19.9,43,0.118785,27,0.074586,16,0.044199,-1.31,0.0,2,0.071429,0,0.0
origin_airline_route_time_bucket,IAD,FLL,UA,,FLL→IAD UA,early_morning,,2024-01-01,2024-12-31,222,221,1,0,0.004505,5,0.022624,0,0.0,-6.53,-11.0,10.0,4.24,0.0,5.0,12,0.054299,7,0.031674,5,0.022624,-0.49,0.0,0,0.0,0,0.0
origin_airline_route_time_bucket,IAD,FLL,UA,,FLL→IAD UA,evening,,2024-01-01,2024-12-31,136,134,2,0,0.014706,13,0.097015,3,0.022388,12.33,-8.0,60.0,20.97,0.0,63.1,32,0.238806,25,0.186567,15,0.11194,-0.1,0.0,0,0.0,0,0.0
origin_airline_route_time_bucket,IAD,FLL,UA,,FLL→IAD UA,late_morning,,2024-01-01,2024-12-31,75,75,0,0,0.0,2,0.026667,0,0.0,-5.75,-12.0,7.8,6.43,0.0,7.6,6,0.08,4,0.053333,2,0.026667,0.61,0.0,0,0.0,0,0.0
origin_airline_route_time_bucket,IAD,HDN,UA,,HDN→IAD UA,afternoon,,2024-01-01,2024-12-31,15,15,0,0,0.0,3,0.2,0,0.0,17.33,-6.0,93.0,28.33,5.0,88.6,7,0.466667,5,0.333333,3,0.2,3.47,1.0,1,0.2,0,0.0
origin_airline_route_time_bucket,IAD,HNL,UA,,HNL→IAD UA,afternoon,,2024-01-01,2024-12-31,59,56,3,0,0.050847,8,0.142857,2,0.035714,11.5,-13.0,96.5,30.14,0.0,107.5,14,0.25,12,0.214286,9,0.160714,5.02,0.0,0,0.0,0,0.0
origin_airline_route_time_bucket,IAD,HNL,UA,,HNL→IAD UA,evening,,2024-01-01,2024-12-31,68,68,0,1,0.0,4,0.058824,2,0.029412,-2.61,-15.0,30.2,19.82,0.0,58.2,14,0.205882,10,0.147059,7,0.102941,5.57,0.0,1,0.1,1,0.142857
origin_airline_route_time_bucket,IAD,HSV,YX,,HSV→IAD YX,evening,,2024-01-01,2024-12-31,15,15,0,0,0.0,0,0.0,0,0.0,-17.33,-17.0,-7.4,0.0,0.0,0.0,0,0.0,0,0.0,0,0.0,-0.4,0.0,0,,0,
origin_airline_route_time_bucket,IAD,IAH,UA,,IAH→IAD UA,afternoon,,2024-01-01,2024-12-31,385,382,3,3,0.007792,27,0.070681,8,0.020942,17.93,6.0,43.6,20.35,4.0,41.2,97,0.253927,50,0.13089,29,0.075916,-1.11,0.0,4,0.074074,0,0.0
origin_airline_route_time_bucket,IAD,IAH,UA,,IAH→IAD UA,early_morning,,2024-01-01,2024-12-31,366,361,5,0,0.013661,13,0.036011,4,0.01108,1.15,-5.0,14.0,7.77,0.0,15.0,35,0.096953,19,0.052632,14,0.038781,-0.4,0.0,0,0.0,0,0.0
origin_airline_route_time_bucket,IAD,IAH,UA,,IAH→IAD UA,evening,,2024-01-01,2024-12-31,856,843,13,1,0.015187,83,0.098458,17,0.020166,14.64,0.0,60.0,22.29,3.0,68.9,255,0.302491,173,0.205219,100,0.118624,2.12,0.0,8,0.045714,0,0.0
origin_airline_route_time_bucket,IAD,IAH,UA,,IAH→IAD UA,late_morning,,2024-01-01,2024-12-31,3,3,0,0,0.0,1,0.333333,1,0.333333,85.0,35.0,193.4,92.67,36.0,200.0,2,0.666667,2,0.666667,1,0.333333,3.33,1.0,0,0.0,0,0.0
origin_airline_route_time_bucket,IAD,IAH,UA,,IAH→IAD UA,night,,2024-01-01,2024-12-31,80,80,0,0,0.0,3,0.0375,1,0.0125,6.56,-4.0,32.2,14.86,0.0,26.4,14,0.175,8,0.1,5,0.0625,1.44,0.0,0,0.0,0,0.0
origin_airline_route_time_bucket,IAD,IND,YX,,IND→IAD YX,afternoon,,2024-01-01,2024-12-31,366,366,0,2,0.0,11,0.030055,0,0.0,0.86,-4.0,18.4,4.51,0.0,6.7,28,0.076503,20,0.054645,9,0.02459,-2.6,0.0,0,0.0,0,0.0
origin_airline_route_time_bucket,IAD,IND,YX,,IND→IAD YX,early_morning,,2024-01-01,2024-12-31,348,346,2,0,0.005747,5,0.014451,1,0.00289,-8.63,-13.0,5.0,3.4,0.0,2.5,16,0.046243,8,0.023121,6,0.017341,-0.14,0.0,0,0.0,0,0.0
origin_airline_route_time_bucket,IAD,IND,YX,,IND→IAD YX,evening,,2024-01-01,2024-12-31,208,202,6,0,0.028846,13,0.064356,1,0.00495,1.31,-9.0,34.9,12.06,0.0,40.0,36,0.178218,26,0.128713,15,0.074257,1.08,0.0,0,0.0,0,0.0
origin_airline_route_time_bucket,IAD,IND,YX,,IND→IAD YX,late_morning,,2024-01-01,2024-12-31,365,363,2,0,0.005479,6,0.016529,1,0.002755,-8.87,-12.0,2.0,3.04,0.0,1.0,15,0.041322,12,0.033058,6,0.016529,0.14,0.0,0,0.0,0,0.0
origin_airline_route_time_bucket,IAD,JAX,G4,,JAX→IAD G4,afternoon,,2024-01-01,2024-12-31,47,47,0,0,0.0,3,0.06383,0,0.0,-0.13,-7.0,19.4,9.3,0.0,25.4,7,0.148936,4,0.085106,2,0.042553,0.17,0.0,0,0.0,0,0.0
origin_airline_route_time_bucket,IAD,JAX,G4,,JAX→IAD G4,evening,,2024-01-01,2024-12-31,18,17,1,0,0.055556,4,0.235294,1,0.058824,46.82,14.0,140.0,39.71,4.0,129.0,7,0.411765,5,0.294118,4,0.235294,-8.12,-3.0,0,0.0,0,0.0
origin_airline_route_time_bucket,IAD,JAX,G4,,JAX→IAD G4,late_morning,,2024-01-01,2024-12-31,2,2,0,0,0.0,1,0.5,0,0.0,80.0,80.0,100.8,90.0,90.0,103.6,2,1.0,2,1.0,2,1.0,10.0,10.0,0,0.0,0,0.0
origin_airline_route_time_bucket,IAD,JAX,UA,,JAX→IAD UA,afternoon,,2024-01-01,2024-12-31,331,327,4,3,0.012085,27,0.082569,7,0.021407,13.13,-4.0,47.7,18.62,0.0,48.8,59,0.180428,47,0.143731,26,0.079511,-0.89,0.0,0,0.0,0,0.0
origin_airline_route_time_bucket,IAD,JAX,UA,,JAX→IAD UA,evening,,2024-01-01,2024-12-31,81,81,0,0,0.0,4,0.049383,2,0.024691,-2.7,-15.0,14.0,12.04,0.0,15.0,8,0.098765,6,0.074074,4,0.049383,0.6,0.0,0,0.0,0,0.0
origin_airline_route_time_bucket,IAD,JAX,UA,,JAX→IAD UA,late_morning,,2024-01-01,2024-12-31,222,218,4,0,0.018018,9,0.041284,5,0.022936,3.33,-10.0,13.9,13.22,0.0,10.3,20,0.091743,13,0.059633,9,0.041284,-0.32,0.0,0,0.0,0,0.0
origin_airline_route_time_bucket,IAD,JAX,YX,,JAX→IAD YX,afternoon,,2024-01-01,2024-12-31,15,15,0,0,0.0,0,0.0,0,0.0,-7.0,-7.0,-1.8,0.4,0.0,0.0,0,0.0,0,0.0,0,0.0,-1.8,0.0,0,,0,
origin_airline_route_time_bucket,IAD,JAX,YX,,JAX→IAD YX,evening,,2024-01-01,2024-12-31,139,139,0,0,0.0,10,0.071942,2,0.014388,0.94,-12.0,29.6,10.15,0.0,30.0,19,0.136691,13,0.093525,8,0.057554,-1.69,0.0,0,0.0,0,0.0
origin_airline_route_time_bucket,IAD,JFK,9E,,JFK→IAD 9E,afternoon,,2024-01-01,2024-12-31,51,51,0,0,0.0,1,0.019608,0,0.0,-11.71,-17.0,17.0,3.04,0.0,4.0,3,0.058824,1,0.019608,1,0.019608,-0.9,0.0,0,0.0,0,0.0
origin_airline_route_time_bucket,IAD,JFK,9E,,JFK→IAD 9E,evening,,2024-01-01,2024-12-31,32,32,0,0,0.0,1,0.03125,0,0.0,-11.56,-16.0,2.8,2.62,0.0,0.0,2,0.0625,1,0.03125,1,0.03125,0.12,0.0,0,0.0,0,0.0
origin_airline_route_time_bucket,IAD,JFK,9E,,JFK→IAD 9E,late_morning,,2024-01-01,2024-12-31,92,91,1,0,0.01087,6,0.065934,1,0.010989,-5.63,-15.0,9.0,6.99,0.0,10.0,9,0.098901,6,0.065934,3,0.032967,-1.53,0.0,0,0.0,0,0.0
origin_airline_route_time_bucket,IAD,JFK,OO,,JFK→IAD OO,afternoon,,2024-01-01,2024-12-31,220,215,5,1,0.022727,40,0.186047,7,0.032558,24.91,-5.0,135.4,33.41,0.0,118.1,71,0.330233,61,0.283721,40,0.186047,-0.76,0.0,5,0.081967,0,0.0
origin_airline_route_time_bucket,IAD,JFK,OO,,JFK→IAD OO,evening,,2024-01-01,2024-12-31,37,36,1,0,0.027027,3,0.083333,1,0.027778,9.69,-7.0,46.5,17.53,0.0,55.0,7,0.194444,6,0.166667,4,0.111111,-1.11,0.0,0,0.0,0,0.0
origin_airline_route_time_bucket,IAD,JFK,OO,,JFK→IAD OO,late_morning,,2024-01-01,2024-12-31,257,256,1,0,0.003891,19,0.074219,6,0.023438,5.17,-10.0,34.5,14.85,0.0,37.5,38,0.148438,33,0.128906,20,0.078125,-0.22,0.0,1,0.030303,0,0.0
origin_airline_route_time_bucket,IAD,JFK,YX,,JFK→IAD YX,afternoon,,2024-01-01,2024-12-31,26,26,0,0,0.0,2,0.076923,0,0.0,7.58,-5.0,37.0,10.23,0.0,28.0,4,0.153846,3,0.115385,1,0.038462,-3.19,0.0,0,0.0,0,0.0
origin_airline_route_time_bucket,IAD,JST,OO,,JST→IAD OO,early_morning,,2024-01-01,2024-12-31,19,19,0,0,0.0,4,0.210526,3,0.157895,48.68,1.0,254.6,60.42,0.0,265.0,5,0.263158,4,0.210526,4,0.210526,1.53,0.0,0,0.0,0,0.0
origin_airline_route_time_bucket,IAD,JST,OO,,JST→IAD OO,late_morning,,2024-01-01,2024-12-31,347,339,8,0,0.023055,35,0.103245,9,0.026549,5.54,-13.0,63.2,19.06,0.0,53.8,65,0.19174,49,0.144543,34,0.100295,0.06,0.0,3,0.058824,0,0.0
origin_airline_route_time_bucket,IAD,LAS,UA,,LAS→IAD UA,afternoon,,2024-01-01,2024-12-31,353,341,12,1,0.033994,21,0.061584,6,0.017595,4.04,-9.0,46.1,15.32,0.0,41.0,60,0.175953,41,0.120235,26,0.076246,0.04,0.0,1,0.023256,1,0.038462
origin_airline_route_time_bucket,IAD,LAS,UA,,LAS→IAD UA,early_morning,,2024-01-01,2024-12-31,309,306,3,3,0.009709,13,0.042484,1,0.003268,-5.5,-12.0,15.0,6.71,0.0,7.0,20,0.065359,15,0.04902,13,0.042484,-1.0,0.0,0,0.0,0,0.0
origin_airline_route_time_bucket,IAD,LAS,UA,,LAS→IAD UA,late_morning,,2024-01-01,2024-12-31,2,2,0,0,0.0,0,0.0,0,0.0,41.0,41.0,54.6,31.5,31.5,37.5,2,1.0,1,0.5,0,0.0,-9.5,-9.5,0,0.0,0,
origin_airline_route_time_bucket,IAD,LAS,UA,,LAS→IAD UA,night,,2024-01-01,2024-12-31,279,277,2,0,0.007168,12,0.043321,5,0.018051,-4.26,-15.0,25.8,12.68,0.0,25.0,35,0.126354,26,0.093863,14,0.050542,1.27,0.0,0,0.0,0,0.0
origin_airline_route_time_bucket,IAD,LAS,UA,,LAS→IAD UA,red_eye,,2024-01-01,2024-12-31,1,1,0,0,0.0,0,0.0,0,0.0,-4.0,-4.0,-4.0,0.0,0.0,0.0,0,0.0,0,0.0,0,0.0,0.0,0.0,0,,0,
origin_airline_route_time_bucket,IAD,LAX,AS,,LAX→IAD AS,afternoon,,2024-01-01,2024-12-31,5,5,0,0,0.0,1,0.2,0,0.0,26.2,19.0,52.4,45.8,48.0,76.0,4,0.8,3,0.6,1,0.2,19.6,23.0,0,0.0,0,0.0
origin_airline_route_time_bucket,IAD,LAX,AS,,LAX→IAD AS,early_morning,,2024-01-01,2024-12-31,192,191,1,2,0.005208,4,0.020942,0,0.0,3.06,-1.0,21.2,4.59,0.0,11.0,14,0.073298,9,0.04712,2,0.010471,-3.6,0.0,0,0.0,0,0.0
origin_airline_route_time_bucket,IAD,LAX,AS,,LAX→IAD AS,late_morning,,2024-01-01,2024-12-31,129,129,0,0,0.0,8,0.062016,1,0.007752,2.93,-6.0,29.4,11.2,0.0,36.4,19,0.147287,15,0.116279,8,0.062016,-0.37,0.0,0,0.0,0,0.0
origin_airline_route_time_bucket,IAD,LAX,AS,,LAX→IAD AS,night,,2024-01-01,2024-12-31,141,141,0,0,0.0,10,0.070922,0,0.0,7.66,-1.0,42.0,16.62,2.0,55.0,43,0.304965,26,0.184397,10,0.070922,2.95,0.0,2,0.076923,0,0.0
origin_airline_route_time_bucket,IAD,LAX,UA,,LAX→IAD UA,afternoon,,2024-01-01,2024-12-31,429,427,2,3,0.004662,18,0.042155,1,0.002342,-0.42,-7.0,24.4,10.29,0.0,28.7,71,0.166276,39,0.091335,22,0.051522,0.72,0.0,1,0.025641,0,0.0
origin_airline_route_time_bucket,IAD,LAX,UA,,LAX→IAD UA,early_morning,,2024-01-01,2024-12-31,366,362,4,1,0.010929,16,0.044199,6,0.016575,6.15,-2.0,28.0,12.93,0.0,31.0,58,0.160221,38,0.104972,18,0.049724,-0.81,0.0,5,0.128205,0,0.0
origin_airline_route_time_bucket,IAD,LAX,UA,,LAX→IAD UA,evening,,2024-01-01,2024-12-31,153,152,1,0,0.006536,4,0.026316,0,0.0,-9.35,-14.0,12.8,6.6,0.0,16.0,17,0.111842,12,0.078947,6,0.039474,1.68,0.0,2,0.153846,0,0.0
origin_airline_route_time_bucket,IAD,LAX,UA,,LAX→IAD UA,late_morning,,2024-01-01,2024-12-31,304,292,12,2,0.039474,11,0.037671,1,0.003425,-6.23,-12.0,13.1,7.89,0.0,14.1,28,0.09589,19,0.065068,12,0.041096,0.76,0.0,1,0.052632,0,0.0
origin_airline_route_time_bucket,IAD,LAX,UA,,LAX→IAD UA,night,,2024-01-01,2024-12-31,897,890,7,0,0.007804,25,0.02809,1,0.001124,-5.34,-10.0,21.0,8.82,0.0,25.0,151,0.169663,82,0.092135,33,0.037079,2.31,0.0,11,0.129412,0,0.0
origin_airline_route_time_bucket,IAD,LGA,UA,,LGA→IAD UA,early_morning,,2024-01-01,2024-12-31,1,1,0,0,0.0,0,0.0,0,0.0,-17.0,-17.0,-17.0,0.0,0.0,0.0,0,0.0,0,0.0,0,0.0,0.0,0.0,0,,0,
origin_airline_route_time_bucket,IAD,LGA,UA,,LGA→IAD UA,late_morning,,2024-01-01,2024-12-31,1,1,0,0,0.0,0,0.0,0,0.0,10.0,10.0,10.0,15.0,15.0,15.0,0,0.0,0,0.0,0,0.0,5.0,5.0,0,,0,
origin_airline_route_time_bucket,IAD,LGA,YX,,LGA→IAD YX,afternoon,,2024-01-01,2024-12-31,383,377,6,1,0.015666,33,0.087533,5,0.013263,5.79,-6.0,53.5,13.52,0.0,35.0,77,0.204244,42,0.111406,21,0.055703,-2.66,0.0,1,0.023256,0,0.0
origin_airline_route_time_bucket,IAD,LGA,YX,,LGA→IAD YX,early_morning,,2024-01-01,2024-12-31,378,368,10,0,0.026455,9,0.024457,5,0.013587,-6.59,-13.0,7.0,5.82,0.0,0.0,20,0.054348,13,0.035326,9,0.024457,-1.07,0.0,0,0.0,0,0.0
origin_airline_route_time_bucket,IAD,LGA,YX,,LGA→IAD YX,evening,,2024-01-01,2024-12-31,361,343,18,0,0.049861,29,0.084548,6,0.017493,4.99,-10.0,47.8,16.45,0.0,44.8,81,0.236152,54,0.157434,28,0.081633,0.02,0.0,1,0.018182,0,0.0
origin_airline_route_time_bucket,IAD,LGA,YX,,LGA→IAD YX,late_morning,,2024-01-01,2024-12-31,355,350,5,0,0.014085,16,0.045714,2,0.005714,-1.99,-10.0,20.2,8.5,0.0,25.1,44,0.125714,29,0.082857,14,0.04,-0.26,0.0,1,0.033333,0,0.0
origin_airline_route_time_bucket,IAD,MCI,UA,,MCI→IAD UA,afternoon,,2024-01-01,2024-12-31,4,4,0,0,0.0,1,0.25,0,0.0,18.0,-6.5,64.6,27.25,0.5,75.9,1,0.25,1,0.25,1,0.25,3.75,0.5,0,0.0,0,0.0
origin_airline_route_time_bucket,IAD,MCO,F9,,MCO→IAD F9,afternoon,,2024-01-01,2024-12-31,21,21,0,0,0.0,1,0.047619,0,0.0,-0.43,-7.0,25.0,5.9,0.0,11.0,2,0.095238,2,0.095238,1,0.047619,-2.14,0.0,0,0.0,0,0.0
origin_airline_route_time_bucket,IAD,MCO,F9,,MCO→IAD F9,early_morning,,2024-01-01,2024-12-31,14,14,0,0,0.0,0,0.0,0,0.0,-18.64,-21.5,-7.2,0.29,0.0,0.0,0,0.0,0,0.0,0,0.0,0.14,0.0,0,,0,
origin_airline_route_time_bucket,IAD,MCO,F9,,MCO→IAD F9,evening,,2024-01-01,2024-12-31,2,2,0,0,0.0,0,0.0,0,0.0,-6.0,-6.0,-1.2,0.0,0.0,0.0,0,0.0,0,0.0,0,0.0,0.0,0.0,0,,0,
origin_airline_route_time_bucket,IAD,MCO,F9,,MCO→IAD F9,late_morning,,2024-01-01,2024-12-31,2,2,0,0,0.0,1,0.5,1,0.5,155.0,155.0,280.6,145.5,145.5,261.9,1,0.5,1,0.5,1,0.5,-10.5,-10.5,0,0.0,0,0.0
origin_airline_route_time_bucket,IAD,MCO,UA,,MCO→IAD UA,afternoon,,2024-01-01,2024-12-31,556,546,10,1,0.017986,53,0.09707,9,0.016484,12.92,-3.0,54.0,18.4,0.0,49.0,107,0.195971,72,0.131868,42,0.076923,-1.34,0.0,2,0.027027,0,0.0
origin_airline_route_time_bucket,IAD,MCO,UA,,MCO→IAD UA,early_morning,,2024-01-01,2024-12-31,240,234,6,0,0.025,5,0.021368,0,0.0,-9.21,-15.0,13.0,4.62,0.0,5.0,18,0.076923,14,0.059829,6,0.025641,-0.04,0.0,0,0.0,0,0.0
origin_airline_route_time_bucket,IAD,MCO,UA,,MCO→IAD UA,evening,,2024-01-01,2024-12-31,709,689,20,0,0.028209,81,0.117562,20,0.029028,13.75,-5.0,68.0,21.41,0.0,65.0,168,0.243832,129,0.187228,78,0.113208,0.12,0.0,4,0.030303,0,0.0
origin_airline_route_time_bucket,IAD,MCO,UA,,MCO→IAD UA,late_morning,,2024-01-01,2024-12-31,127,125,2,0,0.015748,1,0.008,0,0.0,-11.23,-15.0,1.0,2.18,0.0,3.0,6,0.048,4,0.032,0,0.0,-0.12,0.0,0,0.0,0,
origin_airline_route_time_bucket,IAD,MDW,WN,,MDW→IAD WN,early_morning,,2024-01-01,2024-12-31,6,6,0,0,0.0,0,0.0,0,0.0,3.83,2.5,20.0,5.17,0.0,15.5,1,0.166667,0,0.0,0,0.0,-2.67,0.0,0,0.0,0,
origin_airline_route_time_bucket,IAD,MDW,WN,,MDW→IAD WN,evening,,2024-01-01,2024-12-31,6,6,0,0,0.0,0,0.0,0,0.0,16.5,17.0,24.5,19.33,18.5,32.0,3,0.5,1,0.166667,0,0.0,2.83,8.0,0,0.0,0,
origin_airline_route_time_bucket,IAD,MGW,OO,,MGW→IAD OO,early_morning,,2024-01-01,2024-12-31,18,18,0,0,0.0,4,0.222222,3,0.166667,66.39,9.0,328.1,65.28,0.0,340.7,5,0.277778,4,0.222222,3,0.166667,-4.33,0.0,0,0.0,0,0.0
origin_airline_route_time_bucket,IAD,MIA,UA,,MIA→IAD UA,afternoon,,2024-01-01,2024-12-31,366,359,7,2,0.019126,26,0.072423,6,0.016713,7.52,-10.0,39.6,16.41,0.0,36.4,55,0.153203,42,0.116992,21,0.058496,-1.59,0.0,1,0.02381,0,0.0
origin_airline_route_time_bucket,IAD,MIA,UA,,MIA→IAD UA,early_morning,,2024-01-01,2024-12-31,194,193,1,0,0.005155,6,0.031088,1,0.005181,1.48,-5.0,22.6,7.36,0.0,18.8,21,0.108808,15,0.07772,7,0.036269,-1.09,0.0,0,0.0,0,0.0
origin_airline_route_time_bucket,IAD,MIA,UA,,MIA→IAD UA,late_morning,,2024-01-01,2024-12-31,16,16,0,1,0.0,2,0.125,1,0.0625,15.2,-6.0,47.2,20.2,0.0,50.2,2,0.125,2,0.125,2,0.125,-0.4,0.0,0,0.0,0,0.0
origin_airline_route_time_bucket,IAD,MKE,UA,,MKE→IAD UA,afternoon,,2024-01-01,2024-12-31,1,1,0,0,0.0,0,0.0,0,0.0,-29.0,-29.0,-29.0,0.0,0.0,0.0,0,0.0,0,0.0,0,0.0,0.0,0.0,0,,0,
origin_airline_route_time_bucket,IAD,MSP,9E,,MSP→IAD 9E,afternoon,,2024-01-01,2024-12-31,1,1,0,0,0.0,0,0.0,0,0.0,7.0,7.0,7.0,0.0,0.0,0.0,0,0.0,0,0.0,0,0.0,-7.0,-7.0,0,,0,
origin_airline_route_time_bucket,IAD,MSP,9E,,MSP→IAD 9E,early_morning,,2024-01-01,2024-12-31,54,54,0,0,0.0,2,0.037037,0,0.0,-5.74,-9.5,9.7,2.89,0.0,0.0,3,0.055556,2,0.037037,2,0.037037,-1.35,0.0,0,0.0,0,0.0
origin_airline_route_time_bucket,IAD,MSP,9E,,MSP→IAD 9E,late_morning,,2024-01-01,2024-12-31,1,1,0,0,0.0,0,0.0,0,0.0,-25.0,-25.0,-25.0,0.0,0.0,0.0,0,0.0,0,0.0,0,0.0,0.0,0.0,0,,0,
origin_airline_route_time_bucket,IAD,MSP,OO,,MSP→IAD OO,afternoon,,2024-01-01,2024-12-31,215,214,1,1,0.004651,19,0.088785,4,0.018692,11.79,0.0,45.6,15.23,0.0,40.0,39,0.182243,27,0.126168,18,0.084112,-0.91,0.0,1,0.035714,0,0.0
origin_airline_route_time_bucket,IAD,MSP,OO,,MSP→IAD OO,early_morning,,2024-01-01,2024-12-31,155,155,0,0,0.0,5,0.032258,2,0.012903,4.11,-5.0,34.0,9.8,0.0,31.2,22,0.141935,16,0.103226,6,0.03871,-1.73,0.0,1,0.055556,0,0.0
origin_airline_route_time_bucket,IAD,MSP,OO,,MSP→IAD OO,evening,,2024-01-01,2024-12-31,93,92,1,0,0.010753,5,0.054348,0,0.0,3.6,-3.0,28.6,9.49,0.0,30.0,12,0.130435,9,0.097826,4,0.043478,-1.38,0.0,1,0.090909,0,0.0
origin_airline_route_time_bucket,IAD,MSP,OO,,MSP→IAD OO,late_morning,,2024-01-01,2024-12-31,137,136,1,0,0.007299,8,0.058824,2,0.014706,9.98,-1.0,37.0,10.44,0.0,20.0,15,0.110294,10,0.073529,6,0.044118,-4.96,0.0,0,0.0,0,0.0
origin_airline_route_time_bucket,IAD,MSP,OO,,MSP→IAD OO,night,,2024-01-01,2024-12-31,271,268,3,0,0.01107,15,0.05597,3,0.011194,4.67,-5.5,37.3,13.17,0.0,41.0,50,0.186567,34,0.126866,16,0.059701,0.37,0.0,1,0.029412,0,0.0
origin_airline_route_time_bucket,IAD,MSP,UA,,MSP→IAD UA,afternoon,,2024-01-01,2024-12-31,2,2,0,0,0.0,0,0.0,0,0.0,16.0,16.0,34.4,10.0,10.0,18.0,1,0.5,0,0.0,0,0.0,-9.5,-9.5,0,,0,
origin_airline_route_time_bucket,IAD,MSP,UA,,MSP→IAD UA,early_morning,,2024-01-01,2024-12-31,1,1,0,0,0.0,0,0.0,0,0.0,-20.0,-20.0,-20.0,0.0,0.0,0.0,0,0.0,0,0.0,0,0.0,0.0,0.0,0,,0,
origin_airline_route_time_bucket,IAD,MSP,UA,,MSP→IAD UA,late_morning,,2024-01-01,2024-12-31,2,2,0,0,0.0,0,0.0,0,0.0,-20.0,-20.0,-15.2,0.0,0.0,0.0,0,0.0,0,0.0,0,0.0,0.0,0.0,0,,0,
origin_airline_route_time_bucket,IAD,MSY,UA,,MSY→IAD UA,afternoon,,2024-01-01,2024-12-31,305,296,9,2,0.029508,15,0.050676,2,0.006757,-0.6,-9.0,19.0,8.48,0.0,18.5,30,0.101351,22,0.074324,13,0.043919,-0.44,0.0,0,0.0,0,0.0
origin_airline_route_time_bucket,IAD,MSY,UA,,MSY→IAD UA,early_morning,,2024-01-01,2024-12-31,364,357,7,0,0.019231,17,0.047619,1,0.002801,-5.17,-12.0,11.4,7.62,0.0,10.4,32,0.089636,27,0.07563,21,0.058824,0.52,0.0,0,0.0,0,0.0
origin_airline_route_time_bucket,IAD,MYR,YX,,MYR→IAD YX,afternoon,,2024-01-01,2024-12-31,5,5,0,0,0.0,0,0.0,0,0.0,-9.8,-9.0,0.4,0.0,0.0,0.0,0,0.0,0,0.0,0,0.0,-1.2,0.0,0,,0,
origin_airline_route_time_bucket,IAD,ORD,UA,,ORD→IAD UA,afternoon,,2024-01-01,2024-12-31,526,523,3,2,0.005703,32,0.061185,7,0.013384,7.35,-4.0,29.0,13.34,0.0,31.0,86,0.164436,54,0.10325,33,0.063098,-0.27,0.0,2,0.036364,0,0.0
origin_airline_route_time_bucket,IAD,ORD,UA,,ORD→IAD UA,early_morning,,2024-01-01,2024-12-31,454,450,4,0,0.008811,25,0.055556,9,0.02,4.97,-6.0,24.0,12.58,0.0,25.2,55,0.122222,42,0.093333,28,0.062222,0.16,0.0,2,0.047619,0,0.0
origin_airline_route_time_bucket,IAD,ORD,UA,,ORD→IAD UA,evening,,2024-01-01,2024-12-31,365,359,6,0,0.016438,46,0.128134,18,0.050139,26.83,2.0,97.2,30.45,3.0,79.6,106,0.295265,71,0.197772,47,0.130919,-1.37,0.0,0,0.0,0,0.0
origin_airline_route_time_bucket,IAD,ORD,UA,,ORD→IAD UA,late_morning,,2024-01-01,2024-12-31,23,23,0,0,0.0,1,0.043478,0,0.0,0.26,-4.0,21.6,8.48,0.0,21.6,4,0.173913,2,0.086957,1,0.043478,1.39,0.0,0,0.0,0,0.0
origin_airline_route_time_bucket,IAD,ORD,UA,,ORD→IAD UA,night,,2024-01-01,2024-12-31,317,316,1,0,0.003155,23,0.072785,7,0.022152,10.79,-4.0,49.5,20.53,1.0,55.5,91,0.287975,50,0.158228,28,0.088608,2.46,0.0,0,0.0,0,0.0
origin_airline_route_time_bucket,IAD,ORF,UA,,ORF→IAD UA,early_morning,,2024-01-01,2024-12-31,313,309,4,0,0.01278,14,0.045307,3,0.009709,-1.9,-12.0,16.0,9.23,0.0,17.2,34,0.110032,20,0.064725,15,0.048544,0.44,0.0,1,0.05,0,0.0
origin_airline_route_time_bucket,IAD,ORF,UA,,ORF→IAD UA,evening,,2024-01-01,2024-12-31,54,53,1,0,0.018519,0,0.0,0,0.0,-8.79,-13.0,13.2,2.87,0.0,7.4,4,0.075472,1,0.018868,1,0.018868,-0.58,0.0,0,0.0,0,0.0
origin_airline_route_time_bucket,IAD,ORF,UA,,ORF→IAD UA,late_morning,,2024-01-01,2024-12-31,88,84,4,0,0.045455,4,0.047619,1,0.011905,3.69,-10.0,31.4,11.63,0.0,13.8,8,0.095238,6,0.071429,4,0.047619,-1.62,0.0,0,0.0,0,0.0
origin_airline_route_time_bucket,IAD,ORF,YX,,ORF→IAD YX,afternoon,,2024-01-01,2024-12-31,76,76,0,0,0.0,1,0.013158,0,0.0,-15.67,-21.5,5.0,3.58,0.0,5.0,6,0.078947,2,0.026316,1,0.013158,-1.04,0.0,0,0.0,0,0.0
origin_airline_route_time_bucket,IAD,ORF,YX,,ORF→IAD YX,early_morning,,2024-01-01,2024-12-31,20,20,0,0,0.0,1,0.05,1,0.05,9.15,-8.0,20.4,15.25,0.0,4.1,1,0.05,1,0.05,1,0.05,-2.6,0.0,0,0.0,0,0.0
origin_airline_route_time_bucket,IAD,ORF,YX,,ORF→IAD YX,evening,,2024-01-01,2024-12-31,44,44,0,0,0.0,0,0.0,0,0.0,-12.82,-14.0,-3.0,0.32,0.0,0.0,0,0.0,0,0.0,0,0.0,-0.5,0.0,0,,0,
origin_airline_route_time_bucket,IAD,ORF,YX,,ORF→IAD YX,late_morning,,2024-01-01,2024-12-31,7,7,0,0,0.0,0,0.0,0,0.0,-17.71,-19.0,-10.0,0.0,0.0,0.0,0,0.0,0,0.0,0,0.0,0.0,0.0,0,,0,
origin_airline_route_time_bucket,IAD,ORF,YX,,ORF→IAD YX,night,,2024-01-01,2024-12-31,30,30,0,0,0.0,0,0.0,0,0.0,-14.13,-15.0,-1.9,0.8,0.0,0.3,0,0.0,0,0.0,0,0.0,0.23,0.0,0,,0,
origin_airline_route_time_bucket,IAD,PBI,UA,,PBI→IAD UA,afternoon,,2024-01-01,2024-12-31,42,40,2,0,0.047619,1,0.025,0,0.0,0.05,-5.0,26.5,2.92,0.0,0.0,1,0.025,1,0.025,1,0.025,-4.75,0.0,0,0.0,0,0.0
origin_airline_route_time_bucket,IAD,PBI,UA,,PBI→IAD UA,late_morning,,2024-01-01,2024-12-31,1,1,0,0,0.0,0,0.0,0,0.0,3.0,3.0,3.0,17.0,17.0,17.0,1,1.0,0,0.0,0,0.0,14.0,14.0,0,,0,
origin_airline_route_time_bucket,IAD,PDX,UA,,PDX→IAD UA,early_morning,,2024-01-01,2024-12-31,216,216,0,0,0.0,5,0.023148,2,0.009259,-3.88,-11.5,9.5,9.81,0.0,12.0,18,0.083333,14,0.064815,6,0.027778,0.76,0.0,2,0.142857,0,0.0
origin_airline_route_time_bucket,IAD,PDX,UA,,PDX→IAD UA,night,,2024-01-01,2024-12-31,72,71,1,0,0.013889,0,0.0,0,0.0,-11.94,-13.0,5.0,2.62,0.0,7.0,4,0.056338,1,0.014085,1,0.014085,0.31,0.0,0,0.0,0,0.0
origin_airline_route_time_bucket,IAD,PGD,G4,,PGD→IAD G4,afternoon,,2024-01-01,2024-12-31,41,41,0,0,0.0,3,0.073171,2,0.04878,24.22,5.0,48.0,32.29,2.0,58.0,14,0.341463,10,0.243902,4,0.097561,-0.59,0.0,0,0.0,0,0.0
origin_airline_route_time_bucket,IAD,PGD,G4,,PGD→IAD G4,early_morning,,2024-01-01,2024-12-31,1,1,0,0,0.0,0,0.0,0,0.0,-26.0,-26.0,-26.0,0.0,0.0,0.0,0,0.0,0,0.0,0,0.0,0.0,0.0,0,,0,
origin_airline_route_time_bucket,IAD,PGD,G4,,PGD→IAD G4,evening,,2024-01-01,2024-12-31,23,23,0,0,0.0,1,0.043478,0,0.0,-3.04,-7.0,25.0,12.0,0.0,34.4,7,0.304348,3,0.130435,1,0.043478,2.39,0.0,0,0.0,0,0.0
origin_airline_route_time_bucket,IAD,PGD,G4,,PGD→IAD G4,late_morning,,2024-01-01,2024-12-31,1,1,0,0,0.0,0,0.0,0,0.0,-30.0,-30.0,-30.0,0.0,0.0,0.0,0,0.0,0,0.0,0,0.0,0.0,0.0,0,,0,
origin_airline_route_time_bucket,IAD,PHL,UA,,PHL→IAD UA,late_morning,,2024-01-01,2024-12-31,1,1,0,0,0.0,0,0.0,0,0.0,-24.0,-24.0,-24.0,0.0,0.0,0.0,0,0.0,0,0.0,0,0.0,0.0,0.0,0,,0,
origin_airline_route_time_bucket,IAD,PHX,UA,,PHX→IAD UA,afternoon,,2024-01-01,2024-12-31,165,165,0,0,0.0,9,0.054545,2,0.012121,4.24,-6.0,32.2,14.29,0.0,33.6,27,0.163636,17,0.10303,8,0.048485,1.69,0.0,0,0.0,0,0.0
origin_airline_route_time_bucket,IAD,PHX,UA,,PHX→IAD UA,early_morning,,2024-01-01,2024-12-31,238,238,0,1,0.0,9,0.037815,1,0.004202,-3.39,-11.0,24.0,7.59,0.0,17.4,26,0.109244,19,0.079832,11,0.046218,-0.56,0.0,0,0.0,0,0.0
origin_airline_route_time_bucket,IAD,PHX,UA,,PHX→IAD UA,late_morning,,2024-01-01,2024-12-31,128,118,10,0,0.078125,2,0.016949,0,0.0,-2.9,-5.0,14.3,3.95,0.0,10.0,6,0.050847,6,0.050847,2,0.016949,-1.67,0.0,1,0.166667,0,0.0
origin_airline_route_time_bucket,IAD,PHX,UA,,PHX→IAD UA,night,,2024-01-01,2024-12-31,301,295,6,2,0.019934,10,0.033898,2,0.00678,-4.13,-11.0,10.8,11.11,0.0,19.0,36,0.122034,19,0.064407,10,0.033898,1.81,0.0,3,0.142857,0,0.0
origin_airline_route_time_bucket,IAD,PHX,UA,,PHX→IAD UA,red_eye,,2024-01-01,2024-12-31,3,3,0,0,0.0,0,0.0,0,0.0,-10.67,-11.0,2.6,3.33,2.0,6.8,0,0.0,0,0.0,0,0.0,1.33,2.0,0,,0,
origin_airline_route_time_bucket,IAD,PHX,WN,,PHX→IAD WN,afternoon,,2024-01-01,2024-12-31,10,10,0,0,0.0,0,0.0,0,0.0,1.6,3.5,17.6,8.5,7.5,17.3,2,0.2,0,0.0,0,0.0,2.3,2.5,0,,0,
origin_airline_route_time_bucket,IAD,PHX,WN,,PHX→IAD WN,early_morning,,2024-01-01,2024-12-31,29,29,0,0,0.0,1,0.034483,0,0.0,-7.59,-11.0,3.4,5.76,1.0,8.6,2,0.068966,1,0.034483,1,0.034483,1.45,0.0,0,0.0,0,0.0
origin_airline_route_time_bucket,IAD,PHX,WN,,PHX→IAD WN,late_morning,,2024-01-01,2024-12-31,211,211,0,3,0.0,7,0.033175,0,0.0,1.98,-3.0,22.3,9.63,1.5,26.3,33,0.156398,17,0.080569,7,0.033175,1.58,0.0,0,0.0,0,0.0
origin_airline_route_time_bucket,IAD,PIT,UA,,PIT→IAD UA,late_morning,,2024-01-01,2024-12-31,50,50,0,0,0.0,3,0.06,1,0.02,18.8,-7.0,9.1,27.66,0.0,1.4,3,0.06,3,0.06,2,0.04,-0.74,0.0,0,0.0,0,0.0
origin_airline_route_time_bucket,IAD,PIT,YX,,PIT→IAD YX,afternoon,,2024-01-01,2024-12-31,179,178,1,0,0.005587,2,0.011236,0,0.0,-3.24,-12.0,27.0,5.18,0.0,16.9,19,0.106742,11,0.061798,3,0.016854,-2.29,0.0,0,0.0,0,0.0
origin_airline_route_time_bucket,IAD,PIT,YX,,PIT→IAD YX,early_morning,,2024-01-01,2024-12-31,365,365,0,0,0.0,5,0.013699,3,0.008219,-4.98,-9.0,7.0,3.75,0.0,0.0,12,0.032877,7,0.019178,5,0.013699,-0.93,0.0,0,0.0,0,0.0
origin_airline_route_time_bucket,IAD,PIT,YX,,PIT→IAD YX,evening,,2024-01-01,2024-12-31,21,21,0,0,0.0,0,0.0,0,0.0,-5.33,-14.0,20.0,6.57,0.0,27.0,4,0.190476,1,0.047619,0,0.0,-0.33,0.0,0,0.0,0,
origin_airline_route_time_bucket,IAD,PIT,YX,,PIT→IAD YX,late_morning,,2024-01-01,2024-12-31,27,27,0,0,0.0,0,0.0,0,0.0,-9.44,-11.0,6.4,1.0,0.0,0.0,1,0.037037,0,0.0,0,0.0,-0.41,0.0,0,,0,
origin_airline_route_time_bucket,IAD,PIT,YX,,PIT→IAD YX,night,,2024-01-01,2024-12-31,13,13,0,0,0.0,0,0.0,0,0.0,4.69,3.0,38.8,11.38,0.0,49.6,3,0.230769,3,0.230769,0,0.0,0.69,0.0,0,0.0,0,
origin_airline_route_time_bucket,IAD,PSP,UA,,PSP→IAD UA,afternoon,,2024-01-01,2024-12-31,13,13,0,0,0.0,0,0.0,0,0.0,-9.15,-6.0,12.0,7.54,0.0,30.2,2,0.153846,2,0.153846,0,0.0,2.85,0.0,1,0.5,0,
origin_airline_route_time_bucket,IAD,PVD,YX,,PVD→IAD YX,early_morning,,2024-01-01,2024-12-31,8,7,1,0,0.125,1,0.142857,0,0.0,7.43,-14.0,69.0,25.0,0.0,79.2,2,0.285714,2,0.285714,1,0.142857,3.0,0.0,0,0.0,0,0.0
origin_airline_route_time_bucket,IAD,PVD,YX,,PVD→IAD YX,evening,,2024-01-01,2024-12-31,69,68,1,0,0.014493,5,0.073529,0,0.0,-13.97,-24.5,11.6,8.81,0.0,13.5,7,0.102941,7,0.102941,5,0.073529,0.94,0.0,1,0.142857,0,0.0
origin_airline_route_time_bucket,IAD,PWM,UA,,PWM→IAD UA,early_morning,,2024-01-01,2024-12-31,65,65,0,0,0.0,1,0.015385,0,0.0,-7.02,-11.0,7.2,3.68,0.0,7.8,6,0.092308,2,0.030769,1,0.015385,0.58,0.0,1,0.333333,0,0.0
origin_airline_route_time_bucket,IAD,PWM,YX,,PWM→IAD YX,afternoon,,2024-01-01,2024-12-31,171,169,2,2,0.011696,7,0.04142,2,0.011834,5.9,-6.0,17.8,12.66,0.0,8.4,15,0.088757,10,0.059172,5,0.029586,-2.31,0.0,1,0.1,0,0.0
origin_airline_route_time_bucket,IAD,PWM,YX,,PWM→IAD YX,early_morning,,2024-01-01,2024-12-31,134,128,6,0,0.044776,3,0.023438,1,0.007812,-12.37,-17.5,-0.7,4.92,0.0,0.0,5,0.039062,5,0.039062,3,0.023438,0.34,0.0,0,0.0,0,0.0
origin_airline_route_time_bucket,IAD,PWM,YX,,PWM→IAD YX,evening,,2024-01-01,2024-12-31,240,233,7,0,0.029167,11,0.04721,1,0.004292,-10.55,-21.0,27.6,9.43,0.0,38.8,38,0.16309,28,0.120172,13,0.055794,1.45,0.0,1,0.035714,0,0.0
origin_airline_route_time_bucket,IAD,PWM,YX,,PWM→IAD YX,late_morning,,2024-01-01,2024-12-31,15,15,0,0,0.0,0,0.0,0,0.0,-16.0,-19.0,-1.8,1.67,0.0,4.2,1,0.066667,0,0.0,0,0.0,1.4,0.0,0,,0,
origin_airline_route_time_bucket,IAD,RDU,UA,,RDU→IAD UA,afternoon,,2024-01-01,2024-12-31,54,53,1,0,0.018519,2,0.037736,0,0.0,11.57,12.0,38.4,4.25,0.0,6.6,4,0.075472,2,0.037736,1,0.018868,-10.6,-6.0,0,0.0,0,0.0
origin_airline_route_time_bucket,IAD,RDU,UA,,RDU→IAD UA,early_morning,,2024-01-01,2024-12-31,278,273,5,0,0.017986,8,0.029304,3,0.010989,-5.42,-12.0,6.8,6.56,0.0,7.0,16,0.058608,12,0.043956,8,0.029304,0.27,0.0,1,0.076923,0,0.0
origin_airline_route_time_bucket,IAD,RDU,UA,,RDU→IAD UA,evening,,2024-01-01,2024-12-31,151,151,0,0,0.0,8,0.05298,4,0.02649,1.7,-12.0,24.0,14.6,0.0,25.0,20,0.13245,15,0.099338,9,0.059603,1.29,0.0,0,0.0,0,0.0
origin_airline_route_time_bucket,IAD,RDU,UA,,RDU→IAD UA,late_morning,,2024-01-01,2024-12-31,233,232,1,0,0.004292,5,0.021552,0,0.0,-9.9,-14.0,5.9,4.21,0.0,7.8,16,0.068966,8,0.034483,5,0.021552,0.48,0.0,0,0.0,0,0.0
origin_airline_route_time_bucket,IAD,RDU,UA,,RDU→IAD UA,night,,2024-01-01,2024-12-31,39,39,0,0,0.0,1,0.025641,0,0.0,-16.72,-21.0,-9.6,4.41,0.0,0.2,3,0.076923,2,0.051282,1,0.025641,1.03,0.0,0,0.0,0,0.0
origin_airline_route_time_bucket,IAD,RDU,YX,,RDU→IAD YX,afternoon,,2024-01-01,2024-12-31,79,79,0,0,0.0,3,0.037975,2,0.025316,-0.78,-16.0,14.2,12.15,0.0,9.2,6,0.075949,6,0.075949,3,0.037975,-1.03,0.0,0,0.0,0,0.0
origin_airline_route_time_bucket,IAD,RDU,YX,,RDU→IAD YX,early_morning,,2024-01-01,2024-12-31,1,1,0,0,0.0,0,0.0,0,0.0,8.0,8.0,8.0,8.0,8.0,8.0,0,0.0,0,0.0,0,0.0,0.0,0.0,0,,0,
origin_airline_route_time_bucket,IAD,RDU,YX,,RDU→IAD YX,evening,,2024-01-01,2024-12-31,14,14,0,0,0.0,1,0.071429,1,0.071429,3.57,-27.0,-1.3,27.0,0.0,7.0,1,0.071429,1,0.071429,1,0.071429,1.36,0.0,0,0.0,0,0.0
origin_airline_route_time_bucket,IAD,RDU,YX,,RDU→IAD YX,late_morning,,2024-01-01,2024-12-31,5,5,0,0,0.0,0,0.0,0,0.0,-8.2,-16.0,12.0,7.6,0.0,22.8,1,0.2,1,0.2,0,0.0,1.6,0.0,0,0.0,0,
origin_airline_route_time_bucket,IAD,ROC,UA,,ROC→IAD UA,early_morning,,2024-01-01,2024-12-31,13,13,0,0,0.0,1,0.076923,0,0.0,22.69,12.0,52.2,28.92,21.0,34.6,8,0.615385,3,0.230769,1,0.076923,4.62,3.0,2,0.666667,0,0.0
origin_airline_route_time_bucket,IAD,ROC,YX,,ROC→IAD YX,afternoon,,2024-01-01,2024-12-31,22,22,0,0,0.0,1,0.045455,0,0.0,0.5,-9.0,23.2,9.73,0.0,23.4,3,0.136364,2,0.090909,1,0.045455,-0.36,0.0,0,0.0,0,0.0
origin_airline_route_time_bucket,IAD,ROC,YX,,ROC→IAD YX,early_morning,,2024-01-01,2024-12-31,38,38,0,0,0.0,2,0.052632,1,0.026316,3.18,-10.5,24.3,12.66,0.0,19.6,5,0.131579,3,0.078947,2,0.052632,-0.45,0.0,0,0.0,0,0.0
origin_airline_route_time_bucket,IAD,ROC,YX,,ROC→IAD YX,evening,,2024-01-01,2024-12-31,53,53,0,0,0.0,1,0.018868,0,0.0,-7.23,-12.0,14.0,5.11,0.0,10.0,5,0.09434,3,0.056604,1,0.018868,0.3,0.0,0,0.0,0,0.0
origin_airline_route_time_bucket,IAD,ROC,YX,,ROC→IAD YX,late_morning,,2024-01-01,2024-12-31,30,30,0,0,0.0,1,0.033333,0,0.0,1.23,-4.0,23.1,4.57,0.0,5.6,1,0.033333,1,0.033333,1,0.033333,-4.8,0.0,0,0.0,0,0.0
origin_airline_route_time_bucket,IAD,RSW,UA,,RSW→IAD UA,afternoon,,2024-01-01,2024-12-31,366,358,8,2,0.021858,19,0.053073,6,0.01676,-1.38,-12.0,20.5,8.67,0.0,10.0,28,0.078212,22,0.061453,18,0.050279,-1.75,0.0,0,0.0,0,0.0
origin_airline_route_time_bucket,IAD,RSW,UA,,RSW→IAD UA,early_morning,,2024-01-01,2024-12-31,107,104,3,0,0.028037,2,0.019231,1,0.009615,-7.3,-15.0,4.7,7.98,0.0,0.0,4,0.038462,4,0.038462,3,0.028846,0.11,0.0,0,0.0,0,0.0
origin_airline_route_time_bucket,IAD,RSW,UA,,RSW→IAD UA,evening,,2024-01-01,2024-12-31,48,48,0,0,0.0,3,0.0625,0,0.0,-11.1,-19.0,-1.9,7.73,0.0,2.1,4,0.083333,4,0.083333,3,0.0625,0.71,0.0,0,0.0,0,0.0
origin_airline_route_time_bucket,IAD,RSW,UA,,RSW→IAD UA,late_morning,,2024-01-01,2024-12-31,29,29,0,0,0.0,0,0.0,0,0.0,-14.66,-17.0,-2.8,0.72,0.0,1.4,0,0.0,0,0.0,0,0.0,0.0,0.0,0,,0,
origin_airline_route_time_bucket,IAD,SAN,AS,,SAN→IAD AS,early_morning,,2024-01-01,2024-12-31,234,220,14,1,0.059829,11,0.05,0,0.0,4.5,-1.0,39.0,6.58,0.0,21.0,26,0.118182,14,0.063636,7,0.031818,-5.47,0.0,2,0.133333,0,0.0
origin_airline_route_time_bucket,IAD,SAN,AS,,SAN→IAD AS,late_morning,,2024-01-01,2024-12-31,130,130,0,1,0.0,7,0.053846,1,0.007692,10.83,-2.0,43.2,15.91,0.0,36.0,26,0.2,17,0.130769,8,0.061538,-3.6,0.0,1,0.058824,0,0.0
origin_airline_route_time_bucket,IAD,SAN,UA,,SAN→IAD UA,afternoon,,2024-01-01,2024-12-31,365,362,3,1,0.008219,14,0.038674,6,0.016575,1.35,-7.0,16.0,11.34,0.0,11.0,33,0.09116,23,0.063536,16,0.044199,-0.21,0.0,0,0.0,0,0.0
origin_airline_route_time_bucket,IAD,SAN,UA,,SAN→IAD UA,early_morning,,2024-01-01,2024-12-31,501,488,13,5,0.025948,23,0.047131,8,0.016393,2.85,-7.0,28.0,10.65,0.0,11.0,44,0.090164,30,0.061475,16,0.032787,-3.06,0.0,3,0.090909,0,0.0
origin_airline_route_time_bucket,IAD,SAN,UA,,SAN→IAD UA,night,,2024-01-01,2024-12-31,360,352,8,0,0.022222,12,0.034091,2,0.005682,-2.73,-12.0,19.0,10.19,0.0,20.0,41,0.116477,26,0.073864,12,0.034091,0.57,0.0,2,0.074074,0,0.0
origin_airline_route_time_bucket,IAD,SAT,UA,,SAT→IAD UA,afternoon,,2024-01-01,2024-12-31,270,257,13,0,0.048148,9,0.035019,2,0.007782,0.49,-7.0,17.0,9.93,0.0,18.4,31,0.120623,16,0.062257,11,0.042802,0.49,0.0,0,0.0,0,0.0
origin_airline_route_time_bucket,IAD,SAT,UA,,SAT→IAD UA,early_morning,,2024-01-01,2024-12-31,366,365,1,0,0.002732,9,0.024658,2,0.005479,-7.36,-12.0,6.0,6.41,0.0,6.0,27,0.073973,19,0.052055,12,0.032877,0.72,0.0,1,0.052632,0,0.0
origin_airline_route_time_bucket,IAD,SAT,UA,,SAT→IAD UA,evening,,2024-01-01,2024-12-31,1,1,0,0,0.0,0,0.0,0,0.0,-29.0,-29.0,-29.0,0.0,0.0,0.0,0,0.0,0,0.0,0,0.0,0.0,0.0,0,,0,
origin_airline_route_time_bucket,IAD,SAT,UA,,SAT→IAD UA,late_morning,,2024-01-01,2024-12-31,23,23,0,1,0.0,0,0.0,0,0.0,-2.32,-8.0,17.1,3.86,0.0,17.5,3,0.130435,1,0.043478,0,0.0,-0.41,0.0,0,0.0,0,
origin_airline_route_time_bucket,IAD,SAV,UA,,SAV→IAD UA,afternoon,,2024-01-01,2024-12-31,6,6,0,0,0.0,0,0.0,0,0.0,-12.67,-13.0,-9.0,0.0,0.0,0.0,0,0.0,0,0.0,0,0.0,0.0,0.0,0,,0,
origin_airline_route_time_bucket,IAD,SAV,YX,,SAV→IAD YX,afternoon,,2024-01-01,2024-12-31,5,5,0,0,0.0,0,0.0,0,0.0,-17.0,-12.0,-11.0,0.0,0.0,0.0,0,0.0,0,0.0,0,0.0,0.0,0.0,0,,0,
origin_airline_route_time_bucket,IAD,SAV,YX,,SAV→IAD YX,late_morning,,2024-01-01,2024-12-31,74,74,0,0,0.0,2,0.027027,0,0.0,-7.47,-13.5,9.6,4.49,0.0,0.0,4,0.054054,4,0.054054,2,0.027027,-0.81,0.0,0,0.0,0,0.0
origin_airline_route_time_bucket,IAD,SBN,YX,,SBN→IAD YX,late_morning,,2024-01-01,2024-12-31,28,28,0,0,0.0,4,0.142857,3,0.107143,29.57,-5.0,132.8,37.39,0.0,117.3,8,0.285714,7,0.25,4,0.142857,-0.14,0.0,1,0.142857,0,0.0
origin_airline_route_time_bucket,IAD,SDF,UA,,SDF→IAD UA,afternoon,,2024-01-01,2024-12-31,3,3,0,0,0.0,0,0.0,0,0.0,-1.0,-6.0,7.6,4.67,0.0,11.2,0,0.0,0,0.0,0,0.0,1.0,0.0,0,,0,
origin_airline_route_time_bucket,IAD,SDF,UA,,SDF→IAD UA,evening,,2024-01-01,2024-12-31,1,1,0,0,0.0,0,0.0,0,0.0,29.0,29.0,29.0,43.0,43.0,43.0,1,1.0,1,1.0,0,0.0,14.0,14.0,0,0.0,0,
origin_airline_route_time_bucket,IAD,SDF,YX,,SDF→IAD YX,afternoon,,2024-01-01,2024-12-31,8,8,0,0,0.0,0,0.0,0,0.0,-11.5,-14.0,-1.6,0.0,0.0,0.0,0,0.0,0,0.0,0,0.0,-1.38,0.0,0,,0,
origin_airline_route_time_bucket,IAD,SDF,YX,,SDF→IAD YX,early_morning,,2024-01-01,2024-12-31,252,251,1,0,0.003968,6,0.023904,1,0.003984,-5.51,-9.0,4.0,4.12,0.0,0.0,10,0.039841,8,0.031873,6,0.023904,-0.72,0.0,0,0.0,0,0.0
origin_airline_route_time_bucket,IAD,SDF,YX,,SDF→IAD YX,late_morning,,2024-01-01,2024-12-31,300,300,0,0,0.0,5,0.016667,0,0.0,-7.47,-12.0,8.2,4.02,0.0,2.0,20,0.066667,14,0.046667,6,0.02,-0.06,0.0,0,0.0,0,0.0
origin_airline_route_time_bucket,IAD,SEA,AS,,SEA→IAD AS,afternoon,,2024-01-01,2024-12-31,6,6,0,0,0.0,0,0.0,0,0.0,-1.67,0.5,2.5,6.0,5.5,12.5,1,0.166667,0,0.0,0,0.0,5.0,4.0,0,,0,
origin_airline_route_time_bucket,IAD,SEA,AS,,SEA→IAD AS,early_morning,,2024-01-01,2024-12-31,88,88,0,0,0.0,3,0.034091,0,0.0,-7.43,-10.0,9.0,3.35,0.0,4.6,5,0.056818,3,0.034091,1,0.011364,-0.83,0.0,0,0.0,0,0.0
origin_airline_route_time_bucket,IAD,SEA,AS,,SEA→IAD AS,evening,,2024-01-01,2024-12-31,271,271,0,0,0.0,14,0.051661,0,0.0,5.08,0.0,29.0,10.09,0.0,34.0,57,0.210332,30,0.110701,14,0.051661,-0.48,0.0,1,0.032258,0,0.0
origin_airline_route_time_bucket,IAD,SEA,AS,,SEA→IAD AS,late_morning,,2024-01-01,2024-12-31,342,334,8,1,0.023392,12,0.035928,1,0.002994,5.11,1.0,30.8,11.97,3.0,29.0,77,0.230539,32,0.095808,12,0.035928,0.4,0.0,4,0.121212,0,0.0
origin_airline_route_time_bucket,IAD,SEA,AS,,SEA→IAD AS,night,,2024-01-01,2024-12-31,142,142,0,1,0.0,2,0.014085,0,0.0,-1.41,-5.0,28.0,11.28,1.0,37.0,32,0.225352,19,0.133803,4,0.028169,2.94,0.0,2,0.1,1,0.25
origin_airline_route_time_bucket,IAD,SEA,DL,,SEA→IAD DL,early_morning,,2024-01-01,2024-12-31,311,310,1,2,0.003215,19,0.06129,5,0.016129,2.37,-8.5,35.3,14.09,0.0,40.9,48,0.154839,37,0.119355,20,0.064516,0.63,0.0,0,0.0,1,0.047619
origin_airline_route_time_bucket,IAD,SEA,DL,,SEA→IAD DL,late_morning,,2024-01-01,2024-12-31,42,42,0,0,0.0,2,0.047619,0,0.0,-2.71,-15.5,38.6,10.83,0.0,26.9,7,0.166667,4,0.095238,2,0.047619,-1.0,0.0,0,0.0,0,0.0
origin_airline_route_time_bucket,IAD,SEA,DL,,SEA→IAD DL,night,,2024-01-01,2024-12-31,231,231,0,0,0.0,17,0.073593,3,0.012987,6.81,-4.0,44.0,16.31,0.0,53.0,47,0.203463,37,0.160173,20,0.08658,0.96,0.0,3,0.081081,0,0.0
origin_airline_route_time_bucket,IAD,SEA,UA,,SEA→IAD UA,afternoon,,2024-01-01,2024-12-31,232,230,2,0,0.008621,13,0.056522,1,0.004348,-3.31,-11.0,20.1,9.45,0.0,16.4,24,0.104348,18,0.078261,13,0.056522,0.74,0.0,1,0.055556,0,0.0
origin_airline_route_time_bucket,IAD,SEA,UA,,SEA→IAD UA,early_morning,,2024-01-01,2024-12-31,353,332,21,2,0.05949,10,0.03012,2,0.006024,-0.55,-5.0,15.1,7.19,0.0,10.1,24,0.072289,15,0.045181,12,0.036145,-1.24,0.0,2,0.125,1,0.083333
origin_airline_route_time_bucket,IAD,SEA,UA,,SEA→IAD UA,night,,2024-01-01,2024-12-31,228,220,8,2,0.035088,13,0.059091,2,0.009091,7.4,-6.5,32.8,21.1,2.0,41.3,60,0.272727,36,0.163636,14,0.063636,4.61,0.0,5,0.135135,0,0.0
origin_airline_route_time_bucket,IAD,SFO,AS,,SFO→IAD AS,afternoon,,2024-01-01,2024-12-31,83,83,0,0,0.0,4,0.048193,0,0.0,6.64,2.0,32.8,12.61,0.0,45.2,19,0.228916,11,0.13253,5,0.060241,0.93,0.0,0,0.0,0,0.0
origin_airline_route_time_bucket,IAD,SFO,AS,,SFO→IAD AS,early_morning,,2024-01-01,2024-12-31,207,204,3,0,0.014493,6,0.029412,0,0.0,-12.7,-17.0,5.0,3.99,0.0,3.7,10,0.04902,9,0.044118,6,0.029412,0.34,0.0,0,0.0,0,0.0
origin_airline_route_time_bucket,IAD,SFO,AS,,SFO→IAD AS,night,,2024-01-01,2024-12-31,131,131,0,0,0.0,12,0.091603,0,0.0,5.11,-7.0,57.0,15.18,0.0,42.0,38,0.290076,26,0.198473,9,0.068702,-0.19,0.0,0,0.0,0,0.0
origin_airline_route_time_bucket,IAD,SFO,UA,,SFO→IAD UA,afternoon,,2024-01-01,2024-12-31,480,476,4,1,0.008333,37,0.077731,12,0.02521,9.27,-5.0,36.2,21.24,0.0,49.0,114,0.239496,70,0.147059,39,0.081933,3.11,0.0,5,0.070423,0,0.0
origin_airline_route_time_bucket,IAD,SFO,UA,,SFO→IAD UA,early_morning,,2024-01-01,2024-12-31,484,480,4,3,0.008264,20,0.041667,5,0.010417,1.45,-6.0,28.0,10.77,0.0,23.4,65,0.135417,43,0.089583,19,0.039583,-0.03,0.0,1,0.023256,0,0.0
origin_airline_route_time_bucket,IAD,SFO,UA,,SFO→IAD UA,evening,,2024-01-01,2024-12-31,329,326,3,0,0.009119,24,0.07362,4,0.01227,1.41,-8.5,38.5,17.19,0.0,55.0,83,0.254601,53,0.162577,31,0.095092,4.58,0.0,9,0.166667,0,0.0
origin_airline_route_time_bucket,IAD,SFO,UA,,SFO→IAD UA,late_morning,,2024-01-01,2024-12-31,342,333,9,2,0.026316,22,0.066066,6,0.018018,2.44,-10.0,32.0,18.4,0.0,47.0,69,0.207207,47,0.141141,29,0.087087,3.81,0.0,8,0.170213,0,0.0
origin_airline_route_time_bucket,IAD,SFO,UA,,SFO→IAD UA,night,,2024-01-01,2024-12-31,701,686,15,0,0.021398,36,0.052478,3,0.004373,-0.87,-8.0,29.0,13.73,0.0,44.0,145,0.21137,96,0.139942,46,0.067055,3.36,0.0,13,0.131313,2,0.041667
origin_airline_route_time_bucket,IAD,SJU,UA,,SJU→IAD UA,early_morning,,2024-01-01,2024-12-31,115,113,2,0,0.017391,3,0.026549,3,0.026549,5.83,-11.0,7.0,16.71,0.0,3.0,6,0.053097,5,0.044248,3,0.026549,-0.72,0.0,0,0.0,0,0.0
origin_airline_route_time_bucket,IAD,SJU,UA,,SJU→IAD UA,evening,,2024-01-01,2024-12-31,305,302,3,2,0.009836,19,0.062914,2,0.006623,6.58,-4.0,39.0,13.85,0.0,42.1,57,0.188742,41,0.135762,20,0.066225,-0.51,0.0,1,0.02439,0,0.0
origin_airline_route_time_bucket,IAD,SLC,DL,,SLC→IAD DL,evening,,2024-01-01,2024-12-31,364,362,2,1,0.005495,26,0.071823,1,0.002762,3.1,-8.0,30.0,13.14,0.0,33.0,68,0.187845,42,0.116022,26,0.071823,0.53,0.0,5,0.113636,0,0.0
origin_airline_route_time_bucket,IAD,SLC,DL,,SLC→IAD DL,late_morning,,2024-01-01,2024-12-31,2,2,0,0,0.0,0,0.0,0,0.0,3.5,3.5,27.9,5.5,5.5,9.9,0,0.0,0,0.0,0,0.0,-11.5,-11.5,0,,0,
origin_airline_route_time_bucket,IAD,SLC,UA,,SLC→IAD UA,night,,2024-01-01,2024-12-31,13,13,0,0,0.0,2,0.153846,0,0.0,7.77,-13.0,88.4,22.54,0.0,102.4,3,0.230769,3,0.230769,2,0.153846,1.92,0.0,0,0.0,0,0.0
origin_airline_route_time_bucket,IAD,SMF,UA,,SMF→IAD UA,early_morning,,2024-01-01,2024-12-31,182,180,2,1,0.010989,4,0.022222,1,0.005556,-7.07,-10.0,9.2,4.53,0.0,5.0,8,0.044444,5,0.027778,4,0.022222,-0.43,0.0,0,0.0,0,0.0
origin_airline_route_time_bucket,IAD,SMF,UA,,SMF→IAD UA,night,,2024-01-01,2024-12-31,124,121,3,1,0.024194,4,0.033058,2,0.016529,6.59,-10.0,23.2,21.79,0.0,35.2,18,0.14876,14,0.115702,6,0.049587,3.38,0.0,1,0.066667,0,0.0
origin_airline_route_time_bucket,IAD,SRQ,G4,,SRQ→IAD G4,afternoon,,2024-01-01,2024-12-31,19,19,0,0,0.0,2,0.105263,0,0.0,7.05,-8.0,53.0,12.11,0.0,36.8,3,0.157895,2,0.105263,2,0.105263,-4.0,0.0,0,0.0,0,0.0
origin_airline_route_time_bucket,IAD,SRQ,G4,,SRQ→IAD G4,early_morning,,2024-01-01,2024-12-31,60,57,3,0,0.05,1,0.017544,0,0.0,-10.68,-13.0,-1.8,2.75,0.0,0.0,3,0.052632,2,0.035088,1,0.017544,-0.28,0.0,0,0.0,0,0.0
origin_airline_route_time_bucket,IAD,SRQ,G4,,SRQ→IAD G4,evening,,2024-01-01,2024-12-31,15,15,0,0,0.0,2,0.133333,2,0.133333,23.2,-17.0,120.0,34.73,0.0,110.4,2,0.133333,2,0.133333,2,0.133333,-2.6,0.0,0,0.0,0,0.0
origin_airline_route_time_bucket,IAD,SRQ,UA,,SRQ→IAD UA,afternoon,,2024-01-01,2024-12-31,143,139,4,1,0.027972,8,0.057554,1,0.007194,10.11,-5.0,33.0,16.96,0.0,31.9,19,0.136691,15,0.107914,9,0.064748,-0.46,0.0,1,0.0625,0,0.0
origin_airline_route_time_bucket,IAD,STT,UA,,STT→IAD UA,afternoon,,2024-01-01,2024-12-31,169,168,1,1,0.005917,7,0.041667,0,0.0,-1.01,-5.0,18.0,7.51,0.0,25.4,25,0.14881,15,0.089286,4,0.02381,-0.65,0.0,1,0.066667,0,0.0
origin_airline_route_time_bucket,IAD,STT,UA,,STT→IAD UA,evening,,2024-01-01,2024-12-31,151,149,2,2,0.013245,9,0.060403,3,0.020134,9.18,-3.0,54.4,16.74,0.0,46.2,35,0.234899,25,0.167785,13,0.087248,-0.73,0.0,1,0.038462,0,0.0
origin_airline_route_time_bucket,IAD,SYR,UA,,SYR→IAD UA,early_morning,,2024-01-01,2024-12-31,24,24,0,0,0.0,2,0.083333,1,0.041667,3.75,-12.0,32.1,12.75,0.0,15.4,3,0.125,2,0.083333,2,0.083333,-2.42,0.0,0,0.0,0,0.0
origin_airline_route_time_bucket,IAD,SYR,YX,,SYR→IAD YX,afternoon,,2024-01-01,2024-12-31,29,29,0,0,0.0,0,0.0,0,0.0,-21.97,-23.0,-11.6,0.62,0.0,0.0,1,0.034483,0,0.0,0,0.0,0.07,0.0,0,,0,
origin_airline_route_time_bucket,IAD,SYR,YX,,SYR→IAD YX,early_morning,,2024-01-01,2024-12-31,9,9,0,0,0.0,1,0.111111,0,0.0,-6.78,-16.0,21.2,1.44,0.0,2.6,0,0.0,0,0.0,0,0.0,-7.22,0.0,0,,0,
origin_airline_route_time_bucket,IAD,TPA,F9,,TPA→IAD F9,afternoon,,2024-01-01,2024-12-31,6,6,0,0,0.0,0,0.0,0,0.0,-1.83,-9.5,20.5,2.83,0.0,8.5,1,0.166667,0,0.0,0,0.0,-5.0,0.0,0,,0,
origin_airline_route_time_bucket,IAD,TPA,F9,,TPA→IAD F9,early_morning,,2024-01-01,2024-12-31,2,2,0,0,0.0,0,0.0,0,0.0,-11.5,-11.5,-11.1,0.0,0.0,0.0,0,0.0,0,0.0,0,0.0,0.0,0.0,0,,0,
origin_airline_route_time_bucket,IAD,TPA,F9,,TPA→IAD F9,evening,,2024-01-01,2024-12-31,3,3,0,0,0.0,1,0.333333,0,0.0,38.67,4.0,102.4,43.67,4.0,102.4,1,0.333333,1,0.333333,1,0.333333,0.0,0.0,0,0.0,0,0.0
origin_airline_route_time_bucket,IAD,TPA,F9,,TPA→IAD F9,late_morning,,2024-01-01,2024-12-31,4,4,0,0,0.0,1,0.25,0,0.0,17.75,-5.0,62.7,8.0,0.0,22.4,1,0.25,1,0.25,0,0.0,-14.5,0.0,0,0.0,0,
origin_airline_route_time_bucket,IAD,TPA,UA,,TPA→IAD UA,afternoon,,2024-01-01,2024-12-31,366,354,12,2,0.032787,21,0.059322,5,0.014124,2.49,-9.0,33.6,11.03,0.0,26.9,46,0.129944,33,0.09322,15,0.042373,-1.46,0.0,0,0.0,0,0.0
origin_airline_route_time_bucket,IAD,TPA,UA,,TPA→IAD UA,early_morning,,2024-01-01,2024-12-31,70,69,1,0,0.014286,0,0.0,0,0.0,-14.96,-16.0,-3.0,0.77,0.0,0.0,1,0.014493,1,0.014493,0,0.0,-0.06,0.0,0,0.0,0,
origin_airline_route_time_bucket,IAD,TPA,UA,,TPA→IAD UA,evening,,2024-01-01,2024-12-31,365,358,7,0,0.019178,44,0.122905,11,0.030726,17.18,-6.0,85.2,26.19,0.0,81.4,93,0.259777,67,0.187151,41,0.114525,0.74,0.0,0,0.0,0,0.0
origin_airline_route_time_bucket,IAD,TPA,UA,,TPA→IAD UA,late_morning,,2024-01-01,2024-12-31,295,288,7,1,0.023729,11,0.038194,4,0.013889,-5.91,-15.0,5.4,8.07,0.0,9.0,24,0.083333,18,0.0625,11,0.038194,0.05,0.0,1,0.047619,0,0.0
origin_airline_route_time_bucket,IAD,TYS,UA,,TYS→IAD UA,afternoon,,2024-01-01,2024-12-31,1,1,0,0,0.0,0,0.0,0,0.0,-19.0,-19.0,-19.0,0.0,0.0,0.0,0,0.0,0,0.0,0,0.0,0.0,0.0,0,,0,
flight_number_time_bucket,IAD,ANC,UA,UA1698.0,ANC→IAD,night,,2024-01-01,2024-12-31,103,101,2,2,0.019417,4,0.039604,2,0.019802,-1.87,-12.0,29.2,15.82,0.0,45.0,21,0.207921,16,0.158416,6,0.059406,3.97,0.0,3,0.1875,1,0.125
flight_number_time_bucket,IAD,ATL,DL,DL1309.0,ATL→IAD,evening,,2024-01-01,2024-12-31,146,144,2,0,0.013699,21,0.145833,4,0.027778,17.66,-3.5,79.4,22.88,0.0,80.4,37,0.256944,28,0.194444,19,0.131944,0.06,0.0,1,0.032258,0,0.0
flight_number_time_bucket,IAD,ATL,DL,DL1309.0,ATL→IAD,night,,2024-01-01,2024-12-31,24,24,0,0,0.0,2,0.083333,0,0.0,9.75,-1.0,41.1,12.54,0.0,44.3,5,0.208333,3,0.125,1,0.041667,-0.67,0.0,0,0.0,0,0.0
flight_number_time_bucket,IAD,ATL,DL,DL1400.0,ATL→IAD,early_morning,,2024-01-01,2024-12-31,40,39,1,0,0.025,0,0.0,0,0.0,-6.38,-10.0,12.2,2.97,0.0,11.0,3,0.076923,1,0.025641,0,0.0,-0.26,0.0,0,0.0,0,
flight_number_time_bucket,IAD,ATL,DL,DL1400.0,ATL→IAD,late_morning,,2024-01-01,2024-12-31,156,154,2,0,0.012821,6,0.038961,1,0.006494,7.48,-2.0,26.4,11.92,0.0,27.0,27,0.175325,14,0.090909,5,0.032468,-0.66,0.0,0,0.0,0,0.0
flight_number_time_bucket,IAD,ATL,DL,DL1444.0,ATL→IAD,afternoon,,2024-01-01,2024-12-31,9,8,1,0,0.111111,0,0.0,0,0.0,12.75,6.0,39.5,2.12,0.0,8.3,0,0.0,0,0.0,0,0.0,-12.25,-5.5,0,,0,
flight_number_time_bucket,IAD,ATL,DL,DL1444.0,ATL→IAD,early_morning,,2024-01-01,2024-12-31,138,137,1,0,0.007246,5,0.036496,1,0.007299,0.74,-7.0,16.4,7.07,0.0,14.4,13,0.094891,7,0.051095,6,0.043796,-1.0,0.0,0,0.0,0,0.0
flight_number_time_bucket,IAD,ATL,DL,DL1680.0,ATL→IAD,early_morning,,2024-01-01,2024-12-31,5,5,0,0,0.0,0,0.0,0,0.0,-9.0,-9.0,-5.0,0.0,0.0,0.0,0,0.0,0,0.0,0,0.0,0.0,0.0,0,,0,
flight_number_time_bucket,IAD,ATL,DL,DL1695.0,ATL→IAD,afternoon,,2024-01-01,2024-12-31,329,327,2,1,0.006079,26,0.079511,4,0.012232,9.55,-4.0,45.0,14.59,0.0,47.0,66,0.201835,42,0.12844,26,0.079511,-0.79,0.0,0,0.0,0,0.0
flight_number_time_bucket,IAD,ATL,DL,DL1695.0,ATL→IAD,evening,,2024-01-01,2024-12-31,14,14,0,0,0.0,0,0.0,0,0.0,1.36,-3.5,20.6,7.43,0.0,18.0,3,0.214286,1,0.071429,1,0.071429,-0.5,0.0,0,0.0,0,0.0
flight_number_time_bucket,IAD,ATL,DL,DL2146.0,ATL→IAD,early_morning,,2024-01-01,2024-12-31,4,4,0,0,0.0,0,0.0,0,0.0,2.5,3.0,12.4,2.0,0.0,5.6,0,0.0,0,0.0,0,0.0,-4.0,-2.5,0,,0,
flight_number_time_bucket,IAD,ATL,DL,DL2146.0,ATL→IAD,late_morning,,2024-01-01,2024-12-31,53,53,0,0,0.0,2,0.037736,0,0.0,7.7,2.0,21.2,9.38,0.0,18.8,7,0.132075,3,0.056604,3,0.056604,-1.4,0.0,0,0.0,0,0.0
flight_number_time_bucket,IAD,ATL,DL,DL2178.0,ATL→IAD,night,,2024-01-01,2024-12-31,58,58,0,0,0.0,4,0.068966,1,0.017241,17.45,-0.5,48.6,22.55,0.0,49.2,10,0.172414,8,0.137931,4,0.068966,1.14,0.0,0,0.0,0,0.0
flight_number_time_bucket,IAD,ATL,DL,DL2332.0,ATL→IAD,early_morning,,2024-01-01,2024-12-31,146,146,0,0,0.0,5,0.034247,1,0.006849,0.42,-7.0,10.5,7.05,0.0,13.5,13,0.089041,9,0.061644,5,0.034247,-0.52,0.0,0,0.0,0,0.0
flight_number_time_bucket,IAD,ATL,DL,DL2385.0,ATL→IAD,night,,2024-01-01,2024-12-31,16,15,1,0,0.0625,0,0.0,0,0.0,8.87,6.0,35.0,12.07,0.0,39.0,4,0.266667,2,0.133333,0,0.0,-0.27,0.0,0,0.0,0,
flight_number_time_bucket,IAD,ATL,DL,DL2443.0,ATL→IAD,afternoon,,2024-01-01,2024-12-31,28,28,0,0,0.0,0,0.0,0,0.0,-4.82,-8.0,6.1,3.57,0.0,11.0,3,0.107143,1,0.035714,0,0.0,0.64,0.0,0,0.0,0,
flight_number_time_bucket,IAD,ATL,DL,DL2549.0,ATL→IAD,night,,2024-01-01,2024-12-31,306,301,5,1,0.01634,25,0.083056,5,0.016611,16.37,-3.0,52.1,21.41,0.0,46.6,68,0.225914,53,0.17608,23,0.076412,0.03,0.0,0,0.0,0,0.0
flight_number_time_bucket,IAD,ATL,DL,DL2820.0,ATL→IAD,late_morning,,2024-01-01,2024-12-31,95,95,0,0,0.0,4,0.042105,0,0.0,0.75,-4.0,17.6,7.44,0.0,22.0,13,0.136842,5,0.052632,4,0.042105,0.09,0.0,0,0.0,0,0.0
flight_number_time_bucket,IAD,ATL,DL,DL2902.0,ATL→IAD,evening,,2024-01-01,2024-12-31,286,283,3,2,0.01049,16,0.056537,2,0.007067,6.27,-4.0,34.0,11.27,0.0,29.0,46,0.162544,27,0.095406,14,0.04947,-0.7,0.0,0,0.0,0,0.0
flight_number_time_bucket,IAD,ATL,DL,DL2902.0,ATL→IAD,night,,2024-01-01,2024-12-31,2,2,0,0,0.0,0,0.0,0,0.0,-9.0,-9.0,-4.2,0.0,0.0,0.0,0,0.0,0,0.0,0,0.0,0.0,0.0,0,,0,
flight_number_time_bucket,IAD,ATL,DL,DL644.0,ATL→IAD,evening,,2024-01-01,2024-12-31,12,12,0,0,0.0,0,0.0,0,0.0,-0.83,-5.0,20.4,5.08,0.0,26.1,2,0.166667,1,0.083333,0,0.0,0.67,0.0,0,0.0,0,
flight_number_time_bucket,IAD,ATL,DL,DL644.0,ATL→IAD,night,,2024-01-01,2024-12-31,16,16,0,0,0.0,2,0.125,0,0.0,17.75,2.5,58.5,19.38,0.0,57.0,4,0.25,4,0.25,2,0.125,-0.75,0.0,0,0.0,0,0.0
flight_number_time_bucket,IAD,ATL,DL,DL719.0,ATL→IAD,afternoon,,2024-01-01,2024-12-31,164,163,1,1,0.006098,11,0.067485,2,0.01227,4.76,-8.0,23.6,13.0,0.0,32.7,24,0.147239,17,0.104294,11,0.067485,0.59,0.0,0,0.0,0,0.0
flight_number_time_bucket,IAD,ATL,DL,DL719.0,ATL→IAD,late_morning,,2024-01-01,2024-12-31,31,31,0,0,0.0,1,0.032258,0,0.0,-3.48,-10.0,13.0,5.39,0.0,14.0,3,0.096774,1,0.032258,1,0.032258,0.26,0.0,0,0.0,0,0.0
flight_number_time_bucket,IAD,ATL,DL,DL784.0,ATL→IAD,afternoon,,2024-01-01,2024-12-31,31,30,1,0,0.032258,2,0.066667,0,0.0,6.33,-2.5,23.2,10.27,0.0,27.6,6,0.2,3,0.1,2,0.066667,-0.17,0.0,0,0.0,0,0.0
flight_number_time_bucket,IAD,ATL,F9,F91082.0,ATL→IAD,evening,,2024-01-01,2024-12-31,3,3,0,0,0.0,2,0.666667,0,0.0,82.33,73.0,146.6,77.0,67.0,144.6,2,0.666667,2,0.666667,2,0.666667,-5.33,-6.0,0,0.0,0,0.0
flight_number_time_bucket,IAD,ATL,F9,F94708.0,ATL→IAD,afternoon,,2024-01-01,2024-12-31,10,10,0,0,0.0,1,0.1,0,0.0,20.0,-0.5,59.6,24.5,0.0,45.4,4,0.4,2,0.2,1,0.1,-1.1,0.0,0,0.0,0,0.0
flight_number_time_bucket,IAD,ATL,F9,F94708.0,ATL→IAD,early_morning,,2024-01-01,2024-12-31,18,18,0,0,0.0,2,0.111111,1,0.055556,17.5,-6.5,74.9,21.39,0.0,74.5,4,0.222222,3,0.166667,3,0.166667,-2.67,0.0,0,0.0,0,0.0
flight_number_time_bucket,IAD,ATL,F9,F94708.0,ATL→IAD,evening,,2024-01-01,2024-12-31,6,6,0,0,0.0,1,0.166667,0,0.0,20.33,15.0,50.0,21.17,18.0,45.5,3,0.5,1,0.166667,1,0.166667,-1.5,-2.0,0,0.0,0,0.0
flight_number_time_bucket,IAD,ATL,F9,F94708.0,ATL→IAD,late_morning,,2024-01-01,2024-12-31,8,8,0,0,0.0,1,0.125,0,0.0,12.38,0.5,54.3,9.88,0.0,34.1,2,0.25,1,0.125,0,0.0,-6.5,-0.5,0,0.0,0,
flight_number_time_bucket,IAD,ATL,UA,UA1780.0,ATL→IAD,afternoon,,2024-01-01,2024-12-31,15,14,1,0,0.066667,2,0.142857,0,0.0,12.79,-5.5,77.1,19.07,0.0,83.1,2,0.142857,2,0.142857,2,0.142857,0.86,0.0,0,0.0,0,0.0
flight_number_time_bucket,IAD,ATL,UA,UA2424.0,ATL→IAD,afternoon,,2024-01-01,2024-12-31,34,33,1,0,0.029412,1,0.030303,0,0.0,-1.88,-6.0,10.8,4.55,0.0,5.0,3,0.090909,2,0.060606,1,0.030303,-0.45,0.0,0,0.0,0,0.0
flight_number_time_bucket,IAD,ATL,UA,UA2634.0,ATL→IAD,evening,,2024-01-01,2024-12-31,340,338,2,0,0.005882,24,0.071006,7,0.02071,9.88,-4.0,44.6,16.51,0.0,45.3,68,0.201183,49,0.14497,29,0.085799,0.33,0.0,1,0.019608,0,0.0
flight_number_time_bucket,IAD,ATL,UA,UA267.0,ATL→IAD,early_morning,,2024-01-01,2024-12-31,108,105,3,0,0.027778,1,0.009524,1,0.009524,-10.6,-14.0,0.6,3.3,0.0,5.6,3,0.028571,2,0.019048,1,0.009524,0.71,0.0,0,0.0,0,0.0
flight_number_time_bucket,IAD,ATL,UA,UA334.0,ATL→IAD,early_morning,,2024-01-01,2024-12-31,35,34,1,0,0.028571,0,0.0,0,0.0,-11.71,-12.0,-0.6,4.97,0.0,14.1,3,0.088235,1,0.029412,0,0.0,3.65,0.0,0,0.0,0,
flight_number_time_bucket,IAD,ATL,UA,UA562.0,ATL→IAD,afternoon,,2024-01-01,2024-12-31,223,222,1,1,0.004484,16,0.072072,7,0.031532,12.29,-4.0,48.0,17.31,0.0,41.0,41,0.184685,27,0.121622,12,0.054054,-1.9,0.0,0,0.0,0,0.0
flight_number_time_bucket,IAD,ATL,UA,UA632.0,ATL→IAD,late_morning,,2024-01-01,2024-12-31,309,309,0,0,0.0,9,0.029126,1,0.003236,-1.85,-8.0,15.0,5.86,0.0,8.2,24,0.07767,16,0.05178,12,0.038835,-0.97,0.0,0,0.0,0,0.0
flight_number_time_bucket,IAD,ATL,WN,WN176.0,ATL→IAD,late_morning,,2024-01-01,2024-12-31,1,1,0,0,0.0,0,0.0,0,0.0,-6.0,-6.0,-6.0,0.0,0.0,0.0,0,0.0,0,0.0,0,0.0,0.0,0.0,0,,0,
flight_number_time_bucket,IAD,ATL,WN,WN2123.0,ATL→IAD,evening,,2024-01-01,2024-12-31,1,1,0,0,0.0,0,0.0,0,0.0,6.0,6.0,6.0,7.0,7.0,7.0,0,0.0,0,0.0,0,0.0,1.0,1.0,0,,0,
flight_number_time_bucket,IAD,ATL,WN,WN3597.0,ATL→IAD,late_morning,,2024-01-01,2024-12-31,1,1,0,0,0.0,0,0.0,0,0.0,-11.0,-11.0,-11.0,0.0,0.0,0.0,0,0.0,0,0.0,0,0.0,0.0,0.0,0,,0,
flight_number_time_bucket,IAD,ATL,WN,WN623.0,ATL→IAD,evening,,2024-01-01,2024-12-31,5,5,0,0,0.0,0,0.0,0,0.0,-4.4,-6.0,0.4,4.8,0.0,12.6,0,0.0,0,0.0,0,0.0,4.0,0.0,0,,0,
flight_number_time_bucket,IAD,ATL,YX,YX3429.0,ATL→IAD,afternoon,,2024-01-01,2024-12-31,3,3,0,0,0.0,0,0.0,0,0.0,-5.33,-4.0,4.8,0.0,0.0,0.0,0,0.0,0,0.0,0,0.0,-2.33,0.0,0,,0,
flight_number_time_bucket,IAD,ATL,YX,YX3514.0,ATL→IAD,evening,,2024-01-01,2024-12-31,8,8,0,0,0.0,0,0.0,0,0.0,-0.62,-1.0,13.3,5.5,0.0,20.4,2,0.25,0,0.0,0,0.0,1.38,0.0,0,,0,
flight_number_time_bucket,IAD,ATL,YX,YX3597.0,ATL→IAD,late_morning,,2024-01-01,2024-12-31,29,29,0,0,0.0,1,0.034483,0,0.0,2.93,-1.0,12.6,7.83,0.0,7.8,3,0.103448,3,0.103448,1,0.034483,-1.24,0.0,0,0.0,0,0.0
flight_number_time_bucket,IAD,AUS,G4,G41497.0,AUS→IAD,afternoon,,2024-01-01,2024-12-31,4,4,0,0,0.0,1,0.25,1,0.25,323.0,10.5,901.2,324.75,14.0,898.1,2,0.5,1,0.25,1,0.25,-0.75,-5.0,0,0.0,0,0.0
flight_number_time_bucket,IAD,AUS,G4,G41505.0,AUS→IAD,early_morning,,2024-01-01,2024-12-31,14,14,0,0,0.0,1,0.071429,0,0.0,-13.21,-20.5,0.4,7.14,0.0,2.1,1,0.071429,1,0.071429,1,0.071429,0.79,0.0,0,0.0,0,0.0
flight_number_time_bucket,IAD,AUS,G4,G41508.0,AUS→IAD,afternoon,,2024-01-01,2024-12-31,2,2,0,0,0.0,0,0.0,0,0.0,-12.5,-12.5,3.9,12.0,12.0,21.6,1,0.5,0,0.0,0,0.0,8.0,8.0,0,,0,
flight_number_time_bucket,IAD,AUS,G4,G41508.0,AUS→IAD,early_morning,,2024-01-01,2024-12-31,4,4,0,0,0.0,0,0.0,0,0.0,-8.5,-16.5,24.7,2.75,0.0,7.7,0,0.0,0,0.0,0,0.0,-6.5,0.0,0,,0,
flight_number_time_bucket,IAD,AUS,G4,G41508.0,AUS→IAD,late_morning,,2024-01-01,2024-12-31,6,6,0,0,0.0,0,0.0,0,0.0,-25.33,-23.5,-20.0,0.0,0.0,0.0,0,0.0,0,0.0,0,0.0,0.0,0.0,0,,0,
flight_number_time_bucket,IAD,AUS,G4,G41509.0,AUS→IAD,early_morning,,2024-01-01,2024-12-31,2,2,0,0,0.0,0,0.0,0,0.0,-29.5,-29.5,-26.7,0.0,0.0,0.0,0,0.0,0,0.0,0,0.0,0.0,0.0,0,,0,
flight_number_time_bucket,IAD,AUS,G4,G41512.0,AUS→IAD,afternoon,,2024-01-01,2024-12-31,6,6,0,0,0.0,1,0.166667,0,0.0,5.0,-3.5,32.5,11.67,4.0,31.0,1,0.166667,1,0.166667,0,0.0,0.83,0.0,0,0.0,0,
flight_number_time_bucket,IAD,AUS,G4,G41516.0,AUS→IAD,afternoon,,2024-01-01,2024-12-31,6,5,1,0,0.166667,0,0.0,0,0.0,33.6,37.0,48.2,25.8,22.0,52.4,3,0.6,2,0.4,1,0.2,-7.8,2.0,0,0.0,0,0.0
flight_number_time_bucket,IAD,AUS,G4,G43129.0,AUS→IAD,afternoon,,2024-01-01,2024-12-31,10,9,1,0,0.1,1,0.111111,0,0.0,14.22,11.0,48.2,19.11,7.0,50.2,3,0.333333,3,0.333333,1,0.111111,-1.22,0.0,0,0.0,0,0.0
flight_number_time_bucket,IAD,AUS,MQ,MQ3685.0,AUS→IAD,late_morning,,2024-01-01,2024-12-31,26,25,1,0,0.038462,1,0.04,0,0.0,-2.48,-11.0,13.8,8.96,0.0,21.2,3,0.12,2,0.08,1,0.04,0.48,0.0,0,0.0,0,0.0
flight_number_time_bucket,IAD,AUS,UA,UA1026.0,AUS→IAD,evening,,2024-01-01,2024-12-31,29,29,0,0,0.0,6,0.206897,4,0.137931,43.28,1.0,214.6,56.83,7.0,237.4,12,0.413793,10,0.344828,7,0.241379,6.79,2.0,0,0.0,0,0.0
flight_number_time_bucket,IAD,AUS,UA,UA1388.0,AUS→IAD,late_morning,,2024-01-01,2024-12-31,37,37,0,0,0.0,1,0.027027,1,0.027027,-0.38,-10.0,11.0,9.19,0.0,7.6,3,0.081081,2,0.054054,1,0.027027,0.08,0.0,0,0.0,0,0.0
flight_number_time_bucket,IAD,AUS,UA,UA1727.0,AUS→IAD,early_morning,,2024-01-01,2024-12-31,195,193,2,0,0.010256,7,0.036269,1,0.005181,-8.63,-17.0,9.0,8.44,0.0,17.0,21,0.108808,14,0.072539,7,0.036269,1.66,0.0,0,0.0,0,0.0
flight_number_time_bucket,IAD,AUS,UA,UA2344.0,AUS→IAD,afternoon,,2024-01-01,2024-12-31,151,149,2,0,0.013245,3,0.020134,0,0.0,-5.73,-8.0,11.0,3.91,0.0,11.0,11,0.073826,5,0.033557,3,0.020134,-0.13,0.0,0,0.0,0,0.0
flight_number_time_bucket,IAD,AUS,UA,UA2344.0,AUS→IAD,late_morning,,2024-01-01,2024-12-31,1,1,0,0,0.0,0,0.0,0,0.0,45.0,45.0,45.0,56.0,56.0,56.0,1,1.0,1,1.0,0,0.0,11.0,11.0,0,0.0,0,
flight_number_time_bucket,IAD,AUS,UA,UA238.0,AUS→IAD,afternoon,,2024-01-01,2024-12-31,31,28,3,0,0.096774,1,0.035714,0,0.0,5.86,2.0,18.3,6.14,0.0,10.6,3,0.107143,2,0.071429,1,0.035714,-2.79,0.0,1,0.5,0,0.0
flight_number_time_bucket,IAD,AUS,UA,UA2467.0,AUS→IAD,early_morning,,2024-01-01,2024-12-31,2,2,0,0,0.0,0,0.0,0,0.0,-3.5,-3.5,12.9,15.0,15.0,27.0,1,0.5,0,0.0,0,0.0,6.5,6.5,0,0.0,0,
flight_number_time_bucket,IAD,AUS,UA,UA376.0,AUS→IAD,evening,,2024-01-01,2024-12-31,202,201,1,0,0.00495,16,0.079602,3,0.014925,3.7,-8.0,33.0,16.28,0.0,38.0,35,0.174129,23,0.114428,18,0.089552,2.55,0.0,0,0.0,0,0.0
flight_number_time_bucket,IAD,AUS,UA,UA400.0,AUS→IAD,afternoon,,2024-01-01,2024-12-31,78,77,1,0,0.012821,0,0.0,0,0.0,-2.14,-5.0,13.4,3.25,0.0,12.4,7,0.090909,2,0.025974,0,0.0,-1.22,0.0,0,0.0,0,
flight_number_time_bucket,IAD,AUS,UA,UA654.0,AUS→IAD,early_morning,,2024-01-01,2024-12-31,137,137,0,1,0.0,3,0.021898,2,0.014599,-0.26,-7.5,9.0,8.63,0.0,7.5,8,0.058394,4,0.029197,3,0.021898,-0.25,0.0,0,0.0,0,0.0
flight_number_time_bucket,IAD,AUS,UA,UA688.0,AUS→IAD,afternoon,,2024-01-01,2024-12-31,21,20,1,0,0.047619,0,0.0,0,0.0,4.6,0.0,24.9,7.35,0.0,34.2,4,0.2,3,0.15,0,0.0,-0.75,0.0,0,0.0,0,
flight_number_time_bucket,IAD,AUS,YX,YX3597.0,AUS→IAD,early_morning,,2024-01-01,2024-12-31,6,6,0,0,0.0,0,0.0,0,0.0,4.83,4.5,23.0,8.83,0.0,26.5,2,0.333333,0,0.0,0,0.0,-0.33,0.0,0,0.0,0,
flight_number_time_bucket,IAD,AUS,YX,YX3626.0,AUS→IAD,evening,,2024-01-01,2024-12-31,4,4,0,0,0.0,0,0.0,0,0.0,4.5,14.0,17.7,5.0,0.0,14.0,1,0.25,0,0.0,0,0.0,-6.5,-5.5,0,,0,
flight_number_time_bucket,IAD,BDL,UA,UA1071.0,BDL→IAD,afternoon,,2024-01-01,2024-12-31,20,20,0,0,0.0,0,0.0,0,0.0,4.6,5.0,24.1,5.45,0.0,14.5,2,0.1,1,0.05,0,0.0,-3.55,0.0,0,0.0,0,
flight_number_time_bucket,IAD,BDL,UA,UA1104.0,BDL→IAD,evening,,2024-01-01,2024-12-31,108,107,1,0,0.009259,4,0.037383,2,0.018692,-1.64,-10.0,12.4,10.13,0.0,14.6,11,0.102804,8,0.074766,4,0.037383,1.79,0.0,0,0.0,0,0.0
flight_number_time_bucket,IAD,BDL,UA,UA1274.0,BDL→IAD,early_morning,,2024-01-01,2024-12-31,222,218,4,0,0.018018,6,0.027523,3,0.013761,-1.39,-10.0,8.0,8.16,0.0,8.0,16,0.073394,9,0.041284,7,0.03211,0.11,0.0,0,0.0,0,0.0
flight_number_time_bucket,IAD,BDL,UA,UA1499.0,BDL→IAD,evening,,2024-01-01,2024-12-31,23,23,0,1,0.0,3,0.130435,1,0.043478,17.91,-11.0,66.2,29.95,0.0,75.2,5,0.217391,5,0.217391,3,0.130435,1.77,0.0,0,0.0,0,0.0
flight_number_time_bucket,IAD,BDL,UA,UA1499.0,BDL→IAD,night,,2024-01-01,2024-12-31,2,2,0,0,0.0,0,0.0,0,0.0,-1.5,-1.5,5.3,11.5,11.5,20.7,1,0.5,0,0.0,0,0.0,8.0,8.0,0,,0,
flight_number_time_bucket,IAD,BDL,UA,UA1893.0,BDL→IAD,late_morning,,2024-01-01,2024-12-31,49,49,0,0,0.0,1,0.020408,0,0.0,-2.51,-11.0,20.8,7.73,0.0,15.0,5,0.102041,4,0.081633,2,0.040816,0.12,0.0,0,0.0,0,0.0
flight_number_time_bucket,IAD,BDL,UA,UA2172.0,BDL→IAD,evening,,2024-01-01,2024-12-31,44,44,0,0,0.0,5,0.113636,4,0.090909,31.73,-5.5,108.0,38.95,0.0,112.3,8,0.181818,6,0.136364,5,0.113636,-0.11,0.0,0,0.0,0,0.0
flight_number_time_bucket,IAD,BDL,UA,UA2440.0,BDL→IAD,early_morning,,2024-01-01,2024-12-31,135,134,1,0,0.007407,3,0.022388,1,0.007463,-2.23,-9.0,6.7,6.95,0.0,7.0,9,0.067164,5,0.037313,2,0.014925,-0.37,0.0,0,0.0,0,0.0
flight_number_time_bucket,IAD,BDL,UA,UA466.0,BDL→IAD,evening,,2024-01-01,2024-12-31,18,18,0,0,0.0,0,0.0,0,0.0,-16.06,-18.0,-0.9,3.94,0.0,10.6,1,0.055556,1,0.055556,0,0.0,2.44,0.0,0,0.0,0,
flight_number_time_bucket,IAD,BDL,YX,YX3511.0,BDL→IAD,late_morning,,2024-01-01,2024-12-31,1,1,0,0,0.0,0,0.0,0,0.0,-14.0,-14.0,-14.0,0.0,0.0,0.0,0,0.0,0,0.0,0,0.0,0.0,0.0,0,,0,
flight_number_time_bucket,IAD,BDL,YX,YX3541.0,BDL→IAD,afternoon,,2024-01-01,2024-12-31,15,15,0,0,0.0,0,0.0,0,0.0,-1.53,-10.0,20.4,1.27,0.0,0.0,1,0.066667,0,0.0,0,0.0,-7.33,0.0,0,,0,
flight_number_time_bucket,IAD,BNA,G4,G41960.0,BNA→IAD,evening,,2024-01-01,2024-12-31,2,2,0,0,0.0,0,0.0,0,0.0,0.0,0.0,2.4,10.0,10.0,11.6,0,0.0,0,0.0,0,0.0,8.5,8.5,0,,0,
flight_number_time_bucket,IAD,BNA,G4,G41981.0,BNA→IAD,afternoon,,2024-01-01,2024-12-31,2,2,0,0,0.0,0,0.0,0,0.0,-13.5,-13.5,-9.9,0.0,0.0,0.0,0,0.0,0,0.0,0,0.0,0.0,0.0,0,,0,
flight_number_time_bucket,IAD,BNA,G4,G41982.0,BNA→IAD,afternoon,,2024-01-01,2024-12-31,4,4,0,0,0.0,1,0.25,1,0.25,65.25,0.0,192.5,70.75,0.0,198.1,1,0.25,1,0.25,1,0.25,1.0,0.0,0,0.0,0,0.0
flight_number_time_bucket,IAD,BNA,G4,G41982.0,BNA→IAD,evening,,2024-01-01,2024-12-31,2,2,0,0,0.0,0,0.0,0,0.0,-9.0,-9.0,-9.0,0.0,0.0,0.0,0,0.0,0,0.0,0,0.0,0.0,0.0,0,,0,
flight_number_time_bucket,IAD,BNA,G4,G4319.0,BNA→IAD,early_morning,,2024-01-01,2024-12-31,10,10,0,0,0.0,1,0.1,1,0.1,17.7,-10.5,51.3,26.2,0.0,31.8,1,0.1,1,0.1,1,0.1,-2.7,0.0,0,0.0,0,0.0
flight_number_time_bucket,IAD,BNA,G4,G4323.0,BNA→IAD,afternoon,,2024-01-01,2024-12-31,8,8,0,0,0.0,0,0.0,0,0.0,-2.0,-8.0,21.5,7.88,0.0,26.9,2,0.25,1,0.125,0,0.0,0.75,0.0,0,0.0,0,
flight_number_time_bucket,IAD,BNA,G4,G4327.0,BNA→IAD,afternoon,,2024-01-01,2024-12-31,1,1,0,0,0.0,0,0.0,0,0.0,-18.0,-18.0,-18.0,0.0,0.0,0.0,0,0.0,0,0.0,0,0.0,0.0,0.0,0,,0,
flight_number_time_bucket,IAD,BNA,G4,G4337.0,BNA→IAD,evening,,2024-01-01,2024-12-31,10,10,0,0,0.0,2,0.2,1,0.1,44.9,30.0,131.5,51.9,27.0,137.7,5,0.5,5,0.5,4,0.4,3.5,2.5,0,0.0,0,0.0
flight_number_time_bucket,IAD,BNA,G4,G4343.0,BNA→IAD,afternoon,,2024-01-01,2024-12-31,1,1,0,0,0.0,0,0.0,0,0.0,-13.0,-13.0,-13.0,0.0,0.0,0.0,0,0.0,0,0.0,0,0.0,0.0,0.0,0,,0,
flight_number_time_bucket,IAD,BNA,G4,G4344.0,BNA→IAD,afternoon,,2024-01-01,2024-12-31,2,2,0,0,0.0,0,0.0,0,0.0,-16.5,-16.5,-15.3,0.0,0.0,0.0,0,0.0,0,0.0,0,0.0,0.0,0.0,0,,0,
flight_number_time_bucket,IAD,BNA,G4,G4348.0,BNA→IAD,afternoon,,2024-01-01,2024-12-31,2,2,0,0,0.0,0,0.0,0,0.0,20.5,20.5,43.3,28.5,28.5,51.3,1,0.5,1,0.5,0,0.0,4.0,4.0,0,0.0,0,
flight_number_time_bucket,IAD,BNA,G4,G4348.0,BNA→IAD,evening,,2024-01-01,2024-12-31,6,6,0,0,0.0,1,0.166667,1,0.166667,28.17,-6.0,99.0,34.67,0.0,104.0,1,0.166667,1,0.166667,1,0.166667,1.67,0.0,0,0.0,0,0.0
flight_number_time_bucket,IAD,BNA,G4,G4353.0,BNA→IAD,afternoon,,2024-01-01,2024-12-31,12,12,0,0,0.0,1,0.083333,1,0.083333,15.75,-2.5,34.1,17.83,0.0,15.3,2,0.166667,1,0.083333,1,0.083333,-2.0,0.0,0,0.0,0,0.0
flight_number_time_bucket,IAD,BNA,G4,G4357.0,BNA→IAD,afternoon,,2024-01-01,2024-12-31,2,2,0,0,0.0,0,0.0,0,0.0,-6.0,-6.0,-3.6,5.5,5.5,9.9,0,0.0,0,0.0,0,0.0,5.5,5.5,0,,0,
flight_number_time_bucket,IAD,BNA,UA,UA1709.0,BNA→IAD,early_morning,,2024-01-01,2024-12-31,203,200,3,0,0.014778,1,0.005,0,0.0,-8.5,-12.0,8.0,2.6,0.0,5.0,10,0.05,7,0.035,1,0.005,-0.02,0.0,0,0.0,0,0.0
flight_number_time_bucket,IAD,BNA,UA,UA204.0,BNA→IAD,evening,,2024-01-01,2024-12-31,13,13,0,0,0.0,0,0.0,0,0.0,1.54,-2.0,11.2,5.62,0.0,7.0,1,0.076923,1,0.076923,0,0.0,-0.15,0.0,0,0.0,0,
flight_number_time_bucket,IAD,BNA,UA,UA2060.0,BNA→IAD,early_morning,,2024-01-01,2024-12-31,31,30,1,0,0.032258,1,0.033333,0,0.0,-10.5,-14.5,-4.3,2.7,0.0,0.3,1,0.033333,1,0.033333,1,0.033333,-0.7,0.0,0,0.0,0,0.0
flight_number_time_bucket,IAD,BNA,UA,UA2125.0,BNA→IAD,afternoon,,2024-01-01,2024-12-31,351,349,2,1,0.005698,27,0.077364,9,0.025788,11.55,-3.0,36.0,15.38,0.0,29.6,46,0.131805,35,0.100287,25,0.071633,-1.89,0.0,0,0.0,0,0.0
flight_number_time_bucket,IAD,BNA,UA,UA495.0,BNA→IAD,evening,,2024-01-01,2024-12-31,352,349,3,0,0.008523,28,0.080229,3,0.008596,6.28,-6.0,35.2,13.92,0.0,34.2,60,0.17192,39,0.111748,28,0.080229,0.3,0.0,1,0.025,0,0.0
flight_number_time_bucket,IAD,BOS,UA,UA1157.0,BOS→IAD,late_morning,,2024-01-01,2024-12-31,29,29,0,0,0.0,0,0.0,0,0.0,-10.76,-13.0,0.6,1.69,0.0,4.6,1,0.034483,0,0.0,0,0.0,-0.55,0.0,0,,0,
flight_number_time_bucket,IAD,BOS,UA,UA1470.0,BOS→IAD,afternoon,,2024-01-01,2024-12-31,143,141,2,0,0.013986,10,0.070922,2,0.014184,6.34,-5.0,43.0,11.23,0.0,43.0,18,0.12766,15,0.106383,9,0.06383,-3.56,0.0,0,0.0,0,0.0
flight_number_time_bucket,IAD,BOS,UA,UA1734.0,BOS→IAD,early_morning,,2024-01-01,2024-12-31,66,66,0,0,0.0,0,0.0,0,0.0,-12.06,-13.0,-1.0,1.26,0.0,2.5,3,0.045455,0,0.0,0,0.0,-0.08,0.0,0,,0,
flight_number_time_bucket,IAD,BOS,UA,UA1785.0,BOS→IAD,early_morning,,2024-01-01,2024-12-31,247,247,0,0,0.0,3,0.012146,1,0.004049,-12.0,-15.0,-1.0,3.02,0.0,3.0,7,0.02834,3,0.012146,3,0.012146,0.49,0.0,0,0.0,0,0.0
flight_number_time_bucket,IAD,BOS,UA,UA2098.0,BOS→IAD,late_morning,,2024-01-01,2024-12-31,262,262,0,0,0.0,6,0.022901,1,0.003817,-4.86,-9.0,14.0,6.13,0.0,17.9,30,0.114504,11,0.041985,4,0.015267,1.06,0.0,0,0.0,0,0.0
flight_number_time_bucket,IAD,BOS,UA,UA2136.0,BOS→IAD,evening,,2024-01-01,2024-12-31,361,358,3,0,0.00831,41,0.114525,11,0.030726,12.4,-7.0,64.2,21.42,0.0,76.8,83,0.231844,59,0.164804,44,0.122905,0.73,0.0,0,0.0,0,0.0
flight_number_time_bucket,IAD,BOS,UA,UA216.0,BOS→IAD,afternoon,,2024-01-01,2024-12-31,37,37,0,0,0.0,3,0.081081,1,0.027027,6.57,-7.0,48.2,15.81,0.0,49.4,6,0.162162,5,0.135135,3,0.081081,0.81,0.0,0,0.0,0,0.0
flight_number_time_bucket,IAD,BOS,UA,UA216.0,BOS→IAD,late_morning,,2024-01-01,2024-12-31,37,34,3,0,0.081081,0,0.0,0,0.0,-12.29,-16.0,2.7,1.24,0.0,2.4,1,0.029412,0,0.0,0,0.0,-0.74,0.0,0,,0,
flight_number_time_bucket,IAD,BOS,UA,UA248.0,BOS→IAD,early_morning,,2024-01-01,2024-12-31,32,32,0,0,0.0,0,0.0,0,0.0,-13.62,-15.0,-3.1,0.69,0.0,0.0,0,0.0,0,0.0,0,0.0,-0.03,0.0,0,,0,
flight_number_time_bucket,IAD,BOS,UA,UA288.0,BOS→IAD,early_morning,,2024-01-01,2024-12-31,21,21,0,0,0.0,0,0.0,0,0.0,-14.38,-17.0,-4.0,0.1,0.0,0.0,0,0.0,0,0.0,0,0.0,-0.52,0.0,0,,0,
flight_number_time_bucket,IAD,BOS,UA,UA304.0,BOS→IAD,late_morning,,2024-01-01,2024-12-31,38,38,0,0,0.0,1,0.026316,1,0.026316,-6.05,-12.5,0.9,6.53,0.0,1.0,1,0.026316,1,0.026316,1,0.026316,-0.42,0.0,0,0.0,0,0.0
flight_number_time_bucket,IAD,BOS,UA,UA721.0,BOS→IAD,afternoon,,2024-01-01,2024-12-31,186,182,4,1,0.021505,13,0.071429,2,0.010989,6.78,-3.0,37.0,10.51,0.0,23.0,26,0.142857,15,0.082418,11,0.06044,-2.62,0.0,0,0.0,0,0.0
flight_number_time_bucket,IAD,BOS,YX,YX3547.0,BOS→IAD,evening,,2024-01-01,2024-12-31,4,4,0,0,0.0,0,0.0,0,0.0,-1.5,-2.5,6.2,2.75,0.0,7.7,0,0.0,0,0.0,0,0.0,0.25,0.0,0,,0,
flight_number_time_bucket,IAD,BTV,UA,UA205.0,BTV→IAD,early_morning,,2024-01-01,2024-12-31,12,12,0,0,0.0,0,0.0,0,0.0,-8.08,-4.5,-1.2,1.58,0.0,7.2,0,0.0,0,0.0,0,0.0,0.08,0.0,0,,0,
flight_number_time_bucket,IAD,BTV,UA,UA2116.0,BTV→IAD,afternoon,,2024-01-01,2024-12-31,9,9,0,0,0.0,0,0.0,0,0.0,-12.44,-3.0,6.4,5.78,0.0,25.4,2,0.222222,0,0.0,0,0.0,3.44,0.0,0,,0,
flight_number_time_bucket,IAD,BTV,UA,UA255.0,BTV→IAD,late_morning,,2024-01-01,2024-12-31,7,6,1,0,0.142857,0,0.0,0,0.0,-7.67,-5.0,5.0,0.0,0.0,0.0,0,0.0,0,0.0,0,0.0,-1.67,0.0,0,,0,
flight_number_time_bucket,IAD,BTV,UA,UA625.0,BTV→IAD,early_morning,,2024-01-01,2024-12-31,1,1,0,0,0.0,0,0.0,0,0.0,-12.0,-12.0,-12.0,0.0,0.0,0.0,0,0.0,0,0.0,0,0.0,0.0,0.0,0,,0,
flight_number_time_bucket,IAD,BTV,UA,UA636.0,BTV→IAD,afternoon,,2024-01-01,2024-12-31,7,7,0,0,0.0,1,0.142857,0,0.0,4.29,-2.0,32.0,10.43,0.0,32.0,1,0.142857,1,0.142857,0,0.0,-0.71,0.0,0,0.0,0,
flight_number_time_bucket,IAD,BTV,YX,YX3414.0,BTV→IAD,afternoon,,2024-01-01,2024-12-31,21,21,0,0,0.0,0,0.0,0,0.0,-14.95,-18.0,7.0,0.0,0.0,0.0,0,0.0,0,0.0,0,0.0,-1.67,0.0,0,,0,
flight_number_time_bucket,IAD,BTV,YX,YX3416.0,BTV→IAD,late_morning,,2024-01-01,2024-12-31,1,1,0,0,0.0,0,0.0,0,0.0,-32.0,-32.0,-32.0,0.0,0.0,0.0,0,0.0,0,0.0,0,0.0,0.0,0.0,0,,0,
flight_number_time_bucket,IAD,BTV,YX,YX3424.0,BTV→IAD,late_morning,,2024-01-01,2024-12-31,172,170,2,0,0.011628,3,0.017647,1,0.005882,-10.46,-14.0,0.3,3.65,0.0,0.0,10,0.058824,7,0.041176,2,0.011765,0.19,0.0,0,0.0,0,0.0
flight_number_time_bucket,IAD,BTV,YX,YX3440.0,BTV→IAD,afternoon,,2024-01-01,2024-12-31,77,76,1,0,0.012987,7,0.092105,1,0.013158,-3.64,-16.5,42.5,11.07,0.0,50.5,11,0.144737,11,0.144737,6,0.078947,-1.53,0.0,1,0.090909,0,0.0
flight_number_time_bucket,IAD,BTV,YX,YX3451.0,BTV→IAD,late_morning,,2024-01-01,2024-12-31,4,4,0,0,0.0,0,0.0,0,0.0,-24.5,-25.0,-11.8,3.0,0.0,8.4,0,0.0,0,0.0,0,0.0,3.0,0.0,0,,0,
flight_number_time_bucket,IAD,BTV,YX,YX3460.0,BTV→IAD,late_morning,,2024-01-01,2024-12-31,13,13,0,0,0.0,0,0.0,0,0.0,-20.92,-30.0,-6.4,3.0,0.0,0.0,1,0.076923,1,0.076923,0,0.0,0.85,0.0,0,0.0,0,
flight_number_time_bucket,IAD,BTV,YX,YX3461.0,BTV→IAD,early_morning,,2024-01-01,2024-12-31,1,1,0,0,0.0,0,0.0,0,0.0,-9.0,-9.0,-9.0,0.0,0.0,0.0,0,0.0,0,0.0,0,0.0,0.0,0.0,0,,0,
flight_number_time_bucket,IAD,BTV,YX,YX3466.0,BTV→IAD,late_morning,,2024-01-01,2024-12-31,14,14,0,0,0.0,0,0.0,0,0.0,-25.29,-24.0,-13.2,0.07,0.0,0.0,0,0.0,0,0.0,0,0.0,0.07,0.0,0,,0,
flight_number_time_bucket,IAD,BTV,YX,YX3481.0,BTV→IAD,early_morning,,2024-01-01,2024-12-31,1,1,0,0,0.0,0,0.0,0,0.0,-23.0,-23.0,-23.0,0.0,0.0,0.0,0,0.0,0,0.0,0,0.0,0.0,0.0,0,,0,
flight_number_time_bucket,IAD,BTV,YX,YX3487.0,BTV→IAD,late_morning,,2024-01-01,2024-12-31,1,1,0,0,0.0,0,0.0,0,0.0,-34.0,-34.0,-34.0,0.0,0.0,0.0,0,0.0,0,0.0,0,0.0,0.0,0.0,0,,0,
flight_number_time_bucket,IAD,BTV,YX,YX3515.0,BTV→IAD,afternoon,,2024-01-01,2024-12-31,1,1,0,0,0.0,1,1.0,0,0.0,73.0,73.0,73.0,41.0,41.0,41.0,1,1.0,1,1.0,0,0.0,-32.0,-32.0,0,0.0,0,
flight_number_time_bucket,IAD,BTV,YX,YX3532.0,BTV→IAD,late_morning,,2024-01-01,2024-12-31,32,32,0,0,0.0,1,0.03125,0,0.0,-18.5,-25.5,8.5,6.78,0.0,22.5,4,0.125,3,0.09375,1,0.03125,2.47,0.0,1,0.333333,0,0.0
flight_number_time_bucket,IAD,BTV,YX,YX3539.0,BTV→IAD,early_morning,,2024-01-01,2024-12-31,42,42,0,0,0.0,0,0.0,0,0.0,-12.45,-12.0,-3.0,0.05,0.0,0.0,0,0.0,0,0.0,0,0.0,-0.31,0.0,0,,0,
flight_number_time_bucket,IAD,BTV,YX,YX3566.0,BTV→IAD,afternoon,,2024-01-01,2024-12-31,36,36,0,0,0.0,2,0.055556,0,0.0,-3.81,-18.0,50.5,9.06,0.0,20.5,6,0.166667,3,0.083333,2,0.055556,-3.47,0.0,0,0.0,0,0.0
flight_number_time_bucket,IAD,BTV,YX,YX3569.0,BTV→IAD,early_morning,,2024-01-01,2024-12-31,87,86,1,0,0.011494,1,0.011628,1,0.011628,-10.56,-16.0,-2.0,4.47,0.0,0.0,3,0.034884,2,0.023256,1,0.011628,0.67,0.0,0,0.0,0,0.0
flight_number_time_bucket,IAD,BTV,YX,YX3582.0,BTV→IAD,late_morning,,2024-01-01,2024-12-31,1,1,0,0,0.0,0,0.0,0,0.0,-21.0,-21.0,-21.0,0.0,0.0,0.0,0,0.0,0,0.0,0,0.0,0.0,0.0,0,,0,
flight_number_time_bucket,IAD,BTV,YX,YX3617.0,BTV→IAD,early_morning,,2024-01-01,2024-12-31,47,47,0,0,0.0,1,0.021277,1,0.021277,-3.7,-11.0,2.8,8.36,0.0,0.0,1,0.021277,1,0.021277,1,0.021277,-0.6,0.0,0,0.0,0,0.0
flight_number_time_bucket,IAD,BTV,YX,YX3673.0,BTV→IAD,afternoon,,2024-01-01,2024-12-31,1,1,0,0,0.0,1,1.0,0,0.0,69.0,69.0,69.0,65.0,65.0,65.0,1,1.0,1,1.0,1,1.0,-4.0,-4.0,0,0.0,0,0.0
flight_number_time_bucket,IAD,BTV,YX,YX3673.0,BTV→IAD,late_morning,,2024-01-01,2024-12-31,22,22,0,0,0.0,0,0.0,0,0.0,-10.18,-12.5,10.7,0.0,0.0,0.0,0,0.0,0,0.0,0,0.0,-2.73,0.0,0,,0,
flight_number_time_bucket,IAD,BTV,YX,YX3687.0,BTV→IAD,afternoon,,2024-01-01,2024-12-31,1,1,0,0,0.0,0,0.0,0,0.0,41.0,41.0,41.0,38.0,38.0,38.0,1,1.0,1,1.0,0,0.0,-3.0,-3.0,0,0.0,0,
flight_number_time_bucket,IAD,BTV,YX,YX3696.0,BTV→IAD,evening,,2024-01-01,2024-12-31,1,1,0,0,0.0,0,0.0,0,0.0,10.0,10.0,10.0,14.0,14.0,14.0,0,0.0,0,0.0,0,0.0,4.0,4.0,0,,0,
flight_number_time_bucket,IAD,BUF,UA,UA433.0,BUF→IAD,early_morning,,2024-01-01,2024-12-31,1,1,0,0,0.0,0,0.0,0,0.0,-18.0,-18.0,-18.0,0.0,0.0,0.0,0,0.0,0,0.0,0,0.0,0.0,0.0,0,,0,
flight_number_time_bucket,IAD,BUF,UA,UA514.0,BUF→IAD,early_morning,,2024-01-01,2024-12-31,31,31,0,0,0.0,1,0.032258,0,0.0,-3.03,-11.0,23.0,7.84,0.0,31.0,5,0.16129,4,0.129032,1,0.032258,0.29,0.0,0,0.0,0,0.0
flight_number_time_bucket,IAD,BUF,YX,YX3418.0,BUF→IAD,early_morning,,2024-01-01,2024-12-31,52,52,0,0,0.0,1,0.019231,0,0.0,-7.38,-9.5,2.9,3.23,0.0,3.7,2,0.038462,1,0.019231,1,0.019231,0.65,0.0,0,0.0,0,0.0
flight_number_time_bucket,IAD,BUF,YX,YX3423.0,BUF→IAD,early_morning,,2024-01-01,2024-12-31,1,1,0,0,0.0,0,0.0,0,0.0,0.0,0.0,0.0,0.0,0.0,0.0,0,0.0,0,0.0,0,0.0,0.0,0.0,0,,0,
flight_number_time_bucket,IAD,BUF,YX,YX3428.0,BUF→IAD,early_morning,,2024-01-01,2024-12-31,21,21,0,0,0.0,0,0.0,0,0.0,-5.1,-7.0,10.0,2.67,0.0,0.0,1,0.047619,1,0.047619,0,0.0,-1.48,0.0,0,0.0,0,
flight_number_time_bucket,IAD,BUF,YX,YX3512.0,BUF→IAD,early_morning,,2024-01-01,2024-12-31,21,21,0,0,0.0,2,0.095238,1,0.047619,15.19,-11.0,13.0,20.86,0.0,15.0,2,0.095238,1,0.047619,1,0.047619,-3.33,0.0,0,0.0,0,0.0
flight_number_time_bucket,IAD,BUF,YX,YX3516.0,BUF→IAD,evening,,2024-01-01,2024-12-31,25,25,0,0,0.0,0,0.0,0,0.0,-12.64,-14.0,0.2,1.28,0.0,1.2,1,0.04,0,0.0,0,0.0,-0.24,0.0,0,,0,
flight_number_time_bucket,IAD,BUF,YX,YX3632.0,BUF→IAD,late_morning,,2024-01-01,2024-12-31,1,1,0,0,0.0,0,0.0,0,0.0,-20.0,-20.0,-20.0,0.0,0.0,0.0,0,0.0,0,0.0,0,0.0,0.0,0.0,0,,0,
flight_number_time_bucket,IAD,BUF,YX,YX3678.0,BUF→IAD,afternoon,,2024-01-01,2024-12-31,22,18,4,0,0.181818,3,0.166667,0,0.0,9.39,-7.5,79.9,12.89,0.0,29.4,2,0.111111,2,0.111111,2,0.111111,-7.22,0.0,0,0.0,0,0.0
flight_number_time_bucket,IAD,BZN,UA,UA381.0,BZN→IAD,late_morning,,2024-01-01,2024-12-31,4,4,0,0,0.0,0,0.0,0,0.0,-16.0,-17.0,-11.8,0.0,0.0,0.0,0,0.0,0,0.0,0,0.0,0.0,0.0,0,,0,
flight_number_time_bucket,IAD,BZN,UA,UA716.0,BZN→IAD,afternoon,,2024-01-01,2024-12-31,2,2,0,0,0.0,0,0.0,0,0.0,-9.5,-9.5,-9.1,0.0,0.0,0.0,0,0.0,0,0.0,0,0.0,0.0,0.0,0,,0,
flight_number_time_bucket,IAD,CHS,UA,UA2338.0,CHS→IAD,late_morning,,2024-01-01,2024-12-31,8,8,0,0,0.0,0,0.0,0,0.0,-12.88,-13.5,-7.4,0.0,0.0,0.0,0,0.0,0,0.0,0,0.0,0.0,0.0,0,,0,
flight_number_time_bucket,IAD,CHS,UA,UA242.0,CHS→IAD,late_morning,,2024-01-01,2024-12-31,178,177,1,0,0.005618,6,0.033898,1,0.00565,-4.84,-11.0,13.4,7.23,0.0,12.0,15,0.084746,12,0.067797,8,0.045198,0.38,0.0,1,0.083333,0,0.0
flight_number_time_bucket,IAD,CHS,UA,UA276.0,CHS→IAD,late_morning,,2024-01-01,2024-12-31,84,84,0,0,0.0,1,0.011905,0,0.0,-8.96,-11.0,2.7,1.89,0.0,1.4,2,0.02381,1,0.011905,1,0.011905,-0.15,0.0,0,0.0,0,0.0
flight_number_time_bucket,IAD,CHS,YX,YX3401.0,CHS→IAD,afternoon,,2024-01-01,2024-12-31,361,360,1,1,0.00277,18,0.05,1,0.002778,0.75,-10.0,19.6,9.79,0.0,15.0,35,0.097222,28,0.077778,17,0.047222,-1.08,0.0,1,0.034483,0,0.0
flight_number_time_bucket,IAD,CHS,YX,YX3420.0,CHS→IAD,late_morning,,2024-01-01,2024-12-31,1,1,0,0,0.0,0,0.0,0,0.0,-19.0,-19.0,-19.0,0.0,0.0,0.0,0,0.0,0,0.0,0,0.0,0.0,0.0,0,,0,
flight_number_time_bucket,IAD,CHS,YX,YX3447.0,CHS→IAD,evening,,2024-01-01,2024-12-31,3,3,0,0,0.0,0,0.0,0,0.0,-12.67,-14.0,-8.4,0.0,0.0,0.0,0,0.0,0,0.0,0,0.0,0.0,0.0,0,,0,
flight_number_time_bucket,IAD,CHS,YX,YX3452.0,CHS→IAD,late_morning,,2024-01-01,2024-12-31,30,29,1,0,0.033333,0,0.0,0,0.0,-4.38,-6.0,5.2,2.66,0.0,12.8,3,0.103448,0,0.0,0,0.0,-0.93,0.0,0,,0,
flight_number_time_bucket,IAD,CHS,YX,YX3517.0,CHS→IAD,late_morning,,2024-01-01,2024-12-31,37,37,0,0,0.0,0,0.0,0,0.0,-14.62,-15.0,-1.6,0.0,0.0,0.0,0,0.0,0,0.0,0,0.0,-0.54,0.0,0,,0,
flight_number_time_bucket,IAD,CHS,YX,YX3539.0,CHS→IAD,evening,,2024-01-01,2024-12-31,1,1,0,0,0.0,0,0.0,0,0.0,-27.0,-27.0,-27.0,0.0,0.0,0.0,0,0.0,0,0.0,0,0.0,0.0,0.0,0,,0,
flight_number_time_bucket,IAD,CHS,YX,YX3559.0,CHS→IAD,late_morning,,2024-01-01,2024-12-31,21,21,0,0,0.0,0,0.0,0,0.0,-12.71,-16.0,3.0,0.24,0.0,0.0,0,0.0,0,0.0,0,0.0,-0.71,0.0,0,,0,
flight_number_time_bucket,IAD,CLE,UA,UA1348.0,CLE→IAD,early_morning,,2024-01-01,2024-12-31,8,8,0,0,0.0,0,0.0,0,0.0,0.62,-0.5,12.8,2.88,0.0,6.9,1,0.125,0,0.0,0,0.0,-1.38,0.0,0,,0,
flight_number_time_bucket,IAD,CLE,UA,UA1479.0,CLE→IAD,late_morning,,2024-01-01,2024-12-31,1,1,0,0,0.0,0,0.0,0,0.0,-15.0,-15.0,-15.0,0.0,0.0,0.0,0,0.0,0,0.0,0,0.0,0.0,0.0,0,,0,
flight_number_time_bucket,IAD,CLE,UA,UA1706.0,CLE→IAD,early_morning,,2024-01-01,2024-12-31,260,260,0,0,0.0,2,0.007692,2,0.007692,-8.87,-13.0,2.0,2.85,0.0,0.0,7,0.026923,4,0.015385,2,0.007692,0.0,0.0,1,0.25,0,0.0
flight_number_time_bucket,IAD,CLE,UA,UA1766.0,CLE→IAD,early_morning,,2024-01-01,2024-12-31,1,1,0,0,0.0,0,0.0,0,0.0,7.0,7.0,7.0,0.0,0.0,0.0,0,0.0,0,0.0,0,0.0,-7.0,-7.0,0,,0,
flight_number_time_bucket,IAD,CLE,UA,UA2226.0,CLE→IAD,evening,,2024-01-01,2024-12-31,26,26,0,0,0.0,0,0.0,0,0.0,-1.12,-2.5,7.5,3.96,0.0,5.0,2,0.076923,2,0.076923,0,0.0,0.42,0.0,0,0.0,0,
flight_number_time_bucket,IAD,CLE,UA,UA236.0,CLE→IAD,early_morning,,2024-01-01,2024-12-31,6,6,0,0,0.0,0,0.0,0,0.0,-12.5,-13.5,-6.0,0.0,0.0,0.0,0,0.0,0,0.0,0,0.0,0.0,0.0,0,,0,
flight_number_time_bucket,IAD,CLE,UA,UA243.0,CLE→IAD,late_morning,,2024-01-01,2024-12-31,44,44,0,0,0.0,1,0.022727,0,0.0,-2.07,-5.5,3.4,4.52,0.0,4.7,3,0.068182,1,0.022727,1,0.022727,0.75,0.0,0,0.0,0,0.0
flight_number_time_bucket,IAD,CLE,UA,UA2700.0,CLE→IAD,early_morning,,2024-01-01,2024-12-31,28,28,0,0,0.0,0,0.0,0,0.0,-10.71,-12.5,1.3,0.11,0.0,0.0,0,0.0,0,0.0,0,0.0,-0.21,0.0,0,,0,
flight_number_time_bucket,IAD,CLE,UA,UA320.0,CLE→IAD,late_morning,,2024-01-01,2024-12-31,5,5,0,0,0.0,0,0.0,0,0.0,-4.6,-4.0,1.2,1.4,0.0,3.8,0,0.0,0,0.0,0,0.0,0.6,0.0,0,,0,
flight_number_time_bucket,IAD,CLE,UA,UA379.0,CLE→IAD,late_morning,,2024-01-01,2024-12-31,1,1,0,0,0.0,0,0.0,0,0.0,-2.0,-2.0,-2.0,11.0,11.0,11.0,0,0.0,0,0.0,0,0.0,11.0,11.0,0,,0,
flight_number_time_bucket,IAD,CLE,UA,UA423.0,CLE→IAD,evening,,2024-01-01,2024-12-31,1,1,0,0,0.0,0,0.0,0,0.0,-15.0,-15.0,-15.0,0.0,0.0,0.0,0,0.0,0,0.0,0,0.0,0.0,0.0,0,,0,
flight_number_time_bucket,IAD,CLE,UA,UA762.0,CLE→IAD,late_morning,,2024-01-01,2024-12-31,24,24,0,0,0.0,0,0.0,0,0.0,-9.79,-11.5,-2.2,0.21,0.0,0.0,0,0.0,0,0.0,0,0.0,-0.67,0.0,0,,0,
flight_number_time_bucket,IAD,CLE,YX,YX3412.0,CLE→IAD,evening,,2024-01-01,2024-12-31,53,49,4,0,0.075472,5,0.102041,2,0.040816,10.04,-5.0,61.4,16.96,0.0,56.4,11,0.22449,7,0.142857,5,0.102041,-0.37,0.0,0,0.0,0,0.0
flight_number_time_bucket,IAD,CLE,YX,YX3433.0,CLE→IAD,afternoon,,2024-01-01,2024-12-31,53,52,1,0,0.018868,1,0.019231,0,0.0,-3.77,-12.0,21.5,4.13,0.0,7.7,5,0.096154,2,0.038462,1,0.019231,-2.21,0.0,0,0.0,0,0.0
flight_number_time_bucket,IAD,CLE,YX,YX3449.0,CLE→IAD,late_morning,,2024-01-01,2024-12-31,1,1,0,0,0.0,0,0.0,0,0.0,-14.0,-14.0,-14.0,0.0,0.0,0.0,0,0.0,0,0.0,0,0.0,0.0,0.0,0,,0,
flight_number_time_bucket,IAD,CLE,YX,YX3450.0,CLE→IAD,evening,,2024-01-01,2024-12-31,13,13,0,0,0.0,1,0.076923,0,0.0,-2.54,-13.0,27.4,9.62,0.0,38.4,2,0.153846,2,0.153846,1,0.076923,0.92,0.0,0,0.0,0,0.0
flight_number_time_bucket,IAD,CLE,YX,YX3468.0,CLE→IAD,evening,,2024-01-01,2024-12-31,27,27,0,0,0.0,0,0.0,0,0.0,-8.44,-10.0,6.0,2.56,0.0,6.8,2,0.074074,1,0.037037,0,0.0,0.93,0.0,0,0.0,0,
flight_number_time_bucket,IAD,CLE,YX,YX3520.0,CLE→IAD,late_morning,,2024-01-01,2024-12-31,15,15,0,0,0.0,1,0.066667,0,0.0,-5.13,-11.0,3.0,5.4,0.0,0.0,1,0.066667,1,0.066667,1,0.066667,-0.2,0.0,0,0.0,0,0.0
flight_number_time_bucket,IAD,CLE,YX,YX3579.0,CLE→IAD,afternoon,,2024-01-01,2024-12-31,4,4,0,0,0.0,1,0.25,1,0.25,75.0,0.5,213.3,78.25,0.0,219.1,1,0.25,1,0.25,1,0.25,1.5,0.0,0,0.0,0,0.0
flight_number_time_bucket,IAD,CLE,YX,YX3650.0,CLE→IAD,afternoon,,2024-01-01,2024-12-31,6,6,0,0,0.0,0,0.0,0,0.0,2.17,-1.5,14.0,0.0,0.0,0.0,0,0.0,0,0.0,0,0.0,-4.67,0.0,0,,0,
flight_number_time_bucket,IAD,CLT,AA,AA2074.0,CLT→IAD,early_morning,,2024-01-01,2024-12-31,1,1,0,0,0.0,0,0.0,0,0.0,-11.0,-11.0,-11.0,0.0,0.0,0.0,0,0.0,0,0.0,0,0.0,0.0,0.0,0,,0,
flight_number_time_bucket,IAD,CLT,OH,OH5017.0,CLT→IAD,evening,,2024-01-01,2024-12-31,5,5,0,0,0.0,0,0.0,0,0.0,-12.8,-14.0,-3.4,0.0,0.0,0.0,0,0.0,0,0.0,0,0.0,-0.2,0.0,0,,0,
flight_number_time_bucket,IAD,CLT,OH,OH5044.0,CLT→IAD,night,,2024-01-01,2024-12-31,85,81,4,0,0.047059,18,0.222222,1,0.012346,23.48,-1.0,101.0,35.99,8.0,124.0,36,0.444444,26,0.320988,19,0.234568,5.83,1.0,1,0.035714,0,0.0
flight_number_time_bucket,IAD,CLT,OH,OH5132.0,CLT→IAD,early_morning,,2024-01-01,2024-12-31,156,155,1,0,0.00641,4,0.025806,0,0.0,-4.97,-10.0,11.6,5.45,0.0,14.2,15,0.096774,7,0.045161,4,0.025806,0.57,0.0,0,0.0,0,0.0
flight_number_time_bucket,IAD,CLT,OH,OH5132.0,CLT→IAD,late_morning,,2024-01-01,2024-12-31,27,27,0,0,0.0,0,0.0,0,0.0,3.44,0.0,24.6,5.7,0.0,21.0,3,0.111111,3,0.111111,1,0.037037,-2.63,0.0,0,0.0,0,0.0
flight_number_time_bucket,IAD,CLT,OH,OH5214.0,CLT→IAD,late_morning,,2024-01-01,2024-12-31,28,28,0,0,0.0,0,0.0,0,0.0,-11.25,-13.5,0.5,2.11,0.0,8.4,1,0.035714,0,0.0,0,0.0,0.46,0.0,0,,0,
flight_number_time_bucket,IAD,CLT,OH,OH5256.0,CLT→IAD,early_morning,,2024-01-01,2024-12-31,44,44,0,0,0.0,1,0.022727,0,0.0,0.8,-6.5,24.5,4.43,0.0,8.4,3,0.068182,1,0.022727,1,0.022727,-3.39,0.0,0,0.0,0,0.0
flight_number_time_bucket,IAD,CLT,OH,OH5256.0,CLT→IAD,late_morning,,2024-01-01,2024-12-31,93,93,0,0,0.0,6,0.064516,3,0.032258,2.28,-12.0,26.6,16.15,0.0,40.0,16,0.172043,11,0.11828,6,0.064516,2.33,0.0,1,0.076923,0,0.0
flight_number_time_bucket,IAD,CLT,OH,OH5290.0,CLT→IAD,evening,,2024-01-01,2024-12-31,48,48,0,0,0.0,2,0.041667,0,0.0,1.38,-5.5,31.7,9.83,0.0,37.0,10,0.208333,6,0.125,2,0.041667,0.98,0.0,0,0.0,0,0.0
flight_number_time_bucket,IAD,CLT,OH,OH5317.0,CLT→IAD,evening,,2024-01-01,2024-12-31,32,32,0,0,0.0,3,0.09375,0,0.0,5.5,-3.5,49.4,10.69,0.0,32.1,5,0.15625,4,0.125,3,0.09375,-1.69,0.0,0,0.0,0,0.0
flight_number_time_bucket,IAD,CLT,OH,OH5337.0,CLT→IAD,evening,,2024-01-01,2024-12-31,89,83,6,0,0.067416,16,0.192771,3,0.036145,26.31,3.0,96.0,29.33,7.0,94.2,33,0.39759,24,0.289157,14,0.168675,-2.33,0.0,1,0.041667,0,0.0
flight_number_time_bucket,IAD,CLT,OH,OH5356.0,CLT→IAD,evening,,2024-01-01,2024-12-31,14,14,0,0,0.0,1,0.071429,0,0.0,5.93,-1.5,34.9,11.07,3.5,30.9,2,0.142857,2,0.142857,1,0.071429,0.93,0.0,0,0.0,0,0.0
flight_number_time_bucket,IAD,CLT,OH,OH5356.0,CLT→IAD,night,,2024-01-01,2024-12-31,37,37,0,0,0.0,5,0.135135,0,0.0,10.41,-5.0,65.8,20.0,0.0,78.4,10,0.27027,8,0.216216,6,0.162162,1.57,0.0,0,0.0,0,0.0
flight_number_time_bucket,IAD,CLT,OH,OH5373.0,CLT→IAD,afternoon,,2024-01-01,2024-12-31,26,26,0,0,0.0,0,0.0,0,0.0,-0.15,-6.0,25.0,7.23,0.0,27.5,6,0.230769,3,0.115385,0,0.0,0.35,0.0,0,0.0,0,
flight_number_time_bucket,IAD,CLT,OH,OH5428.0,CLT→IAD,late_morning,,2024-01-01,2024-12-31,30,30,0,0,0.0,3,0.1,0,0.0,7.9,-3.0,54.5,15.93,0.0,74.6,6,0.2,4,0.133333,4,0.133333,0.63,0.0,0,0.0,0,0.0
flight_number_time_bucket,IAD,CLT,OH,OH5435.0,CLT→IAD,evening,,2024-01-01,2024-12-31,30,29,1,1,0.033333,4,0.137931,0,0.0,14.14,-3.5,82.6,19.04,0.0,84.0,7,0.241379,5,0.172414,4,0.137931,-1.0,0.0,0,0.0,0,0.0
flight_number_time_bucket,IAD,CLT,OH,OH5447.0,CLT→IAD,afternoon,,2024-01-01,2024-12-31,213,211,2,1,0.00939,22,0.104265,4,0.018957,11.12,-5.0,64.0,16.91,0.0,51.1,37,0.175355,29,0.137441,19,0.090047,-1.07,0.0,0,0.0,0,0.0
flight_number_time_bucket,IAD,CLT,OH,OH5447.0,CLT→IAD,evening,,2024-01-01,2024-12-31,136,136,0,0,0.0,7,0.051471,0,0.0,2.03,-7.0,37.5,10.29,0.0,32.5,19,0.139706,16,0.117647,8,0.058824,0.28,0.0,0,0.0,0,0.0
flight_number_time_bucket,IAD,CLT,OH,OH5459.0,CLT→IAD,night,,2024-01-01,2024-12-31,30,28,2,0,0.066667,4,0.142857,0,0.0,21.32,10.5,66.8,28.75,15.0,73.1,13,0.464286,8,0.285714,5,0.178571,3.64,4.5,1,0.125,0,0.0
flight_number_time_bucket,IAD,CLT,OH,OH5543.0,CLT→IAD,afternoon,,2024-01-01,2024-12-31,32,32,0,0,0.0,5,0.15625,1,0.03125,13.41,-10.5,68.8,21.81,0.0,63.8,9,0.28125,7,0.21875,5,0.15625,0.03,0.0,0,0.0,0,0.0
flight_number_time_bucket,IAD,CLT,OH,OH5543.0,CLT→IAD,late_morning,,2024-01-01,2024-12-31,205,205,0,0,0.0,13,0.063415,2,0.009756,-4.89,-15.0,24.6,12.4,0.0,34.4,29,0.141463,21,0.102439,14,0.068293,2.2,0.0,1,0.047619,1,0.0625
flight_number_time_bucket,IAD,CLT,OH,OH5549.0,CLT→IAD,night,,2024-01-01,2024-12-31,149,148,1,0,0.006711,9,0.060811,3,0.02027,7.14,-9.0,32.3,18.29,0.0,35.1,29,0.195946,16,0.108108,9,0.060811,1.48,0.0,0,0.0,0,0.0
flight_number_time_bucket,IAD,CLT,OH,OH5582.0,CLT→IAD,afternoon,,2024-01-01,2024-12-31,100,100,0,1,0.0,7,0.07,0,0.0,6.39,-5.0,38.6,11.21,0.0,33.2,22,0.22,14,0.14,5,0.05,-1.14,0.0,1,0.066667,0,0.0
flight_number_time_bucket,IAD,CLT,OH,OH5582.0,CLT→IAD,evening,,2024-01-01,2024-12-31,47,46,1,0,0.021277,4,0.086957,0,0.0,9.89,-2.0,55.5,16.91,2.0,58.0,14,0.304348,9,0.195652,4,0.086957,1.07,0.0,0,0.0,0,0.0
flight_number_time_bucket,IAD,CLT,UA,UA1314.0,CLT→IAD,early_morning,,2024-01-01,2024-12-31,2,2,0,0,0.0,0,0.0,0,0.0,-12.5,-12.5,-8.9,0.0,0.0,0.0,0,0.0,0,0.0,0,0.0,0.0,0.0,0,,0,
flight_number_time_bucket,IAD,CLT,UA,UA1361.0,CLT→IAD,late_morning,,2024-01-01,2024-12-31,280,278,2,0,0.007143,10,0.035971,5,0.017986,2.82,-8.0,10.3,11.42,0.0,9.0,24,0.086331,16,0.057554,9,0.032374,0.11,0.0,0,0.0,0,0.0
flight_number_time_bucket,IAD,CLT,UA,UA2336.0,CLT→IAD,early_morning,,2024-01-01,2024-12-31,8,8,0,0,0.0,0,0.0,0,0.0,-6.88,-10.5,8.6,5.75,0.0,13.8,1,0.125,1,0.125,0,0.0,1.0,0.0,0,0.0,0,
flight_number_time_bucket,IAD,CLT,UA,UA2424.0,CLT→IAD,late_morning,,2024-01-01,2024-12-31,24,24,0,0,0.0,0,0.0,0,0.0,-6.0,-8.5,10.5,0.67,0.0,0.0,0,0.0,0,0.0,0,0.0,-1.67,0.0,0,,0,
flight_number_time_bucket,IAD,CLT,UA,UA2710.0,CLT→IAD,evening,,2024-01-01,2024-12-31,14,14,0,0,0.0,0,0.0,0,0.0,-16.14,-17.0,-7.1,2.0,0.0,0.0,1,0.071429,0,0.0,0,0.0,1.21,0.0,0,,0,
flight_number_time_bucket,IAD,CLT,UA,UA722.0,CLT→IAD,evening,,2024-01-01,2024-12-31,2,2,0,0,0.0,1,0.5,0,0.0,36.5,36.5,84.1,43.0,43.0,77.4,1,0.5,1,0.5,1,0.5,-5.0,-5.0,0,0.0,0,0.0
flight_number_time_bucket,IAD,CLT,YX,YX3420.0,CLT→IAD,late_morning,,2024-01-01,2024-12-31,53,53,0,0,0.0,1,0.018868,1,0.018868,-0.43,-10.0,0.6,8.96,0.0,0.0,1,0.018868,1,0.018868,1,0.018868,-1.21,0.0,0,0.0,0,0.0
flight_number_time_bucket,IAD,CLT,YX,YX3426.0,CLT→IAD,afternoon,,2024-01-01,2024-12-31,36,36,0,0,0.0,2,0.055556,0,0.0,6.17,-1.0,24.5,9.83,0.0,24.0,4,0.111111,4,0.111111,2,0.055556,-1.39,0.0,0,0.0,0,0.0
flight_number_time_bucket,IAD,CLT,YX,YX3449.0,CLT→IAD,afternoon,,2024-01-01,2024-12-31,1,1,0,0,0.0,0,0.0,0,0.0,-10.0,-10.0,-10.0,0.0,0.0,0.0,0,0.0,0,0.0,0,0.0,0.0,0.0,0,,0,
flight_number_time_bucket,IAD,CLT,YX,YX3469.0,CLT→IAD,late_morning,,2024-01-01,2024-12-31,1,1,0,0,0.0,0,0.0,0,0.0,-14.0,-14.0,-14.0,0.0,0.0,0.0,0,0.0,0,0.0,0,0.0,0.0,0.0,0,,0,
flight_number_time_bucket,IAD,CLT,YX,YX3493.0,CLT→IAD,late_morning,,2024-01-01,2024-12-31,8,8,0,0,0.0,0,0.0,0,0.0,-6.62,-12.5,14.2,4.75,0.0,11.4,1,0.125,1,0.125,0,0.0,0.5,0.0,0,0.0,0,
flight_number_time_bucket,IAD,CLT,YX,YX3498.0,CLT→IAD,evening,,2024-01-01,2024-12-31,3,3,0,0,0.0,1,0.333333,0,0.0,29.33,4.0,88.8,32.33,0.0,77.6,1,0.333333,1,0.333333,1,0.333333,-5.67,-4.0,0,0.0,0,0.0
flight_number_time_bucket,IAD,CLT,YX,YX3516.0,CLT→IAD,evening,,2024-01-01,2024-12-31,2,2,0,0,0.0,0,0.0,0,0.0,0.5,0.5,6.5,3.0,3.0,3.8,0,0.0,0,0.0,0,0.0,-1.0,-1.0,0,,0,
flight_number_time_bucket,IAD,CLT,YX,YX3549.0,CLT→IAD,early_morning,,2024-01-01,2024-12-31,29,29,0,0,0.0,0,0.0,0,0.0,-10.0,-13.0,1.4,2.21,0.0,1.0,1,0.034483,1,0.034483,0,0.0,0.52,0.0,0,0.0,0,
flight_number_time_bucket,IAD,CLT,YX,YX3645.0,CLT→IAD,early_morning,,2024-01-01,2024-12-31,3,3,0,0,0.0,0,0.0,0,0.0,-9.33,-6.0,-3.6,0.0,0.0,0.0,0,0.0,0,0.0,0,0.0,0.0,0.0,0,,0,
flight_number_time_bucket,IAD,CLT,YX,YX3711.0,CLT→IAD,evening,,2024-01-01,2024-12-31,1,1,0,0,0.0,0,0.0,0,0.0,-25.0,-25.0,-25.0,0.0,0.0,0.0,0,0.0,0,0.0,0,0.0,0.0,0.0,0,,0,
flight_number_time_bucket,IAD,CMH,UA,UA702.0,CMH→IAD,late_morning,,2024-01-01,2024-12-31,17,16,1,0,0.058824,1,0.0625,0,0.0,-8.12,-11.5,-2.0,4.62,0.0,0.0,1,0.0625,1,0.0625,1,0.0625,0.62,0.0,0,0.0,0,0.0
flight_number_time_bucket,IAD,CMH,YX,YX3428.0,CMH→IAD,afternoon,,2024-01-01,2024-12-31,56,56,0,0,0.0,2,0.035714,0,0.0,4.79,0.0,27.5,9.23,0.0,28.0,7,0.125,6,0.107143,3,0.053571,-0.66,0.0,0,0.0,0,0.0
flight_number_time_bucket,IAD,CMH,YX,YX3430.0,CMH→IAD,early_morning,,2024-01-01,2024-12-31,365,364,1,0,0.00274,6,0.016484,1,0.002747,-7.76,-12.0,8.7,3.7,0.0,7.0,23,0.063187,11,0.03022,6,0.016484,0.13,0.0,1,0.083333,0,0.0
flight_number_time_bucket,IAD,CMH,YX,YX3544.0,CMH→IAD,afternoon,,2024-01-01,2024-12-31,20,20,0,0,0.0,4,0.2,0,0.0,18.65,-3.0,101.5,21.55,0.0,101.3,4,0.2,4,0.2,4,0.2,-2.15,0.0,0,0.0,0,0.0
flight_number_time_bucket,IAD,CMH,YX,YX3546.0,CMH→IAD,evening,,2024-01-01,2024-12-31,157,152,5,0,0.031847,8,0.052632,0,0.0,-0.88,-9.0,16.9,8.82,0.0,23.9,19,0.125,11,0.072368,8,0.052632,0.08,0.0,1,0.083333,0,0.0
flight_number_time_bucket,IAD,CMH,YX,YX3563.0,CMH→IAD,late_morning,,2024-01-01,2024-12-31,23,22,1,0,0.043478,0,0.0,0,0.0,-5.5,-8.5,12.9,4.41,0.0,20.6,3,0.136364,1,0.045455,0,0.0,1.14,0.0,0,0.0,0,
flight_number_time_bucket,IAD,CMH,YX,YX3578.0,CMH→IAD,afternoon,,2024-01-01,2024-12-31,21,21,0,0,0.0,0,0.0,0,0.0,-2.05,-7.0,14.0,6.05,0.0,4.0,2,0.095238,2,0.095238,1,0.047619,-0.81,0.0,0,0.0,0,0.0
flight_number_time_bucket,IAD,CMH,YX,YX3587.0,CMH→IAD,afternoon,,2024-01-01,2024-12-31,9,9,0,0,0.0,0,0.0,0,0.0,-0.11,-10.0,21.0,2.44,0.0,4.4,1,0.111111,0,0.0,0,0.0,-5.67,0.0,0,,0,
flight_number_time_bucket,IAD,CMH,YX,YX3602.0,CMH→IAD,afternoon,,2024-01-01,2024-12-31,8,8,0,0,0.0,0,0.0,0,0.0,-9.88,-12.5,1.1,2.88,0.0,6.9,1,0.125,0,0.0,0,0.0,0.38,0.0,0,,0,
flight_number_time_bucket,IAD,CMH,YX,YX3618.0,CMH→IAD,late_morning,,2024-01-01,2024-12-31,9,9,0,0,0.0,1,0.111111,1,0.111111,13.33,-5.0,50.8,24.11,0.0,50.0,1,0.111111,1,0.111111,1,0.111111,1.56,0.0,0,0.0,0,0.0
flight_number_time_bucket,IAD,CMH,YX,YX3662.0,CMH→IAD,late_morning,,2024-01-01,2024-12-31,99,99,0,0,0.0,0,0.0,0,0.0,-11.33,-15.0,6.6,0.91,0.0,0.2,2,0.020202,1,0.010101,0,0.0,-1.06,0.0,0,0.0,0,
flight_number_time_bucket,IAD,CVG,UA,UA1598.0,CVG→IAD,late_morning,,2024-01-01,2024-12-31,4,4,0,0,0.0,0,0.0,0,0.0,-17.75,-15.5,-10.6,0.0,0.0,0.0,0,0.0,0,0.0,0,0.0,0.0,0.0,0,,0,
flight_number_time_bucket,IAD,CVG,YX,YX3402.0,CVG→IAD,evening,,2024-01-01,2024-12-31,5,5,0,0,0.0,0,0.0,0,0.0,-20.4,-26.0,-8.2,0.0,0.0,0.0,0,0.0,0,0.0,0,0.0,0.0,0.0,0,,0,
flight_number_time_bucket,IAD,CVG,YX,YX3444.0,CVG→IAD,late_morning,,2024-01-01,2024-12-31,21,21,0,0,0.0,0,0.0,0,0.0,-13.62,-14.0,-6.0,1.14,0.0,0.0,1,0.047619,0,0.0,0,0.0,-0.05,0.0,0,,0,
flight_number_time_bucket,IAD,CVG,YX,YX3445.0,CVG→IAD,late_morning,,2024-01-01,2024-12-31,8,8,0,0,0.0,0,0.0,0,0.0,-9.38,-16.0,8.0,3.38,0.0,8.1,1,0.125,0,0.0,0,0.0,-0.25,0.0,0,,0,
flight_number_time_bucket,IAD,CVG,YX,YX3452.0,CVG→IAD,late_morning,,2024-01-01,2024-12-31,292,291,1,0,0.003425,5,0.017182,1,0.003436,-9.32,-13.0,1.0,3.61,0.0,2.0,15,0.051546,9,0.030928,6,0.020619,0.31,0.0,0,0.0,0,0.0
flight_number_time_bucket,IAD,CVG,YX,YX3495.0,CVG→IAD,evening,,2024-01-01,2024-12-31,11,9,2,0,0.181818,1,0.111111,0,0.0,10.22,-4.0,39.8,18.56,0.0,54.6,2,0.222222,2,0.222222,1,0.111111,1.44,0.0,0,0.0,0,0.0
flight_number_time_bucket,IAD,CVG,YX,YX3496.0,CVG→IAD,early_morning,,2024-01-01,2024-12-31,15,15,0,0,0.0,1,0.066667,1,0.066667,15.13,-2.0,29.4,15.0,0.0,0.0,1,0.066667,1,0.066667,1,0.066667,-5.4,0.0,0,0.0,0,0.0
flight_number_time_bucket,IAD,CVG,YX,YX3517.0,CVG→IAD,afternoon,,2024-01-01,2024-12-31,1,1,0,0,0.0,0,0.0,0,0.0,24.0,24.0,24.0,0.0,0.0,0.0,0,0.0,0,0.0,0,0.0,-24.0,-24.0,0,,0,
flight_number_time_bucket,IAD,CVG,YX,YX3576.0,CVG→IAD,evening,,2024-01-01,2024-12-31,6,6,0,0,0.0,0,0.0,0,0.0,-4.0,-9.5,14.5,3.0,0.0,9.0,0,0.0,0,0.0,0,0.0,-1.83,0.0,0,,0,
flight_number_time_bucket,IAD,CVG,YX,YX3601.0,CVG→IAD,late_morning,,2024-01-01,2024-12-31,36,36,0,0,0.0,1,0.027778,1,0.027778,-5.83,-13.0,-0.5,5.72,0.0,3.5,3,0.083333,2,0.055556,1,0.027778,-1.42,0.0,0,0.0,0,0.0
flight_number_time_bucket,IAD,CVG,YX,YX3627.0,CVG→IAD,early_morning,,2024-01-01,2024-12-31,1,1,0,0,0.0,0,0.0,0,0.0,-19.0,-19.0,-19.0,0.0,0.0,0.0,0,0.0,0,0.0,0,0.0,0.0,0.0,0,,0,
flight_number_time_bucket,IAD,CVG,YX,YX3654.0,CVG→IAD,early_morning,,2024-01-01,2024-12-31,10,9,1,0,0.1,0,0.0,0,0.0,-13.78,-16.0,-2.4,0.0,0.0,0.0,0,0.0,0,0.0,0,0.0,-0.44,0.0,0,,0,
flight_number_time_bucket,IAD,CVG,YX,YX3674.0,CVG→IAD,afternoon,,2024-01-01,2024-12-31,2,2,0,0,0.0,1,0.5,0,0.0,38.0,38.0,60.4,38.5,38.5,69.3,1,0.5,1,0.5,1,0.5,0.5,0.5,0,0.0,0,0.0
flight_number_time_bucket,IAD,DEN,UA,UA1101.0,DEN→IAD,early_morning,,2024-01-01,2024-12-31,366,353,13,0,0.035519,8,0.022663,1,0.002833,-6.57,-13.0,12.0,4.88,0.0,6.0,19,0.053824,11,0.031161,9,0.025496,-0.78,0.0,0,0.0,0,0.0
flight_number_time_bucket,IAD,DEN,UA,UA1328.0,DEN→IAD,afternoon,,2024-01-01,2024-12-31,143,129,14,0,0.097902,21,0.162791,5,0.03876,22.79,-4.0,112.8,31.43,0.0,113.0,38,0.294574,33,0.255814,27,0.209302,2.01,0.0,2,0.058824,0,0.0
flight_number_time_bucket,IAD,DEN,UA,UA1379.0,DEN→IAD,late_morning,,2024-01-01,2024-12-31,2,2,0,0,0.0,0,0.0,0,0.0,-11.0,-11.0,-4.6,0.0,0.0,0.0,0,0.0,0,0.0,0,0.0,0.0,0.0,0,,0,
flight_number_time_bucket,IAD,DEN,UA,UA1712.0,DEN→IAD,night,,2024-01-01,2024-12-31,66,66,0,0,0.0,1,0.015152,0,0.0,-9.94,-11.5,1.5,3.3,0.0,8.0,2,0.030303,1,0.015152,1,0.015152,-0.27,0.0,0,0.0,0,0.0
flight_number_time_bucket,IAD,DEN,UA,UA1911.0,DEN→IAD,early_morning,,2024-01-01,2024-12-31,223,221,2,0,0.008969,3,0.013575,0,0.0,-11.06,-15.0,3.0,2.69,0.0,0.0,8,0.036199,3,0.013575,3,0.013575,-0.17,0.0,0,0.0,0,0.0
flight_number_time_bucket,IAD,DEN,UA,UA2087.0,DEN→IAD,late_morning,,2024-01-01,2024-12-31,274,262,12,0,0.043796,17,0.064885,3,0.01145,7.22,-4.0,42.0,13.79,0.0,33.9,47,0.179389,32,0.122137,16,0.061069,-0.98,0.0,4,0.121212,0,0.0
flight_number_time_bucket,IAD,DEN,UA,UA2376.0,DEN→IAD,red_eye,,2024-01-01,2024-12-31,1,1,0,0,0.0,0,0.0,0,0.0,-21.0,-21.0,-21.0,0.0,0.0,0.0,0,0.0,0,0.0,0,0.0,0.0,0.0,0,,0,
flight_number_time_bucket,IAD,DEN,UA,UA2408.0,DEN→IAD,evening,,2024-01-01,2024-12-31,357,353,4,1,0.011204,49,0.13881,13,0.036827,30.53,-1.0,98.5,35.64,0.0,93.7,94,0.266289,66,0.186969,45,0.127479,-1.39,0.0,2,0.030303,0,0.0
flight_number_time_bucket,IAD,DEN,UA,UA267.0,DEN→IAD,early_morning,,2024-01-01,2024-12-31,8,7,1,0,0.125,0,0.0,0,0.0,-9.57,-7.0,-2.0,0.0,0.0,0.0,0,0.0,0,0.0,0,0.0,-0.57,0.0,0,,0,
flight_number_time_bucket,IAD,DEN,UA,UA271.0,DEN→IAD,evening,,2024-01-01,2024-12-31,8,7,1,0,0.125,1,0.142857,1,0.142857,32.71,-1.0,100.2,39.14,0.0,109.4,3,0.428571,2,0.285714,1,0.142857,2.29,0.0,0,0.0,0,0.0
flight_number_time_bucket,IAD,DEN,UA,UA286.0,DEN→IAD,late_morning,,2024-01-01,2024-12-31,32,32,0,0,0.0,3,0.09375,0,0.0,14.66,3.0,58.5,15.56,1.0,34.9,6,0.1875,5,0.15625,3,0.09375,-2.84,0.0,1,0.2,0,0.0
flight_number_time_bucket,IAD,DEN,UA,UA347.0,DEN→IAD,afternoon,,2024-01-01,2024-12-31,185,185,0,0,0.0,15,0.081081,1,0.005405,5.26,-7.0,44.8,13.51,0.0,38.6,34,0.183784,23,0.124324,15,0.081081,-0.79,0.0,0,0.0,0,0.0
flight_number_time_bucket,IAD,DEN,UA,UA355.0,DEN→IAD,night,,2024-01-01,2024-12-31,13,13,0,0,0.0,1,0.076923,0,0.0,3.38,-9.0,16.2,13.92,0.0,22.8,4,0.307692,1,0.076923,1,0.076923,2.54,0.0,0,0.0,0,0.0
flight_number_time_bucket,IAD,DEN,UA,UA356.0,DEN→IAD,night,,2024-01-01,2024-12-31,8,7,1,0,0.125,1,0.142857,0,0.0,26.14,1.0,86.6,33.29,6.0,96.0,3,0.428571,2,0.285714,2,0.285714,3.29,2.0,0,0.0,0,0.0
flight_number_time_bucket,IAD,DEN,UA,UA400.0,DEN→IAD,night,,2024-01-01,2024-12-31,21,21,0,0,0.0,1,0.047619,0,0.0,3.24,-7.0,15.0,13.71,0.0,23.0,3,0.142857,2,0.095238,1,0.047619,2.14,0.0,0,0.0,0,0.0
flight_number_time_bucket,IAD,DEN,UA,UA418.0,DEN→IAD,night,,2024-01-01,2024-12-31,138,137,1,0,0.007246,10,0.072993,1,0.007299,1.74,-9.0,44.4,16.23,2.0,55.8,30,0.218978,19,0.138686,14,0.10219,3.09,0.0,0,0.0,0,0.0
flight_number_time_bucket,IAD,DEN,UA,UA638.0,DEN→IAD,afternoon,,2024-01-01,2024-12-31,38,38,0,1,0.0,4,0.105263,1,0.026316,16.95,-6.0,69.4,19.76,0.0,24.8,5,0.131579,4,0.105263,3,0.078947,-4.08,0.0,0,0.0,0,0.0
flight_number_time_bucket,IAD,DEN,UA,UA646.0,DEN→IAD,early_morning,,2024-01-01,2024-12-31,21,21,0,0,0.0,1,0.047619,0,0.0,-4.19,-8.0,7.0,4.43,0.0,3.0,1,0.047619,1,0.047619,1,0.047619,0.1,0.0,0,0.0,0,0.0
flight_number_time_bucket,IAD,DEN,UA,UA672.0,DEN→IAD,late_morning,,2024-01-01,2024-12-31,21,21,0,0,0.0,6,0.285714,2,0.095238,51.76,16.0,154.0,49.38,6.0,167.0,8,0.380952,8,0.380952,6,0.285714,-4.14,-1.0,0,0.0,0,0.0
flight_number_time_bucket,IAD,DEN,UA,UA674.0,DEN→IAD,night,,2024-01-01,2024-12-31,12,12,0,0,0.0,1,0.083333,0,0.0,7.42,-2.0,11.1,13.0,3.5,33.8,2,0.166667,2,0.166667,1,0.083333,0.83,2.5,1,0.5,0,0.0
flight_number_time_bucket,IAD,DEN,UA,UA745.0,DEN→IAD,late_morning,,2024-01-01,2024-12-31,38,36,2,0,0.052632,3,0.083333,0,0.0,8.97,-6.0,40.5,12.42,0.0,22.5,5,0.138889,3,0.083333,3,0.083333,-2.78,0.0,0,0.0,0,0.0
flight_number_time_bucket,IAD,DEN,UA,UA753.0,DEN→IAD,night,,2024-01-01,2024-12-31,38,37,1,0,0.026316,3,0.081081,0,0.0,-1.11,-14.0,29.8,15.46,0.0,48.0,7,0.189189,6,0.162162,3,0.081081,3.89,0.0,1,0.166667,0,0.0
flight_number_time_bucket,IAD,DEN,UA,UA798.0,DEN→IAD,afternoon,,2024-01-01,2024-12-31,232,224,8,0,0.034483,25,0.111607,7,0.03125,17.56,-4.0,67.5,26.7,0.0,76.0,58,0.258929,39,0.174107,26,0.116071,1.8,0.0,1,0.025,0,0.0
flight_number_time_bucket,IAD,DEN,UA,UA798.0,DEN→IAD,evening,,2024-01-01,2024-12-31,133,132,1,0,0.007519,21,0.159091,4,0.030303,24.82,-4.5,112.1,32.16,0.0,109.4,34,0.257576,27,0.204545,21,0.159091,-0.21,0.0,2,0.074074,0,0.0
flight_number_time_bucket,IAD,DEN,WN,WN1010.0,DEN→IAD,afternoon,,2024-01-01,2024-12-31,1,1,0,0,0.0,0,0.0,0,0.0,-20.0,-20.0,-20.0,0.0,0.0,0.0,0,0.0,0,0.0,0,0.0,0.0,0.0,0,,0,
flight_number_time_bucket,IAD,DEN,WN,WN1179.0,DEN→IAD,late_morning,,2024-01-01,2024-12-31,52,52,0,0,0.0,2,0.038462,0,0.0,9.75,2.0,41.1,15.33,5.5,37.8,14,0.269231,9,0.173077,3,0.057692,1.17,0.0,0,0.0,0,0.0
flight_number_time_bucket,IAD,DEN,WN,WN1306.0,DEN→IAD,evening,,2024-01-01,2024-12-31,4,4,0,0,0.0,1,0.25,0,0.0,43.0,30.0,103.0,54.0,41.5,107.2,3,0.75,3,0.75,1,0.25,6.5,5.0,0,0.0,0,0.0
flight_number_time_bucket,IAD,DEN,WN,WN1502.0,DEN→IAD,evening,,2024-01-01,2024-12-31,61,61,0,0,0.0,14,0.229508,2,0.032787,34.7,20.0,101.0,37.54,18.0,106.0,31,0.508197,23,0.377049,14,0.229508,0.51,1.0,0,0.0,0,0.0
flight_number_time_bucket,IAD,DEN,WN,WN1693.0,DEN→IAD,early_morning,,2024-01-01,2024-12-31,23,23,0,0,0.0,0,0.0,0,0.0,-3.43,-10.0,15.4,3.17,0.0,4.8,2,0.086957,1,0.043478,0,0.0,-1.91,0.0,0,0.0,0,
flight_number_time_bucket,IAD,DEN,WN,WN1696.0,DEN→IAD,afternoon,,2024-01-01,2024-12-31,33,33,0,0,0.0,0,0.0,0,0.0,9.76,6.0,34.4,16.42,10.0,40.6,12,0.363636,9,0.272727,1,0.030303,3.58,1.0,0,0.0,0,0.0
flight_number_time_bucket,IAD,DEN,WN,WN1698.0,DEN→IAD,evening,,2024-01-01,2024-12-31,18,18,0,0,0.0,2,0.111111,0,0.0,20.11,12.0,57.1,26.33,18.5,63.0,9,0.5,6,0.333333,2,0.111111,4.5,4.0,0,0.0,0,0.0
flight_number_time_bucket,IAD,DEN,WN,WN1698.0,DEN→IAD,night,,2024-01-01,2024-12-31,15,15,0,0,0.0,0,0.0,0,0.0,13.2,10.0,27.0,19.4,18.0,38.8,9,0.6,4,0.266667,0,0.0,4.6,5.0,0,0.0,0,
flight_number_time_bucket,IAD,DEN,WN,WN1709.0,DEN→IAD,early_morning,,2024-01-01,2024-12-31,14,14,0,0,0.0,0,0.0,0,0.0,0.71,0.0,13.7,0.79,0.0,2.7,0,0.0,0,0.0,0,0.0,-3.5,0.0,0,,0,
flight_number_time_bucket,IAD,DEN,WN,WN1709.0,DEN→IAD,late_morning,,2024-01-01,2024-12-31,13,13,0,0,0.0,0,0.0,0,0.0,-3.38,-7.0,8.8,2.92,1.0,8.8,0,0.0,0,0.0,0,0.0,-0.15,0.0,0,,0,
flight_number_time_bucket,IAD,DEN,WN,WN196.0,DEN→IAD,afternoon,,2024-01-01,2024-12-31,17,17,0,0,0.0,0,0.0,0,0.0,-4.88,-9.0,7.6,6.41,3.0,16.8,4,0.235294,0,0.0,0,0.0,4.29,2.0,0,,0,
flight_number_time_bucket,IAD,DEN,WN,WN2181.0,DEN→IAD,afternoon,,2024-01-01,2024-12-31,8,8,0,0,0.0,0,0.0,0,0.0,2.38,-3.0,24.2,17.25,10.0,40.2,3,0.375,2,0.25,0,0.0,9.0,10.0,0,0.0,0,
flight_number_time_bucket,IAD,DEN,WN,WN2189.0,DEN→IAD,afternoon,,2024-01-01,2024-12-31,2,2,0,0,0.0,1,0.5,0,0.0,84.5,84.5,145.7,90.5,90.5,152.5,1,0.5,1,0.5,1,0.5,6.0,6.0,0,0.0,0,0.0
flight_number_time_bucket,IAD,DEN,WN,WN2227.0,DEN→IAD,evening,,2024-01-01,2024-12-31,56,56,0,0,0.0,8,0.142857,2,0.035714,28.23,9.0,88.5,37.84,20.0,83.5,32,0.571429,19,0.339286,8,0.142857,7.11,7.0,2,0.105263,0,0.0
flight_number_time_bucket,IAD,DEN,WN,WN2442.0,DEN→IAD,late_morning,,2024-01-01,2024-12-31,7,7,0,0,0.0,0,0.0,0,0.0,-2.86,-5.0,10.4,4.29,3.0,11.4,0,0.0,0,0.0,0,0.0,1.0,0.0,0,,0,
flight_number_time_bucket,IAD,DEN,WN,WN2911.0,DEN→IAD,afternoon,,2024-01-01,2024-12-31,5,5,0,0,0.0,0,0.0,0,0.0,23.2,25.0,35.4,21.8,23.0,36.2,3,0.6,1,0.2,0,0.0,-1.4,0.0,0,0.0,0,
flight_number_time_bucket,IAD,DEN,WN,WN3325.0,DEN→IAD,afternoon,,2024-01-01,2024-12-31,13,13,0,0,0.0,0,0.0,0,0.0,3.54,1.0,19.2,8.38,3.0,21.0,3,0.230769,1,0.076923,0,0.0,1.62,0.0,0,0.0,0,
flight_number_time_bucket,IAD,DEN,WN,WN341.0,DEN→IAD,early_morning,,2024-01-01,2024-12-31,10,10,0,0,0.0,0,0.0,0,0.0,2.2,-2.5,23.0,11.0,3.0,30.7,3,0.3,1,0.1,0,0.0,3.0,1.5,0,0.0,0,
flight_number_time_bucket,IAD,DEN,WN,WN344.0,DEN→IAD,early_morning,,2024-01-01,2024-12-31,1,1,0,0,0.0,0,0.0,0,0.0,8.0,8.0,8.0,8.0,8.0,8.0,0,0.0,0,0.0,0,0.0,0.0,0.0,0,,0,
flight_number_time_bucket,IAD,DEN,WN,WN3509.0,DEN→IAD,evening,,2024-01-01,2024-12-31,58,58,0,0,0.0,5,0.086207,0,0.0,16.72,10.5,57.9,18.81,9.5,43.1,21,0.362069,10,0.172414,4,0.068966,-2.22,0.0,0,0.0,0,0.0
flight_number_time_bucket,IAD,DEN,WN,WN354.0,DEN→IAD,late_morning,,2024-01-01,2024-12-31,1,1,0,0,0.0,0,0.0,0,0.0,-21.0,-21.0,-21.0,2.0,2.0,2.0,0,0.0,0,0.0,0,0.0,2.0,2.0,0,,0,
flight_number_time_bucket,IAD,DEN,WN,WN3616.0,DEN→IAD,evening,,2024-01-01,2024-12-31,1,1,0,0,0.0,0,0.0,0,0.0,-10.0,-10.0,-10.0,3.0,3.0,3.0,0,0.0,0,0.0,0,0.0,3.0,3.0,0,,0,
flight_number_time_bucket,IAD,DEN,WN,WN3943.0,DEN→IAD,early_morning,,2024-01-01,2024-12-31,9,9,0,0,0.0,0,0.0,0,0.0,2.67,3.0,17.2,9.78,6.0,19.0,1,0.111111,1,0.111111,0,0.0,2.0,2.0,0,0.0,0,
flight_number_time_bucket,IAD,DEN,WN,WN4016.0,DEN→IAD,afternoon,,2024-01-01,2024-12-31,24,24,0,0,0.0,2,0.083333,0,0.0,20.88,7.5,56.8,27.29,14.5,68.7,11,0.458333,6,0.25,4,0.166667,4.42,2.5,0,0.0,0,0.0
flight_number_time_bucket,IAD,DEN,WN,WN4022.0,DEN→IAD,evening,,2024-01-01,2024-12-31,40,40,0,0,0.0,1,0.025,0,0.0,1.32,-6.5,37.1,9.75,0.5,29.9,9,0.225,4,0.1,1,0.025,0.65,0.0,0,0.0,0,0.0
flight_number_time_bucket,IAD,DEN,WN,WN4157.0,DEN→IAD,afternoon,,2024-01-01,2024-12-31,18,17,1,0,0.055556,0,0.0,0,0.0,2.06,5.0,15.8,6.59,5.0,15.8,2,0.117647,0,0.0,0,0.0,0.12,0.0,0,,0,
flight_number_time_bucket,IAD,DEN,WN,WN4323.0,DEN→IAD,late_morning,,2024-01-01,2024-12-31,43,43,0,0,0.0,0,0.0,0,0.0,0.14,-4.0,12.8,5.79,0.0,14.0,4,0.093023,3,0.069767,0,0.0,0.7,0.0,0,0.0,0,
flight_number_time_bucket,IAD,DEN,WN,WN4650.0,DEN→IAD,early_morning,,2024-01-01,2024-12-31,25,25,0,0,0.0,1,0.04,0,0.0,3.6,-2.0,36.4,8.04,0.0,30.8,4,0.16,3,0.12,0,0.0,-1.88,0.0,0,0.0,0,
flight_number_time_bucket,IAD,DEN,WN,WN509.0,DEN→IAD,afternoon,,2024-01-01,2024-12-31,33,33,0,0,0.0,0,0.0,0,0.0,5.45,0.0,21.2,10.0,4.0,27.4,9,0.272727,2,0.060606,0,0.0,2.06,3.0,0,0.0,0,0.0
flight_number_time_bucket,IAD,DEN,WN,WN509.0,DEN→IAD,early_morning,,2024-01-01,2024-12-31,8,8,0,0,0.0,0,0.0,0,0.0,-3.75,-4.0,6.9,10.38,9.0,22.3,2,0.25,0,0.0,0,0.0,7.88,7.5,0,,0,
flight_number_time_bucket,IAD,DEN,WN,WN5131.0,DEN→IAD,early_morning,,2024-01-01,2024-12-31,17,17,0,0,0.0,0,0.0,0,0.0,-10.29,-15.0,1.4,1.47,0.0,3.4,0,0.0,0,0.0,0,0.0,-2.24,0.0,0,,0,
flight_number_time_bucket,IAD,DEN,WN,WN5454.0,DEN→IAD,afternoon,,2024-01-01,2024-12-31,17,17,0,0,0.0,1,0.058824,0,0.0,5.53,-5.0,31.8,16.18,8.0,46.0,6,0.352941,4,0.235294,0,0.0,3.29,5.0,1,0.25,0,
flight_number_time_bucket,IAD,DEN,WN,WN5454.0,DEN→IAD,late_morning,,2024-01-01,2024-12-31,31,31,0,0,0.0,1,0.032258,0,0.0,-0.87,-10.0,29.0,7.61,1.0,20.0,5,0.16129,1,0.032258,1,0.032258,-0.29,0.0,0,0.0,0,0.0
flight_number_time_bucket,IAD,DEN,WN,WN562.0,DEN→IAD,afternoon,,2024-01-01,2024-12-31,8,8,0,0,0.0,3,0.375,0,0.0,42.5,26.5,94.4,44.0,33.0,81.0,6,0.75,4,0.5,3,0.375,1.5,0.5,0,0.0,0,0.0
flight_number_time_bucket,IAD,DEN,WN,WN562.0,DEN→IAD,late_morning,,2024-01-01,2024-12-31,43,43,0,1,0.0,1,0.023256,0,0.0,10.36,4.5,29.0,13.95,7.5,35.0,14,0.325581,5,0.116279,1,0.023256,1.43,2.0,0,0.0,0,0.0
flight_number_time_bucket,IAD,DEN,WN,WN6081.0,DEN→IAD,early_morning,,2024-01-01,2024-12-31,40,40,0,0,0.0,0,0.0,0,0.0,-10.35,-17.0,3.3,5.33,0.0,17.1,5,0.125,2,0.05,1,0.025,2.45,0.0,0,0.0,0,0.0
flight_number_time_bucket,IAD,DEN,WN,WN6081.0,DEN→IAD,late_morning,,2024-01-01,2024-12-31,8,8,0,0,0.0,1,0.125,0,0.0,2.12,-12.5,54.0,13.5,0.0,39.6,2,0.25,1,0.125,1,0.125,-3.0,0.0,0,0.0,0,0.0
flight_number_time_bucket,IAD,DEN,WN,WN6445.0,DEN→IAD,late_morning,,2024-01-01,2024-12-31,8,8,0,0,0.0,0,0.0,0,0.0,14.5,9.5,35.8,13.25,7.5,31.7,2,0.25,1,0.125,0,0.0,-1.88,0.5,0,0.0,0,
flight_number_time_bucket,IAD,DEN,WN,WN6447.0,DEN→IAD,late_morning,,2024-01-01,2024-12-31,8,8,0,0,0.0,4,0.5,0,0.0,78.75,55.0,153.9,62.62,44.5,160.8,5,0.625,5,0.625,3,0.375,-16.12,-10.5,0,0.0,0,0.0
flight_number_time_bucket,IAD,DEN,WN,WN674.0,DEN→IAD,afternoon,,2024-01-01,2024-12-31,1,1,0,0,0.0,0,0.0,0,0.0,-9.0,-9.0,-9.0,1.0,1.0,1.0,0,0.0,0,0.0,0,0.0,1.0,1.0,0,,0,
flight_number_time_bucket,IAD,DEN,WN,WN677.0,DEN→IAD,early_morning,,2024-01-01,2024-12-31,4,4,0,0,0.0,0,0.0,0,0.0,4.25,-7.0,41.2,8.5,1.5,22.3,1,0.25,1,0.25,0,0.0,-6.5,0.0,0,0.0,0,
flight_number_time_bucket,IAD,DEN,WN,WN677.0,DEN→IAD,evening,,2024-01-01,2024-12-31,10,10,0,0,0.0,1,0.1,0,0.0,23.0,14.5,47.8,32.9,26.0,51.2,8,0.8,5,0.5,1,0.1,8.1,10.5,0,0.0,0,0.0
flight_number_time_bucket,IAD,DEN,WN,WN677.0,DEN→IAD,late_morning,,2024-01-01,2024-12-31,27,27,0,0,0.0,2,0.074074,0,0.0,-2.78,-9.0,13.8,6.26,1.0,10.4,2,0.074074,1,0.037037,1,0.037037,-1.0,0.0,0,0.0,0,0.0
flight_number_time_bucket,IAD,DEN,WN,WN686.0,DEN→IAD,evening,,2024-01-01,2024-12-31,26,26,0,0,0.0,3,0.115385,1,0.038462,16.35,0.5,63.5,21.04,5.5,51.5,8,0.307692,5,0.192308,2,0.076923,0.12,0.5,1,0.2,0,0.0
flight_number_time_bucket,IAD,DEN,WN,WN706.0,DEN→IAD,afternoon,,2024-01-01,2024-12-31,1,1,0,0,0.0,0,0.0,0,0.0,5.0,5.0,5.0,4.0,4.0,4.0,0,0.0,0,0.0,0,0.0,-1.0,-1.0,0,,0,
flight_number_time_bucket,IAD,DEN,WN,WN785.0,DEN→IAD,late_morning,,2024-01-01,2024-12-31,6,6,0,0,0.0,0,0.0,0,0.0,8.17,11.5,19.5,8.33,6.5,18.5,1,0.166667,0,0.0,0,0.0,-2.0,0.5,0,,0,
flight_number_time_bucket,IAD,DEN,WN,WN873.0,DEN→IAD,early_morning,,2024-01-01,2024-12-31,1,1,0,0,0.0,0,0.0,0,0.0,-16.0,-16.0,-16.0,0.0,0.0,0.0,0,0.0,0,0.0,0,0.0,0.0,0.0,0,,0,
flight_number_time_bucket,IAD,DFW,AA,AA1291.0,DFW→IAD,afternoon,,2024-01-01,2024-12-31,1,1,0,0,0.0,0,0.0,0,0.0,-13.0,-13.0,-13.0,0.0,0.0,0.0,0,0.0,0,0.0,0,0.0,0.0,0.0,0,,0,
flight_number_time_bucket,IAD,DFW,AA,AA1291.0,DFW→IAD,evening,,2024-01-01,2024-12-31,201,194,7,0,0.034826,32,0.164948,4,0.020619,23.82,8.5,73.4,35.91,18.0,90.7,102,0.525773,78,0.402062,46,0.237113,7.04,2.5,5,0.0625,1,0.020833
flight_number_time_bucket,IAD,DFW,AA,AA1291.0,DFW→IAD,night,,2024-01-01,2024-12-31,4,4,0,0,0.0,1,0.25,0,0.0,25.0,11.5,67.6,28.75,17.0,58.9,2,0.5,1,0.25,1,0.25,0.75,-2.0,0,0.0,0,0.0
flight_number_time_bucket,IAD,DFW,AA,AA1390.0,DFW→IAD,afternoon,,2024-01-01,2024-12-31,178,177,1,2,0.005618,16,0.090395,5,0.028249,15.1,2.0,44.6,20.95,0.0,51.0,46,0.259887,34,0.19209,17,0.096045,1.31,0.0,3,0.088235,1,0.058824
flight_number_time_bucket,IAD,DFW,AA,AA1390.0,DFW→IAD,late_morning,,2024-01-01,2024-12-31,4,4,0,0,0.0,0,0.0,0,0.0,-2.25,-6.5,24.5,16.25,8.5,38.7,2,0.5,1,0.25,0,0.0,6.5,5.0,0,0.0,0,
flight_number_time_bucket,IAD,DFW,AA,AA1863.0,DFW→IAD,afternoon,,2024-01-01,2024-12-31,149,148,1,0,0.006711,9,0.060811,2,0.013514,12.05,4.0,40.9,16.67,0.0,52.3,37,0.25,23,0.155405,10,0.067568,0.3,0.0,1,0.041667,0,0.0
flight_number_time_bucket,IAD,DFW,AA,AA2414.0,DFW→IAD,afternoon,,2024-01-01,2024-12-31,31,30,1,0,0.032258,3,0.1,0,0.0,4.5,-8.0,54.7,12.93,0.0,49.2,7,0.233333,5,0.166667,2,0.066667,-0.07,0.0,1,0.2,0,0.0
flight_number_time_bucket,IAD,DFW,AA,AA2414.0,DFW→IAD,late_morning,,2024-01-01,2024-12-31,1,1,0,0,0.0,0,0.0,0,0.0,-20.0,-20.0,-20.0,0.0,0.0,0.0,0,0.0,0,0.0,0,0.0,0.0,0.0,0,,0,
flight_number_time_bucket,IAD,DFW,AA,AA2522.0,DFW→IAD,early_morning,,2024-01-01,2024-12-31,25,25,0,0,0.0,0,0.0,0,0.0,-6.16,-10.0,9.0,1.24,0.0,3.8,0,0.0,0,0.0,0,0.0,-1.24,0.0,0,,0,
flight_number_time_bucket,IAD,DFW,AA,AA413.0,DFW→IAD,evening,,2024-01-01,2024-12-31,147,144,3,0,0.020408,20,0.138889,2,0.013889,19.87,5.5,79.9,24.4,4.0,77.4,57,0.395833,40,0.277778,21,0.145833,0.0,0.0,1,0.02439,0,0.0
flight_number_time_bucket,IAD,DFW,UA,UA1240.0,DFW→IAD,evening,,2024-01-01,2024-12-31,289,285,4,0,0.013841,34,0.119298,7,0.024561,14.99,-4.0,72.6,21.64,0.0,75.0,61,0.214035,45,0.157895,36,0.126316,-0.08,0.0,1,0.021739,0,0.0
flight_number_time_bucket,IAD,DFW,UA,UA2639.0,DFW→IAD,early_morning,,2024-01-01,2024-12-31,346,344,2,0,0.00578,21,0.061047,7,0.020349,4.21,-8.0,14.0,13.25,0.0,15.7,35,0.101744,27,0.078488,19,0.055233,0.28,0.0,1,0.037037,0,0.0
flight_number_time_bucket,IAD,DFW,UA,UA330.0,DFW→IAD,evening,,2024-01-01,2024-12-31,37,36,1,0,0.027027,5,0.138889,0,0.0,17.78,2.5,100.5,23.67,0.0,93.0,10,0.277778,7,0.194444,5,0.138889,0.06,0.0,0,0.0,0,0.0
flight_number_time_bucket,IAD,DFW,UA,UA358.0,DFW→IAD,afternoon,,2024-01-01,2024-12-31,197,195,2,0,0.010152,12,0.061538,1,0.005128,3.95,-7.0,29.8,12.29,0.0,25.8,27,0.138462,18,0.092308,11,0.05641,-0.25,0.0,0,0.0,0,0.0
flight_number_time_bucket,IAD,DFW,UA,UA358.0,DFW→IAD,late_morning,,2024-01-01,2024-12-31,101,97,4,1,0.039604,12,0.123711,4,0.041237,12.42,-13.0,103.5,25.76,0.0,83.0,20,0.206186,16,0.164948,11,0.113402,0.48,0.0,0,0.0,0,0.0
flight_number_time_bucket,IAD,DFW,YX,YX3452.0,DFW→IAD,early_morning,,2024-01-01,2024-12-31,4,4,0,0,0.0,0,0.0,0,0.0,-5.5,-7.0,-0.1,0.0,0.0,0.0,0,0.0,0,0.0,0,0.0,-0.5,0.0,0,,0,
flight_number_time_bucket,IAD,DTW,9E,9E4884.0,DTW→IAD,evening,,2024-01-01,2024-12-31,4,4,0,0,0.0,0,0.0,0,0.0,11.5,8.0,35.6,9.75,7.0,21.7,1,0.25,0,0.0,0,0.0,-6.25,-4.5,0,,0,
flight_number_time_bucket,IAD,DTW,9E,9E5082.0,DTW→IAD,evening,,2024-01-01,2024-12-31,30,30,0,0,0.0,2,0.066667,0,0.0,8.4,-1.0,35.8,10.17,0.0,33.7,7,0.233333,5,0.166667,2,0.066667,-2.4,0.0,0,0.0,0,0.0
flight_number_time_bucket,IAD,DTW,9E,9E5195.0,DTW→IAD,late_morning,,2024-01-01,2024-12-31,92,92,0,0,0.0,4,0.043478,0,0.0,3.0,-6.5,30.9,8.25,0.0,13.8,8,0.086957,7,0.076087,3,0.032609,-2.54,0.0,0,0.0,0,0.0
flight_number_time_bucket,IAD,DTW,9E,9E5225.0,DTW→IAD,late_morning,,2024-01-01,2024-12-31,4,4,0,0,0.0,0,0.0,0,0.0,-12.25,-14.5,-7.7,0.0,0.0,0.0,0,0.0,0,0.0,0,0.0,0.0,0.0,0,,0,
flight_number_time_bucket,IAD,DTW,9E,9E5329.0,DTW→IAD,evening,,2024-01-01,2024-12-31,3,3,0,0,0.0,0,0.0,0,0.0,-17.33,-16.0,-14.4,0.0,0.0,0.0,0,0.0,0,0.0,0,0.0,0.0,0.0,0,,0,
flight_number_time_bucket,IAD,DTW,9E,9E5358.0,DTW→IAD,afternoon,,2024-01-01,2024-12-31,13,13,0,0,0.0,0,0.0,0,0.0,-0.85,-7.0,15.4,4.69,0.0,3.2,1,0.076923,1,0.076923,0,0.0,-2.69,0.0,0,0.0,0,
flight_number_time_bucket,IAD,DTW,9E,9E5437.0,DTW→IAD,late_morning,,2024-01-01,2024-12-31,5,5,0,0,0.0,0,0.0,0,0.0,-7.8,-11.0,4.2,2.0,0.0,5.8,0,0.0,0,0.0,0,0.0,0.2,0.0,0,,0,
flight_number_time_bucket,IAD,DTW,9E,9E5498.0,DTW→IAD,afternoon,,2024-01-01,2024-12-31,6,6,0,0,0.0,0,0.0,0,0.0,-6.0,-6.0,0.5,2.33,0.0,7.0,0,0.0,0,0.0,0,0.0,1.5,0.0,0,,0,
flight_number_time_bucket,IAD,DTW,DL,DL2060.0,DTW→IAD,night,,2024-01-01,2024-12-31,6,6,0,0,0.0,0,0.0,0,0.0,-16.0,-12.0,-6.5,0.0,0.0,0.0,0,0.0,0,0.0,0,0.0,0.0,0.0,0,,0,
flight_number_time_bucket,IAD,DTW,DL,DL2103.0,DTW→IAD,afternoon,,2024-01-01,2024-12-31,3,3,0,0,0.0,0,0.0,0,0.0,-18.67,-21.0,-14.6,0.0,0.0,0.0,0,0.0,0,0.0,0,0.0,0.0,0.0,0,,0,
flight_number_time_bucket,IAD,DTW,DL,DL2260.0,DTW→IAD,night,,2024-01-01,2024-12-31,30,30,0,0,0.0,2,0.066667,0,0.0,4.47,-6.5,25.4,15.13,0.0,39.7,8,0.266667,5,0.166667,2,0.066667,3.17,0.0,0,0.0,0,0.0
flight_number_time_bucket,IAD,DTW,DL,DL2288.0,DTW→IAD,night,,2024-01-01,2024-12-31,29,28,1,0,0.034483,3,0.107143,1,0.035714,13.68,-1.0,57.4,17.75,0.0,68.3,5,0.178571,4,0.142857,4,0.142857,0.21,0.0,0,0.0,0,0.0
flight_number_time_bucket,IAD,DTW,DL,DL2382.0,DTW→IAD,afternoon,,2024-01-01,2024-12-31,9,9,0,0,0.0,3,0.333333,1,0.111111,60.89,-4.0,188.2,68.67,5.0,178.0,4,0.444444,4,0.444444,3,0.333333,0.22,0.0,0,0.0,0,0.0
flight_number_time_bucket,IAD,DTW,DL,DL2525.0,DTW→IAD,night,,2024-01-01,2024-12-31,1,1,0,0,0.0,0,0.0,0,0.0,-32.0,-32.0,-32.0,0.0,0.0,0.0,0,0.0,0,0.0,0,0.0,0.0,0.0,0,,0,
flight_number_time_bucket,IAD,DTW,DL,DL2532.0,DTW→IAD,evening,,2024-01-01,2024-12-31,1,1,0,0,0.0,0,0.0,0,0.0,3.0,3.0,3.0,0.0,0.0,0.0,0,0.0,0,0.0,0,0.0,-3.0,-3.0,0,,0,
flight_number_time_bucket,IAD,DTW,DL,DL2532.0,DTW→IAD,night,,2024-01-01,2024-12-31,61,61,0,0,0.0,7,0.114754,0,0.0,3.51,-9.0,61.0,11.7,0.0,39.0,10,0.163934,10,0.163934,6,0.098361,-1.46,0.0,0,0.0,0,0.0
flight_number_time_bucket,IAD,DTW,DL,DL2817.0,DTW→IAD,night,,2024-01-01,2024-12-31,28,28,0,0,0.0,1,0.035714,1,0.035714,9.89,-13.0,10.9,20.75,0.0,13.5,3,0.107143,1,0.035714,1,0.035714,0.07,0.0,0,0.0,0,0.0
flight_number_time_bucket,IAD,DTW,OO,OO3637.0,DTW→IAD,night,,2024-01-01,2024-12-31,1,1,0,0,0.0,0,0.0,0,0.0,0.0,0.0,0.0,0.0,0.0,0.0,0,0.0,0,0.0,0,0.0,0.0,0.0,0,,0,
flight_number_time_bucket,IAD,DTW,OO,OO3666.0,DTW→IAD,night,,2024-01-01,2024-12-31,37,37,0,0,0.0,4,0.108108,0,0.0,6.46,-7.0,60.0,12.95,0.0,54.0,7,0.189189,7,0.189189,4,0.108108,-1.84,0.0,0,0.0,0,0.0
flight_number_time_bucket,IAD,DTW,OO,OO3703.0,DTW→IAD,late_morning,,2024-01-01,2024-12-31,31,31,0,0,0.0,2,0.064516,1,0.032258,23.48,4.0,38.0,21.03,0.0,42.0,5,0.16129,5,0.16129,2,0.064516,-3.35,-1.0,0,0.0,0,0.0
flight_number_time_bucket,IAD,DTW,OO,OO3796.0,DTW→IAD,late_morning,,2024-01-01,2024-12-31,186,186,0,0,0.0,18,0.096774,4,0.021505,15.74,2.0,47.5,16.84,0.0,43.0,31,0.166667,22,0.11828,17,0.091398,-2.3,0.0,0,0.0,0,0.0
flight_number_time_bucket,IAD,DTW,OO,OO3812.0,DTW→IAD,evening,,2024-01-01,2024-12-31,6,6,0,0,0.0,0,0.0,0,0.0,-8.17,-13.0,6.5,5.33,0.0,16.0,1,0.166667,1,0.166667,0,0.0,1.17,0.0,0,0.0,0,
flight_number_time_bucket,IAD,DTW,OO,OO3818.0,DTW→IAD,early_morning,,2024-01-01,2024-12-31,125,125,0,0,0.0,5,0.04,2,0.016,8.42,-3.0,36.6,13.03,0.0,29.0,23,0.184,12,0.096,7,0.056,-0.82,0.0,0,0.0,0,0.0
flight_number_time_bucket,IAD,DTW,OO,OO3853.0,DTW→IAD,late_morning,,2024-01-01,2024-12-31,7,7,0,0,0.0,0,0.0,0,0.0,-0.14,-8.0,15.4,3.71,0.0,10.4,1,0.142857,0,0.0,0,0.0,-1.57,0.0,0,,0,
flight_number_time_bucket,IAD,DTW,OO,OO3858.0,DTW→IAD,night,,2024-01-01,2024-12-31,1,1,0,0,0.0,0,0.0,0,0.0,-8.0,-8.0,-8.0,0.0,0.0,0.0,0,0.0,0,0.0,0,0.0,0.0,0.0,0,,0,
flight_number_time_bucket,IAD,DTW,OO,OO3867.0,DTW→IAD,afternoon,,2024-01-01,2024-12-31,28,28,0,0,0.0,3,0.107143,1,0.035714,20.75,2.0,63.1,21.57,0.0,54.2,7,0.25,5,0.178571,2,0.071429,-1.32,0.0,0,0.0,0,0.0
flight_number_time_bucket,IAD,DTW,OO,OO3877.0,DTW→IAD,late_morning,,2024-01-01,2024-12-31,13,13,0,0,0.0,1,0.076923,1,0.076923,13.62,-8.0,42.6,16.46,0.0,4.2,1,0.076923,1,0.076923,1,0.076923,-4.23,0.0,0,0.0,0,0.0
flight_number_time_bucket,IAD,DTW,OO,OO3877.0,DTW→IAD,night,,2024-01-01,2024-12-31,1,1,0,0,0.0,1,1.0,0,0.0,139.0,139.0,139.0,137.0,137.0,137.0,1,1.0,1,1.0,1,1.0,-2.0,-2.0,0,0.0,0,0.0
flight_number_time_bucket,IAD,DTW,OO,OO3887.0,DTW→IAD,afternoon,,2024-01-01,2024-12-31,5,5,0,0,0.0,2,0.4,1,0.2,69.8,7.0,204.8,81.0,19.0,211.2,3,0.6,2,0.4,2,0.4,5.0,6.0,0,0.0,0,0.0
flight_number_time_bucket,IAD,DTW,OO,OO3888.0,DTW→IAD,night,,2024-01-01,2024-12-31,35,35,0,0,0.0,0,0.0,0,0.0,-7.6,-8.0,0.6,0.31,0.0,0.0,0,0.0,0,0.0,0,0.0,0.0,0.0,0,,0,
flight_number_time_bucket,IAD,DTW,OO,OO3898.0,DTW→IAD,afternoon,,2024-01-01,2024-12-31,28,28,0,0,0.0,0,0.0,0,0.0,0.25,-5.0,15.1,5.11,0.0,12.4,3,0.107143,2,0.071429,0,0.0,-0.11,0.0,0,0.0,0,
flight_number_time_bucket,IAD,DTW,OO,OO3900.0,DTW→IAD,late_morning,,2024-01-01,2024-12-31,28,28,0,0,0.0,1,0.035714,0,0.0,5.96,0.0,15.6,5.68,0.0,9.9,2,0.071429,1,0.035714,1,0.035714,-2.93,0.0,0,0.0,0,0.0
flight_number_time_bucket,IAD,DTW,OO,OO3939.0,DTW→IAD,afternoon,,2024-01-01,2024-12-31,31,31,0,0,0.0,2,0.064516,1,0.032258,13.9,-1.0,30.0,17.13,0.0,28.0,9,0.290323,2,0.064516,2,0.064516,-0.52,0.0,0,0.0,0,0.0
flight_number_time_bucket,IAD,DTW,OO,OO3957.0,DTW→IAD,night,,2024-01-01,2024-12-31,87,87,0,0,0.0,11,0.126437,1,0.011494,14.09,-1.0,78.4,16.52,0.0,73.6,19,0.218391,16,0.183908,11,0.126437,-1.33,0.0,0,0.0,0,0.0
flight_number_time_bucket,IAD,DTW,OO,OO3961.0,DTW→IAD,early_morning,,2024-01-01,2024-12-31,15,15,0,0,0.0,2,0.133333,0,0.0,16.87,0.0,56.4,19.47,0.0,53.4,4,0.266667,4,0.266667,2,0.133333,-1.67,0.0,0,0.0,0,0.0
flight_number_time_bucket,IAD,DTW,OO,OO3961.0,DTW→IAD,night,,2024-01-01,2024-12-31,13,12,1,0,0.076923,3,0.25,0,0.0,29.75,5.0,86.9,34.08,0.0,80.7,4,0.333333,4,0.333333,3,0.25,1.33,0.0,0,0.0,0,0.0
flight_number_time_bucket,IAD,DTW,OO,OO3971.0,DTW→IAD,early_morning,,2024-01-01,2024-12-31,26,26,0,0,0.0,0,0.0,0,0.0,-5.15,-7.0,4.0,1.81,0.0,0.0,1,0.038462,1,0.038462,0,0.0,-0.31,0.0,0,0.0,0,
flight_number_time_bucket,IAD,DTW,OO,OO4014.0,DTW→IAD,afternoon,,2024-01-01,2024-12-31,1,1,0,0,0.0,0,0.0,0,0.0,-20.0,-20.0,-20.0,0.0,0.0,0.0,0,0.0,0,0.0,0,0.0,0.0,0.0,0,,0,
flight_number_time_bucket,IAD,DTW,OO,OO4016.0,DTW→IAD,evening,,2024-01-01,2024-12-31,47,44,3,0,0.06383,1,0.022727,1,0.022727,5.3,-6.5,36.4,13.75,0.0,30.0,11,0.25,4,0.090909,2,0.045455,0.93,0.0,0,0.0,0,0.0
flight_number_time_bucket,IAD,DTW,OO,OO4034.0,DTW→IAD,night,,2024-01-01,2024-12-31,6,6,0,0,0.0,0,0.0,0,0.0,0.83,-5.5,37.5,3.0,0.0,9.0,0,0.0,0,0.0,0,0.0,-10.17,-2.0,0,,0,
flight_number_time_bucket,IAD,DTW,OO,OO4046.0,DTW→IAD,night,,2024-01-01,2024-12-31,28,28,0,0,0.0,1,0.035714,1,0.035714,24.82,-6.0,16.5,32.29,0.0,15.8,3,0.107143,3,0.107143,1,0.035714,-0.11,0.0,0,0.0,0,0.0
flight_number_time_bucket,IAD,DTW,OO,OO4104.0,DTW→IAD,afternoon,,2024-01-01,2024-12-31,147,146,1,0,0.006803,25,0.171233,5,0.034247,26.73,6.0,95.0,28.36,2.0,95.0,55,0.376712,36,0.246575,23,0.157534,-2.04,0.0,0,0.0,0,0.0
flight_number_time_bucket,IAD,DTW,UA,UA2125.0,DTW→IAD,afternoon,,2024-01-01,2024-12-31,2,2,0,0,0.0,0,0.0,0,0.0,-9.0,-9.0,-9.0,0.0,0.0,0.0,0,0.0,0,0.0,0,0.0,0.0,0.0,0,,0,
flight_number_time_bucket,IAD,DTW,UA,UA2477.0,DTW→IAD,early_morning,,2024-01-01,2024-12-31,1,1,0,0,0.0,0,0.0,0,0.0,-24.0,-24.0,-24.0,0.0,0.0,0.0,0,0.0,0,0.0,0,0.0,0.0,0.0,0,,0,
flight_number_time_bucket,IAD,DTW,UA,UA2703.0,DTW→IAD,afternoon,,2024-01-01,2024-12-31,6,6,0,0,0.0,0,0.0,0,0.0,-20.33,-18.5,-16.0,0.0,0.0,0.0,0,0.0,0,0.0,0,0.0,0.0,0.0,0,,0,
flight_number_time_bucket,IAD,DTW,UA,UA2705.0,DTW→IAD,evening,,2024-01-01,2024-12-31,15,15,0,0,0.0,0,0.0,0,0.0,-17.53,-22.0,4.4,3.8,0.0,16.2,2,0.133333,0,0.0,0,0.0,1.8,0.0,1,1.0,0,
flight_number_time_bucket,IAD,DTW,UA,UA2712.0,DTW→IAD,evening,,2024-01-01,2024-12-31,1,1,0,0,0.0,0,0.0,0,0.0,12.0,12.0,12.0,0.0,0.0,0.0,0,0.0,0,0.0,0,0.0,-12.0,-12.0,0,,0,
flight_number_time_bucket,IAD,DTW,UA,UA284.0,DTW→IAD,evening,,2024-01-01,2024-12-31,6,6,0,0,0.0,0,0.0,0,0.0,-14.83,-17.0,-3.0,1.33,0.0,4.0,0,0.0,0,0.0,0,0.0,1.33,0.0,0,,0,
flight_number_time_bucket,IAD,DTW,YX,YX3457.0,DTW→IAD,early_morning,,2024-01-01,2024-12-31,1,1,0,0,0.0,0,0.0,0,0.0,-27.0,-27.0,-27.0,0.0,0.0,0.0,0,0.0,0,0.0,0,0.0,0.0,0.0,0,,0,
flight_number_time_bucket,IAD,DTW,YX,YX3509.0,DTW→IAD,early_morning,,2024-01-01,2024-12-31,12,12,0,0,0.0,0,0.0,0,0.0,-13.75,-15.5,-5.2,0.0,0.0,0.0,0,0.0,0,0.0,0,0.0,-0.33,0.0,0,,0,
flight_number_time_bucket,IAD,DTW,YX,YX3560.0,DTW→IAD,evening,,2024-01-01,2024-12-31,8,8,0,0,0.0,0,0.0,0,0.0,-2.88,-10.0,16.3,3.38,0.0,8.1,1,0.125,0,0.0,0,0.0,-1.75,0.0,0,,0,
flight_number_time_bucket,IAD,DTW,YX,YX3568.0,DTW→IAD,afternoon,,2024-01-01,2024-12-31,6,6,0,0,0.0,0,0.0,0,0.0,-20.0,-22.5,-11.5,0.33,0.0,1.0,0,0.0,0,0.0,0,0.0,0.33,0.0,0,,0,
flight_number_time_bucket,IAD,DTW,YX,YX3618.0,DTW→IAD,evening,,2024-01-01,2024-12-31,6,6,0,0,0.0,0,0.0,0,0.0,-18.17,-17.5,-15.5,0.0,0.0,0.0,0,0.0,0,0.0,0,0.0,0.0,0.0,0,,0,
flight_number_time_bucket,IAD,EWR,UA,UA1016.0,EWR→IAD,early_morning,,2024-01-01,2024-12-31,13,13,0,0,0.0,1,0.076923,0,0.0,2.31,-4.0,21.4,9.85,0.0,27.0,3,0.230769,1,0.076923,1,0.076923,1.54,0.0,0,0.0,0,0.0
flight_number_time_bucket,IAD,EWR,UA,UA1026.0,EWR→IAD,early_morning,,2024-01-01,2024-12-31,1,1,0,0,0.0,0,0.0,0,0.0,-20.0,-20.0,-20.0,0.0,0.0,0.0,0,0.0,0,0.0,0,0.0,0.0,0.0,0,,0,
flight_number_time_bucket,IAD,EWR,UA,UA1228.0,EWR→IAD,early_morning,,2024-01-01,2024-12-31,226,224,2,0,0.00885,2,0.008929,0,0.0,-8.64,-12.0,5.0,2.36,0.0,1.0,9,0.040179,7,0.03125,2,0.008929,-0.25,0.0,0,0.0,0,0.0
flight_number_time_bucket,IAD,EWR,UA,UA1382.0,EWR→IAD,late_morning,,2024-01-01,2024-12-31,1,1,0,0,0.0,0,0.0,0,0.0,-22.0,-22.0,-22.0,0.0,0.0,0.0,0,0.0,0,0.0,0,0.0,0.0,0.0,0,,0,
flight_number_time_bucket,IAD,EWR,UA,UA1386.0,EWR→IAD,night,,2024-01-01,2024-12-31,95,94,1,0,0.010526,17,0.180851,2,0.021277,20.85,4.5,75.8,21.99,0.0,81.9,31,0.329787,22,0.234043,15,0.159574,-4.19,0.0,0,0.0,0,0.0
flight_number_time_bucket,IAD,EWR,UA,UA1499.0,EWR→IAD,evening,,2024-01-01,2024-12-31,16,16,0,0,0.0,5,0.3125,1,0.0625,45.0,21.5,110.5,42.0,8.0,111.5,6,0.375,6,0.375,5,0.3125,-4.81,-2.0,0,0.0,0,0.0
flight_number_time_bucket,IAD,EWR,UA,UA1695.0,EWR→IAD,evening,,2024-01-01,2024-12-31,13,13,0,0,0.0,3,0.230769,0,0.0,23.92,9.0,67.8,24.31,12.0,74.0,6,0.461538,4,0.307692,3,0.230769,-1.0,1.0,0,0.0,0,0.0
flight_number_time_bucket,IAD,EWR,UA,UA1777.0,EWR→IAD,night,,2024-01-01,2024-12-31,53,49,4,0,0.075472,17,0.346939,5,0.102041,53.14,25.0,158.2,62.12,26.0,177.6,30,0.612245,23,0.469388,16,0.326531,5.04,7.0,1,0.043478,0,0.0
flight_number_time_bucket,IAD,EWR,UA,UA1781.0,EWR→IAD,night,,2024-01-01,2024-12-31,58,56,2,0,0.034483,4,0.071429,0,0.0,-3.29,-16.0,33.5,12.79,0.0,46.5,11,0.196429,10,0.178571,4,0.071429,1.55,0.0,1,0.1,0,0.0
flight_number_time_bucket,IAD,EWR,UA,UA1789.0,EWR→IAD,night,,2024-01-01,2024-12-31,1,1,0,0,0.0,1,1.0,0,0.0,142.0,142.0,142.0,119.0,119.0,119.0,1,1.0,1,1.0,1,1.0,-23.0,-23.0,0,0.0,0,0.0
flight_number_time_bucket,IAD,EWR,UA,UA1937.0,EWR→IAD,night,,2024-01-01,2024-12-31,35,34,1,0,0.028571,8,0.235294,1,0.029412,21.09,-4.0,116.4,32.5,2.0,124.1,9,0.264706,8,0.235294,7,0.205882,1.97,0.0,0,0.0,0,0.0
flight_number_time_bucket,IAD,EWR,UA,UA1992.0,EWR→IAD,afternoon,,2024-01-01,2024-12-31,239,237,2,1,0.008368,28,0.118143,5,0.021097,21.25,5.5,71.0,20.36,2.0,65.0,69,0.291139,44,0.185654,26,0.109705,-4.62,0.0,1,0.022222,0,0.0
flight_number_time_bucket,IAD,EWR,UA,UA2166.0,EWR→IAD,night,,2024-01-01,2024-12-31,28,28,0,0,0.0,3,0.107143,0,0.0,8.82,-3.0,49.7,15.82,0.0,54.9,5,0.178571,4,0.142857,3,0.107143,0.29,0.0,0,0.0,0,0.0
flight_number_time_bucket,IAD,EWR,UA,UA2204.0,EWR→IAD,night,,2024-01-01,2024-12-31,38,38,0,0,0.0,2,0.052632,0,0.0,-4.13,-10.0,19.9,11.71,0.0,31.8,11,0.289474,4,0.105263,1,0.026316,3.53,0.0,1,0.2,0,0.0
flight_number_time_bucket,IAD,EWR,UA,UA246.0,EWR→IAD,early_morning,,2024-01-01,2024-12-31,5,5,0,0,0.0,0,0.0,0,0.0,-11.0,-15.0,0.2,3.6,0.0,10.2,0,0.0,0,0.0,0,0.0,2.2,0.0,0,,0,
flight_number_time_bucket,IAD,EWR,UA,UA2494.0,EWR→IAD,evening,,2024-01-01,2024-12-31,298,286,12,0,0.040268,50,0.174825,13,0.045455,24.24,3.0,93.0,28.48,2.0,79.0,100,0.34965,71,0.248252,38,0.132867,-2.43,0.0,2,0.027397,0,0.0
flight_number_time_bucket,IAD,EWR,UA,UA2671.0,EWR→IAD,early_morning,,2024-01-01,2024-12-31,45,44,1,0,0.022222,1,0.022727,1,0.022727,-1.98,-11.0,8.9,8.07,0.0,4.7,3,0.068182,2,0.045455,1,0.022727,-0.93,0.0,0,0.0,0,0.0
flight_number_time_bucket,IAD,EWR,UA,UA2719.0,EWR→IAD,afternoon,,2024-01-01,2024-12-31,1,1,0,0,0.0,0,0.0,0,0.0,11.0,11.0,11.0,1.0,1.0,1.0,0,0.0,0,0.0,0,0.0,-10.0,-10.0,0,,0,
flight_number_time_bucket,IAD,EWR,UA,UA2850.0,EWR→IAD,night,,2024-01-01,2024-12-31,26,26,0,0,0.0,3,0.115385,0,0.0,21.85,2.0,76.0,24.5,0.0,73.5,8,0.307692,7,0.269231,3,0.115385,-2.0,0.0,0,0.0,0,0.0
flight_number_time_bucket,IAD,EWR,UA,UA424.0,EWR→IAD,night,,2024-01-01,2024-12-31,1,1,0,0,0.0,1,1.0,0,0.0,143.0,143.0,143.0,117.0,117.0,117.0,1,1.0,1,1.0,1,1.0,-26.0,-26.0,0,0.0,0,0.0
flight_number_time_bucket,IAD,EWR,UA,UA558.0,EWR→IAD,evening,,2024-01-01,2024-12-31,37,37,0,0,0.0,10,0.27027,2,0.054054,37.05,17.0,89.8,34.62,14.0,95.2,16,0.432432,12,0.324324,7,0.189189,-5.68,0.0,0,0.0,0,0.0
flight_number_time_bucket,IAD,EWR,UA,UA586.0,EWR→IAD,late_morning,,2024-01-01,2024-12-31,1,1,0,0,0.0,0,0.0,0,0.0,-3.0,-3.0,-3.0,12.0,12.0,12.0,0,0.0,0,0.0,0,0.0,12.0,12.0,0,,0,
flight_number_time_bucket,IAD,EWR,UA,UA660.0,EWR→IAD,early_morning,,2024-01-01,2024-12-31,1,1,0,0,0.0,0,0.0,0,0.0,6.0,6.0,6.0,0.0,0.0,0.0,0,0.0,0,0.0,0,0.0,-6.0,-6.0,0,,0,
flight_number_time_bucket,IAD,EWR,UA,UA700.0,EWR→IAD,early_morning,,2024-01-01,2024-12-31,1,1,0,0,0.0,0,0.0,0,0.0,-27.0,-27.0,-27.0,0.0,0.0,0.0,0,0.0,0,0.0,0,0.0,0.0,0.0,0,,0,
flight_number_time_bucket,IAD,EWR,YX,YX3414.0,EWR→IAD,afternoon,,2024-01-01,2024-12-31,24,24,0,0,0.0,3,0.125,1,0.041667,11.38,-6.0,82.4,18.25,0.0,42.6,6,0.25,3,0.125,2,0.083333,-2.88,0.0,1,0.25,0,0.0
flight_number_time_bucket,IAD,EWR,YX,YX3429.0,EWR→IAD,afternoon,,2024-01-01,2024-12-31,8,8,0,0,0.0,0,0.0,0,0.0,-7.62,-10.5,2.6,0.0,0.0,0.0,0,0.0,0,0.0,0,0.0,-1.38,0.0,0,,0,
flight_number_time_bucket,IAD,EWR,YX,YX3442.0,EWR→IAD,evening,,2024-01-01,2024-12-31,1,0,1,0,1.0,0,,0,,,,,,,,0,,0,,0,,,,0,,0,
flight_number_time_bucket,IAD,EWR,YX,YX3465.0,EWR→IAD,late_morning,,2024-01-01,2024-12-31,1,1,0,0,0.0,0,0.0,0,0.0,-1.0,-1.0,-1.0,25.0,25.0,25.0,1,1.0,0,0.0,0,0.0,25.0,25.0,0,,0,
flight_number_time_bucket,IAD,EWR,YX,YX3516.0,EWR→IAD,afternoon,,2024-01-01,2024-12-31,1,1,0,0,0.0,0,0.0,0,0.0,10.0,10.0,10.0,20.0,20.0,20.0,1,1.0,0,0.0,0,0.0,10.0,10.0,0,,0,
flight_number_time_bucket,IAD,EWR,YX,YX3524.0,EWR→IAD,late_morning,,2024-01-01,2024-12-31,1,1,0,0,0.0,0,0.0,0,0.0,-10.0,-10.0,-10.0,0.0,0.0,0.0,0,0.0,0,0.0,0,0.0,0.0,0.0,0,,0,
flight_number_time_bucket,IAD,EWR,YX,YX3542.0,EWR→IAD,afternoon,,2024-01-01,2024-12-31,58,56,2,0,0.034483,4,0.071429,1,0.017857,4.12,-10.0,33.0,12.46,0.0,36.0,9,0.160714,7,0.125,4,0.071429,-1.8,0.0,0,0.0,0,0.0
flight_number_time_bucket,IAD,EWR,YX,YX3559.0,EWR→IAD,afternoon,,2024-01-01,2024-12-31,8,5,3,0,0.375,1,0.2,0,0.0,37.4,21.0,111.6,28.6,10.0,77.4,1,0.2,1,0.2,1,0.2,-14.4,-9.0,0,0.0,0,0.0
flight_number_time_bucket,IAD,EWR,YX,YX3572.0,EWR→IAD,early_morning,,2024-01-01,2024-12-31,1,1,0,0,0.0,0,0.0,0,0.0,-18.0,-18.0,-18.0,0.0,0.0,0.0,0,0.0,0,0.0,0,0.0,0.0,0.0,0,,0,
flight_number_time_bucket,IAD,EWR,YX,YX3591.0,EWR→IAD,early_morning,,2024-01-01,2024-12-31,6,6,0,0,0.0,1,0.166667,0,0.0,7.0,-19.0,68.0,25.67,0.0,77.0,1,0.166667,1,0.166667,1,0.166667,2.0,0.0,0,0.0,0,0.0
flight_number_time_bucket,IAD,EWR,YX,YX3598.0,EWR→IAD,afternoon,,2024-01-01,2024-12-31,10,10,0,0,0.0,2,0.2,0,0.0,8.0,-10.0,81.4,16.8,0.0,43.9,3,0.3,2,0.2,1,0.1,-4.2,0.0,0,0.0,0,0.0
flight_number_time_bucket,IAD,EWR,YX,YX3679.0,EWR→IAD,evening,,2024-01-01,2024-12-31,1,1,0,0,0.0,0,0.0,0,0.0,0.0,0.0,0.0,9.0,9.0,9.0,0,0.0,0,0.0,0,0.0,9.0,9.0,0,,0,
flight_number_time_bucket,IAD,EWR,YX,YX3679.0,EWR→IAD,night,,2024-01-01,2024-12-31,4,4,0,1,0.0,1,0.25,0,0.0,30.0,-12.0,94.4,41.33,0.0,99.2,1,0.25,1,0.25,1,0.25,1.0,0.0,0,0.0,0,0.0
flight_number_time_bucket,IAD,EWR,YX,YX3688.0,EWR→IAD,late_morning,,2024-01-01,2024-12-31,1,1,0,0,0.0,0,0.0,0,0.0,-20.0,-20.0,-20.0,3.0,3.0,3.0,0,0.0,0,0.0,0,0.0,3.0,3.0,0,,0,
flight_number_time_bucket,IAD,EYW,UA,UA1735.0,EYW→IAD,afternoon,,2024-01-01,2024-12-31,24,24,0,0,0.0,3,0.125,0,0.0,0.75,-8.5,48.1,12.75,0.0,54.7,4,0.166667,3,0.125,3,0.125,2.12,0.0,0,0.0,0,0.0
flight_number_time_bucket,IAD,EYW,UA,UA546.0,EYW→IAD,afternoon,,2024-01-01,2024-12-31,66,65,1,0,0.015152,4,0.061538,1,0.015385,2.6,-12.0,32.8,14.05,0.0,40.2,8,0.123077,8,0.123077,4,0.061538,-0.75,0.0,0,0.0,0,0.0
flight_number_time_bucket,IAD,FLL,UA,UA1278.0,FLL→IAD,evening,,2024-01-01,2024-12-31,21,21,0,0,0.0,2,0.095238,0,0.0,10.38,-9.0,32.0,16.14,0.0,49.0,3,0.142857,3,0.142857,2,0.095238,-2.48,0.0,0,0.0,0,0.0
flight_number_time_bucket,IAD,FLL,UA,UA1750.0,FLL→IAD,early_morning,,2024-01-01,2024-12-31,66,66,0,0,0.0,1,0.015152,0,0.0,-10.85,-14.0,6.5,1.65,0.0,0.5,1,0.015152,1,0.015152,1,0.015152,-1.08,0.0,0,0.0,0,0.0
flight_number_time_bucket,IAD,FLL,UA,UA1753.0,FLL→IAD,evening,,2024-01-01,2024-12-31,24,24,0,0,0.0,5,0.208333,1,0.041667,35.38,3.5,150.0,45.04,0.0,164.8,8,0.333333,7,0.291667,7,0.291667,3.58,0.0,0,0.0,0,0.0
flight_number_time_bucket,IAD,FLL,UA,UA1756.0,FLL→IAD,early_morning,,2024-01-01,2024-12-31,24,24,0,0,0.0,0,0.0,0,0.0,-1.0,-6.0,24.3,5.54,0.0,11.6,2,0.083333,2,0.083333,1,0.041667,-1.42,0.0,0,0.0,0,0.0
flight_number_time_bucket,IAD,FLL,UA,UA2169.0,FLL→IAD,early_morning,,2024-01-01,2024-12-31,132,131,1,0,0.007576,4,0.030534,0,0.0,-5.37,-11.0,9.0,5.31,0.0,5.0,9,0.068702,4,0.030534,3,0.022901,-0.02,0.0,0,0.0,0,0.0
flight_number_time_bucket,IAD,FLL,UA,UA2169.0,FLL→IAD,late_morning,,2024-01-01,2024-12-31,17,17,0,0,0.0,1,0.058824,0,0.0,2.41,-11.0,16.6,12.71,0.0,14.6,2,0.117647,1,0.058824,1,0.058824,0.06,0.0,0,0.0,0,0.0
flight_number_time_bucket,IAD,FLL,UA,UA315.0,FLL→IAD,afternoon,,2024-01-01,2024-12-31,366,362,4,0,0.010929,16,0.044199,6,0.016575,1.93,-11.0,26.8,11.69,0.0,19.9,43,0.118785,27,0.074586,16,0.044199,-1.31,0.0,2,0.071429,0,0.0
flight_number_time_bucket,IAD,FLL,UA,UA424.0,FLL→IAD,late_morning,,2024-01-01,2024-12-31,21,21,0,0,0.0,0,0.0,0,0.0,-12.38,-14.0,-3.0,1.71,0.0,0.0,1,0.047619,1,0.047619,0,0.0,0.19,0.0,0,0.0,0,
flight_number_time_bucket,IAD,FLL,UA,UA442.0,FLL→IAD,late_morning,,2024-01-01,2024-12-31,37,37,0,0,0.0,1,0.027027,0,0.0,-5.73,-12.0,6.0,6.22,0.0,8.4,3,0.081081,2,0.054054,1,0.027027,1.11,0.0,0,0.0,0,0.0
flight_number_time_bucket,IAD,FLL,UA,UA456.0,FLL→IAD,evening,,2024-01-01,2024-12-31,18,18,0,0,0.0,1,0.055556,0,0.0,-3.44,-15.0,41.9,10.11,0.0,42.6,4,0.222222,3,0.166667,1,0.055556,0.33,0.0,0,0.0,0,0.0
flight_number_time_bucket,IAD,FLL,UA,UA538.0,FLL→IAD,evening,,2024-01-01,2024-12-31,13,13,0,0,0.0,0,0.0,0,0.0,9.62,2.0,47.0,18.31,0.0,56.6,5,0.384615,4,0.307692,1,0.076923,3.85,0.0,0,0.0,0,0.0
flight_number_time_bucket,IAD,FLL,UA,UA631.0,FLL→IAD,evening,,2024-01-01,2024-12-31,8,8,0,0,0.0,0,0.0,0,0.0,-6.25,-10.5,17.7,5.25,0.0,14.2,1,0.125,1,0.125,0,0.0,0.38,0.0,0,0.0,0,
flight_number_time_bucket,IAD,FLL,UA,UA782.0,FLL→IAD,evening,,2024-01-01,2024-12-31,52,50,2,0,0.038462,5,0.1,2,0.04,11.44,-8.0,55.2,18.56,0.0,33.4,11,0.22,7,0.14,4,0.08,-2.12,0.0,0,0.0,0,0.0
flight_number_time_bucket,IAD,HDN,UA,UA15.0,HDN→IAD,afternoon,,2024-01-01,2024-12-31,3,3,0,0,0.0,0,0.0,0,0.0,-8.67,-11.0,-1.4,7.0,5.0,13.8,1,0.333333,0,0.0,0,0.0,6.67,5.0,0,,0,
flight_number_time_bucket,IAD,HDN,UA,UA2002.0,HDN→IAD,afternoon,,2024-01-01,2024-12-31,5,5,0,0,0.0,1,0.2,0,0.0,31.2,1.0,106.2,36.2,37.0,76.2,3,0.6,3,0.6,1,0.2,-1.4,0.0,1,0.333333,0,0.0
flight_number_time_bucket,IAD,HDN,UA,UA203.0,HDN→IAD,afternoon,,2024-01-01,2024-12-31,4,4,0,0,0.0,1,0.25,0,0.0,15.75,-2.0,57.3,25.25,9.5,62.8,2,0.5,1,0.25,1,0.25,4.5,1.0,0,0.0,0,0.0
flight_number_time_bucket,IAD,HDN,UA,UA397.0,HDN→IAD,afternoon,,2024-01-01,2024-12-31,1,1,0,0,0.0,1,1.0,0,0.0,101.0,101.0,101.0,122.0,122.0,122.0,1,1.0,1,1.0,1,1.0,21.0,21.0,0,0.0,0,0.0
flight_number_time_bucket,IAD,HDN,UA,UA593.0,HDN→IAD,afternoon,,2024-01-01,2024-12-31,2,2,0,0,0.0,0,0.0,0,0.0,-17.0,-17.0,-9.0,0.0,0.0,0.0,0,0.0,0,0.0,0,0.0,0.0,0.0,0,,0,
flight_number_time_bucket,IAD,HNL,UA,UA344.0,HNL→IAD,afternoon,,2024-01-01,2024-12-31,59,56,3,0,0.050847,8,0.142857,2,0.035714,11.5,-13.0,96.5,30.14,0.0,107.5,14,0.25,12,0.214286,9,0.160714,5.02,0.0,0,0.0,0,0.0
flight_number_time_bucket,IAD,HNL,UA,UA344.0,HNL→IAD,evening,,2024-01-01,2024-12-31,68,68,0,1,0.0,4,0.058824,2,0.029412,-2.61,-15.0,30.2,19.82,0.0,58.2,14,0.205882,10,0.147059,7,0.102941,5.57,0.0,1,0.1,1,0.142857
flight_number_time_bucket,IAD,HSV,YX,YX3440.0,HSV→IAD,evening,,2024-01-01,2024-12-31,4,4,0,0,0.0,0,0.0,0,0.0,-20.25,-15.5,-8.3,0.0,0.0,0.0,0,0.0,0,0.0,0,0.0,0.0,0.0,0,,0,
flight_number_time_bucket,IAD,HSV,YX,YX3571.0,HSV→IAD,evening,,2024-01-01,2024-12-31,4,4,0,0,0.0,0,0.0,0,0.0,-21.25,-22.0,-12.7,0.0,0.0,0.0,0,0.0,0,0.0,0,0.0,0.0,0.0,0,,0,
flight_number_time_bucket,IAD,HSV,YX,YX3576.0,HSV→IAD,evening,,2024-01-01,2024-12-31,4,4,0,0,0.0,0,0.0,0,0.0,-19.75,-21.5,-10.7,0.0,0.0,0.0,0,0.0,0,0.0,0,0.0,0.0,0.0,0,,0,
flight_number_time_bucket,IAD,HSV,YX,YX3579.0,HSV→IAD,evening,,2024-01-01,2024-12-31,3,3,0,0,0.0,0,0.0,0,0.0,-5.0,-7.0,3.4,0.0,0.0,0.0,0,0.0,0,0.0,0,0.0,-2.0,0.0,0,,0,
flight_number_time_bucket,IAD,IAH,UA,UA1015.0,IAH→IAD,evening,,2024-01-01,2024-12-31,37,37,0,0,0.0,1,0.027027,1,0.027027,5.46,-5.0,33.4,17.16,1.0,47.4,11,0.297297,7,0.189189,1,0.027027,3.51,0.0,1,0.142857,0,0.0
flight_number_time_bucket,IAD,IAH,UA,UA1045.0,IAH→IAD,evening,,2024-01-01,2024-12-31,16,16,0,0,0.0,0,0.0,0,0.0,-2.38,-5.0,15.5,9.81,5.5,27.5,3,0.1875,2,0.125,0,0.0,5.0,4.0,1,0.5,0,
flight_number_time_bucket,IAD,IAH,UA,UA1286.0,IAH→IAD,evening,,2024-01-01,2024-12-31,32,32,0,0,0.0,2,0.0625,1,0.03125,11.81,-0.5,44.6,21.53,2.5,60.6,11,0.34375,7,0.21875,4,0.125,2.72,0.0,0,0.0,0,0.0
flight_number_time_bucket,IAD,IAH,UA,UA1297.0,IAH→IAD,evening,,2024-01-01,2024-12-31,31,30,1,0,0.032258,1,0.033333,0,0.0,-2.67,-11.5,16.9,10.9,0.0,16.4,3,0.1,2,0.066667,2,0.066667,2.2,0.0,0,0.0,0,0.0
flight_number_time_bucket,IAD,IAH,UA,UA1305.0,IAH→IAD,early_morning,,2024-01-01,2024-12-31,26,26,0,0,0.0,1,0.038462,0,0.0,8.12,-1.0,26.5,14.85,1.5,23.5,5,0.192308,2,0.076923,1,0.038462,2.62,0.0,0,0.0,0,0.0
flight_number_time_bucket,IAD,IAH,UA,UA1326.0,IAH→IAD,night,,2024-01-01,2024-12-31,1,1,0,0,0.0,0,0.0,0,0.0,5.0,5.0,5.0,13.0,13.0,13.0,0,0.0,0,0.0,0,0.0,8.0,8.0,0,,0,
flight_number_time_bucket,IAD,IAH,UA,UA1346.0,IAH→IAD,early_morning,,2024-01-01,2024-12-31,32,32,0,0,0.0,0,0.0,0,0.0,-10.56,-10.5,4.9,2.59,0.0,7.5,3,0.09375,0,0.0,0,0.0,0.94,0.0,0,,0,
flight_number_time_bucket,IAD,IAH,UA,UA1352.0,IAH→IAD,evening,,2024-01-01,2024-12-31,35,35,0,0,0.0,6,0.171429,0,0.0,28.71,15.0,66.6,24.34,12.0,64.0,13,0.371429,10,0.285714,4,0.114286,-5.23,0.0,1,0.1,0,0.0
flight_number_time_bucket,IAD,IAH,UA,UA1355.0,IAH→IAD,afternoon,,2024-01-01,2024-12-31,21,20,1,0,0.047619,2,0.1,0,0.0,23.75,13.0,44.9,18.3,0.0,43.6,5,0.25,4,0.2,2,0.1,-6.2,-6.0,0,0.0,0,0.0
flight_number_time_bucket,IAD,IAH,UA,UA1370.0,IAH→IAD,evening,,2024-01-01,2024-12-31,79,75,4,0,0.050633,9,0.12,2,0.026667,15.43,0.0,63.6,22.79,1.0,75.4,21,0.28,19,0.253333,13,0.173333,1.24,0.0,0,0.0,0,0.0
flight_number_time_bucket,IAD,IAH,UA,UA1375.0,IAH→IAD,early_morning,,2024-01-01,2024-12-31,1,1,0,0,0.0,0,0.0,0,0.0,-11.0,-11.0,-11.0,0.0,0.0,0.0,0,0.0,0,0.0,0,0.0,0.0,0.0,0,,0,
flight_number_time_bucket,IAD,IAH,UA,UA1381.0,IAH→IAD,evening,,2024-01-01,2024-12-31,69,69,0,0,0.0,3,0.043478,1,0.014493,0.93,-6.0,30.4,11.43,0.0,33.6,14,0.202899,10,0.144928,3,0.043478,1.78,0.0,0,0.0,0,0.0
flight_number_time_bucket,IAD,IAH,UA,UA1439.0,IAH→IAD,evening,,2024-01-01,2024-12-31,32,32,0,0,0.0,1,0.03125,1,0.03125,8.47,-0.5,35.4,12.06,1.5,25.7,6,0.1875,2,0.0625,1,0.03125,-0.69,0.0,0,0.0,0,0.0
flight_number_time_bucket,IAD,IAH,UA,UA1549.0,IAH→IAD,early_morning,,2024-01-01,2024-12-31,135,135,0,0,0.0,3,0.022222,0,0.0,-2.96,-6.0,11.6,2.98,0.0,5.0,7,0.051852,5,0.037037,2,0.014815,-1.21,0.0,0,0.0,0,0.0
flight_number_time_bucket,IAD,IAH,UA,UA1640.0,IAH→IAD,evening,,2024-01-01,2024-12-31,58,58,0,0,0.0,5,0.086207,1,0.017241,11.86,-5.0,46.7,20.31,0.0,62.0,14,0.241379,11,0.189655,6,0.103448,1.93,0.0,0,0.0,0,0.0
flight_number_time_bucket,IAD,IAH,UA,UA1727.0,IAH→IAD,early_morning,,2024-01-01,2024-12-31,21,21,0,0,0.0,3,0.142857,2,0.095238,28.0,-6.0,65.0,28.29,0.0,67.0,4,0.190476,3,0.142857,3,0.142857,-6.19,0.0,0,0.0,0,0.0
flight_number_time_bucket,IAD,IAH,UA,UA1734.0,IAH→IAD,afternoon,,2024-01-01,2024-12-31,21,21,0,0,0.0,6,0.285714,1,0.047619,46.33,6.0,171.0,56.62,21.0,180.0,11,0.52381,8,0.380952,6,0.285714,5.81,4.0,0,0.0,0,0.0
flight_number_time_bucket,IAD,IAH,UA,UA1778.0,IAH→IAD,night,,2024-01-01,2024-12-31,1,1,0,0,0.0,0,0.0,0,0.0,-12.0,-12.0,-12.0,0.0,0.0,0.0,0,0.0,0,0.0,0,0.0,0.0,0.0,0,,0,
flight_number_time_bucket,IAD,IAH,UA,UA1844.0,IAH→IAD,evening,,2024-01-01,2024-12-31,6,6,0,0,0.0,2,0.333333,0,0.0,45.83,14.5,124.5,50.67,14.0,133.0,3,0.5,2,0.333333,2,0.333333,2.67,2.0,0,0.0,0,0.0
flight_number_time_bucket,IAD,IAH,UA,UA1844.0,IAH→IAD,night,,2024-01-01,2024-12-31,31,31,0,0,0.0,1,0.032258,0,0.0,6.42,-3.0,32.0,11.13,1.0,23.0,6,0.193548,3,0.096774,3,0.096774,0.42,0.0,0,0.0,0,0.0
flight_number_time_bucket,IAD,IAH,UA,UA1887.0,IAH→IAD,evening,,2024-01-01,2024-12-31,35,35,0,0,0.0,6,0.171429,1,0.028571,32.94,17.0,103.4,38.34,19.0,100.8,19,0.542857,12,0.342857,6,0.171429,2.77,0.0,1,0.083333,0,0.0
flight_number_time_bucket,IAD,IAH,UA,UA1887.0,IAH→IAD,night,,2024-01-01,2024-12-31,47,47,0,0,0.0,2,0.042553,1,0.021277,7.09,-8.0,27.4,17.68,0.0,33.6,8,0.170213,5,0.106383,2,0.042553,2.0,0.0,0,0.0,0,0.0
flight_number_time_bucket,IAD,IAH,UA,UA1941.0,IAH→IAD,evening,,2024-01-01,2024-12-31,13,13,0,0,0.0,2,0.153846,0,0.0,18.46,1.0,82.4,17.77,2.0,61.6,3,0.230769,2,0.153846,2,0.153846,-4.23,0.0,0,0.0,0,0.0
flight_number_time_bucket,IAD,IAH,UA,UA1956.0,IAH→IAD,evening,,2024-01-01,2024-12-31,13,13,0,0,0.0,2,0.153846,0,0.0,15.0,5.0,61.4,23.77,13.0,58.6,6,0.461538,3,0.230769,2,0.153846,5.31,7.0,0,0.0,0,0.0
flight_number_time_bucket,IAD,IAH,UA,UA1966.0,IAH→IAD,early_morning,,2024-01-01,2024-12-31,1,1,0,0,0.0,0,0.0,0,0.0,-22.0,-22.0,-22.0,0.0,0.0,0.0,0,0.0,0,0.0,0,0.0,0.0,0.0,0,,0,
flight_number_time_bucket,IAD,IAH,UA,UA1975.0,IAH→IAD,evening,,2024-01-01,2024-12-31,8,8,0,0,0.0,1,0.125,0,0.0,11.0,-2.0,61.0,23.75,1.5,72.5,3,0.375,3,0.375,2,0.25,5.75,0.0,1,0.333333,0,0.0
flight_number_time_bucket,IAD,IAH,UA,UA2082.0,IAH→IAD,evening,,2024-01-01,2024-12-31,24,24,0,0,0.0,3,0.125,1,0.041667,16.0,-6.5,56.6,27.71,0.0,76.0,5,0.208333,5,0.208333,4,0.166667,4.62,0.0,0,0.0,0,0.0
flight_number_time_bucket,IAD,IAH,UA,UA2228.0,IAH→IAD,early_morning,,2024-01-01,2024-12-31,9,9,0,0,0.0,1,0.111111,0,0.0,13.11,1.0,56.2,26.0,20.0,66.4,5,0.555556,2,0.222222,1,0.111111,7.22,3.0,0,0.0,0,0.0
flight_number_time_bucket,IAD,IAH,UA,UA2237.0,IAH→IAD,evening,,2024-01-01,2024-12-31,53,52,1,0,0.018868,15,0.288462,3,0.057692,45.69,15.5,137.4,51.23,18.0,145.9,28,0.538462,20,0.384615,15,0.288462,4.42,4.0,0,0.0,0,0.0
flight_number_time_bucket,IAD,IAH,UA,UA2355.0,IAH→IAD,afternoon,,2024-01-01,2024-12-31,31,31,0,0,0.0,0,0.0,0,0.0,-0.84,1.0,10.0,6.58,2.0,16.0,4,0.129032,2,0.064516,0,0.0,1.68,0.0,2,0.666667,0,
flight_number_time_bucket,IAD,IAH,UA,UA2363.0,IAH→IAD,late_morning,,2024-01-01,2024-12-31,1,1,0,0,0.0,1,1.0,1,1.0,233.0,233.0,233.0,241.0,241.0,241.0,1,1.0,1,1.0,1,1.0,8.0,8.0,0,0.0,0,0.0
flight_number_time_bucket,IAD,IAH,UA,UA2366.0,IAH→IAD,afternoon,,2024-01-01,2024-12-31,29,29,0,0,0.0,1,0.034483,1,0.034483,22.38,14.0,34.2,22.31,10.0,37.2,12,0.413793,5,0.172414,2,0.068966,-0.34,-1.0,1,0.142857,0,0.0
flight_number_time_bucket,IAD,IAH,UA,UA2405.0,IAH→IAD,evening,,2024-01-01,2024-12-31,21,21,0,0,0.0,4,0.190476,0,0.0,31.29,14.0,88.0,37.62,21.0,80.0,12,0.571429,8,0.380952,5,0.238095,5.67,6.0,0,0.0,0,0.0
flight_number_time_bucket,IAD,IAH,UA,UA2412.0,IAH→IAD,early_morning,,2024-01-01,2024-12-31,53,52,1,0,0.018868,2,0.038462,1,0.019231,4.37,-3.5,14.0,10.0,0.0,17.7,6,0.115385,3,0.057692,3,0.057692,0.65,0.0,0,0.0,0,0.0
flight_number_time_bucket,IAD,IAH,UA,UA2461.0,IAH→IAD,afternoon,,2024-01-01,2024-12-31,53,51,2,2,0.037736,3,0.058824,1,0.019608,17.73,6.0,47.0,20.24,5.0,37.0,17,0.333333,7,0.137255,3,0.058824,-0.39,0.0,1,0.125,0,0.0
flight_number_time_bucket,IAD,IAH,UA,UA2474.0,IAH→IAD,evening,,2024-01-01,2024-12-31,8,7,1,0,0.125,0,0.0,0,0.0,0.14,-5.0,16.4,11.43,3.0,32.6,2,0.285714,1,0.142857,0,0.0,5.71,3.0,0,0.0,0,
flight_number_time_bucket,IAD,IAH,UA,UA2479.0,IAH→IAD,evening,,2024-01-01,2024-12-31,53,52,1,0,0.018868,10,0.192308,1,0.019231,29.83,12.5,96.8,39.19,14.0,120.4,25,0.480769,16,0.307692,14,0.269231,6.12,5.0,0,0.0,0,0.0
flight_number_time_bucket,IAD,IAH,UA,UA2484.0,IAH→IAD,evening,,2024-01-01,2024-12-31,36,36,0,0,0.0,0,0.0,0,0.0,-1.44,-3.5,20.5,4.25,0.0,15.5,4,0.111111,2,0.055556,0,0.0,-1.08,0.0,0,0.0,0,
flight_number_time_bucket,IAD,IAH,UA,UA2630.0,IAH→IAD,evening,,2024-01-01,2024-12-31,197,192,5,1,0.025381,10,0.052083,4,0.020833,9.5,-1.0,37.0,17.17,2.0,44.0,49,0.255208,29,0.151042,14,0.072917,1.83,0.0,3,0.1,0,0.0
flight_number_time_bucket,IAD,IAH,UA,UA2736.0,IAH→IAD,afternoon,,2024-01-01,2024-12-31,34,34,0,0,0.0,3,0.088235,2,0.058824,31.59,4.0,59.7,36.03,6.5,64.3,8,0.235294,5,0.147059,4,0.117647,0.85,2.0,0,0.0,0,0.0
flight_number_time_bucket,IAD,IAH,UA,UA2736.0,IAH→IAD,late_morning,,2024-01-01,2024-12-31,1,1,0,0,0.0,0,0.0,0,0.0,35.0,35.0,35.0,36.0,36.0,36.0,1,1.0,1,1.0,0,0.0,1.0,1.0,0,0.0,0,
flight_number_time_bucket,IAD,IAH,UA,UA326.0,IAH→IAD,afternoon,,2024-01-01,2024-12-31,60,60,0,0,0.0,3,0.05,0,0.0,6.9,-0.5,30.0,12.25,3.0,26.1,14,0.233333,5,0.083333,3,0.05,-0.17,0.0,0,0.0,0,0.0
flight_number_time_bucket,IAD,IAH,UA,UA326.0,IAH→IAD,late_morning,,2024-01-01,2024-12-31,1,1,0,0,0.0,0,0.0,0,0.0,-13.0,-13.0,-13.0,1.0,1.0,1.0,0,0.0,0,0.0,0,0.0,1.0,1.0,0,,0,
flight_number_time_bucket,IAD,IAH,UA,UA337.0,IAH→IAD,early_morning,,2024-01-01,2024-12-31,1,1,0,0,0.0,0,0.0,0,0.0,-22.0,-22.0,-22.0,0.0,0.0,0.0,0,0.0,0,0.0,0,0.0,0.0,0.0,0,,0,
flight_number_time_bucket,IAD,IAH,UA,UA471.0,IAH→IAD,early_morning,,2024-01-01,2024-12-31,87,83,4,0,0.045977,3,0.036145,1,0.012048,0.77,-5.0,10.8,7.05,0.0,7.8,5,0.060241,4,0.048193,4,0.048193,-0.58,0.0,0,0.0,0,0.0
flight_number_time_bucket,IAD,IAH,UA,UA499.0,IAH→IAD,afternoon,,2024-01-01,2024-12-31,45,45,0,0,0.0,4,0.088889,2,0.044444,26.76,9.0,49.2,23.96,1.0,45.6,13,0.288889,6,0.133333,4,0.088889,-5.89,0.0,0,0.0,0,0.0
flight_number_time_bucket,IAD,IAH,UA,UA796.0,IAH→IAD,afternoon,,2024-01-01,2024-12-31,91,91,0,1,0.0,5,0.054945,1,0.010989,12.92,3.0,33.4,14.17,2.0,20.5,13,0.142857,8,0.087912,5,0.054945,-2.18,0.0,0,0.0,0,0.0
flight_number_time_bucket,IAD,IND,YX,YX3445.0,IND→IAD,evening,,2024-01-01,2024-12-31,208,202,6,0,0.028846,13,0.064356,1,0.00495,1.31,-9.0,34.9,12.06,0.0,40.0,36,0.178218,26,0.128713,15,0.074257,1.08,0.0,0,0.0,0,0.0
flight_number_time_bucket,IAD,IND,YX,YX3494.0,IND→IAD,early_morning,,2024-01-01,2024-12-31,341,339,2,0,0.005865,5,0.014749,1,0.00295,-8.62,-13.0,5.0,3.47,0.0,3.0,16,0.047198,8,0.023599,6,0.017699,-0.12,0.0,0,0.0,0,0.0
flight_number_time_bucket,IAD,IND,YX,YX3522.0,IND→IAD,afternoon,,2024-01-01,2024-12-31,32,32,0,0,0.0,1,0.03125,0,0.0,-4.38,-9.5,12.5,4.19,0.0,17.7,4,0.125,2,0.0625,0,0.0,-1.34,0.0,0,0.0,0,
flight_number_time_bucket,IAD,IND,YX,YX3526.0,IND→IAD,afternoon,,2024-01-01,2024-12-31,21,21,0,0,0.0,0,0.0,0,0.0,3.19,1.0,25.0,0.0,0.0,0.0,0,0.0,0,0.0,0,0.0,-8.19,-1.0,0,,0,
flight_number_time_bucket,IAD,IND,YX,YX3530.0,IND→IAD,afternoon,,2024-01-01,2024-12-31,313,313,0,2,0.0,10,0.031949,0,0.0,1.24,-4.0,17.0,4.84,0.0,7.0,24,0.076677,18,0.057508,9,0.028754,-2.36,0.0,0,0.0,0,0.0
flight_number_time_bucket,IAD,IND,YX,YX3698.0,IND→IAD,early_morning,,2024-01-01,2024-12-31,7,7,0,0,0.0,0,0.0,0,0.0,-9.29,-2.0,2.8,0.0,0.0,0.0,0,0.0,0,0.0,0,0.0,-1.0,0.0,0,,0,
flight_number_time_bucket,IAD,IND,YX,YX3709.0,IND→IAD,late_morning,,2024-01-01,2024-12-31,365,363,2,0,0.005479,6,0.016529,1,0.002755,-8.87,-12.0,2.0,3.04,0.0,1.0,15,0.041322,12,0.033058,6,0.016529,0.14,0.0,0,0.0,0,0.0
flight_number_time_bucket,IAD,JAX,G4,G4363.0,JAX→IAD,afternoon,,2024-01-01,2024-12-31,2,2,0,0,0.0,0,0.0,0,0.0,10.0,10.0,15.6,6.5,6.5,8.5,0,0.0,0,0.0,0,0.0,-3.5,-3.5,0,,0,
flight_number_time_bucket,IAD,JAX,G4,G4363.0,JAX→IAD,evening,,2024-01-01,2024-12-31,2,2,0,0,0.0,0,0.0,0,0.0,11.0,11.0,13.4,3.5,3.5,4.7,0,0.0,0,0.0,0,0.0,-7.5,-7.5,0,,0,
flight_number_time_bucket,IAD,JAX,G4,G4364.0,JAX→IAD,afternoon,,2024-01-01,2024-12-31,1,1,0,0,0.0,0,0.0,0,0.0,-22.0,-22.0,-22.0,0.0,0.0,0.0,0,0.0,0,0.0,0,0.0,0.0,0.0,0,,0,
flight_number_time_bucket,IAD,JAX,G4,G4365.0,JAX→IAD,afternoon,,2024-01-01,2024-12-31,1,1,0,0,0.0,0,0.0,0,0.0,-29.0,-29.0,-29.0,0.0,0.0,0.0,0,0.0,0,0.0,0,0.0,0.0,0.0,0,,0,
flight_number_time_bucket,IAD,JAX,G4,G4366.0,JAX→IAD,late_morning,,2024-01-01,2024-12-31,1,1,0,0,0.0,1,1.0,0,0.0,106.0,106.0,106.0,107.0,107.0,107.0,1,1.0,1,1.0,1,1.0,1.0,1.0,0,0.0,0,0.0
flight_number_time_bucket,IAD,JAX,G4,G4367.0,JAX→IAD,afternoon,,2024-01-01,2024-12-31,2,2,0,0,0.0,0,0.0,0,0.0,-1.0,-1.0,4.6,10.0,10.0,18.0,1,0.5,0,0.0,0,0.0,7.0,7.0,0,,0,
flight_number_time_bucket,IAD,JAX,G4,G4367.0,JAX→IAD,evening,,2024-01-01,2024-12-31,12,11,1,0,0.083333,3,0.272727,0,0.0,51.27,39.0,134.0,42.18,4.0,121.0,5,0.454545,4,0.363636,3,0.272727,-9.18,-3.0,0,0.0,0,0.0
flight_number_time_bucket,IAD,JAX,G4,G4369.0,JAX→IAD,afternoon,,2024-01-01,2024-12-31,2,2,0,0,0.0,0,0.0,0,0.0,-12.0,-12.0,-7.2,0.0,0.0,0.0,0,0.0,0,0.0,0,0.0,0.0,0.0,0,,0,
flight_number_time_bucket,IAD,JAX,G4,G4369.0,JAX→IAD,evening,,2024-01-01,2024-12-31,2,2,0,0,0.0,1,0.5,1,0.5,99.5,99.5,184.7,92.5,92.5,166.5,1,0.5,1,0.5,1,0.5,-10.5,-10.5,0,0.0,0,0.0
flight_number_time_bucket,IAD,JAX,G4,G4373.0,JAX→IAD,afternoon,,2024-01-01,2024-12-31,1,1,0,0,0.0,0,0.0,0,0.0,-3.0,-3.0,-3.0,0.0,0.0,0.0,0,0.0,0,0.0,0,0.0,0.0,0.0,0,,0,
flight_number_time_bucket,IAD,JAX,G4,G4378.0,JAX→IAD,late_morning,,2024-01-01,2024-12-31,1,1,0,0,0.0,0,0.0,0,0.0,54.0,54.0,54.0,73.0,73.0,73.0,1,1.0,1,1.0,1,1.0,19.0,19.0,0,0.0,0,0.0
flight_number_time_bucket,IAD,JAX,G4,G4380.0,JAX→IAD,afternoon,,2024-01-01,2024-12-31,1,1,0,0,0.0,0,0.0,0,0.0,1.0,1.0,1.0,0.0,0.0,0.0,0,0.0,0,0.0,0,0.0,-1.0,-1.0,0,,0,
flight_number_time_bucket,IAD,JAX,G4,G4383.0,JAX→IAD,afternoon,,2024-01-01,2024-12-31,1,1,0,0,0.0,0,0.0,0,0.0,-16.0,-16.0,-16.0,0.0,0.0,0.0,0,0.0,0,0.0,0,0.0,0.0,0.0,0,,0,
flight_number_time_bucket,IAD,JAX,G4,G4389.0,JAX→IAD,afternoon,,2024-01-01,2024-12-31,1,1,0,0,0.0,0,0.0,0,0.0,11.0,11.0,11.0,26.0,26.0,26.0,1,1.0,0,0.0,0,0.0,15.0,15.0,0,,0,
flight_number_time_bucket,IAD,JAX,G4,G4393.0,JAX→IAD,afternoon,,2024-01-01,2024-12-31,3,3,0,0,0.0,0,0.0,0,0.0,-16.67,-18.0,-11.6,0.33,0.0,0.8,0,0.0,0,0.0,0,0.0,0.33,0.0,0,,0,
flight_number_time_bucket,IAD,JAX,G4,G4394.0,JAX→IAD,afternoon,,2024-01-01,2024-12-31,1,1,0,0,0.0,0,0.0,0,0.0,-4.0,-4.0,-4.0,0.0,0.0,0.0,0,0.0,0,0.0,0,0.0,0.0,0.0,0,,0,
flight_number_time_bucket,IAD,JAX,G4,G4401.0,JAX→IAD,afternoon,,2024-01-01,2024-12-31,2,2,0,0,0.0,0,0.0,0,0.0,-5.0,-5.0,-3.4,1.0,1.0,1.8,0,0.0,0,0.0,0,0.0,1.0,1.0,0,,0,
flight_number_time_bucket,IAD,JAX,G4,G4406.0,JAX→IAD,afternoon,,2024-01-01,2024-12-31,1,1,0,0,0.0,0,0.0,0,0.0,-28.0,-28.0,-28.0,0.0,0.0,0.0,0,0.0,0,0.0,0,0.0,0.0,0.0,0,,0,
flight_number_time_bucket,IAD,JAX,G4,G4407.0,JAX→IAD,afternoon,,2024-01-01,2024-12-31,5,5,0,0,0.0,0,0.0,0,0.0,-6.8,-6.0,6.4,0.0,0.0,0.0,0,0.0,0,0.0,0,0.0,-2.2,0.0,0,,0,
flight_number_time_bucket,IAD,JAX,G4,G4408.0,JAX→IAD,afternoon,,2024-01-01,2024-12-31,6,6,0,0,0.0,0,0.0,0,0.0,-6.0,-5.5,-1.0,0.67,0.0,2.0,0,0.0,0,0.0,0,0.0,0.67,0.0,0,,0,
flight_number_time_bucket,IAD,JAX,G4,G4408.0,JAX→IAD,evening,,2024-01-01,2024-12-31,2,2,0,0,0.0,0,0.0,0,0.0,5.5,5.5,17.1,9.5,9.5,17.1,1,0.5,0,0.0,0,0.0,-0.5,-0.5,0,,0,
flight_number_time_bucket,IAD,JAX,G4,G4412.0,JAX→IAD,afternoon,,2024-01-01,2024-12-31,8,8,0,0,0.0,3,0.375,0,0.0,37.25,11.5,102.7,42.62,18.5,101.4,4,0.5,4,0.5,2,0.25,1.38,0.0,0,0.0,0,0.0
flight_number_time_bucket,IAD,JAX,G4,G4413.0,JAX→IAD,afternoon,,2024-01-01,2024-12-31,1,1,0,0,0.0,0,0.0,0,0.0,-7.0,-7.0,-7.0,5.0,5.0,5.0,0,0.0,0,0.0,0,0.0,5.0,5.0,0,,0,
flight_number_time_bucket,IAD,JAX,G4,G4423.0,JAX→IAD,afternoon,,2024-01-01,2024-12-31,4,4,0,0,0.0,0,0.0,0,0.0,-4.25,-20.0,26.1,6.25,0.0,17.5,1,0.25,0,0.0,0,0.0,-5.0,0.0,0,,0,
flight_number_time_bucket,IAD,JAX,G4,G4427.0,JAX→IAD,afternoon,,2024-01-01,2024-12-31,2,2,0,0,0.0,0,0.0,0,0.0,-29.5,-29.5,-27.5,0.0,0.0,0.0,0,0.0,0,0.0,0,0.0,0.0,0.0,0,,0,
flight_number_time_bucket,IAD,JAX,G4,G4428.0,JAX→IAD,afternoon,,2024-01-01,2024-12-31,2,2,0,0,0.0,0,0.0,0,0.0,2.5,2.5,2.9,0.0,0.0,0.0,0,0.0,0,0.0,0,0.0,-2.5,-2.5,0,,0,
flight_number_time_bucket,IAD,JAX,UA,UA1267.0,JAX→IAD,late_morning,,2024-01-01,2024-12-31,37,37,0,0,0.0,0,0.0,0,0.0,-6.65,-11.0,11.8,1.32,0.0,0.0,2,0.054054,0,0.0,0,0.0,-1.97,0.0,0,0.0,0,
flight_number_time_bucket,IAD,JAX,UA,UA1349.0,JAX→IAD,afternoon,,2024-01-01,2024-12-31,16,16,0,0,0.0,1,0.0625,0,0.0,3.81,-3.0,25.5,5.0,0.0,22.5,3,0.1875,1,0.0625,0,0.0,-4.88,0.0,0,0.0,0,
flight_number_time_bucket,IAD,JAX,UA,UA1437.0,JAX→IAD,late_morning,,2024-01-01,2024-12-31,16,16,0,0,0.0,2,0.125,1,0.0625,12.88,-5.0,34.0,18.44,0.0,37.5,2,0.125,2,0.125,2,0.125,-0.88,0.0,0,0.0,0,0.0
flight_number_time_bucket,IAD,JAX,UA,UA1757.0,JAX→IAD,afternoon,,2024-01-01,2024-12-31,234,232,2,3,0.008547,23,0.099138,7,0.030172,17.13,-4.0,59.4,22.87,0.0,60.2,42,0.181034,36,0.155172,23,0.099138,-0.66,0.0,0,0.0,0,0.0
flight_number_time_bucket,IAD,JAX,UA,UA1783.0,JAX→IAD,late_morning,,2024-01-01,2024-12-31,1,1,0,0,0.0,0,0.0,0,0.0,-2.0,-2.0,-2.0,0.0,0.0,0.0,0,0.0,0,0.0,0,0.0,0.0,0.0,0,,0,
flight_number_time_bucket,IAD,JAX,UA,UA1825.0,JAX→IAD,late_morning,,2024-01-01,2024-12-31,31,31,0,0,0.0,0,0.0,0,0.0,-11.71,-15.0,0.0,0.26,0.0,0.0,0,0.0,0,0.0,0,0.0,-1.19,0.0,0,,0,
flight_number_time_bucket,IAD,JAX,UA,UA1844.0,JAX→IAD,late_morning,,2024-01-01,2024-12-31,49,46,3,0,0.061224,4,0.086957,2,0.043478,11.22,-10.0,16.0,22.35,0.0,18.0,6,0.130435,4,0.086957,4,0.086957,0.93,0.0,0,0.0,0,0.0
flight_number_time_bucket,IAD,JAX,UA,UA1848.0,JAX→IAD,afternoon,,2024-01-01,2024-12-31,31,31,0,0,0.0,1,0.032258,0,0.0,-2.1,-9.0,13.0,8.35,0.0,26.0,7,0.225806,3,0.096774,1,0.032258,1.81,0.0,0,0.0,0,0.0
flight_number_time_bucket,IAD,JAX,UA,UA1893.0,JAX→IAD,evening,,2024-01-01,2024-12-31,26,26,0,0,0.0,1,0.038462,0,0.0,-9.12,-18.0,0.0,7.5,0.0,0.0,1,0.038462,1,0.038462,1,0.038462,-0.54,0.0,0,0.0,0,0.0
flight_number_time_bucket,IAD,JAX,UA,UA2011.0,JAX→IAD,evening,,2024-01-01,2024-12-31,1,1,0,0,0.0,0,0.0,0,0.0,10.0,10.0,10.0,14.0,14.0,14.0,0,0.0,0,0.0,0,0.0,4.0,4.0,0,,0,
flight_number_time_bucket,IAD,JAX,UA,UA2279.0,JAX→IAD,late_morning,,2024-01-01,2024-12-31,34,34,0,0,0.0,0,0.0,0,0.0,-10.62,-12.5,0.7,1.12,0.0,0.0,1,0.029412,1,0.029412,0,0.0,0.47,0.0,0,0.0,0,
flight_number_time_bucket,IAD,JAX,UA,UA2344.0,JAX→IAD,afternoon,,2024-01-01,2024-12-31,50,48,2,0,0.04,2,0.041667,0,0.0,7.0,-3.0,37.8,9.54,0.0,36.1,7,0.145833,7,0.145833,2,0.041667,-2.38,0.0,0,0.0,0,0.0
flight_number_time_bucket,IAD,JAX,UA,UA2477.0,JAX→IAD,late_morning,,2024-01-01,2024-12-31,12,12,0,0,0.0,1,0.083333,0,0.0,9.5,-1.5,36.1,14.0,0.0,31.5,3,0.25,2,0.166667,1,0.083333,-0.08,0.0,0,0.0,0,0.0
flight_number_time_bucket,IAD,JAX,UA,UA2734.0,JAX→IAD,late_morning,,2024-01-01,2024-12-31,4,4,0,0,0.0,0,0.0,0,0.0,-9.5,-8.0,-6.0,2.25,0.0,6.3,0,0.0,0,0.0,0,0.0,2.25,0.0,0,,0,
flight_number_time_bucket,IAD,JAX,UA,UA282.0,JAX→IAD,evening,,2024-01-01,2024-12-31,1,1,0,0,0.0,0,0.0,0,0.0,-26.0,-26.0,-26.0,0.0,0.0,0.0,0,0.0,0,0.0,0,0.0,0.0,0.0,0,,0,
flight_number_time_bucket,IAD,JAX,UA,UA2865.0,JAX→IAD,late_morning,,2024-01-01,2024-12-31,38,37,1,0,0.026316,2,0.054054,2,0.054054,24.35,-10.0,30.0,34.81,0.0,26.2,6,0.162162,4,0.108108,2,0.054054,-0.35,0.0,0,0.0,0,0.0
flight_number_time_bucket,IAD,JAX,UA,UA310.0,JAX→IAD,evening,,2024-01-01,2024-12-31,8,8,0,0,0.0,1,0.125,1,0.125,10.62,-19.5,59.3,28.38,0.0,68.1,1,0.125,1,0.125,1,0.125,1.62,0.0,0,0.0,0,0.0
flight_number_time_bucket,IAD,JAX,UA,UA441.0,JAX→IAD,evening,,2024-01-01,2024-12-31,45,45,0,0,0.0,2,0.044444,1,0.022222,-1.13,-13.0,20.6,11.98,0.0,23.0,6,0.133333,4,0.088889,2,0.044444,1.02,0.0,0,0.0,0,0.0
flight_number_time_bucket,IAD,JAX,YX,YX3447.0,JAX→IAD,afternoon,,2024-01-01,2024-12-31,5,5,0,0,0.0,0,0.0,0,0.0,-13.2,-11.0,-4.2,0.0,0.0,0.0,0,0.0,0,0.0,0,0.0,0.0,0.0,0,,0,
flight_number_time_bucket,IAD,JAX,YX,YX3455.0,JAX→IAD,afternoon,,2024-01-01,2024-12-31,7,7,0,0,0.0,0,0.0,0,0.0,-0.57,-6.0,11.4,0.86,0.0,2.4,0,0.0,0,0.0,0,0.0,-3.86,0.0,0,,0,
flight_number_time_bucket,IAD,JAX,YX,YX3471.0,JAX→IAD,evening,,2024-01-01,2024-12-31,34,34,0,0,0.0,2,0.058824,0,0.0,1.32,-11.0,40.2,11.38,0.0,38.6,6,0.176471,5,0.147059,3,0.088235,-0.12,0.0,0,0.0,0,0.0
flight_number_time_bucket,IAD,JAX,YX,YX3483.0,JAX→IAD,evening,,2024-01-01,2024-12-31,53,53,0,0,0.0,1,0.018868,0,0.0,-9.77,-15.0,13.8,3.77,0.0,7.6,4,0.075472,2,0.037736,1,0.018868,-0.06,0.0,0,0.0,0,0.0
flight_number_time_bucket,IAD,JAX,YX,YX3551.0,JAX→IAD,evening,,2024-01-01,2024-12-31,52,52,0,0,0.0,7,0.134615,2,0.038462,11.62,-4.0,70.5,15.85,0.0,32.8,9,0.173077,6,0.115385,4,0.076923,-4.38,0.0,0,0.0,0,0.0
flight_number_time_bucket,IAD,JAX,YX,YX3622.0,JAX→IAD,afternoon,,2024-01-01,2024-12-31,3,3,0,0,0.0,0,0.0,0,0.0,-11.67,-12.0,-7.2,0.0,0.0,0.0,0,0.0,0,0.0,0,0.0,0.0,0.0,0,,0,
flight_number_time_bucket,IAD,JFK,9E,9E4997.0,JFK→IAD,afternoon,,2024-01-01,2024-12-31,11,11,0,0,0.0,1,0.090909,0,0.0,-3.36,-15.0,17.0,9.09,0.0,13.0,1,0.090909,1,0.090909,1,0.090909,1.64,0.0,0,0.0,0,0.0
flight_number_time_bucket,IAD,JFK,9E,9E5159.0,JFK→IAD,afternoon,,2024-01-01,2024-12-31,28,28,0,0,0.0,0,0.0,0,0.0,-13.32,-18.5,12.2,1.96,0.0,1.2,2,0.071429,0,0.0,0,0.0,-1.61,0.0,0,,0,
flight_number_time_bucket,IAD,JFK,9E,9E5267.0,JFK→IAD,afternoon,,2024-01-01,2024-12-31,4,4,0,0,0.0,0,0.0,0,0.0,-9.25,-18.0,7.9,0.0,0.0,0.0,0,0.0,0,0.0,0,0.0,-4.75,0.0,0,,0,
flight_number_time_bucket,IAD,JFK,9E,9E5299.0,JFK→IAD,afternoon,,2024-01-01,2024-12-31,5,5,0,0,0.0,0,0.0,0,0.0,-21.4,-20.0,-11.2,0.0,0.0,0.0,0,0.0,0,0.0,0,0.0,0.0,0.0,0,,0,
flight_number_time_bucket,IAD,JFK,9E,9E5381.0,JFK→IAD,late_morning,,2024-01-01,2024-12-31,92,91,1,0,0.01087,6,0.065934,1,0.010989,-5.63,-15.0,9.0,6.99,0.0,10.0,9,0.098901,6,0.065934,3,0.032967,-1.53,0.0,0,0.0,0,0.0
flight_number_time_bucket,IAD,JFK,9E,9E5411.0,JFK→IAD,afternoon,,2024-01-01,2024-12-31,3,3,0,0,0.0,0,0.0,0,0.0,-14.33,-15.0,-12.6,0.0,0.0,0.0,0,0.0,0,0.0,0,0.0,0.0,0.0,0,,0,
flight_number_time_bucket,IAD,JFK,9E,9E5411.0,JFK→IAD,evening,,2024-01-01,2024-12-31,32,32,0,0,0.0,1,0.03125,0,0.0,-11.56,-16.0,2.8,2.62,0.0,0.0,2,0.0625,1,0.03125,1,0.03125,0.12,0.0,0,0.0,0,0.0
flight_number_time_bucket,IAD,JFK,OO,OO3850.0,JFK→IAD,afternoon,,2024-01-01,2024-12-31,31,30,1,0,0.032258,3,0.1,0,0.0,5.5,-13.5,59.7,20.63,0.0,61.2,10,0.333333,8,0.266667,3,0.1,2.2,0.0,2,0.25,0,0.0
flight_number_time_bucket,IAD,JFK,OO,OO3850.0,JFK→IAD,evening,,2024-01-01,2024-12-31,2,2,0,0,0.0,0,0.0,0,0.0,39.5,39.5,40.7,32.0,32.0,57.6,1,0.5,1,0.5,1,0.5,-7.5,-7.5,0,0.0,0,0.0
flight_number_time_bucket,IAD,JFK,OO,OO3876.0,JFK→IAD,afternoon,,2024-01-01,2024-12-31,28,28,0,0,0.0,2,0.071429,0,0.0,1.07,-15.0,55.0,13.54,0.0,58.2,6,0.214286,4,0.142857,3,0.107143,-1.0,0.0,0,0.0,0,0.0
flight_number_time_bucket,IAD,JFK,OO,OO3904.0,JFK→IAD,late_morning,,2024-01-01,2024-12-31,1,1,0,0,0.0,0,0.0,0,0.0,-12.0,-12.0,-12.0,0.0,0.0,0.0,0,0.0,0,0.0,0,0.0,0.0,0.0,0,,0,
flight_number_time_bucket,IAD,JFK,OO,OO3917.0,JFK→IAD,late_morning,,2024-01-01,2024-12-31,28,28,0,0,0.0,3,0.107143,1,0.035714,6.54,-11.0,50.2,16.57,0.0,30.9,3,0.107143,3,0.107143,3,0.107143,-1.11,0.0,0,0.0,0,0.0
flight_number_time_bucket,IAD,JFK,OO,OO3931.0,JFK→IAD,afternoon,,2024-01-01,2024-12-31,132,129,3,1,0.022727,27,0.209302,6,0.046512,32.95,0.0,148.3,39.11,0.0,133.4,45,0.348837,39,0.302326,26,0.20155,-1.45,0.0,3,0.076923,0,0.0
flight_number_time_bucket,IAD,JFK,OO,OO3931.0,JFK→IAD,evening,,2024-01-01,2024-12-31,2,2,0,0,0.0,0,0.0,0,0.0,-4.5,-4.5,-3.3,0.0,0.0,0.0,0,0.0,0,0.0,0,0.0,0.0,0.0,0,,0,
flight_number_time_bucket,IAD,JFK,OO,OO3950.0,JFK→IAD,late_morning,,2024-01-01,2024-12-31,2,2,0,0,0.0,0,0.0,0,0.0,-3.5,-3.5,3.3,0.0,0.0,0.0,0,0.0,0,0.0,0,0.0,-2.5,-2.5,0,,0,
flight_number_time_bucket,IAD,JFK,OO,OO3965.0,JFK→IAD,late_morning,,2024-01-01,2024-12-31,31,31,0,0,0.0,2,0.064516,1,0.032258,0.81,-11.0,11.0,12.39,0.0,14.0,3,0.096774,3,0.096774,2,0.064516,1.39,0.0,0,0.0,0,0.0
flight_number_time_bucket,IAD,JFK,OO,OO3990.0,JFK→IAD,late_morning,,2024-01-01,2024-12-31,164,163,1,0,0.006098,13,0.079755,3,0.018405,6.5,-9.0,36.6,15.91,0.0,40.4,27,0.165644,23,0.141104,14,0.08589,-0.21,0.0,1,0.043478,0,0.0
flight_number_time_bucket,IAD,JFK,OO,OO4026.0,JFK→IAD,late_morning,,2024-01-01,2024-12-31,31,31,0,0,0.0,1,0.032258,1,0.032258,2.42,-12.0,30.0,11.58,0.0,31.0,5,0.16129,4,0.129032,1,0.032258,-0.97,0.0,0,0.0,0,0.0
flight_number_time_bucket,IAD,JFK,OO,OO4176.0,JFK→IAD,afternoon,,2024-01-01,2024-12-31,29,28,1,0,0.034483,8,0.285714,1,0.035714,32.79,-4.5,152.5,40.89,0.0,144.2,10,0.357143,10,0.357143,8,0.285714,-0.57,0.0,0,0.0,0,0.0
flight_number_time_bucket,IAD,JFK,OO,OO4176.0,JFK→IAD,evening,,2024-01-01,2024-12-31,33,32,1,0,0.030303,3,0.09375,1,0.03125,8.72,-8.0,50.7,17.72,0.0,45.8,6,0.1875,5,0.15625,3,0.09375,-0.78,0.0,0,0.0,0,0.0
flight_number_time_bucket,IAD,JFK,YX,YX5747.0,JFK→IAD,afternoon,,2024-01-01,2024-12-31,26,26,0,0,0.0,2,0.076923,0,0.0,7.58,-5.0,37.0,10.23,0.0,28.0,4,0.153846,3,0.115385,1,0.038462,-3.19,0.0,0,0.0,0,0.0
flight_number_time_bucket,IAD,JST,OO,OO5046.0,JST→IAD,early_morning,,2024-01-01,2024-12-31,19,19,0,0,0.0,4,0.210526,3,0.157895,48.68,1.0,254.6,60.42,0.0,265.0,5,0.263158,4,0.210526,4,0.210526,1.53,0.0,0,0.0,0,0.0
flight_number_time_bucket,IAD,JST,OO,OO5046.0,JST→IAD,late_morning,,2024-01-01,2024-12-31,347,339,8,0,0.023055,35,0.103245,9,0.026549,5.54,-13.0,63.2,19.06,0.0,53.8,65,0.19174,49,0.144543,34,0.100295,0.06,0.0,3,0.058824,0,0.0
flight_number_time_bucket,IAD,LAS,UA,UA1006.0,LAS→IAD,afternoon,,2024-01-01,2024-12-31,4,4,0,0,0.0,0,0.0,0,0.0,-3.5,-9.5,21.2,5.75,0.0,16.1,1,0.25,0,0.0,0,0.0,-2.25,0.0,0,,0,
flight_number_time_bucket,IAD,LAS,UA,UA1086.0,LAS→IAD,night,,2024-01-01,2024-12-31,8,8,0,0,0.0,0,0.0,0,0.0,-0.38,-8.0,26.7,7.88,0.0,19.3,1,0.125,1,0.125,1,0.125,0.25,0.0,0,0.0,0,0.0
flight_number_time_bucket,IAD,LAS,UA,UA1540.0,LAS→IAD,early_morning,,2024-01-01,2024-12-31,16,16,0,0,0.0,1,0.0625,0,0.0,14.81,9.5,22.5,7.81,0.0,10.0,1,0.0625,1,0.0625,1,0.0625,-9.62,-7.0,0,0.0,0,0.0
flight_number_time_bucket,IAD,LAS,UA,UA1544.0,LAS→IAD,afternoon,,2024-01-01,2024-12-31,16,16,0,0,0.0,0,0.0,0,0.0,-6.25,-10.0,13.5,1.62,0.0,5.0,0,0.0,0,0.0,0,0.0,-2.81,0.0,0,,0,
flight_number_time_bucket,IAD,LAS,UA,UA1573.0,LAS→IAD,night,,2024-01-01,2024-12-31,4,4,0,0,0.0,0,0.0,0,0.0,-8.25,-11.0,7.9,7.5,4.0,17.8,1,0.25,0,0.0,0,0.0,4.25,4.0,0,,0,
flight_number_time_bucket,IAD,LAS,UA,UA1627.0,LAS→IAD,early_morning,,2024-01-01,2024-12-31,292,289,3,3,0.010274,12,0.041522,1,0.00346,-6.64,-12.5,12.0,6.67,0.0,6.0,19,0.065744,14,0.048443,12,0.041522,-0.52,0.0,0,0.0,0,0.0
flight_number_time_bucket,IAD,LAS,UA,UA1627.0,LAS→IAD,late_morning,,2024-01-01,2024-12-31,1,1,0,0,0.0,0,0.0,0,0.0,24.0,24.0,24.0,24.0,24.0,24.0,1,1.0,0,0.0,0,0.0,0.0,0.0,0,,0,
flight_number_time_bucket,IAD,LAS,UA,UA1818.0,LAS→IAD,night,,2024-01-01,2024-12-31,77,77,0,0,0.0,1,0.012987,0,0.0,-13.91,-19.0,14.4,6.49,0.0,24.4,10,0.12987,7,0.090909,2,0.025974,2.14,0.0,0,0.0,0,0.0
flight_number_time_bucket,IAD,LAS,UA,UA1961.0,LAS→IAD,afternoon,,2024-01-01,2024-12-31,229,219,10,1,0.043668,17,0.077626,6,0.027397,10.25,-7.5,56.0,20.89,0.0,64.0,49,0.223744,36,0.164384,23,0.105023,0.37,0.0,0,0.0,1,0.043478
flight_number_time_bucket,IAD,LAS,UA,UA1987.0,LAS→IAD,afternoon,,2024-01-01,2024-12-31,31,30,1,0,0.032258,1,0.033333,0,0.0,-9.33,-18.0,8.8,6.23,0.0,9.2,2,0.066667,1,0.033333,1,0.033333,-0.23,0.0,0,0.0,0,0.0
flight_number_time_bucket,IAD,LAS,UA,UA2038.0,LAS→IAD,night,,2024-01-01,2024-12-31,30,29,1,0,0.033333,4,0.137931,2,0.068966,25.62,-6.0,91.2,38.55,0.0,81.6,9,0.310345,7,0.241379,4,0.137931,2.0,0.0,0,0.0,0,0.0
flight_number_time_bucket,IAD,LAS,UA,UA2109.0,LAS→IAD,afternoon,,2024-01-01,2024-12-31,23,23,0,0,0.0,1,0.043478,0,0.0,-11.39,-18.0,5.4,4.3,0.0,1.6,2,0.086957,1,0.043478,1,0.043478,0.04,0.0,1,0.5,0,0.0
flight_number_time_bucket,IAD,LAS,UA,UA2144.0,LAS→IAD,late_morning,,2024-01-01,2024-12-31,1,1,0,0,0.0,0,0.0,0,0.0,58.0,58.0,58.0,39.0,39.0,39.0,1,1.0,1,1.0,0,0.0,-19.0,-19.0,0,0.0,0,
flight_number_time_bucket,IAD,LAS,UA,UA2230.0,LAS→IAD,night,,2024-01-01,2024-12-31,65,65,0,0,0.0,4,0.061538,1,0.015385,-2.51,-15.0,17.2,13.35,0.0,13.6,6,0.092308,6,0.092308,3,0.046154,0.66,0.0,0,0.0,0,0.0
flight_number_time_bucket,IAD,LAS,UA,UA2382.0,LAS→IAD,afternoon,,2024-01-01,2024-12-31,36,35,1,0,0.027778,2,0.057143,0,0.0,-2.03,-7.0,26.8,8.06,0.0,23.2,6,0.171429,3,0.085714,1,0.028571,-0.34,0.0,0,0.0,0,0.0
flight_number_time_bucket,IAD,LAS,UA,UA2625.0,LAS→IAD,afternoon,,2024-01-01,2024-12-31,1,1,0,0,0.0,0,0.0,0,0.0,14.0,14.0,14.0,0.0,0.0,0.0,0,0.0,0,0.0,0,0.0,-14.0,-14.0,0,,0,
flight_number_time_bucket,IAD,LAS,UA,UA2663.0,LAS→IAD,night,,2024-01-01,2024-12-31,21,20,1,0,0.047619,1,0.05,1,0.05,1.7,-9.0,27.2,11.85,0.0,6.5,1,0.05,1,0.05,1,0.05,-1.9,0.0,0,0.0,0,0.0
flight_number_time_bucket,IAD,LAS,UA,UA324.0,LAS→IAD,early_morning,,2024-01-01,2024-12-31,1,1,0,0,0.0,0,0.0,0,0.0,-4.0,-4.0,-4.0,0.0,0.0,0.0,0,0.0,0,0.0,0,0.0,0.0,0.0,0,,0,
flight_number_time_bucket,IAD,LAS,UA,UA362.0,LAS→IAD,night,,2024-01-01,2024-12-31,26,26,0,0,0.0,0,0.0,0,0.0,-15.69,-17.0,-1.5,2.73,0.0,1.0,2,0.076923,1,0.038462,0,0.0,0.19,0.0,0,0.0,0,
flight_number_time_bucket,IAD,LAS,UA,UA370.0,LAS→IAD,night,,2024-01-01,2024-12-31,1,1,0,0,0.0,0,0.0,0,0.0,14.0,14.0,14.0,4.0,4.0,4.0,0,0.0,0,0.0,0,0.0,-10.0,-10.0,0,,0,
flight_number_time_bucket,IAD,LAS,UA,UA526.0,LAS→IAD,afternoon,,2024-01-01,2024-12-31,13,13,0,0,0.0,0,0.0,0,0.0,-11.31,-13.0,6.6,3.08,0.0,12.8,0,0.0,0,0.0,0,0.0,1.31,0.0,0,,0,
flight_number_time_bucket,IAD,LAS,UA,UA662.0,LAS→IAD,night,,2024-01-01,2024-12-31,12,12,0,0,0.0,1,0.083333,1,0.083333,16.5,-10.0,3.2,33.92,0.0,17.2,2,0.166667,1,0.083333,1,0.083333,4.17,0.0,0,0.0,0,0.0
flight_number_time_bucket,IAD,LAS,UA,UA662.0,LAS→IAD,red_eye,,2024-01-01,2024-12-31,1,1,0,0,0.0,0,0.0,0,0.0,-4.0,-4.0,-4.0,0.0,0.0,0.0,0,0.0,0,0.0,0,0.0,0.0,0.0,0,,0,
flight_number_time_bucket,IAD,LAS,UA,UA709.0,LAS→IAD,night,,2024-01-01,2024-12-31,32,32,0,0,0.0,0,0.0,0,0.0,-16.94,-22.0,-4.2,3.88,0.0,7.8,2,0.0625,1,0.03125,1,0.03125,1.84,0.0,0,0.0,0,0.0
flight_number_time_bucket,IAD,LAS,UA,UA714.0,LAS→IAD,night,,2024-01-01,2024-12-31,1,1,0,0,0.0,1,1.0,0,0.0,90.0,90.0,90.0,91.0,91.0,91.0,1,1.0,1,1.0,1,1.0,1.0,1.0,0,0.0,0,0.0
flight_number_time_bucket,IAD,LAS,UA,UA797.0,LAS→IAD,night,,2024-01-01,2024-12-31,2,2,0,0,0.0,0,0.0,0,0.0,-19.0,-19.0,-18.2,0.0,0.0,0.0,0,0.0,0,0.0,0,0.0,0.0,0.0,0,,0,
flight_number_time_bucket,IAD,LAX,AS,AS308.0,LAX→IAD,afternoon,,2024-01-01,2024-12-31,5,5,0,0,0.0,1,0.2,0,0.0,26.2,19.0,52.4,45.8,48.0,76.0,4,0.8,3,0.6,1,0.2,19.6,23.0,0,0.0,0,0.0
flight_number_time_bucket,IAD,LAX,AS,AS310.0,LAX→IAD,early_morning,,2024-01-01,2024-12-31,192,191,1,2,0.005208,4,0.020942,0,0.0,3.06,-1.0,21.2,4.59,0.0,11.0,14,0.073298,9,0.04712,2,0.010471,-3.6,0.0,0,0.0,0,0.0
flight_number_time_bucket,IAD,LAX,AS,AS310.0,LAX→IAD,late_morning,,2024-01-01,2024-12-31,128,128,0,0,0.0,8,0.0625,1,0.007812,2.9,-6.5,29.6,11.26,0.0,36.6,19,0.148438,15,0.117188,8,0.0625,-0.35,0.0,0,0.0,0,0.0
flight_number_time_bucket,IAD,LAX,AS,AS339.0,LAX→IAD,night,,2024-01-01,2024-12-31,141,141,0,0,0.0,10,0.070922,0,0.0,7.66,-1.0,42.0,16.62,2.0,55.0,43,0.304965,26,0.184397,10,0.070922,2.95,0.0,2,0.076923,0,0.0
flight_number_time_bucket,IAD,LAX,AS,AS413.0,LAX→IAD,late_morning,,2024-01-01,2024-12-31,1,1,0,0,0.0,0,0.0,0,0.0,7.0,7.0,7.0,4.0,4.0,4.0,0,0.0,0,0.0,0,0.0,-3.0,-3.0,0,,0,
flight_number_time_bucket,IAD,LAX,UA,UA1071.0,LAX→IAD,night,,2024-01-01,2024-12-31,31,31,0,0,0.0,1,0.032258,0,0.0,-7.03,-13.0,11.0,4.39,0.0,13.0,2,0.064516,2,0.064516,1,0.032258,-0.39,0.0,0,0.0,0,0.0
flight_number_time_bucket,IAD,LAX,UA,UA1140.0,LAX→IAD,early_morning,,2024-01-01,2024-12-31,186,182,4,0,0.021505,7,0.038462,3,0.016484,5.55,-2.5,28.9,12.47,0.0,33.7,31,0.17033,20,0.10989,9,0.049451,-0.45,0.0,3,0.142857,0,0.0
flight_number_time_bucket,IAD,LAX,UA,UA1164.0,LAX→IAD,late_morning,,2024-01-01,2024-12-31,37,27,10,0,0.27027,0,0.0,0,0.0,-4.19,-7.0,20.4,1.67,0.0,3.4,1,0.037037,0,0.0,0,0.0,-3.59,0.0,0,,0,
flight_number_time_bucket,IAD,LAX,UA,UA1554.0,LAX→IAD,late_morning,,2024-01-01,2024-12-31,35,34,1,0,0.028571,1,0.029412,0,0.0,-9.24,-14.5,12.7,7.59,0.0,12.1,3,0.088235,2,0.058824,1,0.029412,1.09,0.0,0,0.0,0,0.0
flight_number_time_bucket,IAD,LAX,UA,UA1573.0,LAX→IAD,evening,,2024-01-01,2024-12-31,116,116,0,0,0.0,2,0.017241,0,0.0,-10.89,-14.0,8.0,5.41,0.0,10.0,11,0.094828,8,0.068966,3,0.025862,1.56,0.0,2,0.222222,0,0.0
flight_number_time_bucket,IAD,LAX,UA,UA1596.0,LAX→IAD,late_morning,,2024-01-01,2024-12-31,21,21,0,0,0.0,1,0.047619,0,0.0,-7.43,-7.0,7.0,7.38,0.0,13.0,2,0.095238,1,0.047619,1,0.047619,1.71,0.0,0,0.0,0,0.0
flight_number_time_bucket,IAD,LAX,UA,UA1607.0,LAX→IAD,night,,2024-01-01,2024-12-31,21,21,0,0,0.0,1,0.047619,0,0.0,-10.29,-13.0,14.0,9.81,0.0,41.0,4,0.190476,3,0.142857,1,0.047619,4.38,0.0,1,0.333333,0,0.0
flight_number_time_bucket,IAD,LAX,UA,UA1635.0,LAX→IAD,afternoon,,2024-01-01,2024-12-31,322,320,2,3,0.006211,16,0.05,1,0.003125,1.25,-5.0,26.4,10.91,0.0,29.0,52,0.1625,30,0.09375,19,0.059375,0.25,0.0,1,0.033333,0,0.0
flight_number_time_bucket,IAD,LAX,UA,UA1642.0,LAX→IAD,early_morning,,2024-01-01,2024-12-31,16,16,0,0,0.0,1,0.0625,0,0.0,14.19,7.0,36.0,15.69,4.0,47.0,6,0.375,3,0.1875,1,0.0625,1.0,1.0,1,0.333333,0,0.0
flight_number_time_bucket,IAD,LAX,UA,UA1778.0,LAX→IAD,night,,2024-01-01,2024-12-31,53,52,1,0,0.018868,3,0.057692,0,0.0,0.92,-7.0,27.4,14.12,3.5,37.8,15,0.288462,7,0.134615,3,0.057692,3.85,1.5,1,0.142857,0,0.0
flight_number_time_bucket,IAD,LAX,UA,UA1834.0,LAX→IAD,early_morning,,2024-01-01,2024-12-31,32,32,0,1,0.0,1,0.03125,1,0.03125,-1.29,-11.0,9.0,11.42,0.0,9.0,3,0.09375,2,0.0625,1,0.03125,2.32,0.0,1,0.5,0,0.0
flight_number_time_bucket,IAD,LAX,UA,UA1835.0,LAX→IAD,night,,2024-01-01,2024-12-31,32,32,0,0,0.0,0,0.0,0,0.0,-19.31,-20.0,-6.0,3.12,0.0,8.0,3,0.09375,1,0.03125,0,0.0,1.94,0.0,1,1.0,0,
flight_number_time_bucket,IAD,LAX,UA,UA1843.0,LAX→IAD,night,,2024-01-01,2024-12-31,256,254,2,0,0.007812,7,0.027559,1,0.003937,-6.12,-12.5,21.4,9.86,0.0,29.4,42,0.165354,25,0.098425,13,0.051181,2.87,0.0,2,0.076923,0,0.0
flight_number_time_bucket,IAD,LAX,UA,UA1892.0,LAX→IAD,night,,2024-01-01,2024-12-31,327,325,2,0,0.006116,7,0.021538,0,0.0,-4.32,-7.0,18.2,7.59,0.0,22.0,50,0.153846,23,0.070769,7,0.021538,1.55,0.0,2,0.083333,0,0.0
flight_number_time_bucket,IAD,LAX,UA,UA2062.0,LAX→IAD,early_morning,,2024-01-01,2024-12-31,21,21,0,0,0.0,0,0.0,0,0.0,-1.48,-3.0,19.0,10.05,1.0,34.0,4,0.190476,3,0.142857,1,0.047619,2.71,0.0,0,0.0,0,0.0
flight_number_time_bucket,IAD,LAX,UA,UA2066.0,LAX→IAD,early_morning,,2024-01-01,2024-12-31,31,31,0,0,0.0,2,0.064516,1,0.032258,12.52,-2.0,40.0,16.61,0.0,16.0,4,0.129032,3,0.096774,2,0.064516,-3.97,0.0,0,0.0,0,0.0
flight_number_time_bucket,IAD,LAX,UA,UA2151.0,LAX→IAD,afternoon,,2024-01-01,2024-12-31,31,31,0,0,0.0,0,0.0,0,0.0,-6.45,-14.0,26.0,7.26,0.0,24.0,6,0.193548,3,0.096774,1,0.032258,1.29,0.0,0,0.0,0,0.0
flight_number_time_bucket,IAD,LAX,UA,UA2159.0,LAX→IAD,afternoon,,2024-01-01,2024-12-31,53,53,0,0,0.0,1,0.018868,0,0.0,-7.4,-12.0,10.2,8.68,0.0,26.6,8,0.150943,3,0.056604,1,0.018868,3.17,0.0,0,0.0,0,0.0
flight_number_time_bucket,IAD,LAX,UA,UA2189.0,LAX→IAD,night,,2024-01-01,2024-12-31,1,1,0,0,0.0,0,0.0,0,0.0,-10.0,-10.0,-10.0,0.0,0.0,0.0,0,0.0,0,0.0,0,0.0,0.0,0.0,0,,0,
flight_number_time_bucket,IAD,LAX,UA,UA2194.0,LAX→IAD,night,,2024-01-01,2024-12-31,4,4,0,0,0.0,0,0.0,0,0.0,-2.75,-9.5,11.3,6.0,4.0,12.7,1,0.25,0,0.0,0,0.0,1.0,1.5,0,,0,
flight_number_time_bucket,IAD,LAX,UA,UA2238.0,LAX→IAD,early_morning,,2024-01-01,2024-12-31,38,38,0,0,0.0,2,0.052632,1,0.026316,10.42,-6.0,14.5,14.0,0.0,7.6,1,0.026316,1,0.026316,1,0.026316,-5.55,0.0,0,0.0,0,0.0
flight_number_time_bucket,IAD,LAX,UA,UA2282.0,LAX→IAD,night,,2024-01-01,2024-12-31,12,12,0,0,0.0,0,0.0,0,0.0,3.17,-7.0,44.1,17.67,17.5,40.6,7,0.583333,3,0.25,0,0.0,4.92,0.0,1,0.333333,0,
flight_number_time_bucket,IAD,LAX,UA,UA234.0,LAX→IAD,night,,2024-01-01,2024-12-31,21,21,0,0,0.0,2,0.095238,0,0.0,-3.57,-12.0,40.0,12.86,0.0,51.0,4,0.190476,4,0.190476,2,0.095238,3.52,0.0,1,0.25,0,0.0
flight_number_time_bucket,IAD,LAX,UA,UA2411.0,LAX→IAD,early_morning,,2024-01-01,2024-12-31,21,21,0,0,0.0,0,0.0,0,0.0,-7.38,-7.0,10.0,4.86,0.0,16.0,3,0.142857,1,0.047619,0,0.0,1.33,0.0,0,0.0,0,
flight_number_time_bucket,IAD,LAX,UA,UA2413.0,LAX→IAD,early_morning,,2024-01-01,2024-12-31,8,8,0,0,0.0,1,0.125,0,0.0,14.62,9.5,31.4,13.5,0.0,35.7,1,0.125,1,0.125,1,0.125,-2.0,-3.0,0,0.0,0,0.0
flight_number_time_bucket,IAD,LAX,UA,UA2487.0,LAX→IAD,afternoon,,2024-01-01,2024-12-31,13,13,0,0,0.0,0,0.0,0,0.0,-3.38,-6.0,10.6,4.77,0.0,14.8,2,0.153846,1,0.076923,0,0.0,0.08,0.0,0,0.0,0,
flight_number_time_bucket,IAD,LAX,UA,UA251.0,LAX→IAD,night,,2024-01-01,2024-12-31,13,12,1,0,0.076923,0,0.0,0,0.0,-14.17,-9.0,-6.1,3.58,0.0,2.7,1,0.083333,1,0.083333,0,0.0,3.5,0.0,1,1.0,0,
flight_number_time_bucket,IAD,LAX,UA,UA2667.0,LAX→IAD,late_morning,,2024-01-01,2024-12-31,175,175,0,2,0.0,6,0.034286,1,0.005714,-8.61,-14.0,8.8,7.36,0.0,14.8,17,0.097143,11,0.062857,7,0.04,1.19,0.0,1,0.090909,0,0.0
flight_number_time_bucket,IAD,LAX,UA,UA2726.0,LAX→IAD,night,,2024-01-01,2024-12-31,1,1,0,0,0.0,0,0.0,0,0.0,-21.0,-21.0,-21.0,0.0,0.0,0.0,0,0.0,0,0.0,0,0.0,0.0,0.0,0,,0,
flight_number_time_bucket,IAD,LAX,UA,UA2732.0,LAX→IAD,early_morning,,2024-01-01,2024-12-31,13,13,0,0,0.0,2,0.153846,0,0.0,23.69,17.0,75.4,25.0,12.0,82.0,5,0.384615,4,0.307692,2,0.153846,-2.77,0.0,0,0.0,0,0.0
flight_number_time_bucket,IAD,LAX,UA,UA352.0,LAX→IAD,afternoon,,2024-01-01,2024-12-31,10,10,0,0,0.0,1,0.1,0,0.0,6.4,-6.0,27.9,16.0,0.0,40.5,3,0.3,2,0.2,1,0.1,1.6,0.0,0,0.0,0,0.0
flight_number_time_bucket,IAD,LAX,UA,UA352.0,LAX→IAD,late_morning,,2024-01-01,2024-12-31,22,21,1,0,0.045455,1,0.047619,0,0.0,5.05,-1.0,19.0,11.86,0.0,11.0,2,0.095238,2,0.095238,1,0.047619,0.19,0.0,0,0.0,0,0.0
flight_number_time_bucket,IAD,LAX,UA,UA419.0,LAX→IAD,night,,2024-01-01,2024-12-31,75,75,0,0,0.0,0,0.0,0,0.0,-10.81,-14.0,4.0,4.4,0.0,13.8,8,0.106667,4,0.053333,1,0.013333,2.19,0.0,0,0.0,0,0.0
flight_number_time_bucket,IAD,LAX,UA,UA442.0,LAX→IAD,night,,2024-01-01,2024-12-31,42,42,0,0,0.0,2,0.047619,0,0.0,0.79,-5.5,32.6,13.38,1.0,44.8,11,0.261905,6,0.142857,3,0.071429,3.33,0.0,1,0.142857,0,0.0
flight_number_time_bucket,IAD,LAX,UA,UA684.0,LAX→IAD,night,,2024-01-01,2024-12-31,8,7,1,0,0.125,2,0.285714,0,0.0,33.43,-1.0,119.2,38.0,2.0,102.6,3,0.428571,3,0.428571,2,0.285714,0.14,0.0,0,0.0,0,0.0
flight_number_time_bucket,IAD,LAX,UA,UA689.0,LAX→IAD,late_morning,,2024-01-01,2024-12-31,13,13,0,0,0.0,2,0.153846,0,0.0,13.31,-6.0,57.2,23.54,0.0,77.2,3,0.230769,3,0.230769,2,0.153846,2.62,0.0,0,0.0,0,0.0
flight_number_time_bucket,IAD,LAX,UA,UA717.0,LAX→IAD,late_morning,,2024-01-01,2024-12-31,1,1,0,0,0.0,0,0.0,0,0.0,-13.0,-13.0,-13.0,0.0,0.0,0.0,0,0.0,0,0.0,0,0.0,0.0,0.0,0,,0,
flight_number_time_bucket,IAD,LAX,UA,UA783.0,LAX→IAD,evening,,2024-01-01,2024-12-31,37,36,1,0,0.027027,2,0.055556,0,0.0,-4.39,-10.0,34.0,10.44,0.0,33.5,6,0.166667,4,0.111111,3,0.083333,2.08,0.0,0,0.0,0,0.0
flight_number_time_bucket,IAD,LGA,UA,UA1047.0,LGA→IAD,early_morning,,2024-01-01,2024-12-31,1,1,0,0,0.0,0,0.0,0,0.0,-17.0,-17.0,-17.0,0.0,0.0,0.0,0,0.0,0,0.0,0,0.0,0.0,0.0,0,,0,
flight_number_time_bucket,IAD,LGA,UA,UA642.0,LGA→IAD,late_morning,,2024-01-01,2024-12-31,1,1,0,0,0.0,0,0.0,0,0.0,10.0,10.0,10.0,15.0,15.0,15.0,0,0.0,0,0.0,0,0.0,5.0,5.0,0,,0,
flight_number_time_bucket,IAD,LGA,YX,YX3408.0,LGA→IAD,evening,,2024-01-01,2024-12-31,1,1,0,0,0.0,0,0.0,0,0.0,-13.0,-13.0,-13.0,0.0,0.0,0.0,0,0.0,0,0.0,0,0.0,0.0,0.0,0,,0,
flight_number_time_bucket,IAD,LGA,YX,YX3438.0,LGA→IAD,evening,,2024-01-01,2024-12-31,8,8,0,0,0.0,0,0.0,0,0.0,-12.0,-15.0,2.7,0.75,0.0,1.9,0,0.0,0,0.0,0,0.0,-0.38,0.0,0,,0,
flight_number_time_bucket,IAD,LGA,YX,YX3457.0,LGA→IAD,early_morning,,2024-01-01,2024-12-31,8,8,0,0,0.0,0,0.0,0,0.0,-4.25,-9.5,24.0,5.88,0.0,17.3,1,0.125,1,0.125,0,0.0,-0.12,0.0,0,0.0,0,
flight_number_time_bucket,IAD,LGA,YX,YX3474.0,LGA→IAD,afternoon,,2024-01-01,2024-12-31,8,8,0,0,0.0,0,0.0,0,0.0,-16.75,-23.0,0.5,0.62,0.0,1.5,0,0.0,0,0.0,0,0.0,0.12,0.0,0,,0,
flight_number_time_bucket,IAD,LGA,YX,YX3478.0,LGA→IAD,early_morning,,2024-01-01,2024-12-31,16,16,0,0,0.0,0,0.0,0,0.0,-2.0,-5.5,8.5,0.31,0.0,0.0,0,0.0,0,0.0,0,0.0,-3.19,0.0,0,,0,
flight_number_time_bucket,IAD,LGA,YX,YX3491.0,LGA→IAD,early_morning,,2024-01-01,2024-12-31,37,37,0,0,0.0,0,0.0,0,0.0,-5.05,-6.0,5.4,0.03,0.0,0.0,0,0.0,0,0.0,0,0.0,-1.24,0.0,0,,0,
flight_number_time_bucket,IAD,LGA,YX,YX3500.0,LGA→IAD,evening,,2024-01-01,2024-12-31,35,31,4,0,0.114286,5,0.16129,3,0.096774,21.39,-9.0,166.0,36.39,0.0,170.0,9,0.290323,7,0.225806,5,0.16129,3.42,0.0,0,0.0,0,0.0
flight_number_time_bucket,IAD,LGA,YX,YX3509.0,LGA→IAD,early_morning,,2024-01-01,2024-12-31,37,35,2,0,0.054054,0,0.0,0,0.0,-9.89,-12.0,12.6,0.51,0.0,0.0,1,0.028571,0,0.0,0,0.0,-2.46,0.0,0,,0,
flight_number_time_bucket,IAD,LGA,YX,YX3515.0,LGA→IAD,early_morning,,2024-01-01,2024-12-31,45,45,0,0,0.0,1,0.022222,0,0.0,-12.38,-18.0,-3.0,3.67,0.0,0.0,1,0.022222,1,0.022222,1,0.022222,-0.98,0.0,0,0.0,0,0.0
flight_number_time_bucket,IAD,LGA,YX,YX3525.0,LGA→IAD,early_morning,,2024-01-01,2024-12-31,32,32,0,0,0.0,0,0.0,0,0.0,-14.78,-17.0,-5.0,1.66,0.0,0.9,2,0.0625,0,0.0,0,0.0,0.31,0.0,0,,0,
flight_number_time_bucket,IAD,LGA,YX,YX3529.0,LGA→IAD,afternoon,,2024-01-01,2024-12-31,1,1,0,0,0.0,0,0.0,0,0.0,-4.0,-4.0,-4.0,0.0,0.0,0.0,0,0.0,0,0.0,0,0.0,0.0,0.0,0,,0,
flight_number_time_bucket,IAD,LGA,YX,YX3535.0,LGA→IAD,evening,,2024-01-01,2024-12-31,182,172,10,0,0.054945,21,0.122093,2,0.011628,7.95,-11.5,73.7,18.58,0.0,65.5,47,0.273256,32,0.186047,19,0.110465,-1.35,0.0,0,0.0,0,0.0
flight_number_time_bucket,IAD,LGA,YX,YX3540.0,LGA→IAD,evening,,2024-01-01,2024-12-31,53,52,1,0,0.018868,1,0.019231,1,0.019231,1.88,-6.5,31.8,12.85,0.0,38.3,14,0.269231,7,0.134615,2,0.038462,0.67,0.0,0,0.0,0,0.0
flight_number_time_bucket,IAD,LGA,YX,YX3546.0,LGA→IAD,early_morning,,2024-01-01,2024-12-31,21,21,0,0,0.0,1,0.047619,0,0.0,-11.29,-19.0,7.0,6.43,0.0,14.0,2,0.095238,1,0.047619,1,0.047619,-0.86,0.0,0,0.0,0,0.0
flight_number_time_bucket,IAD,LGA,YX,YX3551.0,LGA→IAD,late_morning,,2024-01-01,2024-12-31,36,35,1,0,0.027778,2,0.057143,1,0.028571,2.4,-7.0,4.8,8.11,0.0,12.2,2,0.057143,2,0.057143,2,0.057143,-3.66,0.0,0,0.0,0,0.0
flight_number_time_bucket,IAD,LGA,YX,YX3552.0,LGA→IAD,late_morning,,2024-01-01,2024-12-31,6,6,0,0,0.0,0,0.0,0,0.0,-1.67,-8.0,23.0,12.0,0.0,36.0,1,0.166667,1,0.166667,0,0.0,4.17,0.0,0,0.0,0,
flight_number_time_bucket,IAD,LGA,YX,YX3567.0,LGA→IAD,evening,,2024-01-01,2024-12-31,38,35,3,0,0.078947,0,0.0,0,0.0,-5.71,-5.0,15.0,2.89,0.0,9.0,1,0.028571,1,0.028571,0,0.0,-0.94,0.0,0,0.0,0,
flight_number_time_bucket,IAD,LGA,YX,YX3581.0,LGA→IAD,afternoon,,2024-01-01,2024-12-31,294,291,3,1,0.010204,30,0.103093,4,0.013746,8.39,-6.0,61.2,15.01,0.0,40.2,66,0.226804,37,0.127148,18,0.061856,-3.26,0.0,1,0.026316,0,0.0
flight_number_time_bucket,IAD,LGA,YX,YX3592.0,LGA→IAD,evening,,2024-01-01,2024-12-31,44,44,0,0,0.0,2,0.045455,0,0.0,-2.48,-13.0,19.8,12.34,0.0,35.1,10,0.227273,7,0.159091,2,0.045455,3.05,0.0,1,0.142857,0,0.0
flight_number_time_bucket,IAD,LGA,YX,YX3622.0,LGA→IAD,afternoon,,2024-01-01,2024-12-31,37,36,1,0,0.027027,2,0.055556,1,0.027778,5.92,-6.0,40.5,15.5,0.0,33.5,7,0.194444,4,0.111111,2,0.055556,-0.19,0.0,0,0.0,0,0.0
flight_number_time_bucket,IAD,LGA,YX,YX3627.0,LGA→IAD,late_morning,,2024-01-01,2024-12-31,111,111,0,0,0.0,7,0.063063,1,0.009009,0.61,-10.0,26.0,9.89,0.0,14.0,11,0.099099,8,0.072072,5,0.045045,-0.96,0.0,0,0.0,0,0.0
flight_number_time_bucket,IAD,LGA,YX,YX3631.0,LGA→IAD,late_morning,,2024-01-01,2024-12-31,181,179,2,0,0.01105,7,0.039106,0,0.0,-3.54,-11.0,20.4,7.78,0.0,28.2,28,0.156425,16,0.089385,6,0.03352,0.51,0.0,1,0.058824,0,0.0
flight_number_time_bucket,IAD,LGA,YX,YX3638.0,LGA→IAD,afternoon,,2024-01-01,2024-12-31,3,3,0,0,0.0,0,0.0,0,0.0,0.33,4.0,7.2,9.0,0.0,21.6,1,0.333333,0,0.0,0,0.0,5.0,0.0,0,,0,
flight_number_time_bucket,IAD,LGA,YX,YX3656.0,LGA→IAD,early_morning,,2024-01-01,2024-12-31,163,156,7,0,0.042945,6,0.038462,4,0.025641,-5.9,-15.0,5.0,8.62,0.0,2.0,11,0.070513,9,0.057692,6,0.038462,-0.15,0.0,0,0.0,0,0.0
flight_number_time_bucket,IAD,LGA,YX,YX3666.0,LGA→IAD,early_morning,,2024-01-01,2024-12-31,1,1,0,0,0.0,0,0.0,0,0.0,-11.0,-11.0,-11.0,0.0,0.0,0.0,0,0.0,0,0.0,0,0.0,0.0,0.0,0,,0,
flight_number_time_bucket,IAD,LGA,YX,YX3679.0,LGA→IAD,afternoon,,2024-01-01,2024-12-31,1,1,0,0,0.0,0,0.0,0,0.0,-13.0,-13.0,-13.0,0.0,0.0,0.0,0,0.0,0,0.0,0,0.0,0.0,0.0,0,,0,
flight_number_time_bucket,IAD,LGA,YX,YX3682.0,LGA→IAD,late_morning,,2024-01-01,2024-12-31,19,17,2,0,0.105263,0,0.0,0,0.0,-11.53,-19.0,16.4,7.53,0.0,23.6,2,0.117647,2,0.117647,1,0.058824,1.59,0.0,0,0.0,0,0.0
flight_number_time_bucket,IAD,LGA,YX,YX3685.0,LGA→IAD,afternoon,,2024-01-01,2024-12-31,20,20,0,0,0.0,1,0.05,0,0.0,-11.5,-17.0,0.6,4.6,0.0,0.0,1,0.05,1,0.05,1,0.05,-0.45,0.0,0,0.0,0,0.0
flight_number_time_bucket,IAD,LGA,YX,YX3694.0,LGA→IAD,late_morning,,2024-01-01,2024-12-31,1,1,0,0,0.0,0,0.0,0,0.0,-3.0,-3.0,-3.0,0.0,0.0,0.0,0,0.0,0,0.0,0,0.0,0.0,0.0,0,,0,
flight_number_time_bucket,IAD,LGA,YX,YX3711.0,LGA→IAD,late_morning,,2024-01-01,2024-12-31,1,1,0,0,0.0,0,0.0,0,0.0,-5.0,-5.0,-5.0,0.0,0.0,0.0,0,0.0,0,0.0,0,0.0,0.0,0.0,0,,0,
flight_number_time_bucket,IAD,LGA,YX,YX3714.0,LGA→IAD,early_morning,,2024-01-01,2024-12-31,18,17,1,0,0.055556,1,0.058824,1,0.058824,21.82,-9.0,20.0,22.0,0.0,6.4,2,0.117647,1,0.058824,1,0.058824,-7.82,0.0,0,0.0,0,0.0
flight_number_time_bucket,IAD,LGA,YX,YX3716.0,LGA→IAD,afternoon,,2024-01-01,2024-12-31,19,17,2,0,0.105263,0,0.0,0,0.0,-5.18,-12.0,15.2,2.94,0.0,11.6,2,0.117647,0,0.0,0,0.0,-3.24,0.0,0,,0,
flight_number_time_bucket,IAD,MCI,UA,UA400.0,MCI→IAD,afternoon,,2024-01-01,2024-12-31,4,4,0,0,0.0,1,0.25,0,0.0,18.0,-6.5,64.6,27.25,0.5,75.9,1,0.25,1,0.25,1,0.25,3.75,0.5,0,0.0,0,0.0
flight_number_time_bucket,IAD,MCO,F9,F94812.0,MCO→IAD,afternoon,,2024-01-01,2024-12-31,21,21,0,0,0.0,1,0.047619,0,0.0,-0.43,-7.0,25.0,5.9,0.0,11.0,2,0.095238,2,0.095238,1,0.047619,-2.14,0.0,0,0.0,0,0.0
flight_number_time_bucket,IAD,MCO,F9,F94812.0,MCO→IAD,early_morning,,2024-01-01,2024-12-31,14,14,0,0,0.0,0,0.0,0,0.0,-18.64,-21.5,-7.2,0.29,0.0,0.0,0,0.0,0,0.0,0,0.0,0.14,0.0,0,,0,
flight_number_time_bucket,IAD,MCO,F9,F94812.0,MCO→IAD,evening,,2024-01-01,2024-12-31,2,2,0,0,0.0,0,0.0,0,0.0,-6.0,-6.0,-1.2,0.0,0.0,0.0,0,0.0,0,0.0,0,0.0,0.0,0.0,0,,0,
flight_number_time_bucket,IAD,MCO,F9,F94812.0,MCO→IAD,late_morning,,2024-01-01,2024-12-31,2,2,0,0,0.0,1,0.5,1,0.5,155.0,155.0,280.6,145.5,145.5,261.9,1,0.5,1,0.5,1,0.5,-10.5,-10.5,0,0.0,0,0.0
flight_number_time_bucket,IAD,MCO,UA,UA1126.0,MCO→IAD,afternoon,,2024-01-01,2024-12-31,13,12,1,0,0.076923,1,0.083333,0,0.0,10.0,-8.0,43.2,24.92,3.5,51.9,4,0.333333,4,0.333333,1,0.083333,6.58,3.5,0,0.0,0,0.0
flight_number_time_bucket,IAD,MCO,UA,UA1245.0,MCO→IAD,afternoon,,2024-01-01,2024-12-31,32,31,1,0,0.03125,0,0.0,0,0.0,-4.68,-9.0,14.0,3.39,0.0,8.0,3,0.096774,1,0.032258,0,0.0,-0.16,0.0,0,0.0,0,
flight_number_time_bucket,IAD,MCO,UA,UA1297.0,MCO→IAD,afternoon,,2024-01-01,2024-12-31,37,37,0,0,0.0,7,0.189189,1,0.027027,59.89,7.0,100.0,57.97,2.0,98.0,12,0.324324,10,0.27027,5,0.135135,-3.46,0.0,0,0.0,0,0.0
flight_number_time_bucket,IAD,MCO,UA,UA1375.0,MCO→IAD,evening,,2024-01-01,2024-12-31,37,34,3,0,0.081081,3,0.088235,1,0.029412,9.26,-3.5,33.6,13.29,0.0,34.6,6,0.176471,4,0.117647,2,0.058824,-1.35,0.0,0,0.0,0,0.0
flight_number_time_bucket,IAD,MCO,UA,UA1469.0,MCO→IAD,evening,,2024-01-01,2024-12-31,8,7,1,0,0.125,0,0.0,0,0.0,-9.86,-12.0,1.0,1.71,0.0,6.0,0,0.0,0,0.0,0,0.0,1.14,0.0,0,,0,
flight_number_time_bucket,IAD,MCO,UA,UA1513.0,MCO→IAD,late_morning,,2024-01-01,2024-12-31,37,37,0,0,0.0,0,0.0,0,0.0,-10.62,-15.0,0.4,3.41,0.0,6.6,2,0.054054,2,0.054054,0,0.0,0.97,0.0,0,0.0,0,
flight_number_time_bucket,IAD,MCO,UA,UA1606.0,MCO→IAD,early_morning,,2024-01-01,2024-12-31,61,55,6,0,0.098361,1,0.018182,0,0.0,-7.25,-13.0,10.6,2.29,0.0,1.8,3,0.054545,2,0.036364,0,0.0,-1.67,0.0,0,0.0,0,
flight_number_time_bucket,IAD,MCO,UA,UA1689.0,MCO→IAD,early_morning,,2024-01-01,2024-12-31,141,141,0,0,0.0,2,0.014184,0,0.0,-11.32,-17.0,12.0,4.38,0.0,5.0,11,0.078014,8,0.056738,3,0.021277,0.36,0.0,0,0.0,0,0.0
flight_number_time_bucket,IAD,MCO,UA,UA1689.0,MCO→IAD,late_morning,,2024-01-01,2024-12-31,51,51,0,0,0.0,1,0.019608,0,0.0,-7.9,-11.0,5.0,2.8,0.0,5.0,4,0.078431,2,0.039216,0,0.0,-0.41,0.0,0,0.0,0,
flight_number_time_bucket,IAD,MCO,UA,UA1727.0,MCO→IAD,afternoon,,2024-01-01,2024-12-31,13,13,0,0,0.0,6,0.461538,2,0.153846,87.92,6.0,228.0,94.23,27.0,230.0,8,0.615385,6,0.461538,5,0.384615,2.46,1.0,0,0.0,0,0.0
flight_number_time_bucket,IAD,MCO,UA,UA1808.0,MCO→IAD,early_morning,,2024-01-01,2024-12-31,16,16,0,0,0.0,1,0.0625,0,0.0,-2.69,-12.0,13.0,7.56,0.0,2.5,1,0.0625,1,0.0625,1,0.0625,-0.81,0.0,0,0.0,0,0.0
flight_number_time_bucket,IAD,MCO,UA,UA1829.0,MCO→IAD,early_morning,,2024-01-01,2024-12-31,1,1,0,0,0.0,0,0.0,0,0.0,-15.0,-15.0,-15.0,0.0,0.0,0.0,0,0.0,0,0.0,0,0.0,0.0,0.0,0,,0,
flight_number_time_bucket,IAD,MCO,UA,UA1832.0,MCO→IAD,evening,,2024-01-01,2024-12-31,16,16,0,0,0.0,1,0.0625,0,0.0,3.94,-8.0,40.0,12.12,0.0,44.5,4,0.25,3,0.1875,1,0.0625,0.25,0.0,0,0.0,0,0.0
flight_number_time_bucket,IAD,MCO,UA,UA1839.0,MCO→IAD,evening,,2024-01-01,2024-12-31,16,16,0,0,0.0,0,0.0,0,0.0,-5.0,-5.5,0.5,0.75,0.0,2.5,0,0.0,0,0.0,0,0.0,-1.31,0.0,0,,0,
flight_number_time_bucket,IAD,MCO,UA,UA1859.0,MCO→IAD,afternoon,,2024-01-01,2024-12-31,21,21,0,0,0.0,2,0.095238,0,0.0,10.76,0.0,32.0,10.48,0.0,17.0,3,0.142857,2,0.095238,1,0.047619,-3.38,0.0,0,0.0,0,0.0
flight_number_time_bucket,IAD,MCO,UA,UA1875.0,MCO→IAD,early_morning,,2024-01-01,2024-12-31,21,21,0,0,0.0,1,0.047619,0,0.0,-4.9,-15.0,33.0,10.33,0.0,53.0,3,0.142857,3,0.142857,2,0.095238,2.14,0.0,0,0.0,0,0.0
flight_number_time_bucket,IAD,MCO,UA,UA1997.0,MCO→IAD,evening,,2024-01-01,2024-12-31,235,233,2,0,0.008511,38,0.16309,6,0.025751,18.25,-4.0,90.0,25.7,0.0,89.6,71,0.304721,55,0.236052,36,0.154506,1.09,0.0,0,0.0,0,0.0
flight_number_time_bucket,IAD,MCO,UA,UA2065.0,MCO→IAD,afternoon,,2024-01-01,2024-12-31,287,283,4,1,0.013937,22,0.077739,4,0.014134,8.83,-2.0,42.0,14.45,0.0,31.9,50,0.176678,30,0.106007,18,0.063604,-1.34,0.0,0,0.0,0,0.0
flight_number_time_bucket,IAD,MCO,UA,UA2065.0,MCO→IAD,evening,,2024-01-01,2024-12-31,48,43,5,0,0.104167,3,0.069767,1,0.023256,11.16,-4.0,52.8,16.81,0.0,53.4,9,0.209302,8,0.186047,2,0.046512,-1.23,0.0,0,0.0,0,0.0
flight_number_time_bucket,IAD,MCO,UA,UA2066.0,MCO→IAD,afternoon,,2024-01-01,2024-12-31,37,34,3,0,0.081081,5,0.147059,1,0.029412,10.94,-7.0,81.2,19.24,0.0,88.6,5,0.147059,5,0.147059,5,0.147059,0.41,0.0,0,0.0,0,0.0
flight_number_time_bucket,IAD,MCO,UA,UA2071.0,MCO→IAD,afternoon,,2024-01-01,2024-12-31,21,21,0,0,0.0,0,0.0,0,0.0,-5.24,-6.0,12.0,2.81,0.0,6.0,2,0.095238,1,0.047619,0,0.0,-0.05,0.0,1,1.0,0,
flight_number_time_bucket,IAD,MCO,UA,UA2072.0,MCO→IAD,afternoon,,2024-01-01,2024-12-31,53,52,1,0,0.018868,7,0.134615,0,0.0,8.83,-8.0,81.8,15.27,0.0,58.0,13,0.25,9,0.173077,5,0.096154,-2.62,0.0,0,0.0,0,0.0
flight_number_time_bucket,IAD,MCO,UA,UA2204.0,MCO→IAD,evening,,2024-01-01,2024-12-31,32,31,1,0,0.03125,2,0.064516,2,0.064516,6.61,-11.0,33.0,15.84,0.0,9.0,3,0.096774,2,0.064516,2,0.064516,-0.19,0.0,0,0.0,0,0.0
flight_number_time_bucket,IAD,MCO,UA,UA2227.0,MCO→IAD,evening,,2024-01-01,2024-12-31,21,21,0,0,0.0,3,0.142857,1,0.047619,20.52,1.0,103.0,25.24,0.0,107.0,4,0.190476,4,0.190476,3,0.142857,-0.14,0.0,0,0.0,0,0.0
flight_number_time_bucket,IAD,MCO,UA,UA2245.0,MCO→IAD,afternoon,,2024-01-01,2024-12-31,24,24,0,0,0.0,3,0.125,1,0.041667,12.58,-9.5,57.7,15.58,0.0,35.0,6,0.25,4,0.166667,2,0.083333,-5.21,0.0,1,0.25,0,0.0
flight_number_time_bucket,IAD,MCO,UA,UA2264.0,MCO→IAD,afternoon,,2024-01-01,2024-12-31,8,8,0,0,0.0,0,0.0,0,0.0,0.12,-1.5,12.0,7.62,3.5,18.5,1,0.125,0,0.0,0,0.0,3.0,1.5,0,,0,
flight_number_time_bucket,IAD,MCO,UA,UA2405.0,MCO→IAD,late_morning,,2024-01-01,2024-12-31,31,29,2,0,0.064516,0,0.0,0,0.0,-17.59,-18.0,-11.8,0.0,0.0,0.0,0,0.0,0,0.0,0,0.0,-0.52,0.0,0,,0,
flight_number_time_bucket,IAD,MCO,UA,UA2413.0,MCO→IAD,evening,,2024-01-01,2024-12-31,38,38,0,0,0.0,3,0.078947,1,0.026316,17.37,-2.0,54.9,18.34,0.0,61.3,7,0.184211,6,0.157895,5,0.131579,-3.76,0.0,0,0.0,0,0.0
flight_number_time_bucket,IAD,MCO,UA,UA2443.0,MCO→IAD,evening,,2024-01-01,2024-12-31,38,37,1,0,0.026316,3,0.081081,0,0.0,7.14,3.0,50.0,11.08,3.0,32.0,7,0.189189,4,0.108108,2,0.054054,-1.3,0.0,0,0.0,0,0.0
flight_number_time_bucket,IAD,MCO,UA,UA2722.0,MCO→IAD,evening,,2024-01-01,2024-12-31,31,29,2,0,0.064516,4,0.137931,0,0.0,5.72,-13.0,66.2,21.83,0.0,77.8,8,0.275862,7,0.241379,5,0.172414,5.41,0.0,1,0.142857,0,0.0
flight_number_time_bucket,IAD,MCO,UA,UA2862.0,MCO→IAD,evening,,2024-01-01,2024-12-31,31,29,2,0,0.064516,0,0.0,0,0.0,-15.28,-18.0,-0.4,4.03,0.0,17.6,3,0.103448,2,0.068966,0,0.0,2.1,0.0,1,0.5,0,
flight_number_time_bucket,IAD,MCO,UA,UA356.0,MCO→IAD,afternoon,,2024-01-01,2024-12-31,1,1,0,0,0.0,0,0.0,0,0.0,-15.0,-15.0,-15.0,5.0,5.0,5.0,0,0.0,0,0.0,0,0.0,5.0,5.0,0,,0,
flight_number_time_bucket,IAD,MCO,UA,UA394.0,MCO→IAD,late_morning,,2024-01-01,2024-12-31,8,8,0,0,0.0,0,0.0,0,0.0,-12.25,-17.5,5.4,0.38,0.0,0.9,0,0.0,0,0.0,0,0.0,-1.88,0.0,0,,0,
flight_number_time_bucket,IAD,MCO,UA,UA413.0,MCO→IAD,afternoon,,2024-01-01,2024-12-31,3,3,0,0,0.0,0,0.0,0,0.0,15.33,9.0,36.2,4.0,3.0,7.8,0,0.0,0,0.0,0,0.0,-13.33,0.0,0,,0,
flight_number_time_bucket,IAD,MCO,UA,UA413.0,MCO→IAD,evening,,2024-01-01,2024-12-31,158,155,3,0,0.018987,21,0.135484,8,0.051613,20.81,-6.0,102.4,28.97,0.0,83.4,46,0.296774,34,0.219355,20,0.129032,-0.5,0.0,2,0.058824,0,0.0
flight_number_time_bucket,IAD,MCO,UA,UA442.0,MCO→IAD,afternoon,,2024-01-01,2024-12-31,6,6,0,0,0.0,0,0.0,0,0.0,-10.0,-8.0,-2.0,0.17,0.0,0.5,0,0.0,0,0.0,0,0.0,0.17,0.0,0,,0,
flight_number_time_bucket,IAD,MDW,WN,WN2809.0,MDW→IAD,evening,,2024-01-01,2024-12-31,1,1,0,0,0.0,0,0.0,0,0.0,2.0,2.0,2.0,8.0,8.0,8.0,0,0.0,0,0.0,0,0.0,6.0,6.0,0,,0,
flight_number_time_bucket,IAD,MDW,WN,WN3101.0,MDW→IAD,evening,,2024-01-01,2024-12-31,5,5,0,0,0.0,0,0.0,0,0.0,19.4,19.0,24.6,21.6,26.0,32.6,3,0.6,1,0.2,0,0.0,2.2,10.0,0,0.0,0,
flight_number_time_bucket,IAD,MDW,WN,WN329.0,MDW→IAD,early_morning,,2024-01-01,2024-12-31,5,5,0,0,0.0,0,0.0,0,0.0,5.0,7.0,20.2,6.2,0.0,18.4,1,0.2,0,0.0,0,0.0,-3.2,0.0,0,0.0,0,
flight_number_time_bucket,IAD,MDW,WN,WN3519.0,MDW→IAD,early_morning,,2024-01-01,2024-12-31,1,1,0,0,0.0,0,0.0,0,0.0,-2.0,-2.0,-2.0,0.0,0.0,0.0,0,0.0,0,0.0,0,0.0,0.0,0.0,0,,0,
flight_number_time_bucket,IAD,MGW,OO,OO5114.0,MGW→IAD,early_morning,,2024-01-01,2024-12-31,13,13,0,0,0.0,3,0.230769,2,0.153846,65.85,11.0,271.4,62.62,0.0,274.4,4,0.307692,3,0.230769,2,0.153846,-5.62,-2.0,0,0.0,0,0.0
flight_number_time_bucket,IAD,MGW,OO,OO5122.0,MGW→IAD,early_morning,,2024-01-01,2024-12-31,5,5,0,0,0.0,1,0.2,1,0.2,67.8,-6.0,215.8,72.2,0.0,216.6,1,0.2,1,0.2,1,0.2,-1.0,0.0,0,0.0,0,0.0
flight_number_time_bucket,IAD,MIA,UA,UA1005.0,MIA→IAD,afternoon,,2024-01-01,2024-12-31,8,7,1,0,0.125,0,0.0,0,0.0,-0.71,5.0,15.2,2.43,0.0,6.8,1,0.142857,0,0.0,0,0.0,-4.43,-3.0,0,,0,
flight_number_time_bucket,IAD,MIA,UA,UA1287.0,MIA→IAD,early_morning,,2024-01-01,2024-12-31,8,8,0,0,0.0,1,0.125,0,0.0,14.38,4.0,42.4,18.88,0.0,54.0,3,0.375,2,0.25,1,0.125,1.0,0.0,0,0.0,0,0.0
flight_number_time_bucket,IAD,MIA,UA,UA1552.0,MIA→IAD,afternoon,,2024-01-01,2024-12-31,37,34,3,0,0.081081,2,0.058824,1,0.029412,13.03,-13.0,33.7,24.56,0.0,40.1,7,0.205882,7,0.205882,2,0.058824,0.38,0.0,0,0.0,0,0.0
flight_number_time_bucket,IAD,MIA,UA,UA1643.0,MIA→IAD,early_morning,,2024-01-01,2024-12-31,50,50,0,0,0.0,1,0.02,0,0.0,-1.52,-6.5,5.2,5.56,0.0,4.1,3,0.06,3,0.06,2,0.04,-0.18,0.0,0,0.0,0,0.0
flight_number_time_bucket,IAD,MIA,UA,UA1643.0,MIA→IAD,late_morning,,2024-01-01,2024-12-31,16,16,0,1,0.0,2,0.125,1,0.0625,15.2,-6.0,47.2,20.2,0.0,50.2,2,0.125,2,0.125,2,0.125,-0.4,0.0,0,0.0,0,0.0
flight_number_time_bucket,IAD,MIA,UA,UA1666.0,MIA→IAD,early_morning,,2024-01-01,2024-12-31,53,53,0,0,0.0,1,0.018868,0,0.0,-2.83,-7.0,14.0,5.08,0.0,8.2,4,0.075472,3,0.056604,1,0.018868,-0.11,0.0,0,0.0,0,0.0
flight_number_time_bucket,IAD,MIA,UA,UA1706.0,MIA→IAD,early_morning,,2024-01-01,2024-12-31,1,1,0,0,0.0,0,0.0,0,0.0,-19.0,-19.0,-19.0,0.0,0.0,0.0,0,0.0,0,0.0,0,0.0,0.0,0.0,0,,0,
flight_number_time_bucket,IAD,MIA,UA,UA1719.0,MIA→IAD,early_morning,,2024-01-01,2024-12-31,58,57,1,0,0.017241,2,0.035088,0,0.0,1.88,-5.0,28.2,6.81,0.0,18.4,7,0.122807,4,0.070175,2,0.035088,-2.42,0.0,0,0.0,0,0.0
flight_number_time_bucket,IAD,MIA,UA,UA1938.0,MIA→IAD,afternoon,,2024-01-01,2024-12-31,112,110,2,1,0.017857,13,0.118182,3,0.027273,21.29,-6.0,66.6,27.12,0.0,70.2,21,0.190909,16,0.145455,12,0.109091,-2.45,0.0,0,0.0,0,0.0
flight_number_time_bucket,IAD,MIA,UA,UA2003.0,MIA→IAD,afternoon,,2024-01-01,2024-12-31,16,16,0,0,0.0,1,0.0625,0,0.0,3.12,-9.5,15.0,6.88,0.0,5.0,1,0.0625,1,0.0625,1,0.0625,-6.56,0.0,0,0.0,0,0.0
flight_number_time_bucket,IAD,MIA,UA,UA2074.0,MIA→IAD,early_morning,,2024-01-01,2024-12-31,24,24,0,0,0.0,1,0.041667,1,0.041667,12.83,2.5,29.4,13.92,0.0,28.3,4,0.166667,3,0.125,1,0.041667,-2.71,0.0,0,0.0,0,0.0
flight_number_time_bucket,IAD,MIA,UA,UA2192.0,MIA→IAD,afternoon,,2024-01-01,2024-12-31,21,21,0,0,0.0,0,0.0,0,0.0,-5.67,-9.0,6.0,3.24,0.0,5.0,2,0.095238,1,0.047619,0,0.0,-0.24,0.0,0,0.0,0,
flight_number_time_bucket,IAD,MIA,UA,UA2369.0,MIA→IAD,afternoon,,2024-01-01,2024-12-31,21,21,0,0,0.0,1,0.047619,1,0.047619,23.71,-7.0,21.0,31.29,0.0,15.0,2,0.095238,2,0.095238,1,0.047619,-1.1,0.0,0,0.0,0,0.0
flight_number_time_bucket,IAD,MIA,UA,UA2390.0,MIA→IAD,afternoon,,2024-01-01,2024-12-31,32,31,1,0,0.03125,3,0.096774,0,0.0,4.26,-3.0,54.0,9.68,0.0,36.0,8,0.258065,4,0.129032,1,0.032258,-3.16,0.0,0,0.0,0,0.0
flight_number_time_bucket,IAD,MIA,UA,UA2435.0,MIA→IAD,afternoon,,2024-01-01,2024-12-31,50,50,0,0,0.0,0,0.0,0,0.0,-9.38,-14.0,12.3,4.36,0.0,9.8,5,0.1,4,0.08,0,0.0,0.5,0.0,1,0.25,0,
flight_number_time_bucket,IAD,MIA,UA,UA2614.0,MIA→IAD,afternoon,,2024-01-01,2024-12-31,38,38,0,1,0.0,5,0.131579,1,0.026316,8.19,-10.0,71.6,16.32,0.0,52.6,7,0.184211,6,0.157895,3,0.078947,-1.86,0.0,0,0.0,0,0.0
flight_number_time_bucket,IAD,MIA,UA,UA2735.0,MIA→IAD,afternoon,,2024-01-01,2024-12-31,31,31,0,0,0.0,1,0.032258,0,0.0,-15.16,-21.0,-2.0,3.03,0.0,0.0,1,0.032258,1,0.032258,1,0.032258,-0.19,0.0,0,0.0,0,0.0
flight_number_time_bucket,IAD,MKE,UA,UA1169.0,MKE→IAD,afternoon,,2024-01-01,2024-12-31,1,1,0,0,0.0,0,0.0,0,0.0,-29.0,-29.0,-29.0,0.0,0.0,0.0,0,0.0,0,0.0,0,0.0,0.0,0.0,0,,0,
flight_number_time_bucket,IAD,MSP,9E,9E4853.0,MSP→IAD,afternoon,,2024-01-01,2024-12-31,1,1,0,0,0.0,0,0.0,0,0.0,7.0,7.0,7.0,0.0,0.0,0.0,0,0.0,0,0.0,0,0.0,-7.0,-7.0,0,,0,
flight_number_time_bucket,IAD,MSP,9E,9E4916.0,MSP→IAD,early_morning,,2024-01-01,2024-12-31,30,30,0,0,0.0,1,0.033333,0,0.0,-5.57,-9.5,10.9,2.33,0.0,0.0,1,0.033333,1,0.033333,1,0.033333,-2.27,0.0,0,0.0,0,0.0
flight_number_time_bucket,IAD,MSP,9E,9E4928.0,MSP→IAD,late_morning,,2024-01-01,2024-12-31,1,1,0,0,0.0,0,0.0,0,0.0,-25.0,-25.0,-25.0,0.0,0.0,0.0,0,0.0,0,0.0,0,0.0,0.0,0.0,0,,0,
flight_number_time_bucket,IAD,MSP,9E,9E4949.0,MSP→IAD,early_morning,,2024-01-01,2024-12-31,24,24,0,0,0.0,1,0.041667,0,0.0,-5.96,-9.5,7.5,3.58,0.0,0.0,2,0.083333,1,0.041667,1,0.041667,-0.21,0.0,0,0.0,0,0.0
flight_number_time_bucket,IAD,MSP,OO,OO3680.0,MSP→IAD,afternoon,,2024-01-01,2024-12-31,161,160,1,1,0.006211,15,0.09375,3,0.01875,12.13,1.0,52.2,15.77,0.0,41.0,33,0.20625,23,0.14375,14,0.0875,-0.7,0.0,1,0.041667,0,0.0
flight_number_time_bucket,IAD,MSP,OO,OO3680.0,MSP→IAD,early_morning,,2024-01-01,2024-12-31,4,4,0,0,0.0,0,0.0,0,0.0,-3.0,-10.5,15.8,1.25,0.0,3.5,0,0.0,0,0.0,0,0.0,-5.25,0.0,0,,0,
flight_number_time_bucket,IAD,MSP,OO,OO3680.0,MSP→IAD,late_morning,,2024-01-01,2024-12-31,10,10,0,0,0.0,1,0.1,0,0.0,13.5,0.5,41.6,7.7,1.0,18.4,1,0.1,1,0.1,0,0.0,-10.2,0.0,0,0.0,0,
flight_number_time_bucket,IAD,MSP,OO,OO3683.0,MSP→IAD,late_morning,,2024-01-01,2024-12-31,5,5,0,0,0.0,0,0.0,0,0.0,-4.2,-8.0,11.8,4.8,0.0,14.4,1,0.2,0,0.0,0,0.0,0.2,0.0,0,,0,
flight_number_time_bucket,IAD,MSP,OO,OO3687.0,MSP→IAD,early_morning,,2024-01-01,2024-12-31,19,19,0,0,0.0,0,0.0,0,0.0,-6.11,-7.0,3.4,0.84,0.0,1.4,0,0.0,0,0.0,0,0.0,-0.05,0.0,0,,0,
flight_number_time_bucket,IAD,MSP,OO,OO3700.0,MSP→IAD,early_morning,,2024-01-01,2024-12-31,106,106,0,0,0.0,5,0.04717,2,0.018868,6.51,-5.0,34.5,12.54,0.0,34.5,18,0.169811,13,0.122642,6,0.056604,-1.74,0.0,1,0.066667,0,0.0
flight_number_time_bucket,IAD,MSP,OO,OO3700.0,MSP→IAD,late_morning,,2024-01-01,2024-12-31,20,20,0,0,0.0,2,0.1,0,0.0,13.15,4.0,43.1,15.3,0.0,33.5,4,0.2,2,0.1,2,0.1,-3.85,0.0,0,0.0,0,0.0
flight_number_time_bucket,IAD,MSP,OO,OO3753.0,MSP→IAD,afternoon,,2024-01-01,2024-12-31,4,4,0,0,0.0,0,0.0,0,0.0,4.75,-1.5,18.2,3.25,0.0,9.1,0,0.0,0,0.0,0,0.0,-3.25,0.0,0,,0,
flight_number_time_bucket,IAD,MSP,OO,OO3868.0,MSP→IAD,evening,,2024-01-01,2024-12-31,93,92,1,0,0.010753,5,0.054348,0,0.0,3.6,-3.0,28.6,9.49,0.0,30.0,12,0.130435,9,0.097826,4,0.043478,-1.38,0.0,1,0.090909,0,0.0
flight_number_time_bucket,IAD,MSP,OO,OO3868.0,MSP→IAD,night,,2024-01-01,2024-12-31,65,64,1,0,0.015385,2,0.03125,1,0.015625,-1.23,-4.5,8.1,5.62,0.0,3.7,4,0.0625,2,0.03125,1,0.015625,-0.78,0.0,0,0.0,0,0.0
flight_number_time_bucket,IAD,MSP,OO,OO3917.0,MSP→IAD,afternoon,,2024-01-01,2024-12-31,26,26,0,0,0.0,1,0.038462,0,0.0,8.54,4.0,25.0,6.19,0.0,14.5,2,0.076923,1,0.038462,1,0.038462,-4.5,-0.5,0,0.0,0,0.0
flight_number_time_bucket,IAD,MSP,OO,OO3917.0,MSP→IAD,late_morning,,2024-01-01,2024-12-31,98,97,1,0,0.010204,5,0.051546,2,0.020619,9.48,-1.0,34.4,9.99,0.0,10.8,8,0.082474,6,0.061856,4,0.041237,-4.88,0.0,0,0.0,0,0.0
flight_number_time_bucket,IAD,MSP,OO,OO4097.0,MSP→IAD,afternoon,,2024-01-01,2024-12-31,24,24,0,0,0.0,3,0.125,1,0.041667,14.25,-6.0,88.4,23.46,0.0,96.6,4,0.166667,3,0.125,3,0.125,1.96,0.0,0,0.0,0,0.0
flight_number_time_bucket,IAD,MSP,OO,OO4097.0,MSP→IAD,late_morning,,2024-01-01,2024-12-31,4,4,0,0,0.0,0,0.0,0,0.0,15.0,11.5,35.7,11.0,1.0,30.0,1,0.25,1,0.25,0,0.0,-6.0,-5.0,0,0.0,0,
flight_number_time_bucket,IAD,MSP,OO,OO4129.0,MSP→IAD,night,,2024-01-01,2024-12-31,206,204,2,0,0.009709,13,0.063725,2,0.009804,6.52,-6.0,41.7,15.54,0.0,46.2,46,0.22549,32,0.156863,15,0.073529,0.73,0.0,1,0.03125,0,0.0
flight_number_time_bucket,IAD,MSP,OO,OO4152.0,MSP→IAD,early_morning,,2024-01-01,2024-12-31,26,26,0,0,0.0,0,0.0,0,0.0,2.88,-5.0,36.0,6.5,0.0,31.5,4,0.153846,3,0.115385,0,0.0,-2.38,0.0,0,0.0,0,
flight_number_time_bucket,IAD,MSP,UA,UA1989.0,MSP→IAD,early_morning,,2024-01-01,2024-12-31,1,1,0,0,0.0,0,0.0,0,0.0,-20.0,-20.0,-20.0,0.0,0.0,0.0,0,0.0,0,0.0,0,0.0,0.0,0.0,0,,0,
flight_number_time_bucket,IAD,MSP,UA,UA2081.0,MSP→IAD,afternoon,,2024-01-01,2024-12-31,2,2,0,0,0.0,0,0.0,0,0.0,16.0,16.0,34.4,10.0,10.0,18.0,1,0.5,0,0.0,0,0.0,-9.5,-9.5,0,,0,
flight_number_time_bucket,IAD,MSP,UA,UA2708.0,MSP→IAD,late_morning,,2024-01-01,2024-12-31,2,2,0,0,0.0,0,0.0,0,0.0,-20.0,-20.0,-15.2,0.0,0.0,0.0,0,0.0,0,0.0,0,0.0,0.0,0.0,0,,0,
flight_number_time_bucket,IAD,MSY,UA,UA1306.0,MSY→IAD,early_morning,,2024-01-01,2024-12-31,8,7,1,0,0.125,0,0.0,0,0.0,-18.0,-18.0,-4.8,0.14,0.0,0.4,0,0.0,0,0.0,0,0.0,-0.29,0.0,0,,0,
flight_number_time_bucket,IAD,MSY,UA,UA1392.0,MSY→IAD,early_morning,,2024-01-01,2024-12-31,274,270,4,0,0.014599,14,0.051852,1,0.003704,-4.37,-12.0,13.1,8.37,0.0,15.2,27,0.1,22,0.081481,16,0.059259,0.7,0.0,0,0.0,0,0.0
flight_number_time_bucket,IAD,MSY,UA,UA1637.0,MSY→IAD,early_morning,,2024-01-01,2024-12-31,37,35,2,0,0.054054,2,0.057143,0,0.0,-2.91,-11.0,32.6,10.34,0.0,44.8,4,0.114286,4,0.114286,4,0.114286,0.86,0.0,0,0.0,0,0.0
flight_number_time_bucket,IAD,MSY,UA,UA1660.0,MSY→IAD,afternoon,,2024-01-01,2024-12-31,37,32,5,0,0.135135,1,0.03125,0,0.0,-0.53,-5.0,11.8,5.81,0.0,11.7,2,0.0625,2,0.0625,1,0.03125,-0.03,0.0,0,0.0,0,0.0
flight_number_time_bucket,IAD,MSY,UA,UA2048.0,MSY→IAD,afternoon,,2024-01-01,2024-12-31,16,16,0,0,0.0,1,0.0625,0,0.0,0.88,-10.0,21.0,7.0,0.0,3.5,1,0.0625,1,0.0625,1,0.0625,-3.88,0.0,0,0.0,0,0.0
flight_number_time_bucket,IAD,MSY,UA,UA2060.0,MSY→IAD,early_morning,,2024-01-01,2024-12-31,24,24,0,0,0.0,1,0.041667,0,0.0,-9.21,-13.5,0.2,4.12,0.0,1.0,1,0.041667,1,0.041667,1,0.041667,-0.08,0.0,0,0.0,0,0.0
flight_number_time_bucket,IAD,MSY,UA,UA215.0,MSY→IAD,afternoon,,2024-01-01,2024-12-31,31,31,0,0,0.0,0,0.0,0,0.0,-19.61,-20.0,-10.0,0.1,0.0,0.0,0,0.0,0,0.0,0,0.0,0.1,0.0,0,,0,
flight_number_time_bucket,IAD,MSY,UA,UA2276.0,MSY→IAD,afternoon,,2024-01-01,2024-12-31,147,146,1,0,0.006803,10,0.068493,2,0.013699,4.45,-7.0,29.5,11.93,0.0,30.0,20,0.136986,14,0.09589,9,0.061644,-0.53,0.0,0,0.0,0,0.0
flight_number_time_bucket,IAD,MSY,UA,UA2314.0,MSY→IAD,afternoon,,2024-01-01,2024-12-31,14,14,0,1,0.0,1,0.071429,0,0.0,3.31,-2.0,29.4,11.77,0.0,43.4,3,0.214286,3,0.214286,0,0.0,0.85,0.0,0,0.0,0,
flight_number_time_bucket,IAD,MSY,UA,UA2374.0,MSY→IAD,early_morning,,2024-01-01,2024-12-31,21,21,0,0,0.0,0,0.0,0,0.0,-10.29,-13.0,2.0,0.0,0.0,0.0,0,0.0,0,0.0,0,0.0,-1.33,0.0,0,,0,
flight_number_time_bucket,IAD,MSY,UA,UA2397.0,MSY→IAD,afternoon,,2024-01-01,2024-12-31,21,21,0,0,0.0,1,0.047619,0,0.0,-2.71,-6.0,4.0,5.1,0.0,0.0,1,0.047619,1,0.047619,1,0.047619,-0.1,0.0,0,0.0,0,0.0
flight_number_time_bucket,IAD,MSY,UA,UA2732.0,MSY→IAD,afternoon,,2024-01-01,2024-12-31,37,34,3,1,0.081081,1,0.029412,0,0.0,-6.79,-12.0,6.0,5.09,0.0,4.6,2,0.058824,1,0.029412,1,0.029412,0.18,0.0,0,0.0,0,0.0
flight_number_time_bucket,IAD,MSY,UA,UA744.0,MSY→IAD,afternoon,,2024-01-01,2024-12-31,2,2,0,0,0.0,0,0.0,0,0.0,12.0,12.0,24.8,11.0,11.0,19.8,1,0.5,0,0.0,0,0.0,-3.0,-3.0,0,,0,
flight_number_time_bucket,IAD,MYR,YX,YX3555.0,MYR→IAD,afternoon,,2024-01-01,2024-12-31,5,5,0,0,0.0,0,0.0,0,0.0,-9.8,-9.0,0.4,0.0,0.0,0.0,0,0.0,0,0.0,0,0.0,-1.2,0.0,0,,0,
flight_number_time_bucket,IAD,ORD,UA,UA1074.0,ORD→IAD,early_morning,,2024-01-01,2024-12-31,1,1,0,0,0.0,0,0.0,0,0.0,-10.0,-10.0,-10.0,0.0,0.0,0.0,0,0.0,0,0.0,0,0.0,0.0,0.0,0,,0,
flight_number_time_bucket,IAD,ORD,UA,UA1147.0,ORD→IAD,night,,2024-01-01,2024-12-31,4,4,0,0,0.0,0,0.0,0,0.0,-8.5,-9.5,-4.5,0.0,0.0,0.0,0,0.0,0,0.0,0,0.0,0.0,0.0,0,,0,
flight_number_time_bucket,IAD,ORD,UA,UA1193.0,ORD→IAD,early_morning,,2024-01-01,2024-12-31,53,51,2,0,0.037736,4,0.078431,3,0.058824,15.08,-5.0,41.0,19.9,0.0,48.0,7,0.137255,6,0.117647,4,0.078431,-1.16,0.0,0,0.0,0,0.0
flight_number_time_bucket,IAD,ORD,UA,UA1227.0,ORD→IAD,evening,,2024-01-01,2024-12-31,31,31,0,0,0.0,1,0.032258,0,0.0,1.48,-7.0,20.0,8.0,0.0,22.0,4,0.129032,2,0.064516,1,0.032258,-1.1,0.0,0,0.0,0,0.0
flight_number_time_bucket,IAD,ORD,UA,UA1285.0,ORD→IAD,night,,2024-01-01,2024-12-31,2,2,0,0,0.0,0,0.0,0,0.0,-8.0,-8.0,-6.4,0.0,0.0,0.0,0,0.0,0,0.0,0,0.0,0.0,0.0,0,,0,
flight_number_time_bucket,IAD,ORD,UA,UA1581.0,ORD→IAD,early_morning,,2024-01-01,2024-12-31,35,35,0,0,0.0,4,0.114286,2,0.057143,30.2,-4.0,64.2,39.2,0.0,81.8,8,0.228571,7,0.2,5,0.142857,2.03,0.0,1,0.142857,0,0.0
flight_number_time_bucket,IAD,ORD,UA,UA1616.0,ORD→IAD,afternoon,,2024-01-01,2024-12-31,36,36,0,0,0.0,3,0.083333,0,0.0,-1.39,-14.0,16.5,10.19,0.0,19.0,4,0.111111,3,0.083333,3,0.083333,0.36,0.0,0,0.0,0,0.0
flight_number_time_bucket,IAD,ORD,UA,UA1729.0,ORD→IAD,night,,2024-01-01,2024-12-31,156,155,1,0,0.00641,15,0.096774,5,0.032258,14.31,-6.0,56.6,27.23,3.0,73.6,52,0.335484,30,0.193548,20,0.129032,4.32,0.0,0,0.0,0,0.0
flight_number_time_bucket,IAD,ORD,UA,UA1830.0,ORD→IAD,afternoon,,2024-01-01,2024-12-31,188,186,2,1,0.010638,5,0.026882,1,0.005376,6.54,0.0,28.6,8.91,1.0,24.2,28,0.150538,15,0.080645,5,0.026882,-1.33,0.0,0,0.0,0,0.0
flight_number_time_bucket,IAD,ORD,UA,UA1843.0,ORD→IAD,afternoon,,2024-01-01,2024-12-31,37,36,1,0,0.027027,3,0.083333,1,0.027778,11.67,-11.0,57.0,24.33,0.0,66.0,9,0.25,7,0.194444,4,0.111111,2.94,0.0,1,0.142857,0,0.0
flight_number_time_bucket,IAD,ORD,UA,UA1859.0,ORD→IAD,afternoon,,2024-01-01,2024-12-31,37,37,0,0,0.0,6,0.162162,2,0.054054,31.86,1.0,87.8,38.27,3.0,90.6,13,0.351351,8,0.216216,7,0.189189,2.19,0.0,0,0.0,0,0.0
flight_number_time_bucket,IAD,ORD,UA,UA1862.0,ORD→IAD,evening,,2024-01-01,2024-12-31,53,49,4,0,0.075472,16,0.326531,5,0.102041,75.8,43.0,148.8,74.96,29.0,166.6,31,0.632653,24,0.489796,15,0.306122,-4.9,1.0,0,0.0,0,0.0
flight_number_time_bucket,IAD,ORD,UA,UA1869.0,ORD→IAD,afternoon,,2024-01-01,2024-12-31,35,35,0,0,0.0,2,0.057143,0,0.0,2.09,-3.0,13.6,8.37,0.0,21.6,6,0.171429,2,0.057143,2,0.057143,0.17,0.0,0,0.0,0,0.0
flight_number_time_bucket,IAD,ORD,UA,UA1887.0,ORD→IAD,afternoon,,2024-01-01,2024-12-31,8,8,0,0,0.0,0,0.0,0,0.0,-3.38,-1.5,7.3,2.5,1.5,6.6,0,0.0,0,0.0,0,0.0,0.25,0.0,0,,0,
flight_number_time_bucket,IAD,ORD,UA,UA2004.0,ORD→IAD,afternoon,,2024-01-01,2024-12-31,69,69,0,1,0.0,5,0.072464,2,0.028986,4.56,-11.0,16.3,15.18,0.0,31.2,8,0.115942,7,0.101449,5,0.072464,0.47,0.0,1,0.125,0,0.0
flight_number_time_bucket,IAD,ORD,UA,UA2031.0,ORD→IAD,night,,2024-01-01,2024-12-31,21,21,0,0,0.0,2,0.095238,0,0.0,6.38,-6.0,27.0,10.1,0.0,19.0,5,0.238095,1,0.047619,1,0.047619,-3.43,0.0,0,0.0,0,0.0
flight_number_time_bucket,IAD,ORD,UA,UA2052.0,ORD→IAD,night,,2024-01-01,2024-12-31,1,1,0,0,0.0,0,0.0,0,0.0,-31.0,-31.0,-31.0,0.0,0.0,0.0,0,0.0,0,0.0,0,0.0,0.0,0.0,0,,0,
flight_number_time_bucket,IAD,ORD,UA,UA210.0,ORD→IAD,evening,,2024-01-01,2024-12-31,36,36,0,0,0.0,1,0.027778,0,0.0,0.69,-5.5,22.0,7.22,0.0,14.0,4,0.111111,2,0.055556,1,0.027778,0.25,0.0,0,0.0,0,0.0
flight_number_time_bucket,IAD,ORD,UA,UA2168.0,ORD→IAD,early_morning,,2024-01-01,2024-12-31,21,21,0,0,0.0,1,0.047619,0,0.0,-3.38,-8.0,11.0,5.0,0.0,10.0,2,0.095238,1,0.047619,0,0.0,0.9,0.0,0,0.0,0,
flight_number_time_bucket,IAD,ORD,UA,UA2187.0,ORD→IAD,afternoon,,2024-01-01,2024-12-31,98,98,0,0,0.0,8,0.081633,1,0.010204,7.91,-2.0,28.3,11.53,0.0,28.3,14,0.142857,10,0.102041,6,0.061224,-1.67,0.0,0,0.0,0,0.0
flight_number_time_bucket,IAD,ORD,UA,UA2199.0,ORD→IAD,night,,2024-01-01,2024-12-31,1,1,0,0,0.0,0,0.0,0,0.0,-9.0,-9.0,-9.0,0.0,0.0,0.0,0,0.0,0,0.0,0,0.0,0.0,0.0,0,,0,
flight_number_time_bucket,IAD,ORD,UA,UA2228.0,ORD→IAD,early_morning,,2024-01-01,2024-12-31,101,100,1,0,0.009901,7,0.07,1,0.01,6.91,-4.0,34.0,12.26,0.0,37.0,17,0.17,12,0.12,7,0.07,-0.88,0.0,0,0.0,0,0.0
flight_number_time_bucket,IAD,ORD,UA,UA2277.0,ORD→IAD,early_morning,,2024-01-01,2024-12-31,35,35,0,0,0.0,5,0.142857,1,0.028571,8.71,-11.0,69.4,20.4,0.0,79.0,8,0.228571,7,0.2,6,0.171429,2.09,0.0,0,0.0,0,0.0
flight_number_time_bucket,IAD,ORD,UA,UA2312.0,ORD→IAD,evening,,2024-01-01,2024-12-31,38,38,0,0,0.0,6,0.157895,4,0.105263,37.76,-1.5,151.7,43.71,3.0,158.0,12,0.315789,9,0.236842,7,0.184211,0.37,0.0,0,0.0,0,0.0
flight_number_time_bucket,IAD,ORD,UA,UA2369.0,ORD→IAD,early_morning,,2024-01-01,2024-12-31,53,52,1,0,0.018868,2,0.038462,1,0.019231,-1.77,-9.0,3.0,8.33,0.0,8.7,4,0.076923,2,0.038462,2,0.038462,0.25,0.0,0,0.0,0,0.0
flight_number_time_bucket,IAD,ORD,UA,UA2385.0,ORD→IAD,late_morning,,2024-01-01,2024-12-31,21,21,0,0,0.0,1,0.047619,0,0.0,1.24,-4.0,23.0,9.29,0.0,23.0,4,0.190476,2,0.095238,1,0.047619,1.52,0.0,0,0.0,0,0.0
flight_number_time_bucket,IAD,ORD,UA,UA2386.0,ORD→IAD,night,,2024-01-01,2024-12-31,130,130,0,0,0.0,6,0.046154,2,0.015385,9.02,-2.0,39.6,15.78,2.0,42.1,34,0.261538,19,0.146154,7,0.053846,1.35,0.0,0,0.0,0,0.0
flight_number_time_bucket,IAD,ORD,UA,UA2415.0,ORD→IAD,early_morning,,2024-01-01,2024-12-31,16,16,0,0,0.0,1,0.0625,1,0.0625,19.0,1.5,41.0,26.25,1.0,60.0,4,0.25,4,0.25,2,0.125,3.25,0.0,0,0.0,0,0.0
flight_number_time_bucket,IAD,ORD,UA,UA2418.0,ORD→IAD,evening,,2024-01-01,2024-12-31,90,89,1,0,0.011111,4,0.044944,3,0.033708,9.45,-1.0,31.8,15.83,0.0,32.0,18,0.202247,10,0.11236,6,0.067416,0.58,0.0,0,0.0,0,0.0
flight_number_time_bucket,IAD,ORD,UA,UA2430.0,ORD→IAD,afternoon,,2024-01-01,2024-12-31,16,16,0,0,0.0,0,0.0,0,0.0,-0.12,-3.0,34.0,10.38,0.0,32.5,4,0.25,2,0.125,1,0.0625,1.94,0.0,0,0.0,0,0.0
flight_number_time_bucket,IAD,ORD,UA,UA2458.0,ORD→IAD,evening,,2024-01-01,2024-12-31,16,16,0,0,0.0,1,0.0625,0,0.0,9.44,4.0,30.5,9.94,0.0,12.5,1,0.0625,1,0.0625,1,0.0625,-3.38,-1.5,0,0.0,0,0.0
flight_number_time_bucket,IAD,ORD,UA,UA2469.0,ORD→IAD,afternoon,,2024-01-01,2024-12-31,1,1,0,0,0.0,0,0.0,0,0.0,-33.0,-33.0,-33.0,0.0,0.0,0.0,0,0.0,0,0.0,0,0.0,0.0,0.0,0,,0,
flight_number_time_bucket,IAD,ORD,UA,UA2612.0,ORD→IAD,early_morning,,2024-01-01,2024-12-31,21,21,0,0,0.0,0,0.0,0,0.0,-1.95,-4.0,15.0,2.48,0.0,9.0,0,0.0,0,0.0,0,0.0,-1.29,0.0,0,,0,
flight_number_time_bucket,IAD,ORD,UA,UA2669.0,ORD→IAD,night,,2024-01-01,2024-12-31,1,1,0,0,0.0,0,0.0,0,0.0,-19.0,-19.0,-19.0,0.0,0.0,0.0,0,0.0,0,0.0,0,0.0,0.0,0.0,0,,0,
flight_number_time_bucket,IAD,ORD,UA,UA355.0,ORD→IAD,night,,2024-01-01,2024-12-31,1,1,0,0,0.0,0,0.0,0,0.0,-5.0,-5.0,-5.0,3.0,3.0,3.0,0,0.0,0,0.0,0,0.0,3.0,3.0,0,,0,
flight_number_time_bucket,IAD,ORD,UA,UA407.0,ORD→IAD,late_morning,,2024-01-01,2024-12-31,1,1,0,0,0.0,0,0.0,0,0.0,-13.0,-13.0,-13.0,0.0,0.0,0.0,0,0.0,0,0.0,0,0.0,0.0,0.0,0,,0,
flight_number_time_bucket,IAD,ORD,UA,UA444.0,ORD→IAD,evening,,2024-01-01,2024-12-31,13,13,0,0,0.0,0,0.0,0,0.0,8.62,1.0,33.4,7.23,0.0,13.8,1,0.076923,1,0.076923,0,0.0,-3.23,0.0,0,0.0,0,
flight_number_time_bucket,IAD,ORD,UA,UA511.0,ORD→IAD,evening,,2024-01-01,2024-12-31,21,21,0,0,0.0,3,0.142857,1,0.047619,31.14,5.0,80.0,26.48,2.0,35.0,7,0.333333,3,0.142857,2,0.095238,-6.67,0.0,0,0.0,0,0.0
flight_number_time_bucket,IAD,ORD,UA,UA545.0,ORD→IAD,early_morning,,2024-01-01,2024-12-31,80,80,0,0,0.0,1,0.0125,0,0.0,-5.6,-9.0,7.1,3.24,0.0,3.5,4,0.05,3,0.0375,2,0.025,-0.21,0.0,1,0.333333,0,0.0
flight_number_time_bucket,IAD,ORD,UA,UA545.0,ORD→IAD,late_morning,,2024-01-01,2024-12-31,1,1,0,0,0.0,0,0.0,0,0.0,-7.0,-7.0,-7.0,0.0,0.0,0.0,0,0.0,0,0.0,0,0.0,0.0,0.0,0,,0,
flight_number_time_bucket,IAD,ORD,UA,UA591.0,ORD→IAD,afternoon,,2024-01-01,2024-12-31,1,1,0,0,0.0,0,0.0,0,0.0,-27.0,-27.0,-27.0,0.0,0.0,0.0,0,0.0,0,0.0,0,0.0,0.0,0.0,0,,0,
flight_number_time_bucket,IAD,ORD,UA,UA656.0,ORD→IAD,evening,,2024-01-01,2024-12-31,67,66,1,0,0.014925,14,0.212121,5,0.075758,40.2,9.5,137.5,43.53,11.0,127.5,28,0.424242,19,0.287879,14,0.212121,-0.88,0.0,0,0.0,0,0.0
flight_number_time_bucket,IAD,ORD,UA,UA691.0,ORD→IAD,early_morning,,2024-01-01,2024-12-31,38,38,0,0,0.0,0,0.0,0,0.0,-5.97,-5.0,3.6,1.74,0.0,6.0,1,0.026316,0,0.0,0,0.0,0.95,0.0,0,,0,
flight_number_time_bucket,IAD,ORF,UA,UA1366.0,ORF→IAD,early_morning,,2024-01-01,2024-12-31,151,147,4,0,0.02649,8,0.054422,2,0.013605,1.37,-9.0,23.6,10.81,0.0,19.8,20,0.136054,11,0.07483,9,0.061224,0.35,0.0,0,0.0,0,0.0
flight_number_time_bucket,IAD,ORF,UA,UA1375.0,ORF→IAD,early_morning,,2024-01-01,2024-12-31,1,1,0,0,0.0,0,0.0,0,0.0,-17.0,-17.0,-17.0,0.0,0.0,0.0,0,0.0,0,0.0,0,0.0,0.0,0.0,0,,0,
flight_number_time_bucket,IAD,ORF,UA,UA1412.0,ORF→IAD,early_morning,,2024-01-01,2024-12-31,69,69,0,0,0.0,6,0.086957,1,0.014493,0.38,-16.0,26.0,14.72,0.0,26.8,10,0.144928,7,0.101449,6,0.086957,0.62,0.0,1,0.142857,0,0.0
flight_number_time_bucket,IAD,ORF,UA,UA1474.0,ORF→IAD,evening,,2024-01-01,2024-12-31,20,19,1,0,0.05,0,0.0,0,0.0,-14.0,-18.0,-7.2,0.05,0.0,0.0,0,0.0,0,0.0,0,0.0,-1.37,0.0,0,,0,
flight_number_time_bucket,IAD,ORF,UA,UA1528.0,ORF→IAD,early_morning,,2024-01-01,2024-12-31,32,32,0,0,0.0,0,0.0,0,0.0,-9.94,-14.0,16.7,3.44,0.0,12.9,2,0.0625,1,0.03125,0,0.0,0.62,0.0,0,0.0,0,
flight_number_time_bucket,IAD,ORF,UA,UA1746.0,ORF→IAD,evening,,2024-01-01,2024-12-31,15,15,0,0,0.0,0,0.0,0,0.0,-10.67,-12.0,-2.4,1.13,0.0,0.0,1,0.066667,0,0.0,0,0.0,-0.13,0.0,0,,0,
flight_number_time_bucket,IAD,ORF,UA,UA1914.0,ORF→IAD,late_morning,,2024-01-01,2024-12-31,24,24,0,0,0.0,2,0.083333,1,0.041667,11.58,-11.0,31.3,21.92,0.0,7.1,2,0.083333,2,0.083333,2,0.083333,-1.21,0.0,0,0.0,0,0.0
flight_number_time_bucket,IAD,ORF,UA,UA1926.0,ORF→IAD,early_morning,,2024-01-01,2024-12-31,12,12,0,0,0.0,0,0.0,0,0.0,-2.08,-2.5,9.7,3.17,0.0,8.9,0,0.0,0,0.0,0,0.0,0.33,0.0,0,,0,
flight_number_time_bucket,IAD,ORF,UA,UA2081.0,ORF→IAD,late_morning,,2024-01-01,2024-12-31,3,3,0,0,0.0,0,0.0,0,0.0,-20.0,-23.0,-14.2,0.0,0.0,0.0,0,0.0,0,0.0,0,0.0,0.0,0.0,0,,0,
flight_number_time_bucket,IAD,ORF,UA,UA2336.0,ORF→IAD,early_morning,,2024-01-01,2024-12-31,7,7,0,0,0.0,0,0.0,0,0.0,-11.43,-14.0,1.2,0.0,0.0,0.0,0,0.0,0,0.0,0,0.0,-1.29,0.0,0,,0,
flight_number_time_bucket,IAD,ORF,UA,UA2667.0,ORF→IAD,evening,,2024-01-01,2024-12-31,19,19,0,0,0.0,0,0.0,0,0.0,-2.11,-8.0,26.0,7.05,0.0,23.2,3,0.157895,1,0.052632,1,0.052632,-0.16,0.0,0,0.0,0,0.0
flight_number_time_bucket,IAD,ORF,UA,UA2854.0,ORF→IAD,early_morning,,2024-01-01,2024-12-31,37,37,0,0,0.0,0,0.0,0,0.0,-8.62,-12.0,3.0,2.7,0.0,7.6,2,0.054054,1,0.027027,0,0.0,0.76,0.0,0,0.0,0,
flight_number_time_bucket,IAD,ORF,UA,UA519.0,ORF→IAD,early_morning,,2024-01-01,2024-12-31,4,4,0,0,0.0,0,0.0,0,0.0,-13.75,-17.0,-4.8,0.0,0.0,0.0,0,0.0,0,0.0,0,0.0,0.0,0.0,0,,0,
flight_number_time_bucket,IAD,ORF,UA,UA608.0,ORF→IAD,late_morning,,2024-01-01,2024-12-31,8,8,0,0,0.0,0,0.0,0,0.0,-6.62,-6.0,5.6,4.0,2.0,10.3,0,0.0,0,0.0,0,0.0,2.0,1.0,0,,0,
flight_number_time_bucket,IAD,ORF,UA,UA758.0,ORF→IAD,late_morning,,2024-01-01,2024-12-31,53,49,4,0,0.075472,2,0.040816,0,0.0,2.96,-7.0,33.8,8.55,0.0,22.6,6,0.122449,4,0.081633,2,0.040816,-2.51,0.0,0,0.0,0,0.0
flight_number_time_bucket,IAD,ORF,YX,YX3402.0,ORF→IAD,early_morning,,2024-01-01,2024-12-31,1,1,0,0,0.0,0,0.0,0,0.0,-16.0,-16.0,-16.0,0.0,0.0,0.0,0,0.0,0,0.0,0,0.0,0.0,0.0,0,,0,
flight_number_time_bucket,IAD,ORF,YX,YX3439.0,ORF→IAD,afternoon,,2024-01-01,2024-12-31,27,27,0,0,0.0,0,0.0,0,0.0,-17.33,-24.0,18.0,4.59,0.0,20.0,4,0.148148,1,0.037037,0,0.0,-0.33,0.0,0,0.0,0,
flight_number_time_bucket,IAD,ORF,YX,YX3487.0,ORF→IAD,late_morning,,2024-01-01,2024-12-31,5,5,0,0,0.0,0,0.0,0,0.0,-15.0,-13.0,-9.0,0.0,0.0,0.0,0,0.0,0,0.0,0,0.0,0.0,0.0,0,,0,
flight_number_time_bucket,IAD,ORF,YX,YX3532.0,ORF→IAD,late_morning,,2024-01-01,2024-12-31,1,1,0,0,0.0,0,0.0,0,0.0,-24.0,-24.0,-24.0,0.0,0.0,0.0,0,0.0,0,0.0,0,0.0,0.0,0.0,0,,0,
flight_number_time_bucket,IAD,ORF,YX,YX3607.0,ORF→IAD,evening,,2024-01-01,2024-12-31,41,41,0,0,0.0,0,0.0,0,0.0,-12.73,-14.0,-3.0,0.34,0.0,0.0,0,0.0,0,0.0,0,0.0,-0.54,0.0,0,,0,
flight_number_time_bucket,IAD,ORF,YX,YX3665.0,ORF→IAD,early_morning,,2024-01-01,2024-12-31,3,3,0,0,0.0,0,0.0,0,0.0,-19.0,-17.0,-14.6,0.0,0.0,0.0,0,0.0,0,0.0,0,0.0,0.0,0.0,0,,0,
flight_number_time_bucket,IAD,ORF,YX,YX3666.0,ORF→IAD,afternoon,,2024-01-01,2024-12-31,31,31,0,0,0.0,0,0.0,0,0.0,-21.16,-22.0,-11.0,0.1,0.0,0.0,0,0.0,0,0.0,0,0.0,0.1,0.0,0,,0,
flight_number_time_bucket,IAD,ORF,YX,YX3669.0,ORF→IAD,afternoon,,2024-01-01,2024-12-31,3,3,0,0,0.0,0,0.0,0,0.0,10.33,18.0,22.0,0.0,0.0,0.0,0,0.0,0,0.0,0,0.0,-13.67,-18.0,0,,0,
flight_number_time_bucket,IAD,ORF,YX,YX3670.0,ORF→IAD,evening,,2024-01-01,2024-12-31,3,3,0,0,0.0,0,0.0,0,0.0,-14.0,-12.0,-12.0,0.0,0.0,0.0,0,0.0,0,0.0,0,0.0,0.0,0.0,0,,0,
flight_number_time_bucket,IAD,ORF,YX,YX3673.0,ORF→IAD,night,,2024-01-01,2024-12-31,30,30,0,0,0.0,0,0.0,0,0.0,-14.13,-15.0,-1.9,0.8,0.0,0.3,0,0.0,0,0.0,0,0.0,0.23,0.0,0,,0,
flight_number_time_bucket,IAD,ORF,YX,YX3692.0,ORF→IAD,early_morning,,2024-01-01,2024-12-31,16,16,0,0,0.0,1,0.0625,1,0.0625,16.0,-7.0,22.0,19.06,0.0,4.5,1,0.0625,1,0.0625,1,0.0625,-3.25,0.0,0,0.0,0,0.0
flight_number_time_bucket,IAD,ORF,YX,YX3696.0,ORF→IAD,late_morning,,2024-01-01,2024-12-31,1,1,0,0,0.0,0,0.0,0,0.0,-25.0,-25.0,-25.0,0.0,0.0,0.0,0,0.0,0,0.0,0,0.0,0.0,0.0,0,,0,
flight_number_time_bucket,IAD,ORF,YX,YX3712.0,ORF→IAD,afternoon,,2024-01-01,2024-12-31,15,15,0,0,0.0,1,0.066667,0,0.0,-6.53,-18.0,11.4,9.67,0.0,16.8,2,0.133333,1,0.066667,1,0.066667,-2.13,0.0,0,0.0,0,0.0
flight_number_time_bucket,IAD,PBI,UA,UA1448.0,PBI→IAD,afternoon,,2024-01-01,2024-12-31,13,13,0,0,0.0,1,0.076923,0,0.0,-0.23,-8.0,12.4,9.0,0.0,5.8,1,0.076923,1,0.076923,1,0.076923,-1.08,0.0,0,0.0,0,0.0
flight_number_time_bucket,IAD,PBI,UA,UA215.0,PBI→IAD,late_morning,,2024-01-01,2024-12-31,1,1,0,0,0.0,0,0.0,0,0.0,3.0,3.0,3.0,17.0,17.0,17.0,1,1.0,0,0.0,0,0.0,14.0,14.0,0,,0,
flight_number_time_bucket,IAD,PBI,UA,UA2357.0,PBI→IAD,afternoon,,2024-01-01,2024-12-31,8,6,2,0,0.25,0,0.0,0,0.0,16.67,14.0,34.0,0.0,0.0,0.0,0,0.0,0,0.0,0,0.0,-16.83,-14.0,0,,0,
flight_number_time_bucket,IAD,PBI,UA,UA2703.0,PBI→IAD,afternoon,,2024-01-01,2024-12-31,15,15,0,0,0.0,0,0.0,0,0.0,-5.13,-6.0,3.6,0.0,0.0,0.0,0,0.0,0,0.0,0,0.0,-2.27,0.0,0,,0,
flight_number_time_bucket,IAD,PBI,UA,UA326.0,PBI→IAD,afternoon,,2024-01-01,2024-12-31,6,6,0,0,0.0,0,0.0,0,0.0,-3.0,-10.5,18.0,0.0,0.0,0.0,0,0.0,0,0.0,0,0.0,-6.83,0.0,0,,0,
flight_number_time_bucket,IAD,PDX,UA,UA1140.0,PDX→IAD,early_morning,,2024-01-01,2024-12-31,59,59,0,0,0.0,3,0.050847,1,0.016949,7.39,-5.0,39.6,15.07,0.0,34.4,8,0.135593,7,0.118644,4,0.067797,0.12,0.0,0,0.0,0,0.0
flight_number_time_bucket,IAD,PDX,UA,UA1322.0,PDX→IAD,early_morning,,2024-01-01,2024-12-31,4,4,0,0,0.0,0,0.0,0,0.0,3.0,-6.0,21.6,1.0,0.0,2.8,0,0.0,0,0.0,0,0.0,-7.25,0.0,0,,0,
flight_number_time_bucket,IAD,PDX,UA,UA1325.0,PDX→IAD,night,,2024-01-01,2024-12-31,11,10,1,0,0.090909,0,0.0,0,0.0,-12.0,-15.5,5.2,0.0,0.0,0.0,0,0.0,0,0.0,0,0.0,-1.2,0.0,0,,0,
flight_number_time_bucket,IAD,PDX,UA,UA1400.0,PDX→IAD,night,,2024-01-01,2024-12-31,1,1,0,0,0.0,0,0.0,0,0.0,-14.0,-14.0,-14.0,10.0,10.0,10.0,0,0.0,0,0.0,0,0.0,10.0,10.0,0,,0,
flight_number_time_bucket,IAD,PDX,UA,UA1779.0,PDX→IAD,night,,2024-01-01,2024-12-31,4,4,0,0,0.0,0,0.0,0,0.0,-5.25,-11.5,12.6,9.25,8.0,19.5,2,0.5,0,0.0,0,0.0,4.0,0.0,0,,0,
flight_number_time_bucket,IAD,PDX,UA,UA1797.0,PDX→IAD,night,,2024-01-01,2024-12-31,24,24,0,0,0.0,0,0.0,0,0.0,-9.46,-5.5,2.9,1.12,0.0,2.7,0,0.0,0,0.0,0,0.0,0.12,0.0,0,,0,
flight_number_time_bucket,IAD,PDX,UA,UA1904.0,PDX→IAD,early_morning,,2024-01-01,2024-12-31,37,37,0,0,0.0,1,0.027027,1,0.027027,-1.54,-22.0,2.8,23.62,0.0,14.4,4,0.108108,3,0.081081,1,0.027027,2.3,0.0,0,0.0,0,0.0
flight_number_time_bucket,IAD,PDX,UA,UA2109.0,PDX→IAD,night,,2024-01-01,2024-12-31,32,32,0,0,0.0,0,0.0,0,0.0,-14.56,-18.0,4.0,3.5,0.0,4.6,2,0.0625,1,0.03125,1,0.03125,0.16,0.0,0,0.0,0,0.0
flight_number_time_bucket,IAD,PDX,UA,UA2268.0,PDX→IAD,early_morning,,2024-01-01,2024-12-31,116,116,0,0,0.0,1,0.008621,0,0.0,-10.59,-12.0,5.5,3.03,0.0,7.0,6,0.051724,4,0.034483,1,0.008621,0.88,0.0,2,0.5,0,0.0
flight_number_time_bucket,IAD,PGD,G4,G42469.0,PGD→IAD,afternoon,,2024-01-01,2024-12-31,4,4,0,0,0.0,0,0.0,0,0.0,-18.75,-19.5,-7.7,3.75,3.0,8.1,0,0.0,0,0.0,0,0.0,3.75,3.0,0,,0,
flight_number_time_bucket,IAD,PGD,G4,G42483.0,PGD→IAD,evening,,2024-01-01,2024-12-31,2,2,0,0,0.0,0,0.0,0,0.0,23.5,23.5,24.7,6.5,6.5,10.1,0,0.0,0,0.0,0,0.0,-17.0,-17.0,0,,0,
flight_number_time_bucket,IAD,PGD,G4,G43590.0,PGD→IAD,afternoon,,2024-01-01,2024-12-31,26,26,0,0,0.0,3,0.115385,2,0.076923,38.77,14.5,57.0,40.46,0.0,52.5,8,0.307692,7,0.269231,2,0.076923,-5.69,0.0,0,0.0,0,0.0
flight_number_time_bucket,IAD,PGD,G4,G4859.0,PGD→IAD,evening,,2024-01-01,2024-12-31,1,1,0,0,0.0,0,0.0,0,0.0,25.0,25.0,25.0,36.0,36.0,36.0,1,1.0,1,1.0,0,0.0,11.0,11.0,0,0.0,0,
flight_number_time_bucket,IAD,PGD,G4,G4861.0,PGD→IAD,afternoon,,2024-01-01,2024-12-31,6,6,0,0,0.0,0,0.0,0,0.0,21.17,19.5,48.0,39.67,31.0,72.5,5,0.833333,3,0.5,2,0.333333,16.33,15.5,0,0.0,0,0.0
flight_number_time_bucket,IAD,PGD,G4,G4861.0,PGD→IAD,evening,,2024-01-01,2024-12-31,11,11,0,0,0.0,1,0.090909,0,0.0,-13.55,-18.0,-1.0,6.0,0.0,6.0,1,0.090909,1,0.090909,0,0.0,0.18,0.0,0,0.0,0,0.0
flight_number_time_bucket,IAD,PGD,G4,G4874.0,PGD→IAD,evening,,2024-01-01,2024-12-31,2,2,0,0,0.0,0,0.0,0,0.0,7.0,7.0,11.0,21.5,21.5,25.9,2,1.0,0,0.0,0,0.0,14.5,14.5,0,,0,
flight_number_time_bucket,IAD,PGD,G4,G4892.0,PGD→IAD,afternoon,,2024-01-01,2024-12-31,4,4,0,0,0.0,0,0.0,0,0.0,-17.5,-22.5,-2.8,4.75,0.0,13.3,1,0.25,0,0.0,0,0.0,3.5,0.0,0,,0,
flight_number_time_bucket,IAD,PGD,G4,G4921.0,PGD→IAD,evening,,2024-01-01,2024-12-31,4,4,0,0,0.0,0,0.0,0,0.0,1.75,-11.0,43.4,22.75,14.0,52.5,2,0.5,1,0.25,1,0.25,6.25,2.0,0,0.0,0,0.0
flight_number_time_bucket,IAD,PGD,G4,G4929.0,PGD→IAD,evening,,2024-01-01,2024-12-31,1,1,0,0,0.0,0,0.0,0,0.0,-16.0,-16.0,-16.0,0.0,0.0,0.0,0,0.0,0,0.0,0,0.0,0.0,0.0,0,,0,
flight_number_time_bucket,IAD,PGD,G4,G4929.0,PGD→IAD,late_morning,,2024-01-01,2024-12-31,1,1,0,0,0.0,0,0.0,0,0.0,-30.0,-30.0,-30.0,0.0,0.0,0.0,0,0.0,0,0.0,0,0.0,0.0,0.0,0,,0,
flight_number_time_bucket,IAD,PGD,G4,G4934.0,PGD→IAD,afternoon,,2024-01-01,2024-12-31,1,1,0,0,0.0,0,0.0,0,0.0,3.0,3.0,3.0,0.0,0.0,0.0,0,0.0,0,0.0,0,0.0,-3.0,-3.0,0,,0,
flight_number_time_bucket,IAD,PGD,G4,G4938.0,PGD→IAD,early_morning,,2024-01-01,2024-12-31,1,1,0,0,0.0,0,0.0,0,0.0,-26.0,-26.0,-26.0,0.0,0.0,0.0,0,0.0,0,0.0,0,0.0,0.0,0.0,0,,0,
flight_number_time_bucket,IAD,PGD,G4,G4945.0,PGD→IAD,evening,,2024-01-01,2024-12-31,2,2,0,0,0.0,0,0.0,0,0.0,1.0,1.0,4.2,13.5,13.5,15.5,1,0.5,0,0.0,0,0.0,11.0,11.0,0,,0,
flight_number_time_bucket,IAD,PHL,UA,UA1586.0,PHL→IAD,late_morning,,2024-01-01,2024-12-31,1,1,0,0,0.0,0,0.0,0,0.0,-24.0,-24.0,-24.0,0.0,0.0,0.0,0,0.0,0,0.0,0,0.0,0.0,0.0,0,,0,
flight_number_time_bucket,IAD,PHX,UA,UA1292.0,PHX→IAD,night,,2024-01-01,2024-12-31,8,7,1,0,0.125,1,0.142857,0,0.0,-0.29,-14.0,31.6,15.29,0.0,42.8,1,0.142857,1,0.142857,1,0.142857,3.57,0.0,0,0.0,0,0.0
flight_number_time_bucket,IAD,PHX,UA,UA1354.0,PHX→IAD,late_morning,,2024-01-01,2024-12-31,45,35,10,0,0.222222,0,0.0,0,0.0,2.2,1.0,22.4,3.89,0.0,11.2,2,0.057143,2,0.057143,0,0.0,-4.0,0.0,0,0.0,0,
flight_number_time_bucket,IAD,PHX,UA,UA1393.0,PHX→IAD,afternoon,,2024-01-01,2024-12-31,13,13,0,0,0.0,2,0.153846,0,0.0,2.54,-5.0,57.0,14.23,0.0,46.2,3,0.230769,3,0.230769,1,0.076923,1.31,0.0,0,0.0,0,0.0
flight_number_time_bucket,IAD,PHX,UA,UA1409.0,PHX→IAD,red_eye,,2024-01-01,2024-12-31,1,1,0,0,0.0,0,0.0,0,0.0,-11.0,-11.0,-11.0,2.0,2.0,2.0,0,0.0,0,0.0,0,0.0,2.0,2.0,0,,0,
flight_number_time_bucket,IAD,PHX,UA,UA1557.0,PHX→IAD,night,,2024-01-01,2024-12-31,96,96,0,1,0.0,1,0.010417,1,0.010417,-4.48,-12.0,4.8,10.79,0.0,12.6,6,0.0625,3,0.03125,1,0.010417,1.69,0.0,2,0.666667,0,0.0
flight_number_time_bucket,IAD,PHX,UA,UA1620.0,PHX→IAD,late_morning,,2024-01-01,2024-12-31,13,13,0,0,0.0,1,0.076923,0,0.0,1.62,-3.0,16.0,7.54,0.0,7.8,1,0.076923,1,0.076923,1,0.076923,-0.46,0.0,0,0.0,0,0.0
flight_number_time_bucket,IAD,PHX,UA,UA1778.0,PHX→IAD,red_eye,,2024-01-01,2024-12-31,2,2,0,0,0.0,0,0.0,0,0.0,-10.5,-10.5,2.7,4.0,4.0,7.2,0,0.0,0,0.0,0,0.0,1.0,1.0,0,,0,
flight_number_time_bucket,IAD,PHX,UA,UA1993.0,PHX→IAD,afternoon,,2024-01-01,2024-12-31,23,23,0,0,0.0,0,0.0,0,0.0,-7.26,-11.0,5.8,3.26,0.0,0.0,2,0.086957,1,0.043478,0,0.0,0.09,0.0,0,0.0,0,
flight_number_time_bucket,IAD,PHX,UA,UA1993.0,PHX→IAD,night,,2024-01-01,2024-12-31,45,44,1,0,0.022222,2,0.045455,0,0.0,-6.2,-8.0,9.0,6.43,0.0,14.1,4,0.090909,3,0.068182,2,0.045455,1.07,0.0,0,0.0,0,0.0
flight_number_time_bucket,IAD,PHX,UA,UA2181.0,PHX→IAD,night,,2024-01-01,2024-12-31,52,49,3,1,0.057692,2,0.040816,1,0.020408,8.71,-7.0,26.6,23.08,0.0,39.9,13,0.265306,6,0.122449,2,0.040816,3.31,0.0,0,0.0,0,0.0
flight_number_time_bucket,IAD,PHX,UA,UA2218.0,PHX→IAD,night,,2024-01-01,2024-12-31,36,36,0,0,0.0,2,0.055556,0,0.0,-10.86,-21.5,19.5,6.28,0.0,4.5,3,0.083333,2,0.055556,2,0.055556,-1.0,0.0,0,0.0,0,0.0
flight_number_time_bucket,IAD,PHX,UA,UA2268.0,PHX→IAD,late_morning,,2024-01-01,2024-12-31,16,16,0,0,0.0,0,0.0,0,0.0,-5.12,-5.5,7.0,3.94,0.0,11.5,1,0.0625,1,0.0625,0,0.0,-0.12,0.0,0,0.0,0,
flight_number_time_bucket,IAD,PHX,UA,UA2303.0,PHX→IAD,early_morning,,2024-01-01,2024-12-31,238,238,0,1,0.0,9,0.037815,1,0.004202,-3.39,-11.0,24.0,7.59,0.0,17.4,26,0.109244,19,0.079832,11,0.046218,-0.56,0.0,0,0.0,0,0.0
flight_number_time_bucket,IAD,PHX,UA,UA2303.0,PHX→IAD,late_morning,,2024-01-01,2024-12-31,54,54,0,0,0.0,1,0.018519,0,0.0,-6.63,-8.0,12.7,3.13,0.0,2.0,2,0.037037,2,0.037037,1,0.018519,-0.91,0.0,1,0.5,0,0.0
flight_number_time_bucket,IAD,PHX,UA,UA2397.0,PHX→IAD,night,,2024-01-01,2024-12-31,35,34,1,0,0.028571,1,0.029412,0,0.0,-8.12,-10.0,9.7,9.71,1.5,28.1,8,0.235294,3,0.088235,1,0.029412,5.18,0.0,1,0.333333,0,0.0
flight_number_time_bucket,IAD,PHX,UA,UA2421.0,PHX→IAD,night,,2024-01-01,2024-12-31,28,28,0,0,0.0,1,0.035714,0,0.0,-9.11,-15.5,2.4,6.04,0.0,2.0,1,0.035714,1,0.035714,1,0.035714,-0.32,0.0,0,0.0,0,0.0
flight_number_time_bucket,IAD,PHX,UA,UA2700.0,PHX→IAD,night,,2024-01-01,2024-12-31,1,1,0,0,0.0,0,0.0,0,0.0,-6.0,-6.0,-6.0,8.0,8.0,8.0,0,0.0,0,0.0,0,0.0,8.0,8.0,0,,0,
flight_number_time_bucket,IAD,PHX,UA,UA755.0,PHX→IAD,afternoon,,2024-01-01,2024-12-31,129,129,0,0,0.0,7,0.054264,2,0.015504,6.47,-5.0,31.4,16.26,0.0,31.2,22,0.170543,13,0.100775,7,0.054264,2.02,0.0,0,0.0,0,0.0
flight_number_time_bucket,IAD,PHX,WN,WN1093.0,PHX→IAD,late_morning,,2024-01-01,2024-12-31,17,17,0,0,0.0,0,0.0,0,0.0,-6.59,-9.0,13.4,4.82,0.0,18.4,3,0.176471,0,0.0,0,0.0,1.53,0.0,0,0.0,0,
flight_number_time_bucket,IAD,PHX,WN,WN1457.0,PHX→IAD,afternoon,,2024-01-01,2024-12-31,1,1,0,0,0.0,0,0.0,0,0.0,3.0,3.0,3.0,9.0,9.0,9.0,0,0.0,0,0.0,0,0.0,6.0,6.0,0,,0,
flight_number_time_bucket,IAD,PHX,WN,WN1457.0,PHX→IAD,early_morning,,2024-01-01,2024-12-31,10,10,0,0,0.0,1,0.1,0,0.0,2.2,-5.5,13.1,11.2,1.5,16.0,1,0.1,1,0.1,1,0.1,1.8,1.0,0,0.0,0,0.0
flight_number_time_bucket,IAD,PHX,WN,WN1457.0,PHX→IAD,late_morning,,2024-01-01,2024-12-31,42,42,0,0,0.0,1,0.02381,0,0.0,4.29,-1.0,33.5,10.95,2.5,47.7,7,0.166667,6,0.142857,1,0.02381,2.17,0.0,0,0.0,0,0.0
flight_number_time_bucket,IAD,PHX,WN,WN1490.0,PHX→IAD,early_morning,,2024-01-01,2024-12-31,9,9,0,0,0.0,0,0.0,0,0.0,-17.44,-23.0,-1.0,2.67,1.0,7.2,0,0.0,0,0.0,0,0.0,2.67,1.0,0,,0,
flight_number_time_bucket,IAD,PHX,WN,WN1490.0,PHX→IAD,late_morning,,2024-01-01,2024-12-31,31,31,0,0,0.0,0,0.0,0,0.0,-1.39,-4.0,14.0,4.26,0.0,16.0,4,0.129032,1,0.032258,0,0.0,0.61,0.0,0,0.0,0,
flight_number_time_bucket,IAD,PHX,WN,WN1802.0,PHX→IAD,afternoon,,2024-01-01,2024-12-31,1,1,0,0,0.0,0,0.0,0,0.0,-14.0,-14.0,-14.0,0.0,0.0,0.0,0,0.0,0,0.0,0,0.0,0.0,0.0,0,,0,
flight_number_time_bucket,IAD,PHX,WN,WN1802.0,PHX→IAD,early_morning,,2024-01-01,2024-12-31,8,8,0,0,0.0,0,0.0,0,0.0,-7.0,-12.5,8.6,2.0,0.0,4.8,1,0.125,0,0.0,0,0.0,-1.88,0.0,0,,0,
flight_number_time_bucket,IAD,PHX,WN,WN1802.0,PHX→IAD,late_morning,,2024-01-01,2024-12-31,50,50,0,1,0.0,1,0.02,0,0.0,0.02,-3.0,16.0,7.92,2.0,23.4,7,0.14,2,0.04,1,0.02,1.47,0.0,0,0.0,0,0.0
flight_number_time_bucket,IAD,PHX,WN,WN2242.0,PHX→IAD,late_morning,,2024-01-01,2024-12-31,4,4,0,0,0.0,0,0.0,0,0.0,3.5,1.5,12.7,4.0,4.0,8.0,0,0.0,0,0.0,0,0.0,-1.25,0.0,0,,0,
flight_number_time_bucket,IAD,PHX,WN,WN2753.0,PHX→IAD,late_morning,,2024-01-01,2024-12-31,26,26,0,1,0.0,1,0.038462,0,0.0,2.84,-2.0,14.2,9.52,1.0,19.8,3,0.115385,2,0.076923,1,0.038462,0.96,0.0,0,0.0,0,0.0
flight_number_time_bucket,IAD,PHX,WN,WN3211.0,PHX→IAD,early_morning,,2024-01-01,2024-12-31,1,1,0,0,0.0,0,0.0,0,0.0,-11.0,-11.0,-11.0,4.0,4.0,4.0,0,0.0,0,0.0,0,0.0,4.0,4.0,0,,0,
flight_number_time_bucket,IAD,PHX,WN,WN3280.0,PHX→IAD,late_morning,,2024-01-01,2024-12-31,10,10,0,0,0.0,1,0.1,0,0.0,1.1,-7.0,21.4,8.4,0.0,14.5,1,0.1,1,0.1,1,0.1,-1.3,0.0,0,0.0,0,0.0
flight_number_time_bucket,IAD,PHX,WN,WN4291.0,PHX→IAD,afternoon,,2024-01-01,2024-12-31,4,4,0,0,0.0,0,0.0,0,0.0,-3.75,-1.0,5.4,8.0,7.5,14.3,1,0.25,0,0.0,0,0.0,5.5,7.5,0,,0,
flight_number_time_bucket,IAD,PHX,WN,WN4291.0,PHX→IAD,late_morning,,2024-01-01,2024-12-31,22,22,0,0,0.0,3,0.136364,0,0.0,12.45,-4.5,67.0,23.0,7.5,79.7,6,0.272727,4,0.181818,3,0.136364,3.82,5.0,0,0.0,0,0.0
flight_number_time_bucket,IAD,PHX,WN,WN4872.0,PHX→IAD,afternoon,,2024-01-01,2024-12-31,4,4,0,0,0.0,0,0.0,0,0.0,10.5,13.0,21.2,11.0,11.0,18.5,1,0.25,0,0.0,0,0.0,-1.25,0.0,0,,0,
flight_number_time_bucket,IAD,PHX,WN,WN581.0,PHX→IAD,late_morning,,2024-01-01,2024-12-31,9,9,0,1,0.0,0,0.0,0,0.0,1.88,-0.5,27.2,12.12,3.5,35.0,2,0.222222,1,0.111111,0,0.0,3.88,1.0,0,0.0,0,
flight_number_time_bucket,IAD,PHX,WN,WN697.0,PHX→IAD,early_morning,,2024-01-01,2024-12-31,1,1,0,0,0.0,0,0.0,0,0.0,-18.0,-18.0,-18.0,11.0,11.0,11.0,0,0.0,0,0.0,0,0.0,11.0,11.0,0,,0,
flight_number_time_bucket,IAD,PIT,UA,UA1274.0,PIT→IAD,late_morning,,2024-01-01,2024-12-31,5,5,0,0,0.0,0,0.0,0,0.0,-19.2,-20.0,-16.4,0.0,0.0,0.0,0,0.0,0,0.0,0,0.0,0.0,0.0,0,,0,
flight_number_time_bucket,IAD,PIT,UA,UA1783.0,PIT→IAD,late_morning,,2024-01-01,2024-12-31,23,23,0,0,0.0,1,0.043478,0,0.0,-9.35,-17.0,1.8,4.48,0.0,0.0,1,0.043478,1,0.043478,1,0.043478,0.48,0.0,0,0.0,0,0.0
flight_number_time_bucket,IAD,PIT,UA,UA2160.0,PIT→IAD,late_morning,,2024-01-01,2024-12-31,22,22,0,0,0.0,2,0.090909,1,0.045455,56.86,-1.5,11.8,58.18,0.0,4.6,2,0.090909,2,0.090909,1,0.045455,-2.18,0.0,0,0.0,0,0.0
flight_number_time_bucket,IAD,PIT,YX,YX3420.0,PIT→IAD,late_morning,,2024-01-01,2024-12-31,1,1,0,0,0.0,0,0.0,0,0.0,-22.0,-22.0,-22.0,0.0,0.0,0.0,0,0.0,0,0.0,0,0.0,0.0,0.0,0,,0,
flight_number_time_bucket,IAD,PIT,YX,YX3442.0,PIT→IAD,evening,,2024-01-01,2024-12-31,1,1,0,0,0.0,0,0.0,0,0.0,-8.0,-8.0,-8.0,0.0,0.0,0.0,0,0.0,0,0.0,0,0.0,0.0,0.0,0,,0,
flight_number_time_bucket,IAD,PIT,YX,YX3457.0,PIT→IAD,night,,2024-01-01,2024-12-31,13,13,0,0,0.0,0,0.0,0,0.0,4.69,3.0,38.8,11.38,0.0,49.6,3,0.230769,3,0.230769,0,0.0,0.69,0.0,0,0.0,0,
flight_number_time_bucket,IAD,PIT,YX,YX3481.0,PIT→IAD,early_morning,,2024-01-01,2024-12-31,37,37,0,0,0.0,0,0.0,0,0.0,-12.57,-17.0,2.4,0.59,0.0,0.0,0,0.0,0,0.0,0,0.0,-1.43,0.0,0,,0,
flight_number_time_bucket,IAD,PIT,YX,YX3488.0,PIT→IAD,late_morning,,2024-01-01,2024-12-31,1,1,0,0,0.0,0,0.0,0,0.0,-2.0,-2.0,-2.0,0.0,0.0,0.0,0,0.0,0,0.0,0,0.0,0.0,0.0,0,,0,
flight_number_time_bucket,IAD,PIT,YX,YX3578.0,PIT→IAD,late_morning,,2024-01-01,2024-12-31,24,24,0,0,0.0,0,0.0,0,0.0,-8.96,-11.0,8.2,1.12,0.0,0.0,1,0.041667,0,0.0,0,0.0,-0.46,0.0,0,,0,
flight_number_time_bucket,IAD,PIT,YX,YX3579.0,PIT→IAD,afternoon,,2024-01-01,2024-12-31,179,178,1,0,0.005587,2,0.011236,0,0.0,-3.24,-12.0,27.0,5.18,0.0,16.9,19,0.106742,11,0.061798,3,0.016854,-2.29,0.0,0,0.0,0,0.0
flight_number_time_bucket,IAD,PIT,YX,YX3586.0,PIT→IAD,early_morning,,2024-01-01,2024-12-31,21,21,0,0,0.0,0,0.0,0,0.0,-10.24,-10.0,1.0,0.71,0.0,0.0,0,0.0,0,0.0,0,0.0,-0.38,0.0,0,,0,
flight_number_time_bucket,IAD,PIT,YX,YX3588.0,PIT→IAD,evening,,2024-01-01,2024-12-31,20,20,0,0,0.0,0,0.0,0,0.0,-5.2,-15.0,22.6,6.9,0.0,27.1,4,0.2,1,0.05,0,0.0,-0.35,0.0,0,0.0,0,
flight_number_time_bucket,IAD,PIT,YX,YX3619.0,PIT→IAD,early_morning,,2024-01-01,2024-12-31,24,24,0,0,0.0,1,0.041667,1,0.041667,-3.75,-20.0,-1.1,13.75,0.0,0.0,1,0.041667,1,0.041667,1,0.041667,0.08,0.0,0,0.0,0,0.0
flight_number_time_bucket,IAD,PIT,YX,YX3634.0,PIT→IAD,early_morning,,2024-01-01,2024-12-31,53,53,0,0,0.0,1,0.018868,0,0.0,-8.74,-10.0,-1.4,1.75,0.0,0.0,1,0.018868,1,0.018868,1,0.018868,0.21,0.0,0,0.0,0,0.0
flight_number_time_bucket,IAD,PIT,YX,YX3671.0,PIT→IAD,early_morning,,2024-01-01,2024-12-31,7,7,0,0,0.0,0,0.0,0,0.0,-16.71,-18.0,-6.2,0.0,0.0,0.0,0,0.0,0,0.0,0,0.0,-0.14,0.0,0,,0,
flight_number_time_bucket,IAD,PIT,YX,YX3679.0,PIT→IAD,early_morning,,2024-01-01,2024-12-31,223,223,0,0,0.0,3,0.013453,2,0.008969,-2.09,-6.0,9.0,4.07,0.0,1.0,10,0.044843,5,0.022422,3,0.013453,-1.3,0.0,0,0.0,0,0.0
flight_number_time_bucket,IAD,PIT,YX,YX3685.0,PIT→IAD,late_morning,,2024-01-01,2024-12-31,1,1,0,0,0.0,0,0.0,0,0.0,-16.0,-16.0,-16.0,0.0,0.0,0.0,0,0.0,0,0.0,0,0.0,0.0,0.0,0,,0,
flight_number_time_bucket,IAD,PSP,UA,UA1652.0,PSP→IAD,afternoon,,2024-01-01,2024-12-31,13,13,0,0,0.0,0,0.0,0,0.0,-9.15,-6.0,12.0,7.54,0.0,30.2,2,0.153846,2,0.153846,0,0.0,2.85,0.0,1,0.5,0,
flight_number_time_bucket,IAD,PVD,YX,YX3587.0,PVD→IAD,evening,,2024-01-01,2024-12-31,69,68,1,0,0.014493,5,0.073529,0,0.0,-13.97,-24.5,11.6,8.81,0.0,13.5,7,0.102941,7,0.102941,5,0.073529,0.94,0.0,1,0.142857,0,0.0
flight_number_time_bucket,IAD,PVD,YX,YX3675.0,PVD→IAD,early_morning,,2024-01-01,2024-12-31,8,7,1,0,0.125,1,0.142857,0,0.0,7.43,-14.0,69.0,25.0,0.0,79.2,2,0.285714,2,0.285714,1,0.142857,3.0,0.0,0,0.0,0,0.0
flight_number_time_bucket,IAD,PWM,UA,UA1172.0,PWM→IAD,early_morning,,2024-01-01,2024-12-31,52,52,0,0,0.0,1,0.019231,0,0.0,-7.79,-11.5,3.9,3.6,0.0,4.8,4,0.076923,2,0.038462,1,0.019231,0.37,0.0,0,0.0,0,0.0
flight_number_time_bucket,IAD,PWM,UA,UA1668.0,PWM→IAD,early_morning,,2024-01-01,2024-12-31,13,13,0,0,0.0,0,0.0,0,0.0,-3.92,-3.0,10.0,4.0,0.0,14.0,2,0.153846,0,0.0,0,0.0,1.46,0.0,1,1.0,0,
flight_number_time_bucket,IAD,PWM,YX,YX3450.0,PWM→IAD,afternoon,,2024-01-01,2024-12-31,91,90,1,2,0.010989,4,0.044444,1,0.011111,11.15,-5.0,16.3,17.65,0.0,2.6,6,0.066667,5,0.055556,3,0.033333,-2.26,0.0,0,0.0,0,0.0
flight_number_time_bucket,IAD,PWM,YX,YX3470.0,PWM→IAD,afternoon,,2024-01-01,2024-12-31,37,37,0,0,0.0,2,0.054054,1,0.027027,2.05,-6.0,16.6,8.7,0.0,24.4,5,0.135135,3,0.081081,1,0.027027,-1.84,0.0,1,0.333333,0,0.0
flight_number_time_bucket,IAD,PWM,YX,YX3496.0,PWM→IAD,afternoon,,2024-01-01,2024-12-31,8,7,1,0,0.125,0,0.0,0,0.0,-0.57,-12.0,31.8,5.43,0.0,17.0,1,0.142857,0,0.0,0,0.0,-5.0,0.0,0,,0,
flight_number_time_bucket,IAD,PWM,YX,YX3516.0,PWM→IAD,early_morning,,2024-01-01,2024-12-31,34,31,3,0,0.088235,1,0.032258,0,0.0,-15.77,-23.0,-4.0,6.16,0.0,0.0,1,0.032258,1,0.032258,1,0.032258,0.23,0.0,0,0.0,0,0.0
flight_number_time_bucket,IAD,PWM,YX,YX3517.0,PWM→IAD,afternoon,,2024-01-01,2024-12-31,35,35,0,0,0.0,1,0.028571,0,0.0,-1.91,-8.0,17.8,5.77,0.0,3.0,3,0.085714,2,0.057143,1,0.028571,-2.4,0.0,0,0.0,0,0.0
flight_number_time_bucket,IAD,PWM,YX,YX3529.0,PWM→IAD,early_morning,,2024-01-01,2024-12-31,1,1,0,0,0.0,0,0.0,0,0.0,-9.0,-9.0,-9.0,0.0,0.0,0.0,0,0.0,0,0.0,0,0.0,0.0,0.0,0,,0,
flight_number_time_bucket,IAD,PWM,YX,YX3538.0,PWM→IAD,evening,,2024-01-01,2024-12-31,122,116,6,0,0.04918,5,0.043103,1,0.008621,-10.28,-20.0,31.0,9.03,0.0,38.0,18,0.155172,14,0.12069,5,0.043103,0.97,0.0,1,0.071429,0,0.0
flight_number_time_bucket,IAD,PWM,YX,YX3566.0,PWM→IAD,late_morning,,2024-01-01,2024-12-31,1,1,0,0,0.0,0,0.0,0,0.0,-6.0,-6.0,-6.0,7.0,7.0,7.0,0,0.0,0,0.0,0,0.0,7.0,7.0,0,,0,
flight_number_time_bucket,IAD,PWM,YX,YX3582.0,PWM→IAD,evening,,2024-01-01,2024-12-31,65,65,0,0,0.0,5,0.076923,0,0.0,-4.8,-21.0,37.8,14.51,0.0,58.6,16,0.246154,12,0.184615,7,0.107692,3.0,0.0,0,0.0,0,0.0
flight_number_time_bucket,IAD,PWM,YX,YX3619.0,PWM→IAD,evening,,2024-01-01,2024-12-31,18,18,0,0,0.0,0,0.0,0,0.0,-29.17,-32.0,-20.2,0.0,0.0,0.0,0,0.0,0,0.0,0,0.0,-0.56,0.0,0,,0,
flight_number_time_bucket,IAD,PWM,YX,YX3624.0,PWM→IAD,evening,,2024-01-01,2024-12-31,35,34,1,0,0.028571,1,0.029412,0,0.0,-12.65,-20.5,7.7,6.06,0.0,17.8,4,0.117647,2,0.058824,1,0.029412,1.21,0.0,0,0.0,0,0.0
flight_number_time_bucket,IAD,PWM,YX,YX3625.0,PWM→IAD,early_morning,,2024-01-01,2024-12-31,91,90,1,0,0.010989,2,0.022222,1,0.011111,-11.36,-16.5,0.3,4.88,0.0,0.0,4,0.044444,4,0.044444,2,0.022222,0.56,0.0,0,0.0,0,0.0
flight_number_time_bucket,IAD,PWM,YX,YX3643.0,PWM→IAD,early_morning,,2024-01-01,2024-12-31,8,6,2,0,0.25,0,0.0,0,0.0,-10.5,-15.5,5.0,0.0,0.0,0.0,0,0.0,0,0.0,0,0.0,-2.17,0.0,0,,0,
flight_number_time_bucket,IAD,PWM,YX,YX3679.0,PWM→IAD,late_morning,,2024-01-01,2024-12-31,14,14,0,0,0.0,0,0.0,0,0.0,-16.71,-19.0,-2.6,1.29,0.0,0.0,1,0.071429,0,0.0,0,0.0,1.0,0.0,0,,0,
flight_number_time_bucket,IAD,RDU,UA,UA1803.0,RDU→IAD,late_morning,,2024-01-01,2024-12-31,2,2,0,0,0.0,0,0.0,0,0.0,-15.0,-15.0,-15.0,0.0,0.0,0.0,0,0.0,0,0.0,0,0.0,0.0,0.0,0,,0,
flight_number_time_bucket,IAD,RDU,UA,UA1850.0,RDU→IAD,early_morning,,2024-01-01,2024-12-31,1,1,0,0,0.0,0,0.0,0,0.0,-26.0,-26.0,-26.0,0.0,0.0,0.0,0,0.0,0,0.0,0,0.0,0.0,0.0,0,,0,
flight_number_time_bucket,IAD,RDU,UA,UA1964.0,RDU→IAD,early_morning,,2024-01-01,2024-12-31,239,234,5,0,0.020921,6,0.025641,2,0.008547,-5.76,-12.0,6.7,5.9,0.0,7.7,14,0.059829,10,0.042735,6,0.025641,0.29,0.0,1,0.090909,0,0.0
flight_number_time_bucket,IAD,RDU,UA,UA2163.0,RDU→IAD,late_morning,,2024-01-01,2024-12-31,230,229,1,0,0.004348,5,0.021834,0,0.0,-9.83,-14.0,6.0,4.26,0.0,8.0,16,0.069869,8,0.034934,5,0.021834,0.48,0.0,0,0.0,0,0.0
flight_number_time_bucket,IAD,RDU,UA,UA2285.0,RDU→IAD,early_morning,,2024-01-01,2024-12-31,1,1,0,0,0.0,0,0.0,0,0.0,-19.0,-19.0,-19.0,0.0,0.0,0.0,0,0.0,0,0.0,0,0.0,0.0,0.0,0,,0,
flight_number_time_bucket,IAD,RDU,UA,UA2288.0,RDU→IAD,early_morning,,2024-01-01,2024-12-31,37,37,0,0,0.0,2,0.054054,1,0.027027,-2.32,-13.0,4.2,11.11,0.0,2.0,2,0.054054,2,0.054054,2,0.054054,0.22,0.0,0,0.0,0,0.0
flight_number_time_bucket,IAD,RDU,UA,UA2424.0,RDU→IAD,afternoon,,2024-01-01,2024-12-31,18,17,1,0,0.055556,0,0.0,0,0.0,0.59,2.0,17.0,0.59,0.0,0.0,0,0.0,0,0.0,0,0.0,-5.29,-2.0,0,,0,
flight_number_time_bucket,IAD,RDU,UA,UA2492.0,RDU→IAD,night,,2024-01-01,2024-12-31,21,21,0,0,0.0,0,0.0,0,0.0,-21.76,-22.0,-12.0,0.81,0.0,0.0,1,0.047619,0,0.0,0,0.0,0.81,0.0,0,,0,
flight_number_time_bucket,IAD,RDU,UA,UA329.0,RDU→IAD,late_morning,,2024-01-01,2024-12-31,1,1,0,0,0.0,0,0.0,0,0.0,-16.0,-16.0,-16.0,0.0,0.0,0.0,0,0.0,0,0.0,0,0.0,0.0,0.0,0,,0,
flight_number_time_bucket,IAD,RDU,UA,UA689.0,RDU→IAD,evening,,2024-01-01,2024-12-31,151,151,0,0,0.0,8,0.05298,4,0.02649,1.7,-12.0,24.0,14.6,0.0,25.0,20,0.13245,15,0.099338,9,0.059603,1.29,0.0,0,0.0,0,0.0
flight_number_time_bucket,IAD,RDU,UA,UA689.0,RDU→IAD,night,,2024-01-01,2024-12-31,18,18,0,0,0.0,1,0.055556,0,0.0,-10.83,-19.5,6.7,8.61,0.0,11.5,2,0.111111,2,0.111111,1,0.055556,1.28,0.0,0,0.0,0,0.0
flight_number_time_bucket,IAD,RDU,UA,UA717.0,RDU→IAD,afternoon,,2024-01-01,2024-12-31,36,36,0,0,0.0,2,0.055556,0,0.0,16.75,15.5,41.5,5.97,0.0,16.0,4,0.111111,2,0.055556,1,0.027778,-13.11,-9.5,0,0.0,0,0.0
flight_number_time_bucket,IAD,RDU,YX,YX3462.0,RDU→IAD,afternoon,,2024-01-01,2024-12-31,1,1,0,0,0.0,0,0.0,0,0.0,2.0,2.0,2.0,0.0,0.0,0.0,0,0.0,0,0.0,0,0.0,-2.0,-2.0,0,,0,
flight_number_time_bucket,IAD,RDU,YX,YX3493.0,RDU→IAD,afternoon,,2024-01-01,2024-12-31,5,5,0,0,0.0,1,0.2,1,0.2,45.0,-18.0,179.8,65.6,0.0,196.8,1,0.2,1,0.2,1,0.2,3.8,0.0,0,0.0,0,0.0
flight_number_time_bucket,IAD,RDU,YX,YX3594.0,RDU→IAD,evening,,2024-01-01,2024-12-31,5,5,0,0,0.0,1,0.2,1,0.2,63.6,-2.0,215.0,73.6,0.0,220.8,1,0.2,1,0.2,1,0.2,1.8,0.0,0,0.0,0,0.0
flight_number_time_bucket,IAD,RDU,YX,YX3597.0,RDU→IAD,evening,,2024-01-01,2024-12-31,9,9,0,0,0.0,0,0.0,0,0.0,-29.78,-30.0,-24.6,1.11,0.0,2.0,0,0.0,0,0.0,0,0.0,1.11,0.0,0,,0,
flight_number_time_bucket,IAD,RDU,YX,YX3633.0,RDU→IAD,late_morning,,2024-01-01,2024-12-31,5,5,0,0,0.0,0,0.0,0,0.0,-8.2,-16.0,12.0,7.6,0.0,22.8,1,0.2,1,0.2,0,0.0,1.6,0.0,0,0.0,0,
flight_number_time_bucket,IAD,RDU,YX,YX3653.0,RDU→IAD,afternoon,,2024-01-01,2024-12-31,24,24,0,0,0.0,2,0.083333,1,0.041667,15.25,-2.5,42.8,21.75,0.0,34.8,3,0.125,3,0.125,2,0.083333,-2.71,0.0,0,0.0,0,0.0
flight_number_time_bucket,IAD,RDU,YX,YX3665.0,RDU→IAD,early_morning,,2024-01-01,2024-12-31,1,1,0,0,0.0,0,0.0,0,0.0,8.0,8.0,8.0,8.0,8.0,8.0,0,0.0,0,0.0,0,0.0,0.0,0.0,0,,0,
flight_number_time_bucket,IAD,RDU,YX,YX3666.0,RDU→IAD,afternoon,,2024-01-01,2024-12-31,49,49,0,0,0.0,0,0.0,0,0.0,-13.37,-18.0,8.6,2.24,0.0,5.6,2,0.040816,2,0.040816,0,0.0,-0.67,0.0,0,0.0,0,
flight_number_time_bucket,IAD,ROC,UA,UA1412.0,ROC→IAD,early_morning,,2024-01-01,2024-12-31,13,13,0,0,0.0,1,0.076923,0,0.0,22.69,12.0,52.2,28.92,21.0,34.6,8,0.615385,3,0.230769,1,0.076923,4.62,3.0,2,0.666667,0,0.0
flight_number_time_bucket,IAD,ROC,YX,YX3478.0,ROC→IAD,early_morning,,2024-01-01,2024-12-31,7,7,0,0,0.0,0,0.0,0,0.0,4.57,-7.0,27.6,8.14,0.0,22.8,1,0.142857,1,0.142857,0,0.0,-1.43,0.0,0,0.0,0,
flight_number_time_bucket,IAD,ROC,YX,YX3493.0,ROC→IAD,evening,,2024-01-01,2024-12-31,35,35,0,0,0.0,1,0.028571,0,0.0,-9.2,-15.0,13.0,4.46,0.0,9.0,3,0.085714,1,0.028571,1,0.028571,-0.09,0.0,0,0.0,0,0.0
flight_number_time_bucket,IAD,ROC,YX,YX3510.0,ROC→IAD,early_morning,,2024-01-01,2024-12-31,31,31,0,0,0.0,2,0.064516,1,0.032258,2.87,-11.0,11.0,13.68,0.0,19.0,4,0.129032,2,0.064516,2,0.064516,-0.23,0.0,0,0.0,0,0.0
flight_number_time_bucket,IAD,ROC,YX,YX3577.0,ROC→IAD,late_morning,,2024-01-01,2024-12-31,8,8,0,0,0.0,0,0.0,0,0.0,-1.5,-4.0,12.1,2.62,0.0,8.0,0,0.0,0,0.0,0,0.0,-1.0,0.0,0,,0,
flight_number_time_bucket,IAD,ROC,YX,YX3611.0,ROC→IAD,afternoon,,2024-01-01,2024-12-31,5,5,0,0,0.0,0,0.0,0,0.0,-3.4,-11.0,13.2,2.6,2.0,6.0,0,0.0,0,0.0,0,0.0,-2.4,0.0,0,,0,
flight_number_time_bucket,IAD,ROC,YX,YX3611.0,ROC→IAD,evening,,2024-01-01,2024-12-31,18,18,0,0,0.0,0,0.0,0,0.0,-3.39,-6.0,12.8,6.39,0.0,18.9,2,0.111111,2,0.111111,0,0.0,1.06,0.0,0,0.0,0,
flight_number_time_bucket,IAD,ROC,YX,YX3650.0,ROC→IAD,late_morning,,2024-01-01,2024-12-31,22,22,0,0,0.0,1,0.045455,0,0.0,2.23,-5.5,23.9,5.27,0.0,3.6,1,0.045455,1,0.045455,1,0.045455,-6.18,0.0,0,0.0,0,0.0
flight_number_time_bucket,IAD,ROC,YX,YX3653.0,ROC→IAD,afternoon,,2024-01-01,2024-12-31,17,17,0,0,0.0,1,0.058824,0,0.0,1.65,-9.0,32.4,11.82,0.0,38.6,3,0.176471,2,0.117647,1,0.058824,0.24,0.0,0,0.0,0,0.0
flight_number_time_bucket,IAD,RSW,UA,UA1044.0,RSW→IAD,early_morning,,2024-01-01,2024-12-31,37,35,2,0,0.054054,0,0.0,0,0.0,-16.57,-19.0,-1.0,1.63,0.0,0.0,1,0.028571,1,0.028571,0,0.0,-0.09,0.0,0,0.0,0,
flight_number_time_bucket,IAD,RSW,UA,UA1244.0,RSW→IAD,evening,,2024-01-01,2024-12-31,32,32,0,0,0.0,1,0.03125,0,0.0,-11.0,-18.5,-4.0,6.72,0.0,0.0,2,0.0625,2,0.0625,1,0.03125,0.91,0.0,0,0.0,0,0.0
flight_number_time_bucket,IAD,RSW,UA,UA1349.0,RSW→IAD,afternoon,,2024-01-01,2024-12-31,85,85,0,1,0.0,2,0.023529,1,0.011765,1.11,-9.0,30.1,7.81,0.0,13.1,7,0.082353,4,0.047059,3,0.035294,-2.42,0.0,0,0.0,0,0.0
flight_number_time_bucket,IAD,RSW,UA,UA1546.0,RSW→IAD,evening,,2024-01-01,2024-12-31,16,16,0,0,0.0,2,0.125,0,0.0,-11.31,-20.5,28.5,9.75,0.0,34.5,2,0.125,2,0.125,2,0.125,0.31,0.0,0,0.0,0,0.0
flight_number_time_bucket,IAD,RSW,UA,UA1764.0,RSW→IAD,late_morning,,2024-01-01,2024-12-31,8,8,0,0,0.0,0,0.0,0,0.0,-14.62,-15.0,-5.4,0.88,0.0,3.3,0,0.0,0,0.0,0,0.0,0.88,0.0,0,,0,
flight_number_time_bucket,IAD,RSW,UA,UA2175.0,RSW→IAD,early_morning,,2024-01-01,2024-12-31,13,13,0,0,0.0,1,0.076923,1,0.076923,24.69,-18.0,3.8,46.0,0.0,11.2,1,0.076923,1,0.076923,1,0.076923,1.77,0.0,0,0.0,0,0.0
flight_number_time_bucket,IAD,RSW,UA,UA2344.0,RSW→IAD,afternoon,,2024-01-01,2024-12-31,21,21,0,0,0.0,2,0.095238,0,0.0,0.1,-10.0,18.0,7.19,0.0,14.0,2,0.095238,2,0.095238,1,0.047619,-2.05,0.0,0,0.0,0,0.0
flight_number_time_bucket,IAD,RSW,UA,UA2371.0,RSW→IAD,afternoon,,2024-01-01,2024-12-31,37,37,0,0,0.0,1,0.027027,0,0.0,-11.7,-14.0,-1.8,3.59,0.0,1.6,2,0.054054,1,0.027027,1,0.027027,0.84,0.0,0,0.0,0,0.0
flight_number_time_bucket,IAD,RSW,UA,UA2435.0,RSW→IAD,afternoon,,2024-01-01,2024-12-31,88,88,0,1,0.0,9,0.102273,3,0.034091,4.52,-14.0,49.6,14.68,0.0,14.2,9,0.102273,8,0.090909,8,0.090909,-2.09,0.0,0,0.0,0,0.0
flight_number_time_bucket,IAD,RSW,UA,UA2606.0,RSW→IAD,early_morning,,2024-01-01,2024-12-31,1,1,0,0,0.0,0,0.0,0,0.0,-10.0,-10.0,-10.0,0.0,0.0,0.0,0,0.0,0,0.0,0,0.0,0.0,0.0,0,,0,
flight_number_time_bucket,IAD,RSW,UA,UA326.0,RSW→IAD,afternoon,,2024-01-01,2024-12-31,37,33,4,0,0.108108,1,0.030303,1,0.030303,-1.58,-12.0,18.0,8.03,0.0,0.0,2,0.060606,1,0.030303,1,0.030303,-1.55,0.0,0,0.0,0,0.0
flight_number_time_bucket,IAD,RSW,UA,UA596.0,RSW→IAD,early_morning,,2024-01-01,2024-12-31,56,55,1,0,0.017857,1,0.018182,0,0.0,-8.91,-12.0,4.6,3.18,0.0,0.0,2,0.036364,2,0.036364,2,0.036364,-0.16,0.0,0,0.0,0,0.0
flight_number_time_bucket,IAD,RSW,UA,UA596.0,RSW→IAD,late_morning,,2024-01-01,2024-12-31,21,21,0,0,0.0,0,0.0,0,0.0,-14.67,-18.0,2.0,0.67,0.0,0.0,0,0.0,0,0.0,0,0.0,-0.33,0.0,0,,0,
flight_number_time_bucket,IAD,RSW,UA,UA688.0,RSW→IAD,afternoon,,2024-01-01,2024-12-31,98,94,4,0,0.040816,4,0.042553,1,0.010638,-5.26,-14.5,15.0,6.41,0.0,2.0,6,0.06383,6,0.06383,4,0.042553,-1.87,0.0,0,0.0,0,0.0
flight_number_time_bucket,IAD,SAN,AS,AS322.0,SAN→IAD,early_morning,,2024-01-01,2024-12-31,234,220,14,1,0.059829,11,0.05,0,0.0,4.5,-1.0,39.0,6.58,0.0,21.0,26,0.118182,14,0.063636,7,0.031818,-5.47,0.0,2,0.133333,0,0.0
flight_number_time_bucket,IAD,SAN,AS,AS322.0,SAN→IAD,late_morning,,2024-01-01,2024-12-31,130,130,0,1,0.0,7,0.053846,1,0.007692,10.83,-2.0,43.2,15.91,0.0,36.0,26,0.2,17,0.130769,8,0.061538,-3.6,0.0,1,0.058824,0,0.0
flight_number_time_bucket,IAD,SAN,UA,UA1738.0,SAN→IAD,afternoon,,2024-01-01,2024-12-31,31,31,0,0,0.0,3,0.096774,1,0.032258,8.84,-9.0,40.0,19.23,0.0,46.0,4,0.129032,4,0.129032,3,0.096774,0.1,0.0,0,0.0,0,0.0
flight_number_time_bucket,IAD,SAN,UA,UA1873.0,SAN→IAD,early_morning,,2024-01-01,2024-12-31,267,264,3,3,0.011236,15,0.056818,7,0.026515,9.86,-3.0,36.0,14.04,0.0,11.0,24,0.090909,20,0.075758,9,0.034091,-4.44,0.0,1,0.047619,0,0.0
flight_number_time_bucket,IAD,SAN,UA,UA2049.0,SAN→IAD,early_morning,,2024-01-01,2024-12-31,135,125,10,1,0.074074,3,0.024,0,0.0,-14.8,-17.5,-1.3,4.63,0.0,2.4,6,0.048,4,0.032,3,0.024,0.35,0.0,1,0.25,0,0.0
flight_number_time_bucket,IAD,SAN,UA,UA2081.0,SAN→IAD,early_morning,,2024-01-01,2024-12-31,53,53,0,1,0.0,4,0.075472,0,0.0,14.1,3.0,47.5,8.98,0.0,29.7,9,0.169811,5,0.09434,3,0.056604,-7.42,0.0,0,0.0,0,0.0
flight_number_time_bucket,IAD,SAN,UA,UA2129.0,SAN→IAD,night,,2024-01-01,2024-12-31,360,352,8,0,0.022222,12,0.034091,2,0.005682,-2.73,-12.0,19.0,10.19,0.0,20.0,41,0.116477,26,0.073864,12,0.034091,0.57,0.0,2,0.074074,0,0.0
flight_number_time_bucket,IAD,SAN,UA,UA2221.0,SAN→IAD,afternoon,,2024-01-01,2024-12-31,260,257,3,1,0.011538,10,0.038911,5,0.019455,2.11,-7.0,13.0,12.27,0.0,11.0,23,0.089494,15,0.058366,12,0.046693,-0.13,0.0,0,0.0,0,0.0
flight_number_time_bucket,IAD,SAN,UA,UA2221.0,SAN→IAD,early_morning,,2024-01-01,2024-12-31,9,9,0,0,0.0,0,0.0,0,0.0,-5.78,-2.0,5.0,3.11,0.0,6.6,1,0.111111,0,0.0,0,0.0,0.78,0.0,0,,0,
flight_number_time_bucket,IAD,SAN,UA,UA2421.0,SAN→IAD,early_morning,,2024-01-01,2024-12-31,37,37,0,0,0.0,1,0.027027,1,0.027027,-1.22,-11.0,14.2,11.11,0.0,18.8,4,0.108108,1,0.027027,1,0.027027,0.46,0.0,1,0.5,0,0.0
flight_number_time_bucket,IAD,SAN,UA,UA2615.0,SAN→IAD,afternoon,,2024-01-01,2024-12-31,65,65,0,0,0.0,1,0.015385,0,0.0,-3.31,-7.0,19.0,5.42,0.0,10.6,6,0.092308,4,0.061538,1,0.015385,-0.57,0.0,0,0.0,0,0.0
flight_number_time_bucket,IAD,SAN,UA,UA2710.0,SAN→IAD,afternoon,,2024-01-01,2024-12-31,9,9,0,0,0.0,0,0.0,0,0.0,-12.67,-19.0,3.0,0.67,0.0,1.2,0,0.0,0,0.0,0,0.0,-1.0,0.0,0,,0,
flight_number_time_bucket,IAD,SAT,UA,UA1347.0,SAT→IAD,early_morning,,2024-01-01,2024-12-31,366,365,1,0,0.002732,9,0.024658,2,0.005479,-7.36,-12.0,6.0,6.41,0.0,6.0,27,0.073973,19,0.052055,12,0.032877,0.72,0.0,1,0.052632,0,0.0
flight_number_time_bucket,IAD,SAT,UA,UA2250.0,SAT→IAD,afternoon,,2024-01-01,2024-12-31,270,257,13,0,0.048148,9,0.035019,2,0.007782,0.49,-7.0,17.0,9.93,0.0,18.4,31,0.120623,16,0.062257,11,0.042802,0.49,0.0,0,0.0,0,0.0
flight_number_time_bucket,IAD,SAT,UA,UA2250.0,SAT→IAD,late_morning,,2024-01-01,2024-12-31,23,23,0,1,0.0,0,0.0,0,0.0,-2.32,-8.0,17.1,3.86,0.0,17.5,3,0.130435,1,0.043478,0,0.0,-0.41,0.0,0,0.0,0,
flight_number_time_bucket,IAD,SAT,UA,UA392.0,SAT→IAD,evening,,2024-01-01,2024-12-31,1,1,0,0,0.0,0,0.0,0,0.0,-29.0,-29.0,-29.0,0.0,0.0,0.0,0,0.0,0,0.0,0,0.0,0.0,0.0,0,,0,
flight_number_time_bucket,IAD,SAV,UA,UA2703.0,SAV→IAD,afternoon,,2024-01-01,2024-12-31,6,6,0,0,0.0,0,0.0,0,0.0,-12.67,-13.0,-9.0,0.0,0.0,0.0,0,0.0,0,0.0,0,0.0,0.0,0.0,0,,0,
flight_number_time_bucket,IAD,SAV,YX,YX3490.0,SAV→IAD,late_morning,,2024-01-01,2024-12-31,23,23,0,0,0.0,2,0.086957,0,0.0,-1.7,-19.0,34.4,12.39,0.0,29.6,3,0.130435,3,0.130435,2,0.086957,-1.26,0.0,0,0.0,0,0.0
flight_number_time_bucket,IAD,SAV,YX,YX3493.0,SAV→IAD,afternoon,,2024-01-01,2024-12-31,2,2,0,0,0.0,0,0.0,0,0.0,-11.5,-11.5,-11.1,0.0,0.0,0.0,0,0.0,0,0.0,0,0.0,0.0,0.0,0,,0,
flight_number_time_bucket,IAD,SAV,YX,YX3514.0,SAV→IAD,late_morning,,2024-01-01,2024-12-31,20,20,0,0,0.0,0,0.0,0,0.0,-11.95,-12.0,0.2,0.0,0.0,0.0,0,0.0,0,0.0,0,0.0,-0.7,0.0,0,,0,
flight_number_time_bucket,IAD,SAV,YX,YX3558.0,SAV→IAD,late_morning,,2024-01-01,2024-12-31,6,6,0,0,0.0,0,0.0,0,0.0,-18.0,-18.0,-10.0,0.0,0.0,0.0,0,0.0,0,0.0,0,0.0,0.0,0.0,0,,0,
flight_number_time_bucket,IAD,SAV,YX,YX3669.0,SAV→IAD,late_morning,,2024-01-01,2024-12-31,1,1,0,0,0.0,0,0.0,0,0.0,4.0,4.0,4.0,0.0,0.0,0.0,0,0.0,0,0.0,0,0.0,-4.0,-4.0,0,,0,
flight_number_time_bucket,IAD,SAV,YX,YX3679.0,SAV→IAD,afternoon,,2024-01-01,2024-12-31,3,3,0,0,0.0,0,0.0,0,0.0,-20.67,-24.0,-13.6,0.0,0.0,0.0,0,0.0,0,0.0,0,0.0,0.0,0.0,0,,0,
flight_number_time_bucket,IAD,SAV,YX,YX3685.0,SAV→IAD,late_morning,,2024-01-01,2024-12-31,23,23,0,0,0.0,0,0.0,0,0.0,-6.61,-9.0,3.8,2.04,0.0,3.2,1,0.043478,1,0.043478,0,0.0,-0.57,0.0,0,0.0,0,
flight_number_time_bucket,IAD,SAV,YX,YX3714.0,SAV→IAD,late_morning,,2024-01-01,2024-12-31,1,1,0,0,0.0,0,0.0,0,0.0,-19.0,-19.0,-19.0,0.0,0.0,0.0,0,0.0,0,0.0,0,0.0,0.0,0.0,0,,0,
flight_number_time_bucket,IAD,SBN,YX,YX3467.0,SBN→IAD,late_morning,,2024-01-01,2024-12-31,15,15,0,0,0.0,3,0.2,2,0.133333,34.2,-9.0,155.6,43.4,0.0,153.6,4,0.266667,4,0.266667,3,0.2,0.73,0.0,0,0.0,0,0.0
flight_number_time_bucket,IAD,SBN,YX,YX3489.0,SBN→IAD,late_morning,,2024-01-01,2024-12-31,13,13,0,0,0.0,1,0.076923,1,0.076923,24.23,-1.0,36.8,30.46,1.0,36.4,4,0.307692,3,0.230769,1,0.076923,-1.15,0.0,1,0.333333,0,0.0
flight_number_time_bucket,IAD,SDF,UA,UA1742.0,SDF→IAD,afternoon,,2024-01-01,2024-12-31,3,3,0,0,0.0,0,0.0,0,0.0,-1.0,-6.0,7.6,4.67,0.0,11.2,0,0.0,0,0.0,0,0.0,1.0,0.0,0,,0,
flight_number_time_bucket,IAD,SDF,UA,UA2644.0,SDF→IAD,evening,,2024-01-01,2024-12-31,1,1,0,0,0.0,0,0.0,0,0.0,29.0,29.0,29.0,43.0,43.0,43.0,1,1.0,1,1.0,0,0.0,14.0,14.0,0,0.0,0,
flight_number_time_bucket,IAD,SDF,YX,YX3403.0,SDF→IAD,afternoon,,2024-01-01,2024-12-31,8,8,0,0,0.0,0,0.0,0,0.0,-11.5,-14.0,-1.6,0.0,0.0,0.0,0,0.0,0,0.0,0,0.0,-1.38,0.0,0,,0,
flight_number_time_bucket,IAD,SDF,YX,YX3543.0,SDF→IAD,late_morning,,2024-01-01,2024-12-31,300,300,0,0,0.0,5,0.016667,0,0.0,-7.47,-12.0,8.2,4.02,0.0,2.0,20,0.066667,14,0.046667,6,0.02,-0.06,0.0,0,0.0,0,0.0
flight_number_time_bucket,IAD,SDF,YX,YX3547.0,SDF→IAD,early_morning,,2024-01-01,2024-12-31,251,250,1,0,0.003984,6,0.024,1,0.004,-5.4,-9.0,4.1,4.14,0.0,0.0,10,0.04,8,0.032,6,0.024,-0.72,0.0,0,0.0,0,0.0
flight_number_time_bucket,IAD,SDF,YX,YX3630.0,SDF→IAD,early_morning,,2024-01-01,2024-12-31,1,1,0,0,0.0,0,0.0,0,0.0,-31.0,-31.0,-31.0,0.0,0.0,0.0,0,0.0,0,0.0,0,0.0,0.0,0.0,0,,0,
flight_number_time_bucket,IAD,SEA,AS,AS316.0,SEA→IAD,night,,2024-01-01,2024-12-31,22,22,0,0,0.0,0,0.0,0,0.0,-15.77,-21.5,0.6,1.64,0.0,6.5,1,0.045455,0,0.0,0,0.0,-0.09,0.0,0,,0,
flight_number_time_bucket,IAD,SEA,AS,AS338.0,SEA→IAD,early_morning,,2024-01-01,2024-12-31,88,88,0,0,0.0,3,0.034091,0,0.0,-7.43,-10.0,9.0,3.35,0.0,4.6,5,0.056818,3,0.034091,1,0.011364,-0.83,0.0,0,0.0,0,0.0
flight_number_time_bucket,IAD,SEA,AS,AS348.0,SEA→IAD,afternoon,,2024-01-01,2024-12-31,6,6,0,0,0.0,0,0.0,0,0.0,-1.67,0.5,2.5,6.0,5.5,12.5,1,0.166667,0,0.0,0,0.0,5.0,4.0,0,,0,
flight_number_time_bucket,IAD,SEA,AS,AS348.0,SEA→IAD,evening,,2024-01-01,2024-12-31,270,270,0,0,0.0,14,0.051852,0,0.0,5.09,0.0,29.4,10.13,0.0,34.5,57,0.211111,30,0.111111,14,0.051852,-0.47,0.0,1,0.032258,0,0.0
flight_number_time_bucket,IAD,SEA,AS,AS348.0,SEA→IAD,night,,2024-01-01,2024-12-31,23,23,0,1,0.0,0,0.0,0,0.0,2.09,0.5,32.3,16.36,7.0,41.8,10,0.434783,7,0.304348,0,0.0,5.86,0.0,2,0.25,0,
flight_number_time_bucket,IAD,SEA,AS,AS364.0,SEA→IAD,evening,,2024-01-01,2024-12-31,1,1,0,0,0.0,0,0.0,0,0.0,4.0,4.0,4.0,0.0,0.0,0.0,0,0.0,0,0.0,0,0.0,-4.0,-4.0,0,,0,
flight_number_time_bucket,IAD,SEA,AS,AS406.0,SEA→IAD,late_morning,,2024-01-01,2024-12-31,339,331,8,1,0.023599,12,0.036254,1,0.003021,5.06,1.0,30.1,11.91,3.0,29.0,76,0.229607,31,0.093656,12,0.036254,0.38,0.0,4,0.125,0,0.0
flight_number_time_bucket,IAD,SEA,AS,AS411.0,SEA→IAD,night,,2024-01-01,2024-12-31,1,1,0,0,0.0,0,0.0,0,0.0,-23.0,-23.0,-23.0,11.0,11.0,11.0,0,0.0,0,0.0,0,0.0,11.0,11.0,0,,0,
flight_number_time_bucket,IAD,SEA,AS,AS418.0,SEA→IAD,night,,2024-01-01,2024-12-31,28,28,0,0,0.0,0,0.0,0,0.0,-14.04,-22.0,16.9,12.68,2.0,50.6,6,0.214286,4,0.142857,2,0.071429,8.32,2.0,0,0.0,1,0.5
flight_number_time_bucket,IAD,SEA,AS,AS447.0,SEA→IAD,late_morning,,2024-01-01,2024-12-31,3,3,0,0,0.0,0,0.0,0,0.0,11.0,10.0,31.6,18.0,9.0,31.4,1,0.333333,1,0.333333,0,0.0,2.33,0.0,0,0.0,0,
flight_number_time_bucket,IAD,SEA,AS,AS544.0,SEA→IAD,night,,2024-01-01,2024-12-31,1,1,0,0,0.0,0,0.0,0,0.0,-12.0,-12.0,-12.0,7.0,7.0,7.0,0,0.0,0,0.0,0,0.0,7.0,7.0,0,,0,
flight_number_time_bucket,IAD,SEA,AS,AS582.0,SEA→IAD,night,,2024-01-01,2024-12-31,67,67,0,0,0.0,2,0.029851,0,0.0,7.91,2.0,32.6,12.27,3.0,34.0,15,0.223881,8,0.119403,2,0.029851,0.55,0.0,0,0.0,0,0.0
flight_number_time_bucket,IAD,SEA,DL,DL441.0,SEA→IAD,early_morning,,2024-01-01,2024-12-31,7,7,0,0,0.0,0,0.0,0,0.0,-5.86,-5.0,-0.2,0.43,0.0,1.2,0,0.0,0,0.0,0,0.0,-0.14,0.0,0,,0,
flight_number_time_bucket,IAD,SEA,DL,DL508.0,SEA→IAD,early_morning,,2024-01-01,2024-12-31,153,152,1,2,0.006536,9,0.059211,2,0.013158,-1.29,-10.0,25.6,11.89,0.0,20.1,17,0.111842,13,0.085526,11,0.072368,0.52,0.0,0,0.0,0,0.0
flight_number_time_bucket,IAD,SEA,DL,DL508.0,SEA→IAD,late_morning,,2024-01-01,2024-12-31,42,42,0,0,0.0,2,0.047619,0,0.0,-2.71,-15.5,38.6,10.83,0.0,26.9,7,0.166667,4,0.095238,2,0.047619,-1.0,0.0,0,0.0,0,0.0
flight_number_time_bucket,IAD,SEA,DL,DL508.0,SEA→IAD,night,,2024-01-01,2024-12-31,13,13,0,0,0.0,1,0.076923,0,0.0,0.92,-2.0,9.8,7.38,0.0,15.2,2,0.153846,1,0.076923,1,0.076923,-0.15,0.0,0,0.0,0,0.0
flight_number_time_bucket,IAD,SEA,DL,DL541.0,SEA→IAD,night,,2024-01-01,2024-12-31,163,163,0,0,0.0,9,0.055215,2,0.01227,5.13,-4.0,39.0,14.18,0.0,45.6,26,0.159509,22,0.134969,10,0.06135,0.41,0.0,3,0.136364,0,0.0
flight_number_time_bucket,IAD,SEA,DL,DL544.0,SEA→IAD,early_morning,,2024-01-01,2024-12-31,62,62,0,0,0.0,5,0.080645,1,0.016129,4.6,-7.0,40.4,14.48,0.0,38.8,11,0.177419,7,0.112903,3,0.048387,-0.68,0.0,0,0.0,0,0.0
flight_number_time_bucket,IAD,SEA,DL,DL719.0,SEA→IAD,night,,2024-01-01,2024-12-31,55,55,0,0,0.0,7,0.127273,1,0.018182,13.16,-6.0,62.6,24.73,2.0,76.6,19,0.345455,14,0.254545,9,0.163636,2.84,0.0,0,0.0,0,0.0
flight_number_time_bucket,IAD,SEA,DL,DL952.0,SEA→IAD,early_morning,,2024-01-01,2024-12-31,89,89,0,0,0.0,5,0.05618,2,0.022472,7.64,-7.0,37.2,18.6,0.0,46.6,20,0.224719,17,0.191011,6,0.067416,1.8,0.0,0,0.0,1,0.142857
flight_number_time_bucket,IAD,SEA,UA,UA1360.0,SEA→IAD,early_morning,,2024-01-01,2024-12-31,279,274,5,2,0.017921,9,0.032847,2,0.007299,-0.71,-5.0,15.0,8.26,0.0,12.0,23,0.083942,14,0.051095,11,0.040146,-0.71,0.0,2,0.133333,1,0.090909
flight_number_time_bucket,IAD,SEA,UA,UA1370.0,SEA→IAD,afternoon,,2024-01-01,2024-12-31,5,5,0,0,0.0,0,0.0,0,0.0,-9.6,-9.0,-5.2,0.0,0.0,0.0,0,0.0,0,0.0,0,0.0,0.0,0.0,0,,0,
flight_number_time_bucket,IAD,SEA,UA,UA1439.0,SEA→IAD,night,,2024-01-01,2024-12-31,53,50,3,1,0.056604,3,0.06,1,0.02,13.1,-8.0,30.2,26.37,4.0,44.4,12,0.24,9,0.18,3,0.06,3.92,2.0,0,0.0,0,0.0
flight_number_time_bucket,IAD,SEA,UA,UA1521.0,SEA→IAD,early_morning,,2024-01-01,2024-12-31,37,21,16,0,0.432432,1,0.047619,0,0.0,5.71,-1.0,23.0,4.67,0.0,2.0,1,0.047619,1,0.047619,1,0.047619,-5.19,0.0,0,0.0,0,0.0
flight_number_time_bucket,IAD,SEA,UA,UA1631.0,SEA→IAD,night,,2024-01-01,2024-12-31,88,83,5,0,0.056818,5,0.060241,1,0.012048,14.3,-2.0,27.6,26.67,6.0,35.8,29,0.349398,14,0.168675,4,0.048193,6.08,2.0,5,0.333333,0,0.0
flight_number_time_bucket,IAD,SEA,UA,UA1810.0,SEA→IAD,night,,2024-01-01,2024-12-31,13,13,0,0,0.0,0,0.0,0,0.0,-4.77,-7.0,-0.4,1.69,0.0,4.8,0,0.0,0,0.0,0,0.0,0.38,0.0,0,,0,
flight_number_time_bucket,IAD,SEA,UA,UA2019.0,SEA→IAD,night,,2024-01-01,2024-12-31,38,38,0,0,0.0,0,0.0,0,0.0,-7.63,-14.0,26.6,7.53,0.0,35.8,6,0.157895,5,0.131579,1,0.026316,2.05,0.0,0,0.0,0,0.0
flight_number_time_bucket,IAD,SEA,UA,UA2091.0,SEA→IAD,night,,2024-01-01,2024-12-31,1,1,0,0,0.0,0,0.0,0,0.0,-12.0,-12.0,-12.0,0.0,0.0,0.0,0,0.0,0,0.0,0,0.0,0.0,0.0,0,,0,
flight_number_time_bucket,IAD,SEA,UA,UA2275.0,SEA→IAD,afternoon,,2024-01-01,2024-12-31,206,204,2,0,0.009709,12,0.058824,1,0.004902,-3.53,-12.0,23.1,10.05,0.0,21.4,23,0.112745,17,0.083333,12,0.058824,0.98,0.0,1,0.058824,0,0.0
flight_number_time_bucket,IAD,SEA,UA,UA2603.0,SEA→IAD,night,,2024-01-01,2024-12-31,35,35,0,1,0.0,5,0.142857,0,0.0,4.38,-10.0,62.7,23.12,1.5,75.2,13,0.371429,8,0.228571,6,0.171429,6.62,1.0,0,0.0,0,0.0
flight_number_time_bucket,IAD,SEA,UA,UA2855.0,SEA→IAD,early_morning,,2024-01-01,2024-12-31,37,37,0,0,0.0,0,0.0,0,0.0,-2.89,-6.0,11.8,0.76,0.0,2.4,0,0.0,0,0.0,0,0.0,-2.89,0.0,0,,0,
flight_number_time_bucket,IAD,SEA,UA,UA352.0,SEA→IAD,afternoon,,2024-01-01,2024-12-31,21,21,0,0,0.0,1,0.047619,0,0.0,0.33,-2.0,17.0,5.81,0.0,6.0,1,0.047619,1,0.047619,1,0.047619,-1.43,0.0,0,0.0,0,0.0
flight_number_time_bucket,IAD,SFO,AS,AS434.0,SFO→IAD,afternoon,,2024-01-01,2024-12-31,83,83,0,0,0.0,4,0.048193,0,0.0,6.64,2.0,32.8,12.61,0.0,45.2,19,0.228916,11,0.13253,5,0.060241,0.93,0.0,0,0.0,0,0.0
flight_number_time_bucket,IAD,SFO,AS,AS434.0,SFO→IAD,early_morning,,2024-01-01,2024-12-31,207,204,3,0,0.014493,6,0.029412,0,0.0,-12.7,-17.0,5.0,3.99,0.0,3.7,10,0.04902,9,0.044118,6,0.029412,0.34,0.0,0,0.0,0,0.0
flight_number_time_bucket,IAD,SFO,AS,AS455.0,SFO→IAD,night,,2024-01-01,2024-12-31,131,131,0,0,0.0,12,0.091603,0,0.0,5.11,-7.0,57.0,15.18,0.0,42.0,38,0.290076,26,0.198473,9,0.068702,-0.19,0.0,0,0.0,0,0.0
flight_number_time_bucket,IAD,SFO,UA,UA1152.0,SFO→IAD,afternoon,,2024-01-01,2024-12-31,2,2,0,0,0.0,0,0.0,0,0.0,-13.0,-13.0,-11.4,2.0,2.0,3.6,0,0.0,0,0.0,0,0.0,2.0,2.0,0,,0,
flight_number_time_bucket,IAD,SFO,UA,UA1322.0,SFO→IAD,early_morning,,2024-01-01,2024-12-31,181,180,1,0,0.005525,9,0.05,1,0.005556,-1.58,-8.0,20.1,9.13,0.0,20.1,24,0.133333,15,0.083333,8,0.044444,0.17,0.0,0,0.0,0,0.0
flight_number_time_bucket,IAD,SFO,UA,UA1355.0,SFO→IAD,late_morning,,2024-01-01,2024-12-31,29,29,0,0,0.0,5,0.172414,1,0.034483,14.17,-7.0,107.8,31.69,4.0,125.0,7,0.241379,5,0.172414,5,0.172414,7.28,1.0,0,0.0,0,0.0
flight_number_time_bucket,IAD,SFO,UA,UA1449.0,SFO→IAD,late_morning,,2024-01-01,2024-12-31,74,74,0,0,0.0,7,0.094595,1,0.013514,2.72,-9.0,40.2,19.82,0.0,66.2,21,0.283784,14,0.189189,8,0.108108,5.8,0.0,4,0.285714,0,0.0
flight_number_time_bucket,IAD,SFO,UA,UA1513.0,SFO→IAD,night,,2024-01-01,2024-12-31,2,2,0,0,0.0,0,0.0,0,0.0,-2.0,-2.0,6.0,2.5,2.5,4.5,0,0.0,0,0.0,0,0.0,-1.5,-1.5,0,,0,
flight_number_time_bucket,IAD,SFO,UA,UA1521.0,SFO→IAD,early_morning,,2024-01-01,2024-12-31,1,1,0,0,0.0,0,0.0,0,0.0,5.0,5.0,5.0,32.0,32.0,32.0,1,1.0,1,1.0,0,0.0,27.0,27.0,1,1.0,0,
flight_number_time_bucket,IAD,SFO,UA,UA1585.0,SFO→IAD,early_morning,,2024-01-01,2024-12-31,38,37,1,1,0.026316,1,0.027027,1,0.027027,-1.83,-10.5,18.0,6.25,0.0,1.5,1,0.027027,1,0.027027,1,0.027027,-1.81,0.0,0,0.0,0,0.0
flight_number_time_bucket,IAD,SFO,UA,UA1678.0,SFO→IAD,early_morning,,2024-01-01,2024-12-31,31,31,0,0,0.0,0,0.0,0,0.0,-0.42,-1.0,21.0,6.9,2.0,12.0,3,0.096774,3,0.096774,1,0.032258,0.0,0.0,0,0.0,0,0.0
flight_number_time_bucket,IAD,SFO,UA,UA1678.0,SFO→IAD,late_morning,,2024-01-01,2024-12-31,21,21,0,0,0.0,1,0.047619,0,0.0,-6.33,-11.0,31.0,13.19,0.0,40.0,5,0.238095,5,0.238095,2,0.095238,5.62,0.0,2,0.4,0,0.0
flight_number_time_bucket,IAD,SFO,UA,UA1738.0,SFO→IAD,afternoon,,2024-01-01,2024-12-31,234,230,4,0,0.017094,23,0.1,9,0.03913,17.06,-3.0,56.6,26.72,0.5,62.6,59,0.256522,36,0.156522,24,0.104348,2.24,0.0,0,0.0,0,0.0
flight_number_time_bucket,IAD,SFO,UA,UA1813.0,SFO→IAD,evening,,2024-01-01,2024-12-31,10,10,0,0,0.0,0,0.0,0,0.0,-20.7,-20.0,-10.6,0.3,0.0,0.3,0,0.0,0,0.0,0,0.0,0.3,0.0,0,,0,
flight_number_time_bucket,IAD,SFO,UA,UA1849.0,SFO→IAD,afternoon,,2024-01-01,2024-12-31,37,37,0,0,0.0,1,0.027027,0,0.0,-0.95,-6.0,5.4,12.92,2.0,27.6,6,0.162162,4,0.108108,2,0.054054,6.08,0.0,2,0.5,0,0.0
flight_number_time_bucket,IAD,SFO,UA,UA1849.0,SFO→IAD,evening,,2024-01-01,2024-12-31,35,35,0,0,0.0,2,0.057143,0,0.0,-4.4,-16.0,38.6,16.03,0.0,55.2,9,0.257143,5,0.142857,3,0.085714,6.14,0.0,0,0.0,0,0.0
flight_number_time_bucket,IAD,SFO,UA,UA1849.0,SFO→IAD,night,,2024-01-01,2024-12-31,172,172,0,0,0.0,6,0.034884,0,0.0,-1.15,-5.0,26.9,11.24,0.0,36.6,31,0.180233,20,0.116279,9,0.052326,3.43,0.0,1,0.05,1,0.1
flight_number_time_bucket,IAD,SFO,UA,UA1871.0,SFO→IAD,afternoon,,2024-01-01,2024-12-31,16,16,0,0,0.0,1,0.0625,0,0.0,-0.44,-15.5,28.0,17.12,0.0,50.5,5,0.3125,4,0.25,1,0.0625,6.06,0.0,0,0.0,0,0.0
flight_number_time_bucket,IAD,SFO,UA,UA1893.0,SFO→IAD,afternoon,,2024-01-01,2024-12-31,59,59,0,1,0.0,1,0.016949,0,0.0,-10.98,-12.0,8.2,7.03,0.0,17.8,7,0.118644,5,0.084746,2,0.033898,2.31,0.0,0,0.0,0,0.0
flight_number_time_bucket,IAD,SFO,UA,UA1965.0,SFO→IAD,afternoon,,2024-01-01,2024-12-31,13,13,0,0,0.0,2,0.153846,0,0.0,4.92,-14.0,62.8,25.15,3.0,83.2,4,0.307692,3,0.230769,2,0.153846,6.15,1.0,0,0.0,0,0.0
flight_number_time_bucket,IAD,SFO,UA,UA205.0,SFO→IAD,night,,2024-01-01,2024-12-31,1,1,0,0,0.0,1,1.0,0,0.0,88.0,88.0,88.0,109.0,109.0,109.0,1,1.0,1,1.0,1,1.0,21.0,21.0,0,0.0,0,0.0
flight_number_time_bucket,IAD,SFO,UA,UA2110.0,SFO→IAD,night,,2024-01-01,2024-12-31,60,60,0,0,0.0,3,0.05,1,0.016667,-6.93,-20.0,26.0,11.9,0.0,40.0,9,0.15,8,0.133333,3,0.05,0.42,0.0,2,0.25,0,0.0
flight_number_time_bucket,IAD,SFO,UA,UA2117.0,SFO→IAD,night,,2024-01-01,2024-12-31,154,154,0,0,0.0,3,0.019481,0,0.0,-11.2,-14.0,11.1,7.79,0.0,28.1,23,0.149351,14,0.090909,7,0.045455,3.41,0.0,6,0.4,1,0.142857
flight_number_time_bucket,IAD,SFO,UA,UA2138.0,SFO→IAD,night,,2024-01-01,2024-12-31,21,21,0,0,0.0,4,0.190476,0,0.0,16.24,4.0,74.0,31.52,15.0,93.0,10,0.47619,8,0.380952,5,0.238095,8.29,6.0,0,0.0,0,0.0
flight_number_time_bucket,IAD,SFO,UA,UA2165.0,SFO→IAD,late_morning,,2024-01-01,2024-12-31,37,37,0,0,0.0,2,0.054054,1,0.027027,4.57,-8.0,33.8,20.22,4.0,53.0,9,0.243243,6,0.162162,4,0.108108,6.24,4.0,1,0.166667,0,0.0
flight_number_time_bucket,IAD,SFO,UA,UA2236.0,SFO→IAD,night,,2024-01-01,2024-12-31,1,1,0,0,0.0,0,0.0,0,0.0,-21.0,-21.0,-21.0,0.0,0.0,0.0,0,0.0,0,0.0,0,0.0,0.0,0.0,0,,0,
flight_number_time_bucket,IAD,SFO,UA,UA2243.0,SFO→IAD,early_morning,,2024-01-01,2024-12-31,8,8,0,0,0.0,0,0.0,0,0.0,10.5,13.5,23.6,7.75,7.0,16.0,1,0.125,0,0.0,0,0.0,-4.12,-4.0,0,,0,
flight_number_time_bucket,IAD,SFO,UA,UA2247.0,SFO→IAD,night,,2024-01-01,2024-12-31,158,158,0,0,0.0,11,0.06962,1,0.006329,5.66,-5.0,42.3,17.88,2.0,45.0,43,0.272152,24,0.151899,11,0.06962,4.06,0.0,3,0.115385,0,0.0
flight_number_time_bucket,IAD,SFO,UA,UA2268.0,SFO→IAD,early_morning,,2024-01-01,2024-12-31,37,37,0,1,0.0,2,0.054054,0,0.0,14.78,8.5,36.5,16.61,5.0,42.0,13,0.351351,7,0.189189,2,0.054054,-1.64,0.0,0,0.0,0,0.0
flight_number_time_bucket,IAD,SFO,UA,UA2305.0,SFO→IAD,evening,,2024-01-01,2024-12-31,36,36,0,0,0.0,1,0.027778,0,0.0,-10.22,-17.5,16.0,7.58,0.0,24.0,8,0.222222,3,0.083333,1,0.027778,1.97,0.0,1,0.333333,0,0.0
flight_number_time_bucket,IAD,SFO,UA,UA2355.0,SFO→IAD,afternoon,,2024-01-01,2024-12-31,24,24,0,0,0.0,2,0.083333,1,0.041667,15.12,-8.0,48.1,26.62,0.0,46.9,7,0.291667,5,0.208333,1,0.041667,2.46,0.0,1,0.2,0,0.0
flight_number_time_bucket,IAD,SFO,UA,UA2480.0,SFO→IAD,afternoon,,2024-01-01,2024-12-31,29,29,0,0,0.0,0,0.0,0,0.0,-4.0,-3.0,15.2,10.48,2.0,28.0,9,0.310345,3,0.103448,0,0.0,6.0,1.0,2,0.666667,0,
flight_number_time_bucket,IAD,SFO,UA,UA2497.0,SFO→IAD,early_morning,,2024-01-01,2024-12-31,53,52,1,1,0.018868,2,0.038462,0,0.0,-2.47,-10.0,34.0,8.88,0.0,16.0,6,0.115385,5,0.096154,2,0.038462,-0.61,0.0,0,0.0,0,0.0
flight_number_time_bucket,IAD,SFO,UA,UA2626.0,SFO→IAD,evening,,2024-01-01,2024-12-31,146,143,3,0,0.020548,16,0.111888,2,0.013986,8.33,-6.0,71.4,21.94,0.0,81.0,42,0.293706,30,0.20979,20,0.13986,4.33,0.0,5,0.16129,0,0.0
flight_number_time_bucket,IAD,SFO,UA,UA2667.0,SFO→IAD,afternoon,,2024-01-01,2024-12-31,45,45,0,0,0.0,5,0.111111,2,0.044444,14.87,1.0,67.6,26.58,2.0,83.6,13,0.288889,7,0.155556,5,0.111111,4.07,1.0,0,0.0,0,0.0
flight_number_time_bucket,IAD,SFO,UA,UA372.0,SFO→IAD,evening,,2024-01-01,2024-12-31,53,53,0,0,0.0,4,0.075472,1,0.018868,0.92,-8.0,46.6,18.51,5.0,68.2,15,0.283019,8,0.150943,6,0.113208,6.89,4.0,1,0.125,0,0.0
flight_number_time_bucket,IAD,SFO,UA,UA374.0,SFO→IAD,night,,2024-01-01,2024-12-31,49,49,0,0,0.0,2,0.040816,1,0.020408,-6.18,-15.0,20.4,14.24,0.0,36.6,10,0.204082,7,0.142857,2,0.040816,4.73,0.0,0,0.0,0,0.0
flight_number_time_bucket,IAD,SFO,UA,UA375.0,SFO→IAD,evening,,2024-01-01,2024-12-31,49,49,0,0,0.0,1,0.020408,1,0.020408,-1.04,-6.0,24.0,13.2,0.0,33.4,9,0.183673,7,0.142857,1,0.020408,4.49,0.0,2,0.285714,0,0.0
flight_number_time_bucket,IAD,SFO,UA,UA408.0,SFO→IAD,night,,2024-01-01,2024-12-31,1,1,0,0,0.0,1,1.0,0,0.0,98.0,98.0,98.0,103.0,103.0,103.0,1,1.0,1,1.0,1,1.0,5.0,5.0,0,0.0,0,0.0
flight_number_time_bucket,IAD,SFO,UA,UA487.0,SFO→IAD,afternoon,,2024-01-01,2024-12-31,21,21,0,0,0.0,2,0.095238,0,0.0,9.81,-1.0,23.0,15.0,1.0,47.0,4,0.190476,3,0.142857,2,0.095238,0.38,0.0,0,0.0,0,0.0
flight_number_time_bucket,IAD,SFO,UA,UA487.0,SFO→IAD,late_morning,,2024-01-01,2024-12-31,181,172,9,2,0.049724,7,0.040698,3,0.017442,0.95,-11.0,26.4,15.77,0.0,25.7,27,0.156977,17,0.098837,10,0.05814,1.59,0.0,1,0.058824,0,0.0
flight_number_time_bucket,IAD,SFO,UA,UA519.0,SFO→IAD,night,,2024-01-01,2024-12-31,8,8,0,0,0.0,1,0.125,0,0.0,27.5,15.5,69.4,28.25,9.0,70.2,3,0.375,3,0.375,1,0.125,0.25,-1.5,0,0.0,0,0.0
flight_number_time_bucket,IAD,SFO,UA,UA552.0,SFO→IAD,night,,2024-01-01,2024-12-31,1,1,0,0,0.0,0,0.0,0,0.0,-33.0,-33.0,-33.0,0.0,0.0,0.0,0,0.0,0,0.0,0,0.0,0.0,0.0,0,,0,
flight_number_time_bucket,IAD,SFO,UA,UA556.0,SFO→IAD,night,,2024-01-01,2024-12-31,35,34,1,0,0.028571,3,0.088235,0,0.0,7.09,1.5,36.0,15.44,2.5,45.6,8,0.235294,6,0.176471,3,0.088235,1.26,0.0,0,0.0,0,0.0
flight_number_time_bucket,IAD,SFO,UA,UA670.0,SFO→IAD,night,,2024-01-01,2024-12-31,1,1,0,0,0.0,0,0.0,0,0.0,-18.0,-18.0,-18.0,5.0,5.0,5.0,0,0.0,0,0.0,0,0.0,5.0,5.0,0,,0,
flight_number_time_bucket,IAD,SFO,UA,UA717.0,SFO→IAD,early_morning,,2024-01-01,2024-12-31,135,134,1,0,0.007407,6,0.044776,3,0.022388,4.17,-5.5,23.7,14.24,0.0,22.2,16,0.119403,11,0.08209,5,0.037313,0.86,0.0,0,0.0,0,0.0
flight_number_time_bucket,IAD,SFO,UA,UA722.0,SFO→IAD,night,,2024-01-01,2024-12-31,36,22,14,0,0.388889,1,0.045455,0,0.0,10.82,5.5,46.0,18.59,0.0,65.7,6,0.272727,4,0.181818,3,0.136364,1.95,0.0,1,0.25,0,0.0
flight_number_time_bucket,IAD,SFO,UA,UA780.0,SFO→IAD,night,,2024-01-01,2024-12-31,1,1,0,0,0.0,0,0.0,0,0.0,-4.0,-4.0,-4.0,3.0,3.0,3.0,0,0.0,0,0.0,0,0.0,3.0,3.0,0,,0,
flight_number_time_bucket,IAD,SJU,UA,UA2022.0,SJU→IAD,early_morning,,2024-01-01,2024-12-31,115,113,2,0,0.017391,3,0.026549,3,0.026549,5.83,-11.0,7.0,16.71,0.0,3.0,6,0.053097,5,0.044248,3,0.026549,-0.72,0.0,0,0.0,0,0.0
flight_number_time_bucket,IAD,SJU,UA,UA2024.0,SJU→IAD,evening,,2024-01-01,2024-12-31,305,302,3,2,0.009836,19,0.062914,2,0.006623,6.58,-4.0,39.0,13.85,0.0,42.1,57,0.188742,41,0.135762,20,0.066225,-0.51,0.0,1,0.02439,0,0.0
flight_number_time_bucket,IAD,SLC,DL,DL563.0,SLC→IAD,evening,,2024-01-01,2024-12-31,28,28,0,0,0.0,0,0.0,0,0.0,-8.0,-14.0,14.4,1.39,0.0,0.0,1,0.035714,1,0.035714,0,0.0,-1.96,0.0,0,0.0,0,
flight_number_time_bucket,IAD,SLC,DL,DL665.0,SLC→IAD,evening,,2024-01-01,2024-12-31,31,31,0,0,0.0,5,0.16129,0,0.0,12.03,-10.0,100.0,25.9,0.0,96.0,8,0.258065,7,0.225806,5,0.16129,3.74,0.0,0,0.0,0,0.0
flight_number_time_bucket,IAD,SLC,DL,DL784.0,SLC→IAD,evening,,2024-01-01,2024-12-31,6,6,0,0,0.0,0,0.0,0,0.0,2.5,1.5,17.0,4.5,0.0,13.5,1,0.166667,0,0.0,0,0.0,-1.67,0.0,0,,0,
flight_number_time_bucket,IAD,SLC,DL,DL784.0,SLC→IAD,late_morning,,2024-01-01,2024-12-31,1,1,0,0,0.0,0,0.0,0,0.0,34.0,34.0,34.0,11.0,11.0,11.0,0,0.0,0,0.0,0,0.0,-23.0,-23.0,0,,0,
flight_number_time_bucket,IAD,SLC,DL,DL847.0,SLC→IAD,evening,,2024-01-01,2024-12-31,207,205,2,1,0.009662,15,0.073171,1,0.004878,2.83,-10.0,39.7,14.03,0.0,35.8,37,0.180488,24,0.117073,17,0.082927,0.58,0.0,3,0.12,0,0.0
flight_number_time_bucket,IAD,SLC,DL,DL847.0,SLC→IAD,late_morning,,2024-01-01,2024-12-31,1,1,0,0,0.0,0,0.0,0,0.0,-27.0,-27.0,-27.0,0.0,0.0,0.0,0,0.0,0,0.0,0,0.0,0.0,0.0,0,,0,
flight_number_time_bucket,IAD,SLC,DL,DL884.0,SLC→IAD,evening,,2024-01-01,2024-12-31,62,62,0,0,0.0,2,0.032258,0,0.0,0.55,-3.0,14.9,9.32,0.0,27.0,13,0.209677,5,0.080645,1,0.016129,0.73,0.0,2,0.333333,0,0.0
flight_number_time_bucket,IAD,SLC,DL,DL988.0,SLC→IAD,evening,,2024-01-01,2024-12-31,30,30,0,0,0.0,4,0.133333,0,0.0,11.43,-0.5,65.8,14.5,0.0,57.0,8,0.266667,5,0.166667,3,0.1,-0.73,0.0,0,0.0,0,0.0
flight_number_time_bucket,IAD,SLC,UA,UA426.0,SLC→IAD,night,,2024-01-01,2024-12-31,2,2,0,0,0.0,0,0.0,0,0.0,-22.0,-22.0,-18.0,0.0,0.0,0.0,0,0.0,0,0.0,0,0.0,0.0,0.0,0,,0,
flight_number_time_bucket,IAD,SLC,UA,UA661.0,SLC→IAD,night,,2024-01-01,2024-12-31,11,11,0,0,0.0,2,0.181818,0,0.0,13.18,-9.0,102.0,26.64,0.0,117.0,3,0.272727,3,0.272727,2,0.181818,2.27,0.0,0,0.0,0,0.0
flight_number_time_bucket,IAD,SMF,UA,UA1050.0,SMF→IAD,night,,2024-01-01,2024-12-31,32,32,0,1,0.0,1,0.03125,1,0.03125,11.81,-12.0,20.0,29.87,0.0,41.0,6,0.1875,5,0.15625,1,0.03125,5.32,0.0,1,0.2,0,0.0
flight_number_time_bucket,IAD,SMF,UA,UA1322.0,SMF→IAD,early_morning,,2024-01-01,2024-12-31,4,4,0,1,0.0,0,0.0,0,0.0,9.0,8.0,23.2,0.0,0.0,0.0,0,0.0,0,0.0,0,0.0,-11.67,-8.0,0,,0,
flight_number_time_bucket,IAD,SMF,UA,UA1414.0,SMF→IAD,night,,2024-01-01,2024-12-31,1,1,0,0,0.0,0,0.0,0,0.0,-9.0,-9.0,-9.0,0.0,0.0,0.0,0,0.0,0,0.0,0,0.0,0.0,0.0,0,,0,
flight_number_time_bucket,IAD,SMF,UA,UA1521.0,SMF→IAD,early_morning,,2024-01-01,2024-12-31,21,21,0,0,0.0,2,0.095238,0,0.0,5.81,-7.0,12.0,12.86,0.0,3.0,2,0.095238,2,0.095238,2,0.095238,-0.52,0.0,0,0.0,0,0.0
flight_number_time_bucket,IAD,SMF,UA,UA1848.0,SMF→IAD,night,,2024-01-01,2024-12-31,1,1,0,0,0.0,0,0.0,0,0.0,-21.0,-21.0,-21.0,0.0,0.0,0.0,0,0.0,0,0.0,0,0.0,0.0,0.0,0,,0,
flight_number_time_bucket,IAD,SMF,UA,UA2132.0,SMF→IAD,night,,2024-01-01,2024-12-31,53,50,3,0,0.056604,2,0.04,1,0.02,14.08,-11.5,28.7,29.12,0.0,37.3,10,0.2,7,0.14,4,0.08,3.72,0.0,0,0.0,0,0.0
flight_number_time_bucket,IAD,SMF,UA,UA2497.0,SMF→IAD,early_morning,,2024-01-01,2024-12-31,16,16,0,0,0.0,0,0.0,0,0.0,0.19,-1.5,22.5,3.88,0.0,16.0,2,0.125,0,0.0,0,0.0,-2.75,0.0,0,,0,
flight_number_time_bucket,IAD,SMF,UA,UA2624.0,SMF→IAD,night,,2024-01-01,2024-12-31,24,24,0,0,0.0,0,0.0,0,0.0,-7.62,-8.0,1.7,2.33,0.0,3.4,1,0.041667,1,0.041667,0,0.0,0.5,0.0,0,0.0,0,
flight_number_time_bucket,IAD,SMF,UA,UA393.0,SMF→IAD,early_morning,,2024-01-01,2024-12-31,106,106,0,0,0.0,2,0.018868,1,0.009434,-8.48,-10.0,5.0,4.06,0.0,4.5,3,0.028302,3,0.028302,2,0.018868,0.07,0.0,0,0.0,0,0.0
flight_number_time_bucket,IAD,SMF,UA,UA410.0,SMF→IAD,early_morning,,2024-01-01,2024-12-31,35,33,2,0,0.057143,0,0.0,0,0.0,-15.7,-17.0,-4.6,1.48,0.0,3.6,1,0.030303,0,0.0,0,0.0,0.18,0.0,0,,0,
flight_number_time_bucket,IAD,SMF,UA,UA561.0,SMF→IAD,night,,2024-01-01,2024-12-31,13,13,0,0,0.0,1,0.076923,0,0.0,-5.08,-16.0,10.6,13.62,0.0,14.8,1,0.076923,1,0.076923,1,0.076923,3.31,0.0,0,0.0,0,0.0
flight_number_time_bucket,IAD,SRQ,G4,G41351.0,SRQ→IAD,early_morning,,2024-01-01,2024-12-31,20,20,0,0,0.0,0,0.0,0,0.0,-12.0,-13.0,-4.8,1.3,0.0,0.5,1,0.05,0,0.0,0,0.0,-0.2,0.0,0,,0,
flight_number_time_bucket,IAD,SRQ,G4,G41353.0,SRQ→IAD,afternoon,,2024-01-01,2024-12-31,1,1,0,0,0.0,0,0.0,0,0.0,-6.0,-6.0,-6.0,0.0,0.0,0.0,0,0.0,0,0.0,0,0.0,0.0,0.0,0,,0,
flight_number_time_bucket,IAD,SRQ,G4,G41354.0,SRQ→IAD,early_morning,,2024-01-01,2024-12-31,12,10,2,0,0.166667,1,0.1,0,0.0,-6.0,-17.5,0.5,9.8,0.0,9.8,1,0.1,1,0.1,1,0.1,0.3,0.0,0,0.0,0,0.0
flight_number_time_bucket,IAD,SRQ,G4,G41357.0,SRQ→IAD,afternoon,,2024-01-01,2024-12-31,1,1,0,0,0.0,0,0.0,0,0.0,-18.0,-18.0,-18.0,0.0,0.0,0.0,0,0.0,0,0.0,0,0.0,0.0,0.0,0,,0,
flight_number_time_bucket,IAD,SRQ,G4,G41362.0,SRQ→IAD,evening,,2024-01-01,2024-12-31,2,2,0,0,0.0,1,0.5,1,0.5,164.0,164.0,301.6,168.5,168.5,303.3,1,0.5,1,0.5,1,0.5,0.5,0.5,0,0.0,0,0.0
flight_number_time_bucket,IAD,SRQ,G4,G41375.0,SRQ→IAD,early_morning,,2024-01-01,2024-12-31,2,1,1,0,0.5,0,0.0,0,0.0,-20.0,-20.0,-20.0,0.0,0.0,0.0,0,0.0,0,0.0,0,0.0,0.0,0.0,0,,0,
flight_number_time_bucket,IAD,SRQ,G4,G41375.0,SRQ→IAD,evening,,2024-01-01,2024-12-31,6,6,0,0,0.0,1,0.166667,1,0.166667,25.83,2.0,103.0,30.67,0.0,92.0,1,0.166667,1,0.166667,1,0.166667,-4.83,-2.0,0,0.0,0,0.0
flight_number_time_bucket,IAD,SRQ,G4,G41383.0,SRQ→IAD,afternoon,,2024-01-01,2024-12-31,2,2,0,0,0.0,0,0.0,0,0.0,-8.5,-8.5,-5.7,0.0,0.0,0.0,0,0.0,0,0.0,0,0.0,0.0,0.0,0,,0,
flight_number_time_bucket,IAD,SRQ,G4,G41387.0,SRQ→IAD,evening,,2024-01-01,2024-12-31,4,4,0,0,0.0,0,0.0,0,0.0,-13.25,-18.5,2.6,0.0,0.0,0.0,0,0.0,0,0.0,0,0.0,-2.75,0.0,0,,0,
flight_number_time_bucket,IAD,SRQ,G4,G41390.0,SRQ→IAD,afternoon,,2024-01-01,2024-12-31,4,4,0,0,0.0,1,0.25,0,0.0,25.75,-8.0,101.3,27.0,0.0,75.6,1,0.25,1,0.25,1,0.25,-9.5,0.0,0,0.0,0,0.0
flight_number_time_bucket,IAD,SRQ,G4,G41391.0,SRQ→IAD,evening,,2024-01-01,2024-12-31,2,2,0,0,0.0,0,0.0,0,0.0,-29.0,-29.0,-25.8,0.0,0.0,0.0,0,0.0,0,0.0,0,0.0,0.0,0.0,0,,0,
flight_number_time_bucket,IAD,SRQ,G4,G41946.0,SRQ→IAD,evening,,2024-01-01,2024-12-31,1,1,0,0,0.0,0,0.0,0,0.0,-24.0,-24.0,-24.0,0.0,0.0,0.0,0,0.0,0,0.0,0,0.0,0.0,0.0,0,,0,
flight_number_time_bucket,IAD,SRQ,G4,G42989.0,SRQ→IAD,early_morning,,2024-01-01,2024-12-31,1,1,0,0,0.0,0,0.0,0,0.0,-12.0,-12.0,-12.0,0.0,0.0,0.0,0,0.0,0,0.0,0,0.0,0.0,0.0,0,,0,
flight_number_time_bucket,IAD,SRQ,G4,G42995.0,SRQ→IAD,afternoon,,2024-01-01,2024-12-31,4,4,0,0,0.0,0,0.0,0,0.0,-17.25,-16.0,-10.8,0.0,0.0,0.0,0,0.0,0,0.0,0,0.0,0.0,0.0,0,,0,
flight_number_time_bucket,IAD,SRQ,G4,G42997.0,SRQ→IAD,afternoon,,2024-01-01,2024-12-31,2,2,0,0,0.0,0,0.0,0,0.0,19.5,19.5,35.9,12.5,12.5,22.5,1,0.5,0,0.0,0,0.0,-7.5,-7.5,0,,0,
flight_number_time_bucket,IAD,SRQ,G4,G42998.0,SRQ→IAD,early_morning,,2024-01-01,2024-12-31,6,6,0,0,0.0,0,0.0,0,0.0,-19.0,-18.0,-14.0,0.0,0.0,0.0,0,0.0,0,0.0,0,0.0,0.0,0.0,0,,0,
flight_number_time_bucket,IAD,SRQ,G4,G43001.0,SRQ→IAD,early_morning,,2024-01-01,2024-12-31,1,1,0,0,0.0,0,0.0,0,0.0,-12.0,-12.0,-12.0,0.0,0.0,0.0,0,0.0,0,0.0,0,0.0,0.0,0.0,0,,0,
flight_number_time_bucket,IAD,SRQ,G4,G43005.0,SRQ→IAD,early_morning,,2024-01-01,2024-12-31,1,1,0,0,0.0,0,0.0,0,0.0,-26.0,-26.0,-26.0,0.0,0.0,0.0,0,0.0,0,0.0,0,0.0,0.0,0.0,0,,0,
flight_number_time_bucket,IAD,SRQ,G4,G43010.0,SRQ→IAD,early_morning,,2024-01-01,2024-12-31,10,10,0,0,0.0,0,0.0,0,0.0,-3.9,-7.0,8.6,0.0,0.0,0.0,0,0.0,0,0.0,0,0.0,-2.2,0.0,0,,0,
flight_number_time_bucket,IAD,SRQ,G4,G43011.0,SRQ→IAD,afternoon,,2024-01-01,2024-12-31,4,4,0,0,0.0,1,0.25,0,0.0,24.75,2.0,77.1,24.25,6.5,62.7,1,0.25,1,0.25,1,0.25,-5.0,0.0,0,0.0,0,0.0
flight_number_time_bucket,IAD,SRQ,G4,G43012.0,SRQ→IAD,early_morning,,2024-01-01,2024-12-31,4,4,0,0,0.0,0,0.0,0,0.0,-3.75,-11.0,17.0,8.25,0.0,23.1,1,0.25,1,0.25,0,0.0,1.75,0.0,0,0.0,0,
flight_number_time_bucket,IAD,SRQ,G4,G43015.0,SRQ→IAD,afternoon,,2024-01-01,2024-12-31,1,1,0,0,0.0,0,0.0,0,0.0,3.0,3.0,3.0,0.0,0.0,0.0,0,0.0,0,0.0,0,0.0,-3.0,-3.0,0,,0,
flight_number_time_bucket,IAD,SRQ,G4,G43019.0,SRQ→IAD,early_morning,,2024-01-01,2024-12-31,3,3,0,0,0.0,0,0.0,0,0.0,-23.67,-19.0,-18.2,0.0,0.0,0.0,0,0.0,0,0.0,0,0.0,0.0,0.0,0,,0,
flight_number_time_bucket,IAD,SRQ,UA,UA1992.0,SRQ→IAD,afternoon,,2024-01-01,2024-12-31,24,22,2,0,0.083333,2,0.090909,0,0.0,5.55,-4.5,49.0,15.05,0.0,59.5,6,0.272727,5,0.227273,3,0.136364,2.09,0.0,1,0.2,0,0.0
flight_number_time_bucket,IAD,SRQ,UA,UA2497.0,SRQ→IAD,afternoon,,2024-01-01,2024-12-31,61,60,1,1,0.016393,4,0.066667,1,0.016667,23.76,-6.0,43.6,28.86,0.0,31.6,9,0.15,7,0.116667,4,0.066667,-1.78,0.0,0,0.0,0,0.0
flight_number_time_bucket,IAD,SRQ,UA,UA688.0,SRQ→IAD,afternoon,,2024-01-01,2024-12-31,58,57,1,0,0.017241,2,0.035088,0,0.0,-2.26,-4.0,11.4,5.37,0.0,11.0,4,0.070175,3,0.052632,2,0.035088,-0.07,0.0,0,0.0,0,0.0
flight_number_time_bucket,IAD,STT,UA,UA1329.0,STT→IAD,afternoon,,2024-01-01,2024-12-31,13,13,0,1,0.0,0,0.0,0,0.0,-9.33,-16.5,15.7,7.0,0.0,22.5,2,0.153846,1,0.076923,0,0.0,1.42,0.0,0,0.0,0,
flight_number_time_bucket,IAD,STT,UA,UA1445.0,STT→IAD,afternoon,,2024-01-01,2024-12-31,156,155,1,0,0.00641,7,0.045161,0,0.0,-0.37,-4.0,18.0,7.55,0.0,25.6,23,0.148387,14,0.090323,4,0.025806,-0.81,0.0,1,0.071429,0,0.0
flight_number_time_bucket,IAD,STT,UA,UA1445.0,STT→IAD,evening,,2024-01-01,2024-12-31,151,149,2,2,0.013245,9,0.060403,3,0.020134,9.18,-3.0,54.4,16.74,0.0,46.2,35,0.234899,25,0.167785,13,0.087248,-0.73,0.0,1,0.038462,0,0.0
flight_number_time_bucket,IAD,SYR,UA,UA1412.0,SYR→IAD,early_morning,,2024-01-01,2024-12-31,23,23,0,0,0.0,2,0.086957,1,0.043478,2.22,-12.0,14.6,13.3,0.0,17.6,3,0.130435,2,0.086957,2,0.086957,-0.83,0.0,0,0.0,0,0.0
flight_number_time_bucket,IAD,SYR,UA,UA362.0,SYR→IAD,early_morning,,2024-01-01,2024-12-31,1,1,0,0,0.0,0,0.0,0,0.0,39.0,39.0,39.0,0.0,0.0,0.0,0,0.0,0,0.0,0,0.0,-39.0,-39.0,0,,0,
flight_number_time_bucket,IAD,SYR,YX,YX3439.0,SYR→IAD,early_morning,,2024-01-01,2024-12-31,7,7,0,0,0.0,1,0.142857,0,0.0,-2.86,-8.0,31.4,1.86,0.0,5.2,0,0.0,0,0.0,0,0.0,-9.29,0.0,0,,0,
flight_number_time_bucket,IAD,SYR,YX,YX3598.0,SYR→IAD,afternoon,,2024-01-01,2024-12-31,14,14,0,0,0.0,0,0.0,0,0.0,-19.14,-20.5,-13.2,1.29,0.0,0.0,1,0.071429,0,0.0,0,0.0,1.0,0.0,0,,0,
flight_number_time_bucket,IAD,SYR,YX,YX3617.0,SYR→IAD,early_morning,,2024-01-01,2024-12-31,2,2,0,0,0.0,0,0.0,0,0.0,-20.5,-20.5,-16.9,0.0,0.0,0.0,0,0.0,0,0.0,0,0.0,0.0,0.0,0,,0,
flight_number_time_bucket,IAD,SYR,YX,YX3681.0,SYR→IAD,afternoon,,2024-01-01,2024-12-31,15,15,0,0,0.0,0,0.0,0,0.0,-24.6,-29.0,-14.0,0.0,0.0,0.0,0,0.0,0,0.0,0,0.0,-0.8,0.0,0,,0,
flight_number_time_bucket,IAD,TPA,F9,F92954.0,TPA→IAD,afternoon,,2024-01-01,2024-12-31,6,6,0,0,0.0,0,0.0,0,0.0,-1.83,-9.5,20.5,2.83,0.0,8.5,1,0.166667,0,0.0,0,0.0,-5.0,0.0,0,,0,
flight_number_time_bucket,IAD,TPA,F9,F92954.0,TPA→IAD,early_morning,,2024-01-01,2024-12-31,2,2,0,0,0.0,0,0.0,0,0.0,-11.5,-11.5,-11.1,0.0,0.0,0.0,0,0.0,0,0.0,0,0.0,0.0,0.0,0,,0,
flight_number_time_bucket,IAD,TPA,F9,F92954.0,TPA→IAD,evening,,2024-01-01,2024-12-31,3,3,0,0,0.0,1,0.333333,0,0.0,38.67,4.0,102.4,43.67,4.0,102.4,1,0.333333,1,0.333333,1,0.333333,0.0,0.0,0,0.0,0,0.0
flight_number_time_bucket,IAD,TPA,F9,F92954.0,TPA→IAD,late_morning,,2024-01-01,2024-12-31,4,4,0,0,0.0,1,0.25,0,0.0,17.75,-5.0,62.7,8.0,0.0,22.4,1,0.25,1,0.25,0,0.0,-14.5,0.0,0,0.0,0,
flight_number_time_bucket,IAD,TPA,UA,UA1228.0,TPA→IAD,evening,,2024-01-01,2024-12-31,37,37,0,0,0.0,6,0.162162,2,0.054054,36.22,-12.0,102.2,51.08,0.0,112.0,7,0.189189,6,0.162162,6,0.162162,3.24,0.0,0,0.0,0,0.0
flight_number_time_bucket,IAD,TPA,UA,UA1370.0,TPA→IAD,evening,,2024-01-01,2024-12-31,187,182,5,0,0.026738,26,0.142857,6,0.032967,18.31,-6.0,111.0,25.71,0.0,113.6,50,0.274725,37,0.203297,24,0.131868,-0.26,0.0,0,0.0,0,0.0
flight_number_time_bucket,IAD,TPA,UA,UA1657.0,TPA→IAD,early_morning,,2024-01-01,2024-12-31,13,13,0,0,0.0,0,0.0,0,0.0,-14.92,-14.0,-4.0,0.15,0.0,0.8,0,0.0,0,0.0,0,0.0,0.08,0.0,0,,0,
flight_number_time_bucket,IAD,TPA,UA,UA2045.0,TPA→IAD,evening,,2024-01-01,2024-12-31,74,74,0,0,0.0,7,0.094595,1,0.013514,10.3,-6.0,58.7,18.74,0.0,48.2,15,0.202703,12,0.162162,7,0.094595,-0.58,0.0,0,0.0,0,0.0
flight_number_time_bucket,IAD,TPA,UA,UA2060.0,TPA→IAD,late_morning,,2024-01-01,2024-12-31,69,63,6,0,0.086957,1,0.015873,1,0.015873,-12.16,-20.0,-3.4,6.65,0.0,5.0,5,0.079365,4,0.063492,1,0.015873,0.76,0.0,0,0.0,0,0.0
flight_number_time_bucket,IAD,TPA,UA,UA2081.0,TPA→IAD,late_morning,,2024-01-01,2024-12-31,8,8,0,0,0.0,0,0.0,0,0.0,-9.5,-12.5,2.9,4.12,0.0,9.9,1,0.125,1,0.125,0,0.0,1.75,0.0,0,0.0,0,
flight_number_time_bucket,IAD,TPA,UA,UA2172.0,TPA→IAD,evening,,2024-01-01,2024-12-31,35,35,0,0,0.0,5,0.142857,2,0.057143,25.49,3.0,71.0,36.03,10.0,66.2,16,0.457143,10,0.285714,4,0.114286,5.69,1.0,0,0.0,0,0.0
flight_number_time_bucket,IAD,TPA,UA,UA2331.0,TPA→IAD,early_morning,,2024-01-01,2024-12-31,57,56,1,0,0.017544,0,0.0,0,0.0,-14.96,-16.5,-3.5,0.91,0.0,0.0,1,0.017857,1,0.017857,0,0.0,-0.09,0.0,0,0.0,0,
flight_number_time_bucket,IAD,TPA,UA,UA2331.0,TPA→IAD,late_morning,,2024-01-01,2024-12-31,218,217,1,1,0.004587,10,0.046083,3,0.013825,-3.96,-14.0,7.5,8.62,0.0,9.0,18,0.082949,13,0.059908,10,0.046083,-0.22,0.0,1,0.066667,0,0.0
flight_number_time_bucket,IAD,TPA,UA,UA2344.0,TPA→IAD,afternoon,,2024-01-01,2024-12-31,31,30,1,0,0.032258,2,0.066667,1,0.033333,10.67,-8.5,29.2,18.93,0.0,33.6,5,0.166667,4,0.133333,2,0.066667,-0.7,0.0,0,0.0,0,0.0
flight_number_time_bucket,IAD,TPA,UA,UA2398.0,TPA→IAD,afternoon,,2024-01-01,2024-12-31,335,324,11,2,0.032836,19,0.058642,4,0.012346,1.73,-9.0,33.6,10.3,0.0,25.9,41,0.126543,29,0.089506,13,0.040123,-1.53,0.0,0,0.0,0,0.0
flight_number_time_bucket,IAD,TPA,UA,UA664.0,TPA→IAD,evening,,2024-01-01,2024-12-31,32,30,2,0,0.0625,0,0.0,0,0.0,-5.87,-9.0,11.6,5.27,0.0,17.7,5,0.166667,2,0.066667,0,0.0,1.23,0.0,0,0.0,0,
flight_number_time_bucket,IAD,TYS,UA,UA2716.0,TYS→IAD,afternoon,,2024-01-01,2024-12-31,1,1,0,0,0.0,0,0.0,0,0.0,-19.0,-19.0,-19.0,0.0,0.0,0.0,0,0.0,0,0.0,0,0.0,0.0,0.0,0,,0,
