level,dest,origin,airline,flight_number,route,scheduled_departure_bucket,scheduled_departure_hour,data_period_start,data_period_end,total_scheduled_flights,completed_flights,cancelled_count,diverted_count,cancellation_rate,delay_over_60min_count,delay_over_60min_rate,delay_over_180min_count,delay_over_180min_rate,avg_arrival_delay_minutes,median_arrival_delay_minutes,p90_arrival_delay_minutes,avg_departure_delay_minutes,median_departure_delay_minutes,p90_departure_delay_minutes,departure_delay_over_15min_count,departure_delay_over_15min_rate,departure_delay_over_30min_count,departure_delay_over_30min_rate,departure_delay_over_60min_count,departure_delay_over_60min_rate,avg_delay_recovery_minutes,median_delay_recovery_minutes,recovered_from_30min_departure_delay_count,recovered_from_30min_departure_delay_rate,recovered_from_60min_departure_delay_count,recovered_from_60min_departure_delay_rate
airport_total,HNL,,,,,,,2024-01-01,2024-12-31,61558,60976,582,237,0.009454,2066,0.033882,370,0.006068,2.48,-4.0,24.0,9.2,0.0,21.0,7947,0.13033,4354,0.071405,2019,0.033111,-0.48,0.0,281,0.062542,29,0.014057
origin_route,HNL,ANC,,,ANC→HNL,,,2024-01-01,2024-12-31,366,360,6,2,0.016393,9,0.025,1,0.002778,-6.76,-10.0,19.3,6.12,0.0,18.6,40,0.111111,22,0.061111,6,0.016667,-0.47,0.0,4,0.173913,0,0.0
origin_route,HNL,ATL,,,ATL→HNL,,,2024-01-01,2024-12-31,366,366,0,0,0.0,24,0.065574,5,0.013661,4.76,-4.0,34.0,12.22,0.0,19.5,46,0.125683,28,0.076503,20,0.054645,-2.34,0.0,0,0.0,0,0.0
origin_route,HNL,AUS,,,AUS→HNL,,,2024-01-01,2024-12-31,166,165,1,0,0.006024,9,0.054545,5,0.030303,36.62,10.0,48.0,34.56,0.0,42.8,39,0.236364,27,0.163636,13,0.078788,-5.25,-2.0,5,0.178571,0,0.0
origin_route,HNL,BOS,,,BOS→HNL,,,2024-01-01,2024-12-31,258,256,2,0,0.007752,19,0.074219,3,0.011719,14.6,2.0,46.0,20.68,1.0,48.5,55,0.214844,37,0.144531,19,0.074219,-1.09,0.0,8,0.216216,1,0.05
origin_route,HNL,DEN,,,DEN→HNL,,,2024-01-01,2024-12-31,585,576,9,8,0.015385,62,0.107639,26,0.045139,16.01,-4.0,69.9,27.7,2.0,80.2,149,0.258681,103,0.178819,70,0.121528,2.47,0.0,9,0.085714,3,0.042254
origin_route,HNL,DFW,,,DFW→HNL,,,2024-01-01,2024-12-31,649,648,1,1,0.001541,64,0.098765,26,0.040123,13.71,-4.0,55.6,23.15,0.0,69.0,128,0.197531,92,0.141975,68,0.104938,-0.25,0.0,7,0.073684,1,0.014706
origin_route,HNL,DTW,,,DTW→HNL,,,2024-01-01,2024-12-31,340,337,3,2,0.008824,19,0.05638,5,0.014837,-0.96,-8.0,33.0,12.69,0.0,24.0,44,0.130564,31,0.091988,22,0.065282,-0.72,0.0,4,0.125,0,0.0
origin_route,HNL,EWR,,,EWR→HNL,,,2024-01-01,2024-12-31,136,135,1,3,0.007353,16,0.118519,6,0.044444,14.96,-6.5,77.8,33.72,0.0,91.8,41,0.303704,27,0.2,16,0.118519,4.06,0.0,3,0.111111,0,0.0
origin_route,HNL,GUM,,,GUM→HNL,,,2024-01-01,2024-12-31,366,362,4,0,0.010929,7,0.019337,2,0.005525,-10.27,-14.0,7.0,10.46,0.0,20.9,43,0.118785,25,0.069061,9,0.024862,4.12,0.0,10,0.4,0,0.0
origin_route,HNL,IAD,,,IAD→HNL,,,2024-01-01,2024-12-31,127,127,0,3,0.0,11,0.086614,6,0.047244,3.78,-14.5,54.8,28.1,0.0,77.8,25,0.19685,20,0.15748,14,0.110236,5.06,0.0,5,0.25,0,0.0
origin_route,HNL,IAH,,,IAH→HNL,,,2024-01-01,2024-12-31,439,435,4,0,0.009112,35,0.08046,10,0.022989,18.11,8.0,48.2,22.0,9.0,49.2,150,0.344828,76,0.174713,33,0.075862,-0.48,0.0,2,0.025,1,0.030303
origin_route,HNL,ITO,,,ITO→HNL,,,2024-01-01,2024-12-31,6432,6373,59,0,0.009173,127,0.019928,4,0.000628,1.34,-3.0,16.0,5.28,0.0,15.0,633,0.099325,278,0.043622,114,0.017888,-0.56,0.0,0,0.0,0,0.0
origin_route,HNL,JFK,,,JFK→HNL,,,2024-01-01,2024-12-31,703,699,4,1,0.00569,37,0.052933,5,0.007153,2.89,-4.0,38.0,12.26,0.0,26.3,115,0.164521,64,0.091559,38,0.054363,-1.41,0.0,9,0.140625,3,0.076923
origin_route,HNL,KOA,,,KOA→HNL,,,2024-01-01,2024-12-31,8048,7975,73,1,0.009071,154,0.01931,11,0.001379,1.15,-4.0,18.0,5.5,0.0,16.0,804,0.100815,374,0.046897,137,0.017179,-0.66,0.0,0,0.0,0,0.0
origin_route,HNL,LAS,,,LAS→HNL,,,2024-01-01,2024-12-31,1563,1561,2,88,0.00128,69,0.044202,13,0.008328,11.23,1.0,38.0,17.45,2.0,35.8,295,0.188981,172,0.110186,76,0.048687,-0.36,0.0,15,0.085714,0,0.0
origin_route,HNL,LAX,,,LAX→HNL,,,2024-01-01,2024-12-31,5612,5574,38,9,0.006771,299,0.053642,85,0.015249,4.06,-6.0,32.6,13.89,0.0,31.0,919,0.164873,561,0.100646,318,0.057051,-0.14,0.0,48,0.08377,4,0.012384
origin_route,HNL,LGB,,,LGB→HNL,,,2024-01-01,2024-12-31,732,730,2,0,0.002732,24,0.032877,3,0.00411,-1.04,-7.5,27.0,7.64,0.0,17.0,79,0.108219,43,0.058904,19,0.026027,-1.91,0.0,3,0.068182,0,0.0
origin_route,HNL,LIH,,,LIH→HNL,,,2024-01-01,2024-12-31,8640,8531,109,2,0.012616,157,0.018403,10,0.001172,-0.06,-5.0,17.0,5.32,0.0,15.0,824,0.096589,412,0.048294,134,0.015707,-0.5,0.0,0,0.0,0,0.0
origin_route,HNL,MSP,,,MSP→HNL,,,2024-01-01,2024-12-31,365,364,1,4,0.00274,24,0.065934,2,0.005495,-2.63,-10.0,31.1,10.08,0.0,22.0,46,0.126374,30,0.082418,20,0.054945,-1.04,0.0,2,0.066667,0,0.0
origin_route,HNL,OAK,,,OAK→HNL,,,2024-01-01,2024-12-31,1089,1082,7,3,0.006428,41,0.037893,6,0.005545,-1.53,-8.0,27.0,8.82,0.0,22.2,161,0.148799,77,0.071165,38,0.03512,-0.78,0.0,4,0.05,2,0.051282
origin_route,HNL,OGG,,,OGG→HNL,,,2024-01-01,2024-12-31,11642,11514,128,4,0.010995,213,0.018499,19,0.00165,0.37,-4.0,17.0,5.25,0.0,14.0,1069,0.092843,539,0.046813,197,0.01711,-0.61,0.0,0,0.0,0,0.0
origin_route,HNL,ONT,,,ONT→HNL,,,2024-01-01,2024-12-31,368,366,2,2,0.005435,15,0.040984,5,0.013661,6.34,-2.0,29.0,11.01,0.0,15.0,36,0.098361,23,0.062842,12,0.032787,-3.32,0.0,0,0.0,0,0.0
origin_route,HNL,ORD,,,ORD→HNL,,,2024-01-01,2024-12-31,379,378,1,0,0.002639,13,0.034392,2,0.005291,-10.28,-16.0,24.3,9.9,0.0,23.3,55,0.145503,29,0.07672,18,0.047619,2.01,0.0,6,0.1875,2,0.111111
origin_route,HNL,PAE,,,PAE→HNL,,,2024-01-01,2024-12-31,149,142,7,10,0.04698,7,0.049296,0,0.0,2.46,-3.0,36.9,7.11,0.0,18.8,15,0.105634,11,0.077465,4,0.028169,-5.46,0.0,1,0.090909,0,0.0
origin_route,HNL,PDX,,,PDX→HNL,,,2024-01-01,2024-12-31,734,722,12,3,0.016349,26,0.036011,6,0.00831,7.81,-1.0,31.0,12.48,0.0,20.0,94,0.130194,55,0.076177,29,0.040166,-2.34,0.0,4,0.070175,0,0.0
origin_route,HNL,PHX,,,PHX→HNL,,,2024-01-01,2024-12-31,1319,1318,1,25,0.000758,36,0.027314,5,0.003794,-0.3,-6.0,25.0,9.43,0.0,20.0,168,0.127466,95,0.072079,37,0.028073,-0.44,0.0,13,0.132653,1,0.025641
origin_route,HNL,PPG,,,PPG→HNL,,,2024-01-01,2024-12-31,125,125,0,0,0.0,7,0.056,3,0.024,15.55,-3.0,27.8,22.53,1.0,29.0,21,0.168,12,0.096,6,0.048,0.87,0.0,0,0.0,0,0.0
origin_route,HNL,SAN,,,SAN→HNL,,,2024-01-01,2024-12-31,1666,1650,16,22,0.009604,116,0.070303,17,0.010303,10.52,1.0,47.0,16.79,1.0,42.0,413,0.250303,241,0.146061,100,0.060606,-1.25,0.0,24,0.097166,0,0.0
origin_route,HNL,SEA,,,SEA→HNL,,,2024-01-01,2024-12-31,2912,2868,44,41,0.01511,154,0.053696,28,0.009763,5.85,-3.0,38.0,15.63,1.0,37.0,629,0.219317,357,0.124477,161,0.056137,0.51,0.0,53,0.141711,6,0.036585
origin_route,HNL,SFO,,,SFO→HNL,,,2024-01-01,2024-12-31,2528,2500,28,1,0.011076,161,0.0644,24,0.0096,5.32,-5.0,39.0,15.47,1.0,39.0,502,0.2008,312,0.1248,171,0.0684,1.36,0.0,34,0.10625,4,0.023121
origin_route,HNL,SJC,,,SJC→HNL,,,2024-01-01,2024-12-31,1389,1379,10,1,0.007199,37,0.026831,4,0.002901,-3.93,-9.0,21.0,5.79,0.0,13.0,121,0.087745,67,0.048586,34,0.024656,-1.37,0.0,2,0.029412,0,0.0
origin_route,HNL,SLC,,,SLC→HNL,,,2024-01-01,2024-12-31,632,627,5,1,0.007911,43,0.068581,15,0.023923,10.32,-4.5,37.0,17.88,0.0,25.5,93,0.148325,55,0.087719,39,0.062201,-1.99,0.0,4,0.071429,1,0.025641
origin_route,HNL,SMF,,,SMF→HNL,,,2024-01-01,2024-12-31,733,731,2,0,0.002729,31,0.042408,8,0.010944,5.35,-3.0,27.0,12.45,0.0,22.0,95,0.129959,59,0.080711,27,0.036936,-2.06,0.0,2,0.033898,0,0.0
origin_airline_route,HNL,ANC,AS,,ANC→HNL AS,,,2024-01-01,2024-12-31,366,360,6,2,0.016393,9,0.025,1,0.002778,-6.76,-10.0,19.3,6.12,0.0,18.6,40,0.111111,22,0.061111,6,0.016667,-0.47,0.0,4,0.173913,0,0.0
origin_airline_route,HNL,ATL,DL,,ATL→HNL DL,,,2024-01-01,2024-12-31,366,366,0,0,0.0,24,0.065574,5,0.013661,4.76,-4.0,34.0,12.22,0.0,19.5,46,0.125683,28,0.076503,20,0.054645,-2.34,0.0,0,0.0,0,0.0
origin_airline_route,HNL,AUS,HA,,AUS→HNL HA,,,2024-01-01,2024-12-31,166,165,1,0,0.006024,9,0.054545,5,0.030303,36.62,10.0,48.0,34.56,0.0,42.8,39,0.236364,27,0.163636,13,0.078788,-5.25,-2.0,5,0.178571,0,0.0
origin_airline_route,HNL,BOS,DL,,BOS→HNL DL,,,2024-01-01,2024-12-31,37,37,0,0,0.0,4,0.108108,0,0.0,0.68,-7.0,58.0,17.78,0.0,65.4,6,0.162162,6,0.162162,4,0.108108,1.59,0.0,1,0.166667,0,0.0
origin_airline_route,HNL,BOS,HA,,BOS→HNL HA,,,2024-01-01,2024-12-31,221,219,2,0,0.00905,15,0.068493,3,0.013699,16.95,4.0,46.0,21.17,1.0,40.6,49,0.223744,31,0.141553,15,0.068493,-1.54,0.0,7,0.225806,1,0.0625
origin_airline_route,HNL,DEN,UA,,DEN→HNL UA,,,2024-01-01,2024-12-31,585,576,9,8,0.015385,62,0.107639,26,0.045139,16.01,-4.0,69.9,27.7,2.0,80.2,149,0.258681,103,0.178819,70,0.121528,2.47,0.0,9,0.085714,3,0.042254
origin_airline_route,HNL,DFW,AA,,DFW→HNL AA,,,2024-01-01,2024-12-31,649,648,1,1,0.001541,64,0.098765,26,0.040123,13.71,-4.0,55.6,23.15,0.0,69.0,128,0.197531,92,0.141975,68,0.104938,-0.25,0.0,7,0.073684,1,0.014706
origin_airline_route,HNL,DTW,DL,,DTW→HNL DL,,,2024-01-01,2024-12-31,340,337,3,2,0.008824,19,0.05638,5,0.014837,-0.96,-8.0,33.0,12.69,0.0,24.0,44,0.130564,31,0.091988,22,0.065282,-0.72,0.0,4,0.125,0,0.0
origin_airline_route,HNL,EWR,UA,,EWR→HNL UA,,,2024-01-01,2024-12-31,136,135,1,3,0.007353,16,0.118519,6,0.044444,14.96,-6.5,77.8,33.72,0.0,91.8,41,0.303704,27,0.2,16,0.118519,4.06,0.0,3,0.111111,0,0.0
origin_airline_route,HNL,GUM,UA,,GUM→HNL UA,,,2024-01-01,2024-12-31,366,362,4,0,0.010929,7,0.019337,2,0.005525,-10.27,-14.0,7.0,10.46,0.0,20.9,43,0.118785,25,0.069061,9,0.024862,4.12,0.0,10,0.4,0,0.0
origin_airline_route,HNL,IAD,UA,,IAD→HNL UA,,,2024-01-01,2024-12-31,127,127,0,3,0.0,11,0.086614,6,0.047244,3.78,-14.5,54.8,28.1,0.0,77.8,25,0.19685,20,0.15748,14,0.110236,5.06,0.0,5,0.25,0,0.0
origin_airline_route,HNL,IAH,UA,,IAH→HNL UA,,,2024-01-01,2024-12-31,439,435,4,0,0.009112,35,0.08046,10,0.022989,18.11,8.0,48.2,22.0,9.0,49.2,150,0.344828,76,0.174713,33,0.075862,-0.48,0.0,2,0.025,1,0.030303
origin_airline_route,HNL,ITO,HA,,ITO→HNL HA,,,2024-01-01,2024-12-31,4603,4551,52,0,0.011297,110,0.024171,4,0.000879,3.98,-1.0,20.0,6.65,0.0,19.0,574,0.126126,244,0.053615,99,0.021753,-0.66,0.0,0,0.0,0,0.0
origin_airline_route,HNL,ITO,WN,,ITO→HNL WN,,,2024-01-01,2024-12-31,1829,1822,7,0,0.003827,17,0.00933,0,0.0,-5.26,-8.0,3.0,1.89,0.0,1.0,59,0.032382,34,0.018661,15,0.008233,-0.31,0.0,0,0.0,0,0.0
origin_airline_route,HNL,JFK,DL,,JFK→HNL DL,,,2024-01-01,2024-12-31,335,335,0,0,0.0,21,0.062687,2,0.00597,-3.03,-9.0,35.4,11.25,0.0,26.6,47,0.140299,32,0.095522,21,0.062687,-0.48,0.0,4,0.125,2,0.090909
origin_airline_route,HNL,JFK,HA,,JFK→HNL HA,,,2024-01-01,2024-12-31,368,364,4,1,0.01087,16,0.043956,3,0.008242,8.36,1.0,38.0,13.2,0.0,26.0,68,0.186813,32,0.087912,17,0.046703,-2.28,0.0,5,0.15625,1,0.058824
origin_airline_route,HNL,KOA,HA,,KOA→HNL HA,,,2024-01-01,2024-12-31,5855,5796,59,1,0.010077,123,0.021222,9,0.001553,3.34,-2.0,20.0,6.28,0.0,18.0,675,0.11646,307,0.052968,106,0.018288,-0.84,0.0,0,0.0,0,0.0
origin_airline_route,HNL,KOA,WN,,KOA→HNL WN,,,2024-01-01,2024-12-31,2193,2179,14,0,0.006384,31,0.014227,2,0.000918,-4.66,-8.0,7.0,3.41,0.0,6.0,129,0.059201,67,0.030748,31,0.014227,-0.19,0.0,0,0.0,0,0.0
origin_airline_route,HNL,LAS,HA,,LAS→HNL HA,,,2024-01-01,2024-12-31,1046,1044,2,3,0.001912,58,0.055556,13,0.012452,16.74,3.0,43.0,20.35,2.0,40.0,212,0.203065,135,0.12931,61,0.058429,-1.14,0.0,10,0.072993,0,0.0
origin_airline_route,HNL,LAS,WN,,LAS→HNL WN,,,2024-01-01,2024-12-31,517,517,0,85,0.0,11,0.021277,0,0.0,-2.04,-6.0,28.9,10.47,2.0,27.0,83,0.160542,37,0.071567,15,0.029014,1.51,0.0,5,0.131579,0,0.0
origin_airline_route,HNL,LAX,AA,,LAX→HNL AA,,,2024-01-01,2024-12-31,1117,1117,0,1,0.0,57,0.05103,8,0.007162,-2.69,-11.0,31.0,10.82,0.0,33.0,180,0.161146,116,0.10385,60,0.053715,0.2,0.0,10,0.083333,1,0.016129
origin_airline_route,HNL,LAX,AS,,LAX→HNL AS,,,2024-01-01,2024-12-31,366,357,9,2,0.02459,11,0.030812,3,0.008403,-7.57,-12.0,11.0,6.02,0.0,9.0,31,0.086835,17,0.047619,13,0.036415,-0.38,0.0,2,0.117647,0,0.0
origin_airline_route,HNL,LAX,DL,,LAX→HNL DL,,,2024-01-01,2024-12-31,1098,1095,3,1,0.002732,64,0.058447,21,0.019178,6.44,-2.0,37.0,13.45,0.0,34.7,194,0.177169,118,0.107763,63,0.057534,-0.91,0.0,5,0.041667,0,0.0
origin_airline_route,HNL,LAX,HA,,LAX→HNL HA,,,2024-01-01,2024-12-31,1224,1205,19,2,0.015523,88,0.073029,26,0.021577,17.97,4.0,44.0,20.94,1.0,41.0,249,0.206639,152,0.126141,88,0.073029,-2.19,0.0,10,0.065359,0,0.0
origin_airline_route,HNL,LAX,UA,,LAX→HNL UA,,,2024-01-01,2024-12-31,1290,1283,7,2,0.005426,75,0.058457,26,0.020265,3.34,-8.0,30.0,16.21,0.0,36.0,220,0.171473,143,0.111458,89,0.069369,2.1,0.0,19,0.129252,2,0.022472
origin_airline_route,HNL,LAX,WN,,LAX→HNL WN,,,2024-01-01,2024-12-31,517,517,0,1,0.0,4,0.007737,1,0.001934,-9.01,-12.0,16.0,4.66,0.0,14.0,45,0.087041,15,0.029014,5,0.009671,0.11,0.0,2,0.125,1,0.2
origin_airline_route,HNL,LGB,HA,,LGB→HNL HA,,,2024-01-01,2024-12-31,366,364,2,0,0.005464,8,0.021978,2,0.005495,-0.9,-7.0,22.7,5.82,0.0,7.0,22,0.06044,13,0.035714,4,0.010989,-3.19,0.0,0,0.0,0,0.0
origin_airline_route,HNL,LGB,WN,,LGB→HNL WN,,,2024-01-01,2024-12-31,366,366,0,0,0.0,16,0.043716,1,0.002732,-1.17,-8.0,29.5,9.44,0.0,26.0,57,0.155738,30,0.081967,15,0.040984,-0.63,0.0,3,0.096774,0,0.0
origin_airline_route,HNL,LIH,HA,,LIH→HNL HA,,,2024-01-01,2024-12-31,6446,6341,105,2,0.016289,126,0.019871,8,0.001262,2.0,-3.0,19.0,5.88,0.0,17.0,680,0.107239,331,0.0522,103,0.016243,-0.66,0.0,0,0.0,0,0.0
origin_airline_route,HNL,LIH,WN,,LIH→HNL WN,,,2024-01-01,2024-12-31,2194,2190,4,0,0.001823,31,0.014155,2,0.000913,-6.04,-11.0,7.0,3.67,0.0,7.0,144,0.065753,81,0.036986,31,0.014155,-0.02,0.0,0,0.0,0,0.0
origin_airline_route,HNL,MSP,DL,,MSP→HNL DL,,,2024-01-01,2024-12-31,365,364,1,4,0.00274,24,0.065934,2,0.005495,-2.63,-10.0,31.1,10.08,0.0,22.0,46,0.126374,30,0.082418,20,0.054945,-1.04,0.0,2,0.066667,0,0.0
origin_airline_route,HNL,OAK,HA,,OAK→HNL HA,,,2024-01-01,2024-12-31,366,359,7,1,0.019126,17,0.047354,3,0.008357,5.56,0.0,27.6,8.37,0.0,15.9,36,0.100279,22,0.061281,15,0.041783,-4.03,0.0,0,0.0,1,0.066667
origin_airline_route,HNL,OAK,WN,,OAK→HNL WN,,,2024-01-01,2024-12-31,723,723,0,2,0.0,24,0.033195,3,0.004149,-5.04,-12.0,27.0,9.04,0.0,25.0,125,0.172891,55,0.076072,23,0.031812,0.83,0.0,4,0.068966,1,0.041667
origin_airline_route,HNL,OGG,HA,,OGG→HNL HA,,,2024-01-01,2024-12-31,7622,7527,95,3,0.012464,151,0.020061,14,0.00186,2.83,-2.0,19.0,5.9,0.0,16.0,769,0.102166,370,0.049156,134,0.017803,-0.9,0.0,0,0.0,0,0.0
origin_airline_route,HNL,OGG,WN,,OGG→HNL WN,,,2024-01-01,2024-12-31,4020,3987,33,1,0.008209,62,0.015551,5,0.001254,-4.27,-9.0,10.0,4.01,0.0,9.0,300,0.075245,169,0.042388,63,0.015801,-0.06,0.0,0,0.0,0,0.0
origin_airline_route,HNL,ONT,HA,,ONT→HNL HA,,,2024-01-01,2024-12-31,368,366,2,2,0.005435,15,0.040984,5,0.013661,6.34,-2.0,29.0,11.01,0.0,15.0,36,0.098361,23,0.062842,12,0.032787,-3.32,0.0,0,0.0,0,0.0
origin_airline_route,HNL,ORD,UA,,ORD→HNL UA,,,2024-01-01,2024-12-31,379,378,1,0,0.002639,13,0.034392,2,0.005291,-10.28,-16.0,24.3,9.9,0.0,23.3,55,0.145503,29,0.07672,18,0.047619,2.01,0.0,6,0.1875,2,0.111111
origin_airline_route,HNL,PAE,AS,,PAE→HNL AS,,,2024-01-01,2024-12-31,149,142,7,10,0.04698,7,0.049296,0,0.0,2.46,-3.0,36.9,7.11,0.0,18.8,15,0.105634,11,0.077465,4,0.028169,-5.46,0.0,1,0.090909,0,0.0
origin_airline_route,HNL,PDX,AS,,PDX→HNL AS,,,2024-01-01,2024-12-31,366,356,10,3,0.027322,5,0.014045,0,0.0,-1.82,-6.0,22.0,5.46,0.0,14.0,31,0.087079,17,0.047753,6,0.016854,-1.46,0.0,3,0.157895,0,0.0
origin_airline_route,HNL,PDX,HA,,PDX→HNL HA,,,2024-01-01,2024-12-31,368,366,2,0,0.005435,21,0.057377,6,0.016393,17.09,4.0,40.5,19.25,0.0,31.0,63,0.172131,38,0.103825,23,0.062842,-3.19,0.0,1,0.026316,0,0.0
origin_airline_route,HNL,PHX,AA,,PHX→HNL AA,,,2024-01-01,2024-12-31,492,492,0,1,0.0,17,0.034553,1,0.002033,-2.98,-8.0,26.0,8.81,0.0,25.0,71,0.144309,42,0.085366,16,0.03252,0.02,0.0,4,0.093023,0,0.0
origin_airline_route,HNL,PHX,HA,,PHX→HNL HA,,,2024-01-01,2024-12-31,366,365,1,1,0.002732,8,0.021918,3,0.008219,5.58,-3.0,24.0,10.47,0.0,11.7,25,0.068493,13,0.035616,8,0.021918,-3.32,0.0,2,0.133333,0,0.0
origin_airline_route,HNL,PHX,WN,,PHX→HNL WN,,,2024-01-01,2024-12-31,461,461,0,23,0.0,11,0.023861,1,0.002169,-2.17,-7.0,23.3,9.27,1.0,27.0,72,0.156182,40,0.086768,13,0.0282,1.45,0.0,7,0.175,1,0.071429
origin_airline_route,HNL,PPG,HA,,PPG→HNL HA,,,2024-01-01,2024-12-31,125,125,0,0,0.0,7,0.056,3,0.024,15.55,-3.0,27.8,22.53,1.0,29.0,21,0.168,12,0.096,6,0.048,0.87,0.0,0,0.0,0,0.0
origin_airline_route,HNL,SAN,AS,,SAN→HNL AS,,,2024-01-01,2024-12-31,568,555,13,13,0.022887,28,0.05045,4,0.007207,4.36,-3.0,35.0,12.83,0.0,35.9,112,0.201802,66,0.118919,26,0.046847,-0.35,0.0,9,0.132353,0,0.0
origin_airline_route,HNL,SAN,HA,,SAN→HNL HA,,,2024-01-01,2024-12-31,366,364,2,1,0.005464,36,0.098901,8,0.021978,26.97,13.0,58.8,22.77,2.0,50.8,96,0.263736,61,0.167582,29,0.07967,-7.08,-3.0,2,0.031746,0,0.0
origin_airline_route,HNL,SAN,WN,,SAN→HNL WN,,,2024-01-01,2024-12-31,732,731,1,8,0.001366,52,0.071135,5,0.00684,6.88,-2.0,45.8,16.76,2.0,43.0,205,0.280438,114,0.155951,45,0.06156,0.99,0.0,13,0.112069,0,0.0
origin_airline_route,HNL,SEA,AS,,SEA→HNL AS,,,2024-01-01,2024-12-31,1780,1745,35,40,0.019663,88,0.05043,9,0.005158,2.62,-5.0,37.6,14.13,2.0,40.0,445,0.255014,244,0.139828,101,0.05788,1.85,0.0,41,0.158301,6,0.057692
origin_airline_route,HNL,SEA,DL,,SEA→HNL DL,,,2024-01-01,2024-12-31,743,741,2,0,0.002692,39,0.052632,10,0.013495,3.15,-6.0,33.0,13.13,0.0,27.0,109,0.147099,70,0.094467,38,0.051282,-0.71,0.0,9,0.126761,0,0.0
origin_airline_route,HNL,SEA,HA,,SEA→HNL HA,,,2024-01-01,2024-12-31,389,382,7,1,0.017995,27,0.070681,9,0.02356,25.55,4.0,42.0,27.24,3.0,32.0,75,0.196335,43,0.112565,22,0.057592,-3.14,0.0,3,0.068182,0,0.0
origin_airline_route,HNL,SFO,AS,,SFO→HNL AS,,,2024-01-01,2024-12-31,416,407,9,1,0.021635,23,0.056511,0,0.0,5.17,-2.5,44.0,10.86,0.0,34.5,73,0.179361,47,0.115479,17,0.041769,-2.07,0.0,4,0.083333,0,0.0
origin_airline_route,HNL,SFO,HA,,SFO→HNL HA,,,2024-01-01,2024-12-31,394,384,10,0,0.025381,18,0.046875,3,0.007812,9.8,0.0,36.0,12.83,0.0,24.0,48,0.125,31,0.080729,16,0.041667,-3.29,0.0,0,0.0,0,0.0
origin_airline_route,HNL,SFO,UA,,SFO→HNL UA,,,2024-01-01,2024-12-31,1718,1709,9,0,0.005239,120,0.070217,21,0.012288,4.34,-6.0,40.0,17.17,3.0,43.0,381,0.222937,234,0.136922,138,0.080749,3.22,0.0,30,0.125523,4,0.028777
origin_airline_route,HNL,SJC,AS,,SJC→HNL AS,,,2024-01-01,2024-12-31,366,360,6,0,0.016393,9,0.025,1,0.002778,-5.42,-9.0,17.0,3.91,0.0,7.0,19,0.052778,15,0.041667,7,0.019444,-1.96,0.0,1,0.066667,0,0.0
origin_airline_route,HNL,SJC,HA,,SJC→HNL HA,,,2024-01-01,2024-12-31,358,354,4,0,0.011173,7,0.019774,0,0.0,-5.21,-8.5,16.7,3.73,0.0,6.0,18,0.050847,9,0.025424,7,0.019774,-2.03,0.0,0,0.0,0,0.0
origin_airline_route,HNL,SJC,WN,,SJC→HNL WN,,,2024-01-01,2024-12-31,665,665,0,1,0.0,21,0.031579,3,0.004511,-2.45,-9.0,26.0,7.9,0.0,21.0,84,0.126316,43,0.064662,20,0.030075,-0.69,0.0,1,0.023256,0,0.0
origin_airline_route,HNL,SLC,DL,,SLC→HNL DL,,,2024-01-01,2024-12-31,402,397,5,0,0.012438,33,0.083123,14,0.035264,16.4,-4.0,43.0,23.27,0.0,35.0,59,0.148615,41,0.103275,32,0.080605,-2.42,0.0,1,0.02381,0,0.0
origin_airline_route,HNL,SLC,HA,,SLC→HNL HA,,,2024-01-01,2024-12-31,230,230,0,1,0.0,10,0.043478,1,0.004348,-0.21,-6.0,28.4,8.54,0.0,20.6,34,0.147826,14,0.06087,7,0.030435,-1.26,0.0,3,0.214286,1,0.142857
origin_airline_route,HNL,SMF,HA,,SMF→HNL HA,,,2024-01-01,2024-12-31,367,365,2,0,0.00545,20,0.054795,8,0.021918,18.03,3.0,33.0,18.67,0.0,30.2,60,0.164384,37,0.10137,17,0.046575,-4.07,0.0,1,0.027027,0,0.0
origin_airline_route,HNL,SMF,WN,,SMF→HNL WN,,,2024-01-01,2024-12-31,366,366,0,0,0.0,11,0.030055,0,0.0,-7.29,-12.0,19.5,6.24,0.0,13.5,35,0.095628,22,0.060109,10,0.027322,-0.04,0.0,1,0.045455,0,0.0
flight_number,HNL,ANC,AS,AS827.0,ANC→HNL,,,2024-01-01,2024-12-31,366,360,6,2,0.016393,9,0.025,1,0.002778,-6.76,-10.0,19.3,6.12,0.0,18.6,40,0.111111,22,0.061111,6,0.016667,-0.47,0.0,4,0.173913,0,0.0
flight_number,HNL,ATL,DL,DL837.0,ATL→HNL,,,2024-01-01,2024-12-31,366,366,0,0,0.0,24,0.065574,5,0.013661,4.76,-4.0,34.0,12.22,0.0,19.5,46,0.125683,28,0.076503,20,0.054645,-2.34,0.0,0,0.0,0,0.0
flight_number,HNL,AUS,HA,HA81.0,AUS→HNL,,,2024-01-01,2024-12-31,141,140,1,0,0.007092,9,0.064286,5,0.035714,43.36,12.0,50.1,39.62,0.0,51.5,35,0.25,25,0.178571,13,0.092857,-6.08,-2.5,3,0.12,0,0.0
flight_number,HNL,AUS,HA,HA93.0,AUS→HNL,,,2024-01-01,2024-12-31,25,25,0,0,0.0,0,0.0,0,0.0,-1.12,1.0,19.8,6.2,1.0,27.2,4,0.16,2,0.08,0,0.0,-0.64,0.0,2,0.666667,0,
flight_number,HNL,BOS,DL,DL438.0,BOS→HNL,,,2024-01-01,2024-12-31,37,37,0,0,0.0,4,0.108108,0,0.0,0.68,-7.0,58.0,17.78,0.0,65.4,6,0.162162,6,0.162162,4,0.108108,1.59,0.0,1,0.166667,0,0.0
flight_number,HNL,BOS,HA,HA89.0,BOS→HNL,,,2024-01-01,2024-12-31,221,219,2,0,0.00905,15,0.068493,3,0.013699,16.95,4.0,46.0,21.17,1.0,40.6,49,0.223744,31,0.141553,15,0.068493,-1.54,0.0,7,0.225806,1,0.0625
flight_number,HNL,DEN,UA,UA1805.0,DEN→HNL,,,2024-01-01,2024-12-31,196,190,6,6,0.030612,28,0.147368,13,0.068421,27.92,2.0,130.2,39.4,7.5,167.7,64,0.336842,49,0.257895,32,0.168421,5.03,1.0,3,0.061224,2,0.060606
flight_number,HNL,DEN,UA,UA2135.0,DEN→HNL,,,2024-01-01,2024-12-31,15,14,1,0,0.066667,2,0.142857,0,0.0,7.0,2.0,64.5,18.0,8.0,42.7,4,0.285714,2,0.142857,1,0.071429,0.79,3.5,0,0.0,0,0.0
flight_number,HNL,DEN,UA,UA384.0,DEN→HNL,,,2024-01-01,2024-12-31,366,364,2,2,0.005464,32,0.087912,13,0.035714,11.01,-6.0,45.9,22.42,0.0,61.0,78,0.214286,50,0.137363,37,0.101648,0.98,0.0,4,0.076923,1,0.027027
flight_number,HNL,DEN,UA,UA898.0,DEN→HNL,,,2024-01-01,2024-12-31,8,8,0,0,0.0,0,0.0,0,0.0,-16.0,-16.5,1.8,14.88,2.5,41.9,3,0.375,2,0.25,0,0.0,14.12,2.5,2,1.0,0,
flight_number,HNL,DFW,AA,AA115.0,DFW→HNL,,,2024-01-01,2024-12-31,362,361,1,1,0.002762,46,0.127424,18,0.049861,17.89,-4.5,75.0,28.28,0.0,86.2,78,0.216066,59,0.163435,49,0.135734,0.36,0.0,4,0.064516,0,0.0
flight_number,HNL,DFW,AA,AA123.0,DFW→HNL,,,2024-01-01,2024-12-31,283,283,0,0,0.0,18,0.063604,8,0.028269,8.66,-4.0,37.8,16.84,0.0,35.0,49,0.173145,33,0.116608,19,0.067138,-1.13,0.0,3,0.090909,1,0.052632
flight_number,HNL,DFW,AA,AA74.0,DFW→HNL,,,2024-01-01,2024-12-31,4,4,0,0,0.0,0,0.0,0,0.0,-4.75,-5.0,0.5,7.75,4.5,18.1,1,0.25,0,0.0,0,0.0,7.25,3.5,0,,0,
flight_number,HNL,DTW,DL,DL307.0,DTW→HNL,,,2024-01-01,2024-12-31,92,91,1,0,0.01087,4,0.043956,2,0.021978,-1.65,-9.0,28.0,12.69,0.0,17.0,12,0.131868,9,0.098901,5,0.054945,0.78,0.0,3,0.333333,0,0.0
flight_number,HNL,DTW,DL,DL797.0,DTW→HNL,,,2024-01-01,2024-12-31,248,246,2,2,0.008065,15,0.060976,3,0.012195,-0.7,-8.0,33.0,12.69,0.0,24.0,32,0.130081,22,0.089431,17,0.069106,-1.28,0.0,1,0.043478,0,0.0
flight_number,HNL,EWR,UA,UA363.0,EWR→HNL,,,2024-01-01,2024-12-31,136,135,1,3,0.007353,16,0.118519,6,0.044444,14.96,-6.5,77.8,33.72,0.0,91.8,41,0.303704,27,0.2,16,0.118519,4.06,0.0,3,0.111111,0,0.0
flight_number,HNL,GUM,UA,UA200.0,GUM→HNL,,,2024-01-01,2024-12-31,366,362,4,0,0.010929,7,0.019337,2,0.005525,-10.27,-14.0,7.0,10.46,0.0,20.9,43,0.118785,25,0.069061,9,0.024862,4.12,0.0,10,0.4,0,0.0
flight_number,HNL,IAD,UA,UA345.0,IAD→HNL,,,2024-01-01,2024-12-31,127,127,0,3,0.0,11,0.086614,6,0.047244,3.78,-14.5,54.8,28.1,0.0,77.8,25,0.19685,20,0.15748,14,0.110236,5.06,0.0,5,0.25,0,0.0
flight_number,HNL,IAH,UA,UA253.0,IAH→HNL,,,2024-01-01,2024-12-31,366,363,3,0,0.008197,26,0.071625,9,0.024793,17.56,8.0,45.8,21.82,9.0,45.8,124,0.341598,61,0.168044,26,0.071625,-0.06,0.0,1,0.015625,1,0.038462
flight_number,HNL,IAH,UA,UA393.0,IAH→HNL,,,2024-01-01,2024-12-31,73,72,1,0,0.013699,9,0.125,1,0.013889,20.86,6.0,82.2,22.9,5.0,57.9,26,0.361111,15,0.208333,7,0.097222,-2.62,0.0,1,0.0625,0,0.0
flight_number,HNL,ITO,HA,HA101.0,ITO→HNL,,,2024-01-01,2024-12-31,312,311,1,0,0.003205,7,0.022508,0,0.0,1.0,-3.0,9.0,3.52,0.0,5.0,18,0.057878,10,0.032154,7,0.022508,-0.84,0.0,0,0.0,0,0.0
flight_number,HNL,ITO,HA,HA1101.0,ITO→HNL,,,2024-01-01,2024-12-31,2,1,1,0,0.5,0,0.0,0,0.0,14.0,14.0,14.0,6.0,6.0,6.0,0,0.0,0,0.0,0,0.0,-8.0,-8.0,0,,0,
flight_number,HNL,ITO,HA,HA111.0,ITO→HNL,,,2024-01-01,2024-12-31,1,1,0,0,0.0,0,0.0,0,0.0,-1.0,-1.0,-1.0,0.0,0.0,0.0,0,0.0,0,0.0,0,0.0,0.0,0.0,0,,0,
flight_number,HNL,ITO,HA,HA1141.0,ITO→HNL,,,2024-01-01,2024-12-31,1,1,0,0,0.0,0,0.0,0,0.0,20.0,20.0,20.0,12.0,12.0,12.0,0,0.0,0,0.0,0,0.0,-8.0,-8.0,0,,0,
flight_number,HNL,ITO,HA,HA1151.0,ITO→HNL,,,2024-01-01,2024-12-31,1,1,0,0,0.0,0,0.0,0,0.0,13.0,13.0,13.0,9.0,9.0,9.0,0,0.0,0,0.0,0,0.0,-4.0,-4.0,0,,0,
flight_number,HNL,ITO,HA,HA1191.0,ITO→HNL,,,2024-01-01,2024-12-31,1,1,0,0,0.0,0,0.0,0,0.0,19.0,19.0,19.0,5.0,5.0,5.0,0,0.0,0,0.0,0,0.0,-14.0,-14.0,0,,0,
flight_number,HNL,ITO,HA,HA121.0,ITO→HNL,,,2024-01-01,2024-12-31,127,126,1,0,0.007874,3,0.02381,1,0.007937,3.42,-1.0,10.5,4.68,0.0,5.0,9,0.071429,6,0.047619,3,0.02381,-1.85,0.0,0,0.0,0,0.0
flight_number,HNL,ITO,HA,HA131.0,ITO→HNL,,,2024-01-01,2024-12-31,236,235,1,0,0.004237,3,0.012766,1,0.004255,-0.01,-3.0,8.6,2.85,0.0,4.0,10,0.042553,6,0.025532,3,0.012766,-0.73,0.0,0,0.0,0,0.0
flight_number,HNL,ITO,HA,HA141.0,ITO→HNL,,,2024-01-01,2024-12-31,4,3,1,0,0.25,0,0.0,0,0.0,2.67,-5.0,14.2,8.33,0.0,20.0,1,0.333333,0,0.0,0,0.0,2.0,0.0,0,,0,
flight_number,HNL,ITO,HA,HA151.0,ITO→HNL,,,2024-01-01,2024-12-31,207,207,0,0,0.0,4,0.019324,0,0.0,1.87,-1.0,15.4,3.05,0.0,10.0,12,0.057971,4,0.019324,3,0.014493,-2.08,0.0,0,0.0,0,0.0
flight_number,HNL,ITO,HA,HA161.0,ITO→HNL,,,2024-01-01,2024-12-31,356,350,6,0,0.016854,4,0.011429,0,0.0,1.09,-3.0,13.1,4.15,0.0,11.0,26,0.074286,13,0.037143,4,0.011429,-1.16,0.0,0,0.0,0,0.0
flight_number,HNL,ITO,HA,HA171.0,ITO→HNL,,,2024-01-01,2024-12-31,128,127,1,0,0.007812,1,0.007874,0,0.0,0.38,-1.0,11.4,3.58,0.0,10.0,8,0.062992,4,0.031496,1,0.007874,-0.37,0.0,0,0.0,0,0.0
flight_number,HNL,ITO,HA,HA181.0,ITO→HNL,,,2024-01-01,2024-12-31,347,339,8,0,0.023055,5,0.014749,0,0.0,2.03,-2.0,17.2,4.57,0.0,13.0,27,0.079646,8,0.023599,6,0.017699,-1.28,0.0,0,0.0,0,0.0
flight_number,HNL,ITO,HA,HA201.0,ITO→HNL,,,2024-01-01,2024-12-31,127,125,2,0,0.015748,0,0.0,0,0.0,1.34,0.0,12.0,2.02,0.0,5.6,7,0.056,1,0.008,0,0.0,-2.01,0.0,0,0.0,0,
flight_number,HNL,ITO,HA,HA211.0,ITO→HNL,,,2024-01-01,2024-12-31,1,1,0,0,0.0,0,0.0,0,0.0,17.0,17.0,17.0,22.0,22.0,22.0,1,1.0,0,0.0,0,0.0,5.0,5.0,0,,0,
flight_number,HNL,ITO,HA,HA221.0,ITO→HNL,,,2024-01-01,2024-12-31,163,160,3,0,0.018405,3,0.01875,1,0.00625,5.98,0.5,19.1,7.24,0.0,18.0,18,0.1125,7,0.04375,3,0.01875,-1.58,0.0,0,0.0,0,0.0
flight_number,HNL,ITO,HA,HA231.0,ITO→HNL,,,2024-01-01,2024-12-31,74,74,0,0,0.0,3,0.040541,0,0.0,1.57,-2.5,15.7,6.04,0.0,16.7,9,0.121622,4,0.054054,2,0.027027,0.07,0.0,0,0.0,0,0.0
flight_number,HNL,ITO,HA,HA241.0,ITO→HNL,,,2024-01-01,2024-12-31,224,221,3,0,0.013393,4,0.0181,0,0.0,2.43,-2.0,16.0,5.67,0.0,14.0,20,0.090498,10,0.045249,4,0.0181,-0.48,0.0,0,0.0,0,0.0
flight_number,HNL,ITO,HA,HA251.0,ITO→HNL,,,2024-01-01,2024-12-31,98,98,0,0,0.0,1,0.010204,0,0.0,3.67,1.0,19.0,6.05,0.0,19.3,12,0.122449,2,0.020408,1,0.010204,-0.72,0.0,0,0.0,0,0.0
flight_number,HNL,ITO,HA,HA261.0,ITO→HNL,,,2024-01-01,2024-12-31,354,350,4,0,0.011299,10,0.028571,0,0.0,4.95,0.0,21.1,8.07,2.0,22.0,57,0.162857,23,0.065714,8,0.022857,0.21,0.0,0,0.0,0,0.0
flight_number,HNL,ITO,HA,HA281.0,ITO→HNL,,,2024-01-01,2024-12-31,129,128,1,0,0.007752,5,0.039062,0,0.0,8.31,3.0,31.6,8.0,0.5,21.3,17,0.132812,12,0.09375,3,0.023438,-2.7,0.0,0,0.0,0,0.0
flight_number,HNL,ITO,HA,HA311.0,ITO→HNL,,,2024-01-01,2024-12-31,236,234,2,0,0.008475,8,0.034188,0,0.0,9.71,4.0,25.0,14.12,9.0,28.0,70,0.299145,20,0.08547,9,0.038462,2.72,3.0,0,0.0,0,0.0
flight_number,HNL,ITO,HA,HA321.0,ITO→HNL,,,2024-01-01,2024-12-31,69,69,0,0,0.0,2,0.028986,0,0.0,7.75,2.0,25.4,7.71,0.0,18.2,9,0.130435,4,0.057971,1,0.014493,-2.33,0.0,0,0.0,0,0.0
flight_number,HNL,ITO,HA,HA331.0,ITO→HNL,,,2024-01-01,2024-12-31,49,47,2,0,0.040816,4,0.085106,1,0.021277,13.7,1.0,47.4,19.17,8.0,50.4,18,0.382979,8,0.170213,4,0.085106,2.62,3.0,0,0.0,0,0.0
flight_number,HNL,ITO,HA,HA341.0,ITO→HNL,,,2024-01-01,2024-12-31,110,109,1,0,0.009091,4,0.036697,0,0.0,11.63,4.0,34.0,13.17,4.0,31.2,28,0.256881,11,0.100917,4,0.036697,-0.45,0.0,0,0.0,0,0.0
flight_number,HNL,ITO,HA,HA351.0,ITO→HNL,,,2024-01-01,2024-12-31,237,234,3,0,0.012658,11,0.047009,0,0.0,8.6,3.0,34.0,11.66,4.5,35.8,57,0.24359,26,0.111111,9,0.038462,0.43,0.0,0,0.0,0,0.0
flight_number,HNL,ITO,HA,HA359.0,ITO→HNL,,,2024-01-01,2024-12-31,11,11,0,0,0.0,0,0.0,0,0.0,1.36,-1.0,11.0,1.91,0.0,1.0,1,0.090909,0,0.0,0,0.0,-1.91,0.0,0,,0,
flight_number,HNL,ITO,HA,HA361.0,ITO→HNL,,,2024-01-01,2024-12-31,97,95,2,0,0.020619,1,0.010526,0,0.0,3.56,0.0,18.6,6.44,0.0,18.0,12,0.126316,5,0.052632,1,0.010526,-0.14,0.0,0,0.0,0,0.0
flight_number,HNL,ITO,HA,HA369.0,ITO→HNL,,,2024-01-01,2024-12-31,2,2,0,0,0.0,0,0.0,0,0.0,6.0,6.0,15.6,3.0,3.0,5.4,0,0.0,0,0.0,0,0.0,-6.0,-6.0,0,,0,
flight_number,HNL,ITO,HA,HA379.0,ITO→HNL,,,2024-01-01,2024-12-31,10,10,0,0,0.0,0,0.0,0,0.0,8.0,5.5,30.0,5.2,0.5,13.1,0,0.0,0,0.0,0,0.0,-4.1,-0.5,0,,0,
flight_number,HNL,ITO,HA,HA381.0,ITO→HNL,,,2024-01-01,2024-12-31,357,352,5,0,0.014006,12,0.034091,0,0.0,7.22,1.0,28.7,9.53,1.0,27.0,68,0.193182,29,0.082386,10,0.028409,-0.73,0.0,0,0.0,0,0.0
flight_number,HNL,ITO,HA,HA501.0,ITO→HNL,,,2024-01-01,2024-12-31,103,103,0,0,0.0,2,0.019417,0,0.0,2.7,-2.0,14.8,5.91,0.0,11.8,10,0.097087,5,0.048544,2,0.019417,-0.39,0.0,0,0.0,0,0.0
flight_number,HNL,ITO,HA,HA511.0,ITO→HNL,,,2024-01-01,2024-12-31,2,2,0,0,0.0,0,0.0,0,0.0,5.5,5.5,6.7,10.5,10.5,11.7,0,0.0,0,0.0,0,0.0,5.0,5.0,0,,0,
flight_number,HNL,ITO,HA,HA521.0,ITO→HNL,,,2024-01-01,2024-12-31,1,1,0,0,0.0,0,0.0,0,0.0,0.0,0.0,0.0,0.0,0.0,0.0,0,0.0,0,0.0,0,0.0,0.0,0.0,0,,0,
flight_number,HNL,ITO,HA,HA531.0,ITO→HNL,,,2024-01-01,2024-12-31,145,143,2,0,0.013793,6,0.041958,0,0.0,4.2,-2.0,21.4,7.07,0.0,19.0,18,0.125874,10,0.06993,6,0.041958,-0.84,0.0,0,0.0,0,0.0
flight_number,HNL,ITO,HA,HA541.0,ITO→HNL,,,2024-01-01,2024-12-31,76,76,0,0,0.0,3,0.039474,0,0.0,1.14,-3.5,13.5,5.12,0.0,13.5,7,0.092105,4,0.052632,1,0.013158,-0.46,0.0,0,0.0,0,0.0
flight_number,HNL,ITO,HA,HA551.0,ITO→HNL,,,2024-01-01,2024-12-31,99,97,2,0,0.020202,0,0.0,0,0.0,-8.34,-10.0,-1.0,0.92,0.0,0.0,2,0.020619,1,0.010309,0,0.0,-0.08,0.0,0,0.0,0,
flight_number,HNL,ITO,HA,HA561.0,ITO→HNL,,,2024-01-01,2024-12-31,104,104,0,0,0.0,4,0.038462,0,0.0,9.65,3.5,31.7,10.6,2.0,32.1,22,0.211538,11,0.105769,4,0.038462,-1.33,0.0,0,0.0,0,0.0
flight_number,HNL,ITO,HA,HA571.0,ITO→HNL,,,2024-01-01,2024-12-31,1,1,0,0,0.0,0,0.0,0,0.0,-25.0,-25.0,-25.0,0.0,0.0,0.0,0,0.0,0,0.0,0,0.0,0.0,0.0,0,,0,
flight_number,HNL,ITO,HA,HA581.0,ITO→HNL,,,2024-01-01,2024-12-31,1,1,0,0,0.0,0,0.0,0,0.0,-7.0,-7.0,-7.0,0.0,0.0,0.0,0,0.0,0,0.0,0,0.0,0.0,0.0,0,,0,
flight_number,HNL,ITO,WN,WN1020.0,ITO→HNL,,,2024-01-01,2024-12-31,31,31,0,0,0.0,1,0.032258,0,0.0,-6.16,-9.0,-5.0,3.39,0.0,2.0,1,0.032258,1,0.032258,1,0.032258,0.87,0.0,0,0.0,0,0.0
flight_number,HNL,ITO,WN,WN1133.0,ITO→HNL,,,2024-01-01,2024-12-31,59,59,0,0,0.0,1,0.016949,0,0.0,-1.66,-3.0,2.0,1.19,0.0,0.0,1,0.016949,1,0.016949,0,0.0,-0.86,0.0,0,0.0,0,
flight_number,HNL,ITO,WN,WN1242.0,ITO→HNL,,,2024-01-01,2024-12-31,7,7,0,0,0.0,0,0.0,0,0.0,6.71,-8.0,33.0,13.29,0.0,34.4,2,0.285714,1,0.142857,1,0.142857,0.57,0.0,0,0.0,0,0.0
flight_number,HNL,ITO,WN,WN1362.0,ITO→HNL,,,2024-01-01,2024-12-31,59,57,2,0,0.033898,0,0.0,0,0.0,-6.88,-9.0,2.4,0.84,0.0,0.0,1,0.017544,1,0.017544,0,0.0,-0.35,0.0,0,0.0,0,
flight_number,HNL,ITO,WN,WN1489.0,ITO→HNL,,,2024-01-01,2024-12-31,33,33,0,0,0.0,0,0.0,0,0.0,-3.18,-4.0,2.8,1.42,0.0,2.6,1,0.030303,1,0.030303,0,0.0,-0.06,0.0,0,0.0,0,
flight_number,HNL,ITO,WN,WN1491.0,ITO→HNL,,,2024-01-01,2024-12-31,33,33,0,0,0.0,1,0.030303,0,0.0,-0.09,-3.0,5.0,2.12,0.0,3.6,1,0.030303,1,0.030303,0,0.0,-1.48,0.0,0,0.0,0,
flight_number,HNL,ITO,WN,WN1492.0,ITO→HNL,,,2024-01-01,2024-12-31,33,33,0,0,0.0,0,0.0,0,0.0,-6.64,-8.0,2.8,0.82,0.0,1.8,0,0.0,0,0.0,0,0.0,-0.15,0.0,0,,0,
flight_number,HNL,ITO,WN,WN1493.0,ITO→HNL,,,2024-01-01,2024-12-31,33,33,0,0,0.0,0,0.0,0,0.0,-7.36,-10.0,-5.0,2.33,0.0,0.0,2,0.060606,1,0.030303,0,0.0,0.06,0.0,0,0.0,0,
flight_number,HNL,ITO,WN,WN1494.0,ITO→HNL,,,2024-01-01,2024-12-31,32,32,0,0,0.0,1,0.03125,0,0.0,-4.16,-7.0,-0.2,2.09,0.0,0.0,1,0.03125,1,0.03125,1,0.03125,-0.25,0.0,0,0.0,0,0.0
flight_number,HNL,ITO,WN,WN1499.0,ITO→HNL,,,2024-01-01,2024-12-31,59,59,0,0,0.0,0,0.0,0,0.0,-6.93,-9.0,3.4,1.49,0.0,5.2,1,0.016949,0,0.0,0,0.0,0.46,0.0,0,,0,
flight_number,HNL,ITO,WN,WN1567.0,ITO→HNL,,,2024-01-01,2024-12-31,59,59,0,0,0.0,0,0.0,0,0.0,-5.63,-7.0,1.0,0.86,0.0,0.0,1,0.016949,1,0.016949,0,0.0,-0.66,0.0,0,0.0,0,
flight_number,HNL,ITO,WN,WN1595.0,ITO→HNL,,,2024-01-01,2024-12-31,59,58,1,0,0.016949,0,0.0,0,0.0,-9.9,-11.0,-1.7,1.74,0.0,6.6,2,0.034483,1,0.017241,0,0.0,1.03,0.0,0,0.0,0,
flight_number,HNL,ITO,WN,WN1648.0,ITO→HNL,,,2024-01-01,2024-12-31,7,7,0,0,0.0,1,0.142857,0,0.0,14.57,-4.0,52.4,21.29,0.0,60.0,3,0.428571,2,0.285714,1,0.142857,3.0,0.0,0,0.0,0,0.0
flight_number,HNL,ITO,WN,WN1678.0,ITO→HNL,,,2024-01-01,2024-12-31,62,62,0,0,0.0,0,0.0,0,0.0,-3.24,-5.0,2.0,0.94,0.0,2.9,1,0.016129,0,0.0,0,0.0,-0.66,0.0,0,,0,
flight_number,HNL,ITO,WN,WN2026.0,ITO→HNL,,,2024-01-01,2024-12-31,56,56,0,0,0.0,0,0.0,0,0.0,-1.5,-2.0,6.0,0.18,0.0,0.0,0,0.0,0,0.0,0,0.0,-1.41,0.0,0,,0,
flight_number,HNL,ITO,WN,WN2029.0,ITO→HNL,,,2024-01-01,2024-12-31,56,56,0,0,0.0,0,0.0,0,0.0,-0.54,-2.5,7.0,0.45,0.0,0.0,0,0.0,0,0.0,0,0.0,-1.88,0.0,0,,0,
flight_number,HNL,ITO,WN,WN2030.0,ITO→HNL,,,2024-01-01,2024-12-31,56,56,0,0,0.0,2,0.035714,0,0.0,-4.46,-10.0,6.5,3.84,0.0,1.0,3,0.053571,2,0.035714,2,0.035714,-0.43,0.0,0,0.0,0,0.0
flight_number,HNL,ITO,WN,WN2031.0,ITO→HNL,,,2024-01-01,2024-12-31,56,56,0,0,0.0,0,0.0,0,0.0,-9.14,-11.0,-1.5,0.89,0.0,1.0,1,0.017857,0,0.0,0,0.0,0.55,0.0,0,,0,
flight_number,HNL,ITO,WN,WN2131.0,ITO→HNL,,,2024-01-01,2024-12-31,59,59,0,0,0.0,0,0.0,0,0.0,-5.75,-9.0,1.2,0.61,0.0,1.0,0,0.0,0,0.0,0,0.0,-1.36,0.0,0,,0,
flight_number,HNL,ITO,WN,WN2142.0,ITO→HNL,,,2024-01-01,2024-12-31,7,7,0,0,0.0,0,0.0,0,0.0,-11.29,-11.0,-7.6,0.29,0.0,0.8,0,0.0,0,0.0,0,0.0,0.29,0.0,0,,0,
flight_number,HNL,ITO,WN,WN2265.0,ITO→HNL,,,2024-01-01,2024-12-31,31,31,0,0,0.0,1,0.032258,0,0.0,-3.97,-9.0,2.0,2.0,0.0,1.0,1,0.032258,1,0.032258,0,0.0,-1.71,0.0,0,0.0,0,
flight_number,HNL,ITO,WN,WN2425.0,ITO→HNL,,,2024-01-01,2024-12-31,59,59,0,0,0.0,0,0.0,0,0.0,-4.58,-7.0,6.6,2.44,0.0,8.4,4,0.067797,1,0.016949,0,0.0,0.31,0.0,0,0.0,0,
flight_number,HNL,ITO,WN,WN2431.0,ITO→HNL,,,2024-01-01,2024-12-31,7,7,0,0,0.0,0,0.0,0,0.0,-7.71,-11.0,-0.2,0.0,0.0,0.0,0,0.0,0,0.0,0,0.0,-1.0,0.0,0,,0,
flight_number,HNL,ITO,WN,WN2448.0,ITO→HNL,,,2024-01-01,2024-12-31,59,59,0,0,0.0,1,0.016949,0,0.0,1.31,-5.0,13.6,4.0,0.0,4.2,4,0.067797,3,0.050847,1,0.016949,-1.42,0.0,0,0.0,0,0.0
flight_number,HNL,ITO,WN,WN3035.0,ITO→HNL,,,2024-01-01,2024-12-31,62,62,0,0,0.0,0,0.0,0,0.0,-7.05,-9.0,1.9,1.23,0.0,0.0,3,0.048387,1,0.016129,0,0.0,-0.35,0.0,0,0.0,0,
flight_number,HNL,ITO,WN,WN3331.0,ITO→HNL,,,2024-01-01,2024-12-31,31,31,0,0,0.0,0,0.0,0,0.0,-8.16,-9.0,-4.0,1.1,0.0,0.0,1,0.032258,0,0.0,0,0.0,0.26,0.0,0,0.0,0,
flight_number,HNL,ITO,WN,WN3367.0,ITO→HNL,,,2024-01-01,2024-12-31,62,62,0,0,0.0,0,0.0,0,0.0,-5.05,-7.0,6.6,1.5,0.0,0.0,2,0.032258,1,0.016129,0,0.0,-0.55,0.0,0,0.0,0,
flight_number,HNL,ITO,WN,WN3472.0,ITO→HNL,,,2024-01-01,2024-12-31,59,59,0,0,0.0,0,0.0,0,0.0,-8.95,-10.0,-3.8,0.93,0.0,0.0,1,0.016949,1,0.016949,0,0.0,0.15,0.0,0,0.0,0,
flight_number,HNL,ITO,WN,WN4030.0,ITO→HNL,,,2024-01-01,2024-12-31,31,31,0,0,0.0,0,0.0,0,0.0,-4.45,-8.0,8.0,3.65,0.0,14.0,3,0.096774,1,0.032258,0,0.0,0.97,0.0,0,0.0,0,
flight_number,HNL,ITO,WN,WN4107.0,ITO→HNL,,,2024-01-01,2024-12-31,58,58,0,0,0.0,0,0.0,0,0.0,-9.6,-12.0,1.6,0.55,0.0,0.0,1,0.017241,0,0.0,0,0.0,-0.26,0.0,0,,0,
flight_number,HNL,ITO,WN,WN4441.0,ITO→HNL,,,2024-01-01,2024-12-31,30,30,0,0,0.0,1,0.033333,0,0.0,-5.23,-9.0,1.1,4.5,0.0,0.1,2,0.066667,1,0.033333,1,0.033333,0.5,0.0,0,0.0,0,0.0
flight_number,HNL,ITO,WN,WN4645.0,ITO→HNL,,,2024-01-01,2024-12-31,59,58,1,0,0.016949,0,0.0,0,0.0,-8.83,-11.0,0.6,0.91,0.0,1.0,1,0.017241,0,0.0,0,0.0,0.16,0.0,0,,0,
flight_number,HNL,ITO,WN,WN4656.0,ITO→HNL,,,2024-01-01,2024-12-31,59,57,2,0,0.033898,1,0.017544,0,0.0,-11.23,-13.0,-5.2,1.44,0.0,0.0,1,0.017544,1,0.017544,1,0.017544,-0.07,0.0,0,0.0,0,0.0
flight_number,HNL,ITO,WN,WN4731.0,ITO→HNL,,,2024-01-01,2024-12-31,62,62,0,0,0.0,1,0.016129,0,0.0,-3.21,-8.5,13.0,3.26,0.0,3.0,3,0.048387,2,0.032258,1,0.016129,-1.21,0.0,0,0.0,0,0.0
flight_number,HNL,ITO,WN,WN4732.0,ITO→HNL,,,2024-01-01,2024-12-31,62,62,0,0,0.0,2,0.032258,0,0.0,-1.47,-6.0,4.9,2.56,0.0,0.0,2,0.032258,2,0.032258,2,0.032258,-0.85,0.0,0,0.0,0,0.0
flight_number,HNL,ITO,WN,WN478.0,ITO→HNL,,,2024-01-01,2024-12-31,59,59,0,0,0.0,1,0.016949,0,0.0,-2.24,-6.0,1.2,2.85,0.0,0.0,2,0.033898,1,0.016949,1,0.016949,-0.44,0.0,0,0.0,0,0.0
flight_number,HNL,ITO,WN,WN5777.0,ITO→HNL,,,2024-01-01,2024-12-31,1,1,0,0,0.0,0,0.0,0,0.0,-21.0,-21.0,-21.0,0.0,0.0,0.0,0,0.0,0,0.0,0,0.0,0.0,0.0,0,,0,
flight_number,HNL,ITO,WN,WN5988.0,ITO→HNL,,,2024-01-01,2024-12-31,1,1,0,0,0.0,0,0.0,0,0.0,-28.0,-28.0,-28.0,0.0,0.0,0.0,0,0.0,0,0.0,0,0.0,0.0,0.0,0,,0,
flight_number,HNL,ITO,WN,WN616.0,ITO→HNL,,,2024-01-01,2024-12-31,7,7,0,0,0.0,0,0.0,0,0.0,-0.71,-6.0,13.2,4.86,0.0,14.4,1,0.142857,0,0.0,0,0.0,0.29,0.0,0,0.0,0,
flight_number,HNL,ITO,WN,WN6193.0,ITO→HNL,,,2024-01-01,2024-12-31,56,56,0,0,0.0,1,0.017857,0,0.0,-3.84,-6.5,-0.5,2.82,0.0,0.0,2,0.035714,2,0.035714,1,0.017857,-0.59,0.0,0,0.0,0,0.0
flight_number,HNL,ITO,WN,WN734.0,ITO→HNL,,,2024-01-01,2024-12-31,59,59,0,0,0.0,0,0.0,0,0.0,-8.2,-9.0,-2.6,1.2,0.0,3.2,1,0.016949,1,0.016949,0,0.0,0.66,0.0,0,0.0,0,
flight_number,HNL,ITO,WN,WN814.0,ITO→HNL,,,2024-01-01,2024-12-31,59,58,1,0,0.016949,1,0.017241,0,0.0,-7.95,-10.0,-2.7,2.4,0.0,3.6,2,0.034483,1,0.017241,1,0.017241,0.57,0.0,0,0.0,0,0.0
flight_number,HNL,JFK,DL,DL268.0,JFK→HNL,,,2024-01-01,2024-12-31,182,182,0,0,0.0,11,0.06044,1,0.005495,-3.68,-8.0,29.7,13.08,0.0,38.3,29,0.159341,21,0.115385,14,0.076923,1.31,0.0,3,0.142857,2,0.142857
flight_number,HNL,JFK,DL,DL317.0,JFK→HNL,,,2024-01-01,2024-12-31,62,62,0,0,0.0,4,0.064516,0,0.0,3.06,-2.0,44.8,5.13,0.0,7.9,6,0.096774,3,0.048387,2,0.032258,-9.31,0.0,0,0.0,0,0.0
flight_number,HNL,JFK,DL,DL362.0,JFK→HNL,,,2024-01-01,2024-12-31,7,7,0,0,0.0,0,0.0,0,0.0,-39.14,-42.0,-21.2,7.29,0.0,20.6,1,0.142857,1,0.142857,0,0.0,7.14,0.0,1,1.0,0,
flight_number,HNL,JFK,DL,DL636.0,JFK→HNL,,,2024-01-01,2024-12-31,84,84,0,0,0.0,6,0.071429,1,0.011905,-3.11,-10.0,20.5,12.14,0.0,23.4,11,0.130952,7,0.083333,5,0.059524,1.51,0.0,0,0.0,0,0.0
flight_number,HNL,JFK,HA,HA1051.0,JFK→HNL,,,2024-01-01,2024-12-31,2,1,1,0,0.5,0,0.0,0,0.0,40.0,40.0,40.0,46.0,46.0,46.0,1,1.0,1,1.0,0,0.0,6.0,6.0,0,0.0,0,
flight_number,HNL,JFK,HA,HA51.0,JFK→HNL,,,2024-01-01,2024-12-31,366,363,3,1,0.008197,16,0.044077,3,0.008264,8.27,0.5,37.9,13.1,0.0,25.9,67,0.184573,31,0.085399,17,0.046832,-2.3,0.0,5,0.16129,1,0.058824
flight_number,HNL,KOA,HA,HA1062.0,KOA→HNL,,,2024-01-01,2024-12-31,1,0,1,0,1.0,0,,0,,,,,,,,0,,0,,0,,,,0,,0,
flight_number,HNL,KOA,HA,HA107.0,KOA→HNL,,,2024-01-01,2024-12-31,361,360,1,0,0.00277,6,0.016667,2,0.005556,1.74,-3.0,7.1,3.72,0.0,0.0,14,0.038889,11,0.030556,5,0.013889,-1.21,0.0,0,0.0,0,0.0
flight_number,HNL,KOA,HA,HA1107.0,KOA→HNL,,,2024-01-01,2024-12-31,1,1,0,0,0.0,0,0.0,0,0.0,3.0,3.0,3.0,0.0,0.0,0.0,0,0.0,0,0.0,0,0.0,-3.0,-3.0,0,,0,
flight_number,HNL,KOA,HA,HA1119.0,KOA→HNL,,,2024-01-01,2024-12-31,1,1,0,0,0.0,0,0.0,0,0.0,23.0,23.0,23.0,23.0,23.0,23.0,1,1.0,0,0.0,0,0.0,0.0,0.0,0,,0,
flight_number,HNL,KOA,HA,HA127.0,KOA→HNL,,,2024-01-01,2024-12-31,258,254,4,0,0.015504,3,0.011811,0,0.0,-1.67,-4.0,5.0,1.89,0.0,2.7,6,0.023622,3,0.011811,2,0.007874,-0.52,0.0,0,0.0,0,0.0
flight_number,HNL,KOA,HA,HA137.0,KOA→HNL,,,2024-01-01,2024-12-31,199,198,1,0,0.005025,1,0.005051,0,0.0,-0.2,-2.0,8.0,1.87,0.0,2.0,9,0.045455,5,0.025253,0,0.0,-1.36,0.0,0,0.0,0,0.0
flight_number,HNL,KOA,HA,HA147.0,KOA→HNL,,,2024-01-01,2024-12-31,158,157,1,0,0.006329,0,0.0,0,0.0,-2.61,-4.0,4.0,0.84,0.0,0.0,3,0.019108,1,0.006369,0,0.0,-0.78,0.0,0,0.0,0,
flight_number,HNL,KOA,HA,HA157.0,KOA→HNL,,,2024-01-01,2024-12-31,26,26,0,0,0.0,0,0.0,0,0.0,-0.85,-2.0,8.0,0.85,0.0,2.0,0,0.0,0,0.0,0,0.0,-1.65,0.0,0,,0,
flight_number,HNL,KOA,HA,HA167.0,KOA→HNL,,,2024-01-01,2024-12-31,294,293,1,0,0.003401,5,0.017065,1,0.003413,-1.63,-6.0,10.0,2.66,0.0,3.0,11,0.037543,8,0.027304,2,0.006826,-1.63,0.0,0,0.0,0,0.0
flight_number,HNL,KOA,HA,HA177.0,KOA→HNL,,,2024-01-01,2024-12-31,13,13,0,0,0.0,0,0.0,0,0.0,-1.31,-6.0,12.8,1.62,0.0,1.0,1,0.076923,0,0.0,0,0.0,-2.23,0.0,0,,0,
flight_number,HNL,KOA,HA,HA187.0,KOA→HNL,,,2024-01-01,2024-12-31,1,1,0,0,0.0,0,0.0,0,0.0,-7.0,-7.0,-7.0,1.0,1.0,1.0,0,0.0,0,0.0,0,0.0,1.0,1.0,0,,0,
flight_number,HNL,KOA,HA,HA197.0,KOA→HNL,,,2024-01-01,2024-12-31,293,287,6,0,0.020478,3,0.010453,0,0.0,1.85,-2.0,19.0,3.5,0.0,8.4,19,0.066202,8,0.027875,4,0.013937,-2.08,0.0,0,0.0,0,0.0
flight_number,HNL,KOA,HA,HA207.0,KOA→HNL,,,2024-01-01,2024-12-31,67,67,0,0,0.0,1,0.014925,0,0.0,1.81,-1.0,14.8,5.55,0.0,13.4,5,0.074627,3,0.044776,1,0.014925,-0.82,0.0,0,0.0,0,0.0
flight_number,HNL,KOA,HA,HA217.0,KOA→HNL,,,2024-01-01,2024-12-31,211,207,4,0,0.018957,3,0.014493,0,0.0,2.06,-2.0,17.0,5.35,0.0,15.8,21,0.101449,9,0.043478,3,0.014493,-0.88,0.0,0,0.0,0,0.0
flight_number,HNL,KOA,HA,HA227.0,KOA→HNL,,,2024-01-01,2024-12-31,69,67,2,0,0.028986,1,0.014925,0,0.0,1.9,-3.0,20.8,4.63,0.0,11.8,5,0.074627,4,0.059701,1,0.014925,-1.42,0.0,0,0.0,0,0.0
flight_number,HNL,KOA,HA,HA237.0,KOA→HNL,,,2024-01-01,2024-12-31,29,29,0,0,0.0,1,0.034483,0,0.0,4.0,0.0,9.2,7.14,1.0,11.8,3,0.103448,1,0.034483,1,0.034483,0.55,0.0,0,0.0,0,0.0
flight_number,HNL,KOA,HA,HA247.0,KOA→HNL,,,2024-01-01,2024-12-31,278,278,0,0,0.0,3,0.010791,2,0.007194,7.8,3.0,25.0,8.42,0.5,18.6,40,0.143885,13,0.046763,3,0.010791,-1.9,0.0,0,0.0,0,0.0
flight_number,HNL,KOA,HA,HA257.0,KOA→HNL,,,2024-01-01,2024-12-31,59,59,0,0,0.0,0,0.0,0,0.0,-0.85,-4.0,13.0,2.36,0.0,4.2,4,0.067797,2,0.033898,0,0.0,-1.31,0.0,0,0.0,0,
flight_number,HNL,KOA,HA,HA267.0,KOA→HNL,,,2024-01-01,2024-12-31,294,290,4,0,0.013605,3,0.010345,1,0.003448,3.61,-1.0,18.1,7.75,2.0,21.0,40,0.137931,14,0.048276,4,0.013793,0.56,0.0,0,0.0,0,0.0
flight_number,HNL,KOA,HA,HA277.0,KOA→HNL,,,2024-01-01,2024-12-31,68,68,0,0,0.0,6,0.088235,0,0.0,19.29,9.5,46.4,14.94,8.0,26.3,23,0.338235,6,0.088235,3,0.044118,-5.21,0.0,0,0.0,0,0.0
flight_number,HNL,KOA,HA,HA287.0,KOA→HNL,,,2024-01-01,2024-12-31,366,364,2,0,0.005464,8,0.021978,0,0.0,5.44,1.0,20.7,6.07,1.0,16.0,42,0.115385,15,0.041209,5,0.013736,-2.16,0.0,0,0.0,0,0.0
flight_number,HNL,KOA,HA,HA297.0,KOA→HNL,,,2024-01-01,2024-12-31,297,297,0,1,0.0,5,0.016835,0,0.0,0.65,-4.0,19.0,6.41,0.0,20.5,42,0.141414,16,0.053872,6,0.020202,0.42,0.0,0,0.0,0,0.0
flight_number,HNL,KOA,HA,HA307.0,KOA→HNL,,,2024-01-01,2024-12-31,364,361,3,0,0.008242,11,0.030471,0,0.0,5.6,-1.0,29.0,8.7,0.0,28.0,64,0.177285,34,0.094183,8,0.022161,-0.69,0.0,0,0.0,0,0.0
flight_number,HNL,KOA,HA,HA317.0,KOA→HNL,,,2024-01-01,2024-12-31,68,67,1,0,0.014706,4,0.059701,0,0.0,13.84,5.0,48.0,13.99,4.0,39.6,18,0.268657,9,0.134328,2,0.029851,-1.96,0.0,0,0.0,0,0.0
flight_number,HNL,KOA,HA,HA327.0,KOA→HNL,,,2024-01-01,2024-12-31,67,67,0,0,0.0,0,0.0,0,0.0,-1.97,-3.0,11.2,3.4,0.0,10.2,4,0.059701,2,0.029851,0,0.0,0.45,0.0,0,0.0,0,
flight_number,HNL,KOA,HA,HA337.0,KOA→HNL,,,2024-01-01,2024-12-31,366,363,3,0,0.008197,10,0.027548,0,0.0,1.84,-5.0,25.0,7.33,0.0,25.0,59,0.162534,25,0.068871,8,0.022039,0.05,0.0,0,0.0,0,0.0
flight_number,HNL,KOA,HA,HA347.0,KOA→HNL,,,2024-01-01,2024-12-31,307,301,6,0,0.019544,13,0.043189,0,0.0,5.93,-1.0,32.0,9.69,0.0,29.0,56,0.186047,29,0.096346,12,0.039867,0.09,0.0,0,0.0,0,0.0
flight_number,HNL,KOA,HA,HA357.0,KOA→HNL,,,2024-01-01,2024-12-31,298,287,11,0,0.036913,5,0.017422,1,0.003484,4.85,-1.0,21.0,7.37,0.0,19.0,35,0.121951,15,0.052265,5,0.017422,-0.56,0.0,0,0.0,0,0.0
flight_number,HNL,KOA,HA,HA359.0,KOA→HNL,,,2024-01-01,2024-12-31,2,2,0,0,0.0,0,0.0,0,0.0,7.0,7.0,11.8,4.5,4.5,8.1,0,0.0,0,0.0,0,0.0,-2.5,-2.5,0,,0,
flight_number,HNL,KOA,HA,HA367.0,KOA→HNL,,,2024-01-01,2024-12-31,58,58,0,0,0.0,1,0.017241,0,0.0,6.64,2.0,24.3,9.5,4.0,27.0,14,0.241379,4,0.068966,1,0.017241,0.55,0.0,0,0.0,0,0.0
flight_number,HNL,KOA,HA,HA377.0,KOA→HNL,,,2024-01-01,2024-12-31,238,237,1,0,0.004202,9,0.037975,1,0.004219,5.35,-2.0,29.0,9.49,0.0,30.0,46,0.194093,22,0.092827,8,0.033755,0.08,0.0,0,0.0,0,0.0
flight_number,HNL,KOA,HA,HA379.0,KOA→HNL,,,2024-01-01,2024-12-31,1,1,0,0,0.0,0,0.0,0,0.0,1.0,1.0,1.0,1.0,1.0,1.0,0,0.0,0,0.0,0,0.0,0.0,0.0,0,,0,
flight_number,HNL,KOA,HA,HA387.0,KOA→HNL,,,2024-01-01,2024-12-31,124,122,2,0,0.016129,6,0.04918,0,0.0,8.88,2.0,25.9,9.97,0.0,24.0,18,0.147541,10,0.081967,6,0.04918,-1.83,0.0,0,0.0,0,0.0
flight_number,HNL,KOA,HA,HA397.0,KOA→HNL,,,2024-01-01,2024-12-31,1,1,0,0,0.0,0,0.0,0,0.0,-5.0,-5.0,-5.0,0.0,0.0,0.0,0,0.0,0,0.0,0,0.0,0.0,0.0,0,,0,
flight_number,HNL,KOA,HA,HA507.0,KOA→HNL,,,2024-01-01,2024-12-31,51,49,2,0,0.039216,1,0.020408,0,0.0,8.1,3.0,24.6,8.67,2.0,24.2,9,0.183673,2,0.040816,1,0.020408,-1.0,0.0,0,0.0,0,0.0
flight_number,HNL,KOA,HA,HA509.0,KOA→HNL,,,2024-01-01,2024-12-31,1,1,0,0,0.0,0,0.0,0,0.0,-14.0,-14.0,-14.0,0.0,0.0,0.0,0,0.0,0,0.0,0,0.0,0.0,0.0,0,,0,
flight_number,HNL,KOA,HA,HA517.0,KOA→HNL,,,2024-01-01,2024-12-31,56,56,0,0,0.0,0,0.0,0,0.0,-2.29,-5.0,10.5,2.98,0.0,12.0,2,0.035714,1,0.017857,0,0.0,0.09,0.0,0,0.0,0,
flight_number,HNL,KOA,HA,HA527.0,KOA→HNL,,,2024-01-01,2024-12-31,305,303,2,0,0.006557,10,0.033003,1,0.0033,5.9,0.0,23.0,8.32,0.0,20.6,40,0.132013,21,0.069307,11,0.036304,-0.39,0.0,0,0.0,0,0.0
flight_number,HNL,KOA,HA,HA537.0,KOA→HNL,,,2024-01-01,2024-12-31,2,2,0,0,0.0,0,0.0,0,0.0,0.0,0.0,0.8,2.0,2.0,3.6,0,0.0,0,0.0,0,0.0,1.5,1.5,0,,0,
flight_number,HNL,KOA,HA,HA547.0,KOA→HNL,,,2024-01-01,2024-12-31,165,165,0,0,0.0,2,0.012121,0,0.0,2.61,-2.0,20.2,5.59,0.0,16.2,17,0.10303,11,0.066667,2,0.012121,-0.78,0.0,0,0.0,0,0.0
flight_number,HNL,KOA,HA,HA557.0,KOA→HNL,,,2024-01-01,2024-12-31,2,2,0,0,0.0,0,0.0,0,0.0,-7.5,-7.5,-5.5,0.0,0.0,0.0,0,0.0,0,0.0,0,0.0,0.0,0.0,0,,0,
flight_number,HNL,KOA,HA,HA567.0,KOA→HNL,,,2024-01-01,2024-12-31,34,33,1,0,0.029412,2,0.060606,0,0.0,8.33,0.0,30.2,8.94,0.0,26.8,4,0.121212,3,0.090909,2,0.060606,-2.42,0.0,0,0.0,0,0.0
flight_number,HNL,KOA,HA,HA587.0,KOA→HNL,,,2024-01-01,2024-12-31,1,1,0,0,0.0,0,0.0,0,0.0,-7.0,-7.0,-7.0,0.0,0.0,0.0,0,0.0,0,0.0,0,0.0,0.0,0.0,0,,0,
flight_number,HNL,KOA,WN,WN1002.0,KOA→HNL,,,2024-01-01,2024-12-31,7,7,0,0,0.0,0,0.0,0,0.0,-8.29,-11.0,-1.0,1.71,0.0,4.8,0,0.0,0,0.0,0,0.0,1.0,0.0,0,,0,
flight_number,HNL,KOA,WN,WN1101.0,KOA→HNL,,,2024-01-01,2024-12-31,31,31,0,0,0.0,0,0.0,0,0.0,-8.0,-9.0,-4.0,0.23,0.0,0.0,0,0.0,0,0.0,0,0.0,-0.23,0.0,0,,0,
flight_number,HNL,KOA,WN,WN1156.0,KOA→HNL,,,2024-01-01,2024-12-31,58,58,0,0,0.0,1,0.017241,0,0.0,-5.48,-8.0,-3.0,2.69,0.0,0.0,2,0.034483,1,0.017241,1,0.017241,-0.09,0.0,0,0.0,0,0.0
flight_number,HNL,KOA,WN,WN1190.0,KOA→HNL,,,2024-01-01,2024-12-31,7,7,0,0,0.0,0,0.0,0,0.0,-9.14,-9.0,-6.0,0.0,0.0,0.0,0,0.0,0,0.0,0,0.0,0.0,0.0,0,,0,
flight_number,HNL,KOA,WN,WN1334.0,KOA→HNL,,,2024-01-01,2024-12-31,59,58,1,0,0.016949,0,0.0,0,0.0,-9.21,-10.0,-3.7,0.16,0.0,0.0,0,0.0,0,0.0,0,0.0,-0.07,0.0,0,,0,
flight_number,HNL,KOA,WN,WN1353.0,KOA→HNL,,,2024-01-01,2024-12-31,59,58,1,0,0.016949,0,0.0,0,0.0,-0.83,-2.5,11.3,0.6,0.0,1.3,0,0.0,0,0.0,0,0.0,-2.95,0.0,0,,0,
flight_number,HNL,KOA,WN,WN1447.0,KOA→HNL,,,2024-01-01,2024-12-31,59,58,1,0,0.016949,0,0.0,0,0.0,-5.86,-6.0,3.0,0.48,0.0,0.0,1,0.017241,0,0.0,0,0.0,-0.47,0.0,0,,0,
flight_number,HNL,KOA,WN,WN1496.0,KOA→HNL,,,2024-01-01,2024-12-31,33,33,0,0,0.0,0,0.0,0,0.0,-5.82,-7.0,0.6,1.24,0.0,6.8,0,0.0,0,0.0,0,0.0,0.61,0.0,0,,0,
flight_number,HNL,KOA,WN,WN1498.0,KOA→HNL,,,2024-01-01,2024-12-31,33,33,0,0,0.0,0,0.0,0,0.0,-3.39,-6.0,6.8,0.91,0.0,2.4,1,0.030303,0,0.0,0,0.0,-1.21,0.0,0,,0,
flight_number,HNL,KOA,WN,WN1499.0,KOA→HNL,,,2024-01-01,2024-12-31,33,33,0,0,0.0,1,0.030303,0,0.0,-8.7,-13.0,2.6,3.94,0.0,8.4,2,0.060606,1,0.030303,1,0.030303,1.09,0.0,0,0.0,0,0.0
flight_number,HNL,KOA,WN,WN1500.0,KOA→HNL,,,2024-01-01,2024-12-31,33,33,0,0,0.0,0,0.0,0,0.0,-7.09,-8.0,1.4,0.18,0.0,0.0,0,0.0,0,0.0,0,0.0,-0.48,0.0,0,,0,
flight_number,HNL,KOA,WN,WN1502.0,KOA→HNL,,,2024-01-01,2024-12-31,33,33,0,0,0.0,1,0.030303,0,0.0,-6.0,-12.0,7.2,5.18,0.0,11.6,3,0.090909,1,0.030303,1,0.030303,0.7,0.0,0,0.0,0,0.0
flight_number,HNL,KOA,WN,WN1503.0,KOA→HNL,,,2024-01-01,2024-12-31,33,33,0,0,0.0,0,0.0,0,0.0,-11.39,-12.0,-2.2,0.3,0.0,0.0,0,0.0,0,0.0,0,0.0,0.3,0.0,0,,0,
flight_number,HNL,KOA,WN,WN1635.0,KOA→HNL,,,2024-01-01,2024-12-31,1,1,0,0,0.0,0,0.0,0,0.0,2.0,2.0,2.0,11.0,11.0,11.0,0,0.0,0,0.0,0,0.0,9.0,9.0,0,,0,
flight_number,HNL,KOA,WN,WN2008.0,KOA→HNL,,,2024-01-01,2024-12-31,59,58,1,0,0.016949,1,0.017241,0,0.0,-4.24,-10.0,17.2,3.64,0.0,9.2,5,0.086207,4,0.068966,0,0.0,-1.03,0.0,0,0.0,0,
flight_number,HNL,KOA,WN,WN2015.0,KOA→HNL,,,2024-01-01,2024-12-31,7,7,0,0,0.0,0,0.0,0,0.0,-12.14,-13.0,-6.4,0.0,0.0,0.0,0,0.0,0,0.0,0,0.0,0.0,0.0,0,,0,
flight_number,HNL,KOA,WN,WN2034.0,KOA→HNL,,,2024-01-01,2024-12-31,56,56,0,0,0.0,0,0.0,0,0.0,-3.86,-6.0,7.0,2.11,0.0,9.5,2,0.035714,0,0.0,0,0.0,0.59,0.0,0,,0,
flight_number,HNL,KOA,WN,WN2035.0,KOA→HNL,,,2024-01-01,2024-12-31,56,54,2,0,0.035714,0,0.0,0,0.0,-5.81,-8.0,0.7,0.69,0.0,0.0,1,0.018519,1,0.018519,0,0.0,-0.24,0.0,0,0.0,0,
flight_number,HNL,KOA,WN,WN2036.0,KOA→HNL,,,2024-01-01,2024-12-31,56,56,0,0,0.0,3,0.053571,0,0.0,7.18,-1.0,31.5,7.12,0.0,17.0,7,0.125,3,0.053571,3,0.053571,-3.32,0.0,0,0.0,0,0.0
flight_number,HNL,KOA,WN,WN2039.0,KOA→HNL,,,2024-01-01,2024-12-31,115,115,0,0,0.0,0,0.0,0,0.0,-9.0,-12.0,3.2,1.69,0.0,1.6,5,0.043478,2,0.017391,0,0.0,-0.24,0.0,0,0.0,0,
flight_number,HNL,KOA,WN,WN2057.0,KOA→HNL,,,2024-01-01,2024-12-31,59,58,1,0,0.016949,0,0.0,0,0.0,-14.21,-16.0,-1.7,0.36,0.0,0.0,0,0.0,0,0.0,0,0.0,0.02,0.0,0,,0,
flight_number,HNL,KOA,WN,WN2071.0,KOA→HNL,,,2024-01-01,2024-12-31,62,61,1,0,0.016129,2,0.032787,0,0.0,2.48,-4.0,16.0,4.74,0.0,8.0,6,0.098361,3,0.04918,2,0.032787,-2.2,0.0,0,0.0,0,0.0
flight_number,HNL,KOA,WN,WN2203.0,KOA→HNL,,,2024-01-01,2024-12-31,31,31,0,0,0.0,1,0.032258,0,0.0,-1.9,-8.0,7.0,3.74,0.0,0.0,2,0.064516,1,0.032258,1,0.032258,-1.1,0.0,0,0.0,0,0.0
flight_number,HNL,KOA,WN,WN2287.0,KOA→HNL,,,2024-01-01,2024-12-31,7,7,0,0,0.0,0,0.0,0,0.0,-10.86,-12.0,-4.4,2.0,0.0,5.6,0,0.0,0,0.0,0,0.0,1.43,0.0,0,,0,
flight_number,HNL,KOA,WN,WN2292.0,KOA→HNL,,,2024-01-01,2024-12-31,59,58,1,0,0.016949,2,0.034483,0,0.0,-2.02,-9.5,13.1,8.16,0.0,19.1,7,0.12069,5,0.086207,4,0.068966,1.21,0.0,0,0.0,0,0.0
flight_number,HNL,KOA,WN,WN2374.0,KOA→HNL,,,2024-01-01,2024-12-31,59,59,0,0,0.0,0,0.0,0,0.0,-12.75,-14.0,-7.8,1.34,0.0,0.0,2,0.033898,1,0.016949,0,0.0,0.24,0.0,0,0.0,0,
flight_number,HNL,KOA,WN,WN2505.0,KOA→HNL,,,2024-01-01,2024-12-31,59,59,0,0,0.0,4,0.067797,0,0.0,-2.53,-10.0,3.8,7.2,0.0,0.0,4,0.067797,4,0.067797,4,0.067797,0.07,0.0,0,0.0,0,0.0
flight_number,HNL,KOA,WN,WN2550.0,KOA→HNL,,,2024-01-01,2024-12-31,62,62,0,0,0.0,1,0.016129,1,0.016129,0.66,-5.5,13.7,6.47,0.0,13.8,4,0.064516,1,0.016129,1,0.016129,-0.05,0.0,0,0.0,0,0.0
flight_number,HNL,KOA,WN,WN2591.0,KOA→HNL,,,2024-01-01,2024-12-31,31,31,0,0,0.0,0,0.0,0,0.0,-6.26,-6.0,5.0,1.61,0.0,2.0,2,0.064516,0,0.0,0,0.0,0.26,0.0,0,,0,
flight_number,HNL,KOA,WN,WN2774.0,KOA→HNL,,,2024-01-01,2024-12-31,58,58,0,0,0.0,2,0.034483,0,0.0,-1.38,-8.0,13.9,7.02,0.0,22.9,8,0.137931,5,0.086207,2,0.034483,0.83,0.0,0,0.0,0,0.0
flight_number,HNL,KOA,WN,WN3059.0,KOA→HNL,,,2024-01-01,2024-12-31,7,7,0,0,0.0,0,0.0,0,0.0,-11.71,-11.0,-10.2,0.0,0.0,0.0,0,0.0,0,0.0,0,0.0,0.0,0.0,0,,0,
flight_number,HNL,KOA,WN,WN3100.0,KOA→HNL,,,2024-01-01,2024-12-31,62,62,0,0,0.0,0,0.0,0,0.0,-9.21,-13.0,5.7,2.32,0.0,0.9,4,0.064516,2,0.032258,0,0.0,0.18,0.0,0,0.0,0,
flight_number,HNL,KOA,WN,WN3232.0,KOA→HNL,,,2024-01-01,2024-12-31,58,58,0,0,0.0,0,0.0,0,0.0,-4.48,-9.5,12.9,4.31,0.0,20.2,7,0.12069,3,0.051724,1,0.017241,0.29,0.0,0,0.0,0,0.0
flight_number,HNL,KOA,WN,WN3426.0,KOA→HNL,,,2024-01-01,2024-12-31,31,31,0,0,0.0,1,0.032258,0,0.0,-3.71,-9.0,5.0,6.03,0.0,2.0,3,0.096774,1,0.032258,1,0.032258,0.48,0.0,0,0.0,0,0.0
flight_number,HNL,KOA,WN,WN3530.0,KOA→HNL,,,2024-01-01,2024-12-31,59,59,0,0,0.0,6,0.101695,0,0.0,19.2,13.0,56.6,20.76,14.0,48.4,28,0.474576,14,0.237288,4,0.067797,-0.63,1.0,0,0.0,0,0.0
flight_number,HNL,KOA,WN,WN3693.0,KOA→HNL,,,2024-01-01,2024-12-31,59,58,1,0,0.016949,0,0.0,0,0.0,-3.57,-4.0,3.6,0.38,0.0,0.0,1,0.017241,0,0.0,0,0.0,-0.91,0.0,0,,0,
flight_number,HNL,KOA,WN,WN4063.0,KOA→HNL,,,2024-01-01,2024-12-31,31,31,0,0,0.0,0,0.0,0,0.0,-11.52,-13.0,-6.0,0.52,0.0,1.0,0,0.0,0,0.0,0,0.0,0.42,0.0,0,,0,
flight_number,HNL,KOA,WN,WN417.0,KOA→HNL,,,2024-01-01,2024-12-31,59,58,1,0,0.016949,1,0.017241,1,0.017241,2.5,-5.0,1.3,8.62,0.0,0.0,1,0.017241,1,0.017241,1,0.017241,-0.17,0.0,0,0.0,0,0.0
flight_number,HNL,KOA,WN,WN4288.0,KOA→HNL,,,2024-01-01,2024-12-31,30,30,0,0,0.0,2,0.066667,0,0.0,0.37,-7.5,12.3,7.13,0.0,13.6,3,0.1,3,0.1,1,0.033333,-0.33,0.0,0,0.0,0,0.0
flight_number,HNL,KOA,WN,WN4647.0,KOA→HNL,,,2024-01-01,2024-12-31,59,59,0,0,0.0,0,0.0,0,0.0,-9.59,-12.0,6.4,2.1,0.0,4.4,1,0.016949,1,0.016949,1,0.016949,-0.19,0.0,0,0.0,0,0.0
flight_number,HNL,KOA,WN,WN492.0,KOA→HNL,,,2024-01-01,2024-12-31,59,59,0,0,0.0,0,0.0,0,0.0,-6.68,-9.0,2.2,1.49,0.0,3.0,1,0.016949,1,0.016949,0,0.0,0.24,0.0,0,0.0,0,
flight_number,HNL,KOA,WN,WN5014.0,KOA→HNL,,,2024-01-01,2024-12-31,56,55,1,0,0.017857,0,0.0,0,0.0,-8.2,-10.0,0.6,1.56,0.0,2.4,3,0.054545,1,0.018182,0,0.0,0.18,0.0,0,0.0,0,
flight_number,HNL,KOA,WN,WN519.0,KOA→HNL,,,2024-01-01,2024-12-31,62,61,1,0,0.016129,1,0.016393,0,0.0,-3.49,-7.0,8.0,2.34,0.0,1.0,3,0.04918,1,0.016393,1,0.016393,-0.7,0.0,0,0.0,0,0.0
flight_number,HNL,KOA,WN,WN5361.0,KOA→HNL,,,2024-01-01,2024-12-31,1,1,0,0,0.0,0,0.0,0,0.0,-8.0,-8.0,-8.0,0.0,0.0,0.0,0,0.0,0,0.0,0,0.0,0.0,0.0,0,,0,
flight_number,HNL,KOA,WN,WN568.0,KOA→HNL,,,2024-01-01,2024-12-31,7,7,0,0,0.0,0,0.0,0,0.0,-8.86,-9.0,-5.4,0.0,0.0,0.0,0,0.0,0,0.0,0,0.0,0.0,0.0,0,,0,
flight_number,HNL,KOA,WN,WN582.0,KOA→HNL,,,2024-01-01,2024-12-31,41,41,0,0,0.0,0,0.0,0,0.0,-9.24,-12.0,-1.0,2.66,0.0,6.0,2,0.04878,1,0.02439,0,0.0,1.02,0.0,0,0.0,0,
flight_number,HNL,KOA,WN,WN6010.0,KOA→HNL,,,2024-01-01,2024-12-31,56,55,1,0,0.017857,1,0.018182,0,0.0,-8.73,-14.0,-1.2,3.78,0.0,0.0,2,0.036364,2,0.036364,1,0.018182,0.02,0.0,0,0.0,0,0.0
flight_number,HNL,KOA,WN,WN660.0,KOA→HNL,,,2024-01-01,2024-12-31,58,58,0,0,0.0,0,0.0,0,0.0,-5.1,-6.0,1.0,0.95,0.0,3.3,1,0.017241,0,0.0,0,0.0,0.22,0.0,0,,0,
flight_number,HNL,KOA,WN,WN694.0,KOA→HNL,,,2024-01-01,2024-12-31,21,21,0,0,0.0,0,0.0,0,0.0,-6.0,-11.0,5.0,5.57,0.0,16.0,3,0.142857,2,0.095238,0,0.0,2.62,0.0,0,0.0,0,
flight_number,HNL,KOA,WN,WN909.0,KOA→HNL,,,2024-01-01,2024-12-31,62,62,0,0,0.0,0,0.0,0,0.0,-5.23,-6.5,2.9,1.18,0.0,0.9,2,0.032258,1,0.016129,0,0.0,-0.02,0.0,0,0.0,0,
flight_number,HNL,LAS,HA,HA17.0,LAS→HNL,,,2024-01-01,2024-12-31,365,365,0,1,0.0,13,0.035616,2,0.005479,10.49,2.0,35.0,15.18,2.0,35.0,68,0.186301,42,0.115068,18,0.049315,-0.32,0.0,4,0.093023,0,0.0
flight_number,HNL,LAS,HA,HA5.0,LAS→HNL,,,2024-01-01,2024-12-31,315,313,2,1,0.006349,19,0.060703,3,0.009585,14.12,3.0,40.9,18.2,3.0,41.0,66,0.210863,44,0.140575,19,0.060703,-0.47,0.0,2,0.044444,0,0.0
flight_number,HNL,LAS,HA,HA7.0,LAS→HNL,,,2024-01-01,2024-12-31,366,366,0,1,0.0,26,0.071038,8,0.021858,25.22,5.0,49.0,27.35,1.0,40.6,78,0.213115,49,0.13388,24,0.065574,-2.52,0.0,4,0.081633,0,0.0
flight_number,HNL,LAS,WN,WN1243.0,LAS→HNL,,,2024-01-01,2024-12-31,59,59,0,7,0.0,1,0.016949,0,0.0,14.56,10.0,41.9,12.56,6.5,33.4,16,0.271186,6,0.101695,1,0.016949,-5.48,-4.5,1,0.166667,0,0.0
flight_number,HNL,LAS,WN,WN1328.0,LAS→HNL,,,2024-01-01,2024-12-31,7,7,0,0,0.0,0,0.0,0,0.0,-5.43,-7.0,0.4,3.86,0.0,12.6,1,0.142857,0,0.0,0,0.0,3.71,0.0,0,,0,
flight_number,HNL,LAS,WN,WN1504.0,LAS→HNL,,,2024-01-01,2024-12-31,33,33,0,0,0.0,0,0.0,0,0.0,-13.82,-17.0,6.8,4.12,1.0,13.6,1,0.030303,0,0.0,0,0.0,2.12,0.0,0,,0,
flight_number,HNL,LAS,WN,WN1505.0,LAS→HNL,,,2024-01-01,2024-12-31,33,33,0,0,0.0,2,0.060606,0,0.0,-1.88,-12.0,27.8,18.61,6.0,39.2,6,0.181818,6,0.181818,3,0.090909,5.09,0.0,2,0.333333,0,0.0
flight_number,HNL,LAS,WN,WN1535.0,LAS→HNL,,,2024-01-01,2024-12-31,62,62,0,19,0.0,1,0.016129,0,0.0,-5.67,-11.0,15.8,10.07,0.0,27.8,9,0.145161,4,0.064516,1,0.016129,3.42,0.0,1,0.25,0,0.0
flight_number,HNL,LAS,WN,WN1658.0,LAS→HNL,,,2024-01-01,2024-12-31,31,31,0,0,0.0,2,0.064516,0,0.0,7.97,4.0,39.0,15.29,7.0,40.0,9,0.290323,4,0.129032,2,0.064516,0.55,0.0,0,0.0,0,0.0
flight_number,HNL,LAS,WN,WN1780.0,LAS→HNL,,,2024-01-01,2024-12-31,59,59,0,1,0.0,2,0.033898,0,0.0,-17.14,-22.5,17.0,7.67,0.0,17.0,7,0.118644,3,0.050847,2,0.033898,3.21,0.0,0,0.0,0,0.0
flight_number,HNL,LAS,WN,WN3543.0,LAS→HNL,,,2024-01-01,2024-12-31,62,62,0,36,0.0,0,0.0,0,0.0,1.58,-5.0,33.0,13.46,6.5,41.5,8,0.129032,4,0.064516,1,0.016129,4.92,2.0,1,0.25,0,0.0
flight_number,HNL,LAS,WN,WN4011.0,LAS→HNL,,,2024-01-01,2024-12-31,59,59,0,21,0.0,1,0.016949,0,0.0,-0.37,0.0,18.3,5.11,1.5,16.0,5,0.084746,0,0.0,0,0.0,-1.39,0.0,0,,0,
flight_number,HNL,LAS,WN,WN5218.0,LAS→HNL,,,2024-01-01,2024-12-31,56,56,0,0,0.0,1,0.017857,0,0.0,-2.2,-7.5,27.0,9.62,0.0,21.0,11,0.196429,4,0.071429,3,0.053571,2.41,0.0,0,0.0,0,0.0
flight_number,HNL,LAS,WN,WN5337.0,LAS→HNL,,,2024-01-01,2024-12-31,56,56,0,1,0.0,1,0.017857,0,0.0,0.07,-6.0,33.0,11.96,6.0,29.2,10,0.178571,6,0.107143,2,0.035714,2.04,1.0,0,0.0,0,0.0
flight_number,HNL,LAX,AA,AA143.0,LAX→HNL,,,2024-01-01,2024-12-31,366,366,0,1,0.0,23,0.062842,2,0.005464,-1.69,-10.0,29.6,11.81,0.0,39.6,62,0.169399,44,0.120219,22,0.060109,0.89,0.0,7,0.155556,0,0.0
flight_number,HNL,LAX,AA,AA1725.0,LAX→HNL,,,2024-01-01,2024-12-31,13,13,0,0,0.0,0,0.0,0,0.0,-8.23,-11.0,19.8,12.0,0.0,39.2,3,0.230769,2,0.153846,1,0.076923,7.15,0.0,0,0.0,1,1.0
flight_number,HNL,LAX,AA,AA2205.0,LAX→HNL,,,2024-01-01,2024-12-31,7,7,0,0,0.0,0,0.0,0,0.0,-3.86,-7.0,11.4,6.57,2.0,18.4,2,0.285714,0,0.0,0,0.0,3.14,2.0,0,,0,
flight_number,HNL,LAX,AA,AA297.0,LAX→HNL,,,2024-01-01,2024-12-31,365,365,0,0,0.0,24,0.065753,3,0.008219,1.11,-9.0,40.6,14.38,0.0,48.6,79,0.216438,49,0.134247,29,0.079452,0.88,0.0,3,0.057692,0,0.0
flight_number,HNL,LAX,AA,AA31.0,LAX→HNL,,,2024-01-01,2024-12-31,366,366,0,0,0.0,10,0.027322,3,0.008197,-7.26,-14.0,20.5,6.32,0.0,12.5,34,0.092896,21,0.057377,8,0.021858,-1.46,0.0,0,0.0,0,0.0
flight_number,HNL,LAX,AS,AS807.0,LAX→HNL,,,2024-01-01,2024-12-31,225,225,0,1,0.0,7,0.031111,2,0.008889,-8.59,-13.0,8.0,6.33,0.0,12.7,21,0.093333,11,0.048889,8,0.035556,0.59,0.0,1,0.090909,0,0.0
flight_number,HNL,LAX,AS,AS809.0,LAX→HNL,,,2024-01-01,2024-12-31,28,28,0,0,0.0,0,0.0,0,0.0,-7.43,-7.5,10.6,1.21,0.0,0.0,1,0.035714,0,0.0,0,0.0,-1.54,0.0,0,,0,
flight_number,HNL,LAX,AS,AS817.0,LAX→HNL,,,2024-01-01,2024-12-31,106,97,9,1,0.084906,4,0.041237,1,0.010309,-5.24,-11.5,22.0,7.15,0.0,8.0,9,0.092784,6,0.061856,5,0.051546,-2.35,0.0,1,0.166667,0,0.0
flight_number,HNL,LAX,AS,AS831.0,LAX→HNL,,,2024-01-01,2024-12-31,6,6,0,0,0.0,0,0.0,0,0.0,-6.83,-6.0,-1.5,0.0,0.0,0.0,0,0.0,0,0.0,0,0.0,0.0,0.0,0,,0,
flight_number,HNL,LAX,AS,AS891.0,LAX→HNL,,,2024-01-01,2024-12-31,1,1,0,0,0.0,0,0.0,0,0.0,-11.0,-11.0,-11.0,0.0,0.0,0.0,0,0.0,0,0.0,0,0.0,0.0,0.0,0,,0,
flight_number,HNL,LAX,DL,DL443.0,LAX→HNL,,,2024-01-01,2024-12-31,366,365,1,1,0.002732,27,0.073973,8,0.021918,8.7,-1.0,39.7,15.8,0.0,44.1,72,0.19726,45,0.123288,29,0.079452,-0.13,0.0,2,0.044444,0,0.0
flight_number,HNL,LAX,DL,DL465.0,LAX→HNL,,,2024-01-01,2024-12-31,366,364,2,0,0.005464,20,0.054945,7,0.019231,7.79,-2.0,40.7,15.02,0.0,39.4,79,0.217033,49,0.134615,19,0.052198,-0.42,0.0,2,0.039216,0,0.0
flight_number,HNL,LAX,DL,DL480.0,LAX→HNL,,,2024-01-01,2024-12-31,366,366,0,0,0.0,17,0.046448,6,0.016393,2.84,-5.0,28.0,9.56,0.0,18.5,43,0.117486,24,0.065574,15,0.040984,-2.19,0.0,1,0.041667,0,0.0
flight_number,HNL,LAX,HA,HA1.0,LAX→HNL,,,2024-01-01,2024-12-31,366,363,3,1,0.008197,15,0.041322,7,0.019284,11.46,0.0,32.9,15.49,0.0,24.0,55,0.151515,30,0.082645,17,0.046832,-2.25,0.0,1,0.033333,0,0.0
flight_number,HNL,LAX,HA,HA1001.0,LAX→HNL,,,2024-01-01,2024-12-31,1,1,0,0,0.0,0,0.0,0,0.0,-20.0,-20.0,-20.0,0.0,0.0,0.0,0,0.0,0,0.0,0,0.0,0.0,0.0,0,,0,
flight_number,HNL,LAX,HA,HA1003.0,LAX→HNL,,,2024-01-01,2024-12-31,6,6,0,0,0.0,0,0.0,0,0.0,10.83,13.5,28.5,18.67,14.5,39.5,2,0.333333,2,0.333333,0,0.0,4.5,-2.0,1,0.5,0,
flight_number,HNL,LAX,HA,HA1009.0,LAX→HNL,,,2024-01-01,2024-12-31,1,1,0,0,0.0,0,0.0,0,0.0,23.0,23.0,23.0,22.0,22.0,22.0,1,1.0,0,0.0,0,0.0,-1.0,-1.0,0,,0,
flight_number,HNL,LAX,HA,HA1069.0,LAX→HNL,,,2024-01-01,2024-12-31,1,1,0,0,0.0,0,0.0,0,0.0,10.0,10.0,10.0,2.0,2.0,2.0,0,0.0,0,0.0,0,0.0,-8.0,-8.0,0,,0,
flight_number,HNL,LAX,HA,HA1077.0,LAX→HNL,,,2024-01-01,2024-12-31,1,1,0,0,0.0,0,0.0,0,0.0,38.0,38.0,38.0,34.0,34.0,34.0,1,1.0,1,1.0,0,0.0,-4.0,-4.0,0,0.0,0,
flight_number,HNL,LAX,HA,HA3.0,LAX→HNL,,,2024-01-01,2024-12-31,366,356,10,0,0.027322,17,0.047753,5,0.014045,13.97,5.0,38.0,14.56,1.0,25.0,64,0.179775,33,0.092697,15,0.042135,-4.29,0.0,2,0.060606,0,0.0
flight_number,HNL,LAX,HA,HA77.0,LAX→HNL,,,2024-01-01,2024-12-31,117,114,3,0,0.025641,17,0.149123,4,0.035088,41.05,7.0,88.8,44.85,5.0,91.3,42,0.368421,24,0.210526,16,0.140351,0.89,0.0,1,0.04,0,0.0
flight_number,HNL,LAX,HA,HA9.0,LAX→HNL,,,2024-01-01,2024-12-31,365,362,3,1,0.008219,39,0.107735,10,0.027624,21.32,4.0,64.0,25.25,2.0,67.0,84,0.232044,62,0.171271,40,0.110497,-1.14,0.0,5,0.080645,0,0.0
flight_number,HNL,LAX,UA,UA1158.0,LAX→HNL,,,2024-01-01,2024-12-31,366,364,2,0,0.005464,16,0.043956,6,0.016484,3.71,-7.0,22.0,12.18,0.0,22.4,43,0.118132,24,0.065934,17,0.046703,-0.61,0.0,4,0.16,1,0.058824
flight_number,HNL,LAX,UA,UA1170.0,LAX→HNL,,,2024-01-01,2024-12-31,366,366,0,0,0.0,14,0.038251,4,0.010929,2.14,-8.0,29.5,14.28,0.0,30.5,61,0.166667,37,0.101093,21,0.057377,1.66,0.0,5,0.131579,1,0.047619
flight_number,HNL,LAX,UA,UA1224.0,LAX→HNL,,,2024-01-01,2024-12-31,127,126,1,0,0.007874,17,0.134921,2,0.015873,11.87,-3.0,73.5,22.17,1.0,91.5,33,0.261905,23,0.18254,19,0.150794,3.92,0.0,1,0.04,0,0.0
flight_number,HNL,LAX,UA,UA1431.0,LAX→HNL,,,2024-01-01,2024-12-31,277,274,3,2,0.01083,20,0.072993,13,0.047445,4.1,-13.0,35.9,23.48,0.0,56.3,57,0.208029,41,0.149635,24,0.087591,4.83,0.0,5,0.121951,0,0.0
flight_number,HNL,LAX,UA,UA2328.0,LAX→HNL,,,2024-01-01,2024-12-31,53,52,1,0,0.018868,0,0.0,0,0.0,-16.54,-15.0,-0.1,1.54,0.0,1.8,2,0.038462,1,0.019231,0,0.0,1.12,0.0,1,1.0,0,
flight_number,HNL,LAX,UA,UA2390.0,LAX→HNL,,,2024-01-01,2024-12-31,101,101,0,0,0.0,8,0.079208,1,0.009901,3.91,-8.0,25.0,18.31,0.0,42.0,24,0.237624,17,0.168317,8,0.079208,4.3,0.0,3,0.176471,0,0.0
flight_number,HNL,LAX,WN,WN1081.0,LAX→HNL,,,2024-01-01,2024-12-31,58,58,0,0,0.0,0,0.0,0,0.0,-24.98,-25.0,-7.7,1.83,0.0,1.0,2,0.034483,1,0.017241,1,0.017241,0.78,0.0,0,0.0,1,1.0
flight_number,HNL,LAX,WN,WN1178.0,LAX→HNL,,,2024-01-01,2024-12-31,59,59,0,0,0.0,0,0.0,0,0.0,-10.59,-10.0,2.4,2.27,0.0,8.8,3,0.050847,0,0.0,0,0.0,1.14,0.0,0,,0,
flight_number,HNL,LAX,WN,WN1506.0,LAX→HNL,,,2024-01-01,2024-12-31,33,33,0,0,0.0,0,0.0,0,0.0,-7.73,-9.0,2.8,0.85,0.0,0.0,1,0.030303,0,0.0,0,0.0,-0.52,0.0,0,,0,
flight_number,HNL,LAX,WN,WN1691.0,LAX→HNL,,,2024-01-01,2024-12-31,62,62,0,0,0.0,0,0.0,0,0.0,-15.92,-21.0,9.8,4.18,0.0,11.0,5,0.080645,2,0.032258,0,0.0,0.97,0.0,0,0.0,0,
flight_number,HNL,LAX,WN,WN2042.0,LAX→HNL,,,2024-01-01,2024-12-31,56,56,0,0,0.0,1,0.017857,0,0.0,-8.71,-12.0,15.5,3.95,0.0,7.5,4,0.071429,3,0.053571,1,0.017857,-0.52,0.0,0,0.0,0,0.0
flight_number,HNL,LAX,WN,WN2043.0,LAX→HNL,,,2024-01-01,2024-12-31,56,56,0,0,0.0,0,0.0,0,0.0,-10.77,-14.0,7.5,5.02,0.0,18.0,8,0.142857,1,0.017857,0,0.0,2.64,0.0,1,1.0,0,
flight_number,HNL,LAX,WN,WN2071.0,LAX→HNL,,,2024-01-01,2024-12-31,31,31,0,0,0.0,0,0.0,0,0.0,-19.03,-18.0,3.0,2.0,0.0,5.0,1,0.032258,0,0.0,0,0.0,1.16,0.0,1,1.0,0,
flight_number,HNL,LAX,WN,WN2363.0,LAX→HNL,,,2024-01-01,2024-12-31,33,33,0,1,0.0,0,0.0,0,0.0,-3.5,-7.0,7.9,5.09,0.0,13.9,2,0.060606,1,0.030303,0,0.0,0.72,0.0,0,0.0,0,
flight_number,HNL,LAX,WN,WN2375.0,LAX→HNL,,,2024-01-01,2024-12-31,1,1,0,0,0.0,0,0.0,0,0.0,-33.0,-33.0,-33.0,0.0,0.0,0.0,0,0.0,0,0.0,0,0.0,0.0,0.0,0,,0,
flight_number,HNL,LAX,WN,WN2551.0,LAX→HNL,,,2024-01-01,2024-12-31,62,62,0,0,0.0,2,0.032258,1,0.016129,0.61,-6.5,26.7,16.5,5.5,31.6,17,0.274194,7,0.112903,3,0.048387,6.02,2.5,0,0.0,0,0.0
flight_number,HNL,LAX,WN,WN866.0,LAX→HNL,,,2024-01-01,2024-12-31,59,59,0,0,0.0,1,0.016949,0,0.0,8.68,10.0,30.2,1.97,0.0,6.0,2,0.033898,0,0.0,0,0.0,-11.02,-8.0,0,,0,
flight_number,HNL,LAX,WN,WN975.0,LAX→HNL,,,2024-01-01,2024-12-31,7,7,0,0,0.0,0,0.0,0,0.0,-8.43,-6.0,2.0,2.0,0.0,6.2,0,0.0,0,0.0,0,0.0,0.43,0.0,0,,0,
flight_number,HNL,LGB,HA,HA69.0,LGB→HNL,,,2024-01-01,2024-12-31,366,364,2,0,0.005464,8,0.021978,2,0.005495,-0.9,-7.0,22.7,5.82,0.0,7.0,22,0.06044,13,0.035714,4,0.010989,-3.19,0.0,0,0.0,0,0.0
flight_number,HNL,LGB,WN,WN1492.0,LGB→HNL,,,2024-01-01,2024-12-31,7,7,0,0,0.0,0,0.0,0,0.0,-0.29,-5.0,23.4,8.86,0.0,26.8,1,0.142857,1,0.142857,0,0.0,0.57,0.0,0,0.0,0,
flight_number,HNL,LGB,WN,WN1514.0,LGB→HNL,,,2024-01-01,2024-12-31,33,33,0,0,0.0,0,0.0,0,0.0,-20.55,-20.0,-2.6,2.73,0.0,4.0,2,0.060606,2,0.060606,0,0.0,2.0,0.0,2,1.0,0,
flight_number,HNL,LGB,WN,WN1647.0,LGB→HNL,,,2024-01-01,2024-12-31,62,62,0,0,0.0,1,0.016129,0,0.0,-9.66,-13.5,9.8,5.23,0.0,13.7,5,0.080645,2,0.032258,1,0.016129,1.35,0.0,0,0.0,0,0.0
flight_number,HNL,LGB,WN,WN2171.0,LGB→HNL,,,2024-01-01,2024-12-31,59,59,0,0,0.0,3,0.050847,0,0.0,-7.44,-20.0,30.8,15.81,1.0,45.2,14,0.237288,9,0.152542,5,0.084746,6.22,0.0,0,0.0,0,0.0
flight_number,HNL,LGB,WN,WN2684.0,LGB→HNL,,,2024-01-01,2024-12-31,31,31,0,0,0.0,1,0.032258,0,0.0,-2.94,-9.0,20.0,10.45,0.0,13.0,3,0.096774,2,0.064516,1,0.032258,1.06,0.0,0,0.0,0,0.0
flight_number,HNL,LGB,WN,WN3292.0,LGB→HNL,,,2024-01-01,2024-12-31,59,59,0,0,0.0,10,0.169492,0,0.0,28.69,20.0,72.6,17.07,6.0,74.2,19,0.322034,10,0.169492,7,0.118644,-12.9,-11.0,0,0.0,0,0.0
flight_number,HNL,LGB,WN,WN4577.0,LGB→HNL,,,2024-01-01,2024-12-31,59,59,0,0,0.0,0,0.0,0,0.0,-3.15,-6.0,11.8,2.32,0.0,7.2,4,0.067797,0,0.0,0,0.0,-1.15,0.0,0,,0,
flight_number,HNL,LGB,WN,WN5177.0,LGB→HNL,,,2024-01-01,2024-12-31,56,56,0,0,0.0,1,0.017857,1,0.017857,-2.29,-10.0,20.5,10.32,0.0,21.5,9,0.160714,4,0.071429,1,0.017857,0.82,0.0,1,0.25,0,0.0
flight_number,HNL,LIH,HA,HA104.0,LIH→HNL,,,2024-01-01,2024-12-31,364,364,0,0,0.0,5,0.013736,0,0.0,-1.47,-5.0,6.0,2.89,0.0,2.0,19,0.052198,12,0.032967,4,0.010989,-0.46,0.0,0,0.0,0,0.0
flight_number,HNL,LIH,HA,HA1104.0,LIH→HNL,,,2024-01-01,2024-12-31,2,2,0,0,0.0,0,0.0,0,0.0,-10.0,-10.0,-7.6,0.0,0.0,0.0,0,0.0,0,0.0,0,0.0,0.0,0.0,0,,0,
flight_number,HNL,LIH,HA,HA114.0,LIH→HNL,,,2024-01-01,2024-12-31,251,250,1,0,0.003984,3,0.012,0,0.0,-1.68,-5.0,7.0,2.74,0.0,2.1,11,0.044,8,0.032,2,0.008,-0.51,0.0,0,0.0,0,0.0
flight_number,HNL,LIH,HA,HA124.0,LIH→HNL,,,2024-01-01,2024-12-31,31,31,0,0,0.0,1,0.032258,0,0.0,2.32,-3.0,8.0,4.77,0.0,4.0,1,0.032258,1,0.032258,1,0.032258,-1.16,0.0,0,0.0,0,0.0
flight_number,HNL,LIH,HA,HA134.0,LIH→HNL,,,2024-01-01,2024-12-31,339,336,3,0,0.00885,3,0.008929,1,0.002976,-0.03,-4.0,9.5,3.14,0.0,6.0,12,0.035714,8,0.02381,2,0.005952,-1.06,0.0,0,0.0,0,0.0
flight_number,HNL,LIH,HA,HA144.0,LIH→HNL,,,2024-01-01,2024-12-31,149,145,4,0,0.026846,1,0.006897,0,0.0,0.37,-2.0,10.2,3.13,0.0,9.0,7,0.048276,5,0.034483,1,0.006897,-0.66,0.0,0,0.0,0,0.0
flight_number,HNL,LIH,HA,HA154.0,LIH→HNL,,,2024-01-01,2024-12-31,51,51,0,0,0.0,1,0.019608,0,0.0,-0.59,-4.0,7.0,3.04,0.0,4.0,2,0.039216,1,0.019608,1,0.019608,-0.63,0.0,0,0.0,0,0.0
flight_number,HNL,LIH,HA,HA164.0,LIH→HNL,,,2024-01-01,2024-12-31,186,182,4,0,0.021505,3,0.016484,0,0.0,-0.29,-4.0,9.9,3.76,0.0,6.0,12,0.065934,8,0.043956,2,0.010989,-0.65,0.0,0,0.0,0,0.0
flight_number,HNL,LIH,HA,HA174.0,LIH→HNL,,,2024-01-01,2024-12-31,296,288,8,0,0.027027,4,0.013889,2,0.006944,4.68,-1.0,20.6,5.44,0.0,10.3,17,0.059028,9,0.03125,2,0.006944,-2.84,0.0,0,0.0,0,0.0
flight_number,HNL,LIH,HA,HA184.0,LIH→HNL,,,2024-01-01,2024-12-31,130,128,2,0,0.015385,3,0.023438,0,0.0,3.06,-2.0,17.3,5.22,0.0,13.3,10,0.078125,6,0.046875,3,0.023438,-1.48,0.0,0,0.0,0,0.0
flight_number,HNL,LIH,HA,HA194.0,LIH→HNL,,,2024-01-01,2024-12-31,240,231,9,0,0.0375,2,0.008658,0,0.0,1.61,-1.0,15.0,3.36,0.0,9.0,11,0.047619,4,0.017316,1,0.004329,-1.81,0.0,0,0.0,0,0.0
flight_number,HNL,LIH,HA,HA204.0,LIH→HNL,,,2024-01-01,2024-12-31,222,222,0,0,0.0,2,0.009009,0,0.0,-0.59,-4.0,11.0,4.23,0.0,11.9,15,0.067568,7,0.031532,2,0.009009,-0.27,0.0,0,0.0,0,0.0
flight_number,HNL,LIH,HA,HA214.0,LIH→HNL,,,2024-01-01,2024-12-31,122,121,1,0,0.008197,1,0.008264,0,0.0,2.31,-2.0,20.0,4.36,0.0,10.0,10,0.082645,5,0.041322,0,0.0,-1.79,0.0,0,0.0,0,
flight_number,HNL,LIH,HA,HA224.0,LIH→HNL,,,2024-01-01,2024-12-31,69,69,0,0,0.0,1,0.014493,0,0.0,1.54,-3.0,13.6,3.04,0.0,8.0,4,0.057971,2,0.028986,0,0.0,-2.57,0.0,0,0.0,0,
flight_number,HNL,LIH,HA,HA234.0,LIH→HNL,,,2024-01-01,2024-12-31,297,291,6,0,0.020202,6,0.020619,0,0.0,-0.71,-5.0,14.0,4.64,0.0,13.0,20,0.068729,9,0.030928,4,0.013746,-0.69,0.0,0,0.0,0,0.0
flight_number,HNL,LIH,HA,HA244.0,LIH→HNL,,,2024-01-01,2024-12-31,28,28,0,0,0.0,0,0.0,0,0.0,2.96,4.5,13.9,5.89,2.5,16.6,4,0.142857,0,0.0,0,0.0,0.5,0.0,0,0.0,0,
flight_number,HNL,LIH,HA,HA254.0,LIH→HNL,,,2024-01-01,2024-12-31,277,274,3,0,0.01083,3,0.010949,0,0.0,4.21,0.5,20.0,6.04,0.0,16.0,29,0.105839,12,0.043796,2,0.007299,-1.13,0.0,0,0.0,0,0.0
flight_number,HNL,LIH,HA,HA264.0,LIH→HNL,,,2024-01-01,2024-12-31,359,347,12,0,0.033426,5,0.014409,0,0.0,4.68,1.0,23.0,7.54,2.0,21.0,54,0.15562,19,0.054755,6,0.017291,-0.48,0.0,0,0.0,0,0.0
flight_number,HNL,LIH,HA,HA274.0,LIH→HNL,,,2024-01-01,2024-12-31,292,285,7,0,0.023973,7,0.024561,0,0.0,6.27,2.0,24.0,7.43,3.0,22.0,45,0.157895,13,0.045614,1,0.003509,-1.52,0.0,0,0.0,0,0.0
flight_number,HNL,LIH,HA,HA284.0,LIH→HNL,,,2024-01-01,2024-12-31,238,236,2,0,0.008403,6,0.025424,0,0.0,-0.66,-7.0,19.0,7.03,0.0,22.0,35,0.148305,15,0.063559,6,0.025424,1.04,0.0,0,0.0,0,0.0
flight_number,HNL,LIH,HA,HA294.0,LIH→HNL,,,2024-01-01,2024-12-31,364,358,6,2,0.016484,5,0.013966,0,0.0,4.15,-1.5,28.0,6.59,0.0,21.0,55,0.153631,22,0.061453,4,0.011173,-1.62,0.0,0,0.0,0,0.0
flight_number,HNL,LIH,HA,HA304.0,LIH→HNL,,,2024-01-01,2024-12-31,278,266,12,0,0.043165,5,0.018797,2,0.007519,1.66,-5.0,20.5,6.79,0.0,19.0,32,0.120301,19,0.071429,4,0.015038,-0.25,0.0,0,0.0,0,0.0
flight_number,HNL,LIH,HA,HA314.0,LIH→HNL,,,2024-01-01,2024-12-31,44,44,0,0,0.0,0,0.0,0,0.0,-7.25,-9.5,6.9,1.45,0.0,4.5,2,0.045455,0,0.0,0,0.0,-0.16,0.0,0,,0,
flight_number,HNL,LIH,HA,HA324.0,LIH→HNL,,,2024-01-01,2024-12-31,69,69,0,0,0.0,6,0.086957,1,0.014493,18.71,7.0,44.4,18.42,6.0,34.8,16,0.231884,9,0.130435,3,0.043478,-2.07,0.0,0,0.0,0,0.0
flight_number,HNL,LIH,HA,HA334.0,LIH→HNL,,,2024-01-01,2024-12-31,364,357,7,0,0.019231,9,0.02521,0,0.0,0.2,-5.0,17.4,6.3,0.0,16.4,38,0.106443,20,0.056022,7,0.019608,0.34,0.0,0,0.0,0,0.0
flight_number,HNL,LIH,HA,HA354.0,LIH→HNL,,,2024-01-01,2024-12-31,235,232,3,0,0.012766,5,0.021552,0,0.0,-0.81,-7.0,19.6,6.47,0.0,19.9,29,0.125,16,0.068966,5,0.021552,0.8,0.0,0,0.0,0,0.0
flight_number,HNL,LIH,HA,HA374.0,LIH→HNL,,,2024-01-01,2024-12-31,320,314,6,0,0.01875,7,0.022293,1,0.003185,1.02,-5.0,21.7,7.29,0.0,23.1,48,0.152866,24,0.076433,6,0.019108,0.32,0.0,0,0.0,0,0.0
flight_number,HNL,LIH,HA,HA384.0,LIH→HNL,,,2024-01-01,2024-12-31,19,17,2,0,0.105263,3,0.176471,0,0.0,21.29,1.0,94.2,25.65,4.0,97.4,4,0.235294,4,0.235294,3,0.176471,2.29,2.0,0,0.0,0,0.0
flight_number,HNL,LIH,HA,HA394.0,LIH→HNL,,,2024-01-01,2024-12-31,98,98,0,0,0.0,5,0.05102,0,0.0,7.41,0.0,32.3,10.37,0.0,31.3,19,0.193878,11,0.112245,6,0.061224,-0.06,0.0,0,0.0,0,0.0
flight_number,HNL,LIH,HA,HA504.0,LIH→HNL,,,2024-01-01,2024-12-31,165,164,1,0,0.006061,4,0.02439,0,0.0,0.9,-5.5,19.4,7.13,0.0,20.7,21,0.128049,13,0.079268,4,0.02439,0.63,0.0,0,0.0,0,0.0
flight_number,HNL,LIH,HA,HA514.0,LIH→HNL,,,2024-01-01,2024-12-31,68,68,0,0,0.0,3,0.044118,0,0.0,11.38,2.5,39.3,9.76,0.0,28.2,16,0.235294,7,0.102941,1,0.014706,-3.56,-1.0,0,0.0,0,0.0
flight_number,HNL,LIH,HA,HA524.0,LIH→HNL,,,2024-01-01,2024-12-31,177,174,3,0,0.016949,7,0.04023,0,0.0,2.3,-5.0,17.0,7.61,0.0,20.4,21,0.12069,13,0.074713,8,0.045977,0.25,0.0,0,0.0,0,0.0
flight_number,HNL,LIH,HA,HA534.0,LIH→HNL,,,2024-01-01,2024-12-31,126,125,1,0,0.007937,3,0.024,0,0.0,1.76,-3.0,23.0,7.27,0.0,23.2,20,0.16,9,0.072,4,0.032,0.38,0.0,0,0.0,0,0.0
flight_number,HNL,LIH,HA,HA544.0,LIH→HNL,,,2024-01-01,2024-12-31,89,87,2,0,0.022472,3,0.034483,0,0.0,5.22,-3.0,33.8,9.43,0.0,36.6,20,0.229885,11,0.126437,4,0.045977,-0.38,0.0,0,0.0,0,0.0
flight_number,HNL,LIH,HA,HA554.0,LIH→HNL,,,2024-01-01,2024-12-31,86,86,0,0,0.0,4,0.046512,1,0.011628,9.58,0.5,32.0,10.9,0.0,30.0,21,0.244186,9,0.104651,4,0.046512,-1.35,0.0,0,0.0,0,0.0
flight_number,HNL,LIH,HA,HA584.0,LIH→HNL,,,2024-01-01,2024-12-31,1,1,0,0,0.0,0,0.0,0,0.0,-17.0,-17.0,-17.0,0.0,0.0,0.0,0,0.0,0,0.0,0,0.0,0.0,0.0,0,,0,
flight_number,HNL,LIH,WN,WN1072.0,LIH→HNL,,,2024-01-01,2024-12-31,59,59,0,0,0.0,0,0.0,0,0.0,-1.27,-4.0,10.4,1.19,0.0,7.0,0,0.0,0,0.0,0,0.0,-2.12,0.0,0,,0,
flight_number,HNL,LIH,WN,WN1138.0,LIH→HNL,,,2024-01-01,2024-12-31,59,59,0,0,0.0,0,0.0,0,0.0,-12.24,-14.0,-4.8,0.81,0.0,4.0,0,0.0,0,0.0,0,0.0,0.61,0.0,0,,0,
flight_number,HNL,LIH,WN,WN1148.0,LIH→HNL,,,2024-01-01,2024-12-31,7,7,0,0,0.0,0,0.0,0,0.0,-7.86,-8.0,-4.6,0.0,0.0,0.0,0,0.0,0,0.0,0,0.0,0.0,0.0,0,,0,
flight_number,HNL,LIH,WN,WN1288.0,LIH→HNL,,,2024-01-01,2024-12-31,59,59,0,0,0.0,8,0.135593,0,0.0,20.0,9.0,62.2,19.63,10.0,51.8,25,0.423729,16,0.271186,4,0.067797,-3.51,0.0,0,0.0,0,0.0
flight_number,HNL,LIH,WN,WN1377.0,LIH→HNL,,,2024-01-01,2024-12-31,59,59,0,0,0.0,1,0.016949,0,0.0,-12.14,-15.0,-7.6,2.0,0.0,0.0,2,0.033898,1,0.016949,1,0.016949,0.29,0.0,0,0.0,0,0.0
flight_number,HNL,LIH,WN,WN1503.0,LIH→HNL,,,2024-01-01,2024-12-31,7,7,0,0,0.0,0,0.0,0,0.0,-9.86,-14.0,1.2,1.14,0.0,3.2,0,0.0,0,0.0,0,0.0,-0.14,0.0,0,,0,
flight_number,HNL,LIH,WN,WN1507.0,LIH→HNL,,,2024-01-01,2024-12-31,33,33,0,0,0.0,0,0.0,0,0.0,-6.12,-6.0,0.0,0.82,0.0,0.8,1,0.030303,0,0.0,0,0.0,0.39,0.0,0,,0,
flight_number,HNL,LIH,WN,WN1508.0,LIH→HNL,,,2024-01-01,2024-12-31,33,33,0,0,0.0,2,0.060606,0,0.0,-2.33,-9.0,11.8,6.33,0.0,14.2,4,0.121212,2,0.060606,1,0.030303,-0.06,0.0,0,0.0,0,0.0
flight_number,HNL,LIH,WN,WN1515.0,LIH→HNL,,,2024-01-01,2024-12-31,33,33,0,0,0.0,0,0.0,0,0.0,-0.88,-5.0,8.0,3.88,0.0,13.2,3,0.090909,2,0.060606,0,0.0,0.45,0.0,0,0.0,0,
flight_number,HNL,LIH,WN,WN1516.0,LIH→HNL,,,2024-01-01,2024-12-31,33,33,0,0,0.0,0,0.0,0,0.0,-10.55,-15.0,5.2,3.36,0.0,14.4,4,0.121212,1,0.030303,0,0.0,1.03,0.0,0,0.0,0,
flight_number,HNL,LIH,WN,WN1517.0,LIH→HNL,,,2024-01-01,2024-12-31,33,33,0,0,0.0,0,0.0,0,0.0,-8.39,-9.0,-3.0,0.85,0.0,0.0,1,0.030303,0,0.0,0,0.0,0.18,0.0,0,,0,
flight_number,HNL,LIH,WN,WN1521.0,LIH→HNL,,,2024-01-01,2024-12-31,33,33,0,0,0.0,1,0.030303,0,0.0,-5.12,-12.0,0.8,5.0,0.0,0.0,1,0.030303,1,0.030303,1,0.030303,-0.55,0.0,0,0.0,0,0.0
flight_number,HNL,LIH,WN,WN167.0,LIH→HNL,,,2024-01-01,2024-12-31,1,1,0,0,0.0,0,0.0,0,0.0,-8.0,-8.0,-8.0,0.0,0.0,0.0,0,0.0,0,0.0,0,0.0,0.0,0.0,0,,0,
flight_number,HNL,LIH,WN,WN1758.0,LIH→HNL,,,2024-01-01,2024-12-31,59,59,0,0,0.0,0,0.0,0,0.0,-10.85,-14.0,2.0,0.9,0.0,1.0,2,0.033898,0,0.0,0,0.0,-0.24,0.0,0,,0,
flight_number,HNL,LIH,WN,WN1883.0,LIH→HNL,,,2024-01-01,2024-12-31,7,7,0,0,0.0,0,0.0,0,0.0,3.57,4.0,13.0,8.14,5.0,18.0,2,0.285714,0,0.0,0,0.0,2.29,4.0,0,,0,
flight_number,HNL,LIH,WN,WN2045.0,LIH→HNL,,,2024-01-01,2024-12-31,56,55,1,0,0.017857,0,0.0,0,0.0,-7.22,-9.0,-1.4,1.15,0.0,0.0,2,0.036364,1,0.018182,0,0.0,-0.18,0.0,0,0.0,0,
flight_number,HNL,LIH,WN,WN2046.0,LIH→HNL,,,2024-01-01,2024-12-31,56,55,1,0,0.017857,0,0.0,0,0.0,-7.24,-9.0,0.2,0.82,0.0,2.6,0,0.0,0,0.0,0,0.0,0.0,0.0,0,,0,
flight_number,HNL,LIH,WN,WN2047.0,LIH→HNL,,,2024-01-01,2024-12-31,56,56,0,0,0.0,1,0.017857,0,0.0,-6.07,-12.0,15.5,4.96,0.0,21.0,7,0.125,3,0.053571,1,0.017857,0.3,0.0,0,0.0,0,0.0
flight_number,HNL,LIH,WN,WN2049.0,LIH→HNL,,,2024-01-01,2024-12-31,56,56,0,0,0.0,3,0.053571,1,0.017857,2.89,-8.0,11.5,10.79,0.0,14.5,6,0.107143,3,0.053571,3,0.053571,0.18,0.0,0,0.0,0,0.0
flight_number,HNL,LIH,WN,WN2050.0,LIH→HNL,,,2024-01-01,2024-12-31,56,56,0,0,0.0,0,0.0,0,0.0,-7.64,-11.0,2.5,3.04,0.0,5.5,5,0.089286,1,0.017857,1,0.017857,0.61,0.0,0,0.0,0,0.0
flight_number,HNL,LIH,WN,WN2092.0,LIH→HNL,,,2024-01-01,2024-12-31,59,58,1,0,0.016949,1,0.017241,0,0.0,5.84,2.0,33.1,8.83,0.0,26.0,12,0.206897,5,0.086207,0,0.0,-1.19,0.0,0,0.0,0,0.0
flight_number,HNL,LIH,WN,WN2107.0,LIH→HNL,,,2024-01-01,2024-12-31,7,7,0,0,0.0,0,0.0,0,0.0,12.29,-9.0,56.4,22.71,0.0,63.2,3,0.428571,3,0.428571,2,0.285714,2.71,0.0,0,0.0,0,0.0
flight_number,HNL,LIH,WN,WN2147.0,LIH→HNL,,,2024-01-01,2024-12-31,59,59,0,0,0.0,1,0.016949,0,0.0,-1.63,-13.0,33.2,11.44,0.0,39.6,11,0.186441,9,0.152542,1,0.016949,2.34,0.0,0,0.0,0,0.0
flight_number,HNL,LIH,WN,WN2164.0,LIH→HNL,,,2024-01-01,2024-12-31,31,31,0,0,0.0,0,0.0,0,0.0,-12.06,-13.0,-7.0,0.13,0.0,0.0,0,0.0,0,0.0,0,0.0,-0.61,0.0,0,,0,
flight_number,HNL,LIH,WN,WN2208.0,LIH→HNL,,,2024-01-01,2024-12-31,59,59,0,0,0.0,0,0.0,0,0.0,-8.49,-12.0,4.2,1.59,0.0,0.2,2,0.033898,1,0.016949,0,0.0,-0.12,0.0,0,0.0,0,
flight_number,HNL,LIH,WN,WN2314.0,LIH→HNL,,,2024-01-01,2024-12-31,59,59,0,0,0.0,0,0.0,0,0.0,-12.95,-16.0,-5.8,1.63,0.0,3.2,2,0.033898,2,0.033898,0,0.0,0.56,0.0,0,0.0,0,
flight_number,HNL,LIH,WN,WN2355.0,LIH→HNL,,,2024-01-01,2024-12-31,62,62,0,0,0.0,2,0.032258,0,0.0,-5.13,-10.0,2.7,3.34,0.0,4.8,3,0.048387,2,0.032258,2,0.032258,-0.23,0.0,0,0.0,0,0.0
flight_number,HNL,LIH,WN,WN2511.0,LIH→HNL,,,2024-01-01,2024-12-31,59,59,0,0,0.0,0,0.0,0,0.0,-14.0,-15.0,-5.0,0.34,0.0,0.0,0,0.0,0,0.0,0,0.0,0.34,0.0,0,,0,
flight_number,HNL,LIH,WN,WN2829.0,LIH→HNL,,,2024-01-01,2024-12-31,62,62,0,0,0.0,2,0.032258,0,0.0,-9.47,-15.0,2.6,3.95,0.0,0.0,4,0.064516,3,0.048387,2,0.032258,0.06,0.0,0,0.0,0,0.0
flight_number,HNL,LIH,WN,WN2894.0,LIH→HNL,,,2024-01-01,2024-12-31,59,58,1,0,0.016949,0,0.0,0,0.0,-11.12,-14.0,-4.4,1.28,0.0,1.3,1,0.017241,1,0.017241,0,0.0,0.36,0.0,0,0.0,0,
flight_number,HNL,LIH,WN,WN2914.0,LIH→HNL,,,2024-01-01,2024-12-31,31,31,0,0,0.0,0,0.0,0,0.0,-9.45,-12.0,-2.0,2.1,0.0,0.0,1,0.032258,1,0.032258,1,0.032258,0.19,0.0,0,0.0,0,0.0
flight_number,HNL,LIH,WN,WN2963.0,LIH→HNL,,,2024-01-01,2024-12-31,58,58,0,0,0.0,1,0.017241,0,0.0,-3.05,-8.5,11.3,5.28,0.0,8.6,4,0.068966,3,0.051724,2,0.034483,0.55,0.0,0,0.0,0,0.0
flight_number,HNL,LIH,WN,WN3014.0,LIH→HNL,,,2024-01-01,2024-12-31,62,62,0,0,0.0,2,0.032258,0,0.0,0.24,-7.0,22.7,7.66,0.0,27.6,10,0.16129,6,0.096774,3,0.048387,0.47,0.0,0,0.0,0,0.0
flight_number,HNL,LIH,WN,WN3408.0,LIH→HNL,,,2024-01-01,2024-12-31,58,58,0,0,0.0,0,0.0,0,0.0,-13.34,-15.0,-5.4,0.79,0.0,0.0,1,0.017241,0,0.0,0,0.0,0.48,0.0,0,,0,
flight_number,HNL,LIH,WN,WN3589.0,LIH→HNL,,,2024-01-01,2024-12-31,59,59,0,0,0.0,1,0.016949,0,0.0,-3.47,-10.0,3.8,5.92,0.0,10.4,6,0.101695,3,0.050847,1,0.016949,0.69,0.0,0,0.0,0,0.0
flight_number,HNL,LIH,WN,WN3632.0,LIH→HNL,,,2024-01-01,2024-12-31,31,31,0,0,0.0,1,0.032258,0,0.0,-9.03,-14.0,-3.0,3.71,0.0,4.0,1,0.032258,1,0.032258,1,0.032258,0.58,0.0,0,0.0,0,0.0
flight_number,HNL,LIH,WN,WN3690.0,LIH→HNL,,,2024-01-01,2024-12-31,59,59,0,0,0.0,1,0.016949,0,0.0,-1.39,-8.0,17.8,3.32,0.0,6.0,1,0.016949,1,0.016949,1,0.016949,-3.25,0.0,0,0.0,0,0.0
flight_number,HNL,LIH,WN,WN3696.0,LIH→HNL,,,2024-01-01,2024-12-31,59,59,0,0,0.0,1,0.016949,0,0.0,3.05,-3.0,25.0,7.02,0.0,27.0,10,0.169492,4,0.067797,1,0.016949,-0.97,0.0,0,0.0,0,0.0
flight_number,HNL,LIH,WN,WN3755.0,LIH→HNL,,,2024-01-01,2024-12-31,7,7,0,0,0.0,0,0.0,0,0.0,-9.14,-10.0,-6.2,0.0,0.0,0.0,0,0.0,0,0.0,0,0.0,0.0,0.0,0,,0,
flight_number,HNL,LIH,WN,WN3811.0,LIH→HNL,,,2024-01-01,2024-12-31,58,58,0,0,0.0,0,0.0,0,0.0,-12.78,-15.0,-3.7,0.79,0.0,0.0,1,0.017241,1,0.017241,0,0.0,0.14,0.0,0,0.0,0,
flight_number,HNL,LIH,WN,WN3979.0,LIH→HNL,,,2024-01-01,2024-12-31,31,31,0,0,0.0,0,0.0,0,0.0,-13.97,-17.0,-5.0,1.1,0.0,0.0,1,0.032258,0,0.0,0,0.0,0.42,0.0,0,,0,
flight_number,HNL,LIH,WN,WN421.0,LIH→HNL,,,2024-01-01,2024-12-31,59,59,0,0,0.0,0,0.0,0,0.0,-5.1,-7.0,2.0,0.25,0.0,0.0,0,0.0,0,0.0,0,0.0,-0.86,0.0,0,,0,
flight_number,HNL,LIH,WN,WN4375.0,LIH→HNL,,,2024-01-01,2024-12-31,30,30,0,0,0.0,0,0.0,0,0.0,-15.1,-16.0,-12.0,0.2,0.0,0.0,0,0.0,0,0.0,0,0.0,0.2,0.0,0,,0,
flight_number,HNL,LIH,WN,WN4657.0,LIH→HNL,,,2024-01-01,2024-12-31,59,59,0,0,0.0,0,0.0,0,0.0,-13.44,-15.0,-7.8,0.78,0.0,1.2,0,0.0,0,0.0,0,0.0,0.73,0.0,0,,0,
flight_number,HNL,LIH,WN,WN4721.0,LIH→HNL,,,2024-01-01,2024-12-31,62,62,0,0,0.0,0,0.0,0,0.0,-5.47,-7.0,2.0,1.4,0.0,3.0,1,0.016129,1,0.016129,0,0.0,0.48,0.0,0,0.0,0,
flight_number,HNL,LIH,WN,WN4730.0,LIH→HNL,,,2024-01-01,2024-12-31,3,3,0,0,0.0,0,0.0,0,0.0,-12.0,-11.0,-10.2,0.0,0.0,0.0,0,0.0,0,0.0,0,0.0,0.0,0.0,0,,0,
flight_number,HNL,LIH,WN,WN5266.0,LIH→HNL,,,2024-01-01,2024-12-31,1,1,0,0,0.0,0,0.0,0,0.0,-20.0,-20.0,-20.0,0.0,0.0,0.0,0,0.0,0,0.0,0,0.0,0.0,0.0,0,,0,
flight_number,HNL,LIH,WN,WN572.0,LIH→HNL,,,2024-01-01,2024-12-31,7,7,0,0,0.0,0,0.0,0,0.0,-6.29,-6.0,0.0,0.57,0.0,2.0,0,0.0,0,0.0,0,0.0,0.57,0.0,0,,0,
flight_number,HNL,LIH,WN,WN6001.0,LIH→HNL,,,2024-01-01,2024-12-31,56,56,0,0,0.0,2,0.035714,1,0.017857,-6.38,-15.0,1.0,6.18,0.0,3.0,3,0.053571,3,0.053571,2,0.035714,0.23,0.0,0,0.0,0,0.0
flight_number,HNL,LIH,WN,WN928.0,LIH→HNL,,,2024-01-01,2024-12-31,62,62,0,0,0.0,0,0.0,0,0.0,-7.18,-9.0,-1.0,0.74,0.0,1.0,1,0.016129,0,0.0,0,0.0,0.26,0.0,0,,0,
flight_number,HNL,LIH,WN,WN945.0,LIH→HNL,,,2024-01-01,2024-12-31,31,31,0,0,0.0,0,0.0,0,0.0,-10.48,-11.0,-3.0,0.74,0.0,2.0,0,0.0,0,0.0,0,0.0,0.58,0.0,0,,0,
flight_number,HNL,MSP,DL,DL312.0,MSP→HNL,,,2024-01-01,2024-12-31,114,114,0,1,0.0,6,0.052632,1,0.008772,-0.27,-9.0,31.8,8.24,0.0,19.0,14,0.122807,9,0.078947,3,0.026316,-3.58,0.0,1,0.111111,0,0.0
flight_number,HNL,MSP,DL,DL415.0,MSP→HNL,,,2024-01-01,2024-12-31,3,3,0,0,0.0,0,0.0,0,0.0,-14.67,-16.0,-0.8,2.67,1.0,5.8,0,0.0,0,0.0,0,0.0,1.67,0.0,0,,0,
flight_number,HNL,MSP,DL,DL435.0,MSP→HNL,,,2024-01-01,2024-12-31,247,246,1,3,0.004049,18,0.073171,1,0.004065,-3.45,-11.0,24.8,11.07,0.0,22.8,32,0.130081,21,0.085366,17,0.069106,0.1,0.0,1,0.047619,0,0.0
flight_number,HNL,MSP,DL,DL708.0,MSP→HNL,,,2024-01-01,2024-12-31,1,1,0,0,0.0,0,0.0,0,0.0,-36.0,-36.0,-36.0,0.0,0.0,0.0,0,0.0,0,0.0,0,0.0,0.0,0.0,0,,0,
flight_number,HNL,OAK,HA,HA47.0,OAK→HNL,,,2024-01-01,2024-12-31,366,359,7,1,0.019126,17,0.047354,3,0.008357,5.56,0.0,27.6,8.37,0.0,15.9,36,0.100279,22,0.061281,15,0.041783,-4.03,0.0,0,0.0,1,0.066667
flight_number,HNL,OAK,WN,WN1129.0,OAK→HNL,,,2024-01-01,2024-12-31,56,56,0,0,0.0,0,0.0,0,0.0,-11.27,-14.5,10.5,5.98,0.0,20.0,9,0.160714,1,0.017857,0,0.0,3.38,0.0,0,0.0,0,
flight_number,HNL,OAK,WN,WN1522.0,OAK→HNL,,,2024-01-01,2024-12-31,33,33,0,0,0.0,1,0.030303,0,0.0,-11.21,-14.0,8.0,8.09,0.0,17.0,4,0.121212,1,0.030303,1,0.030303,2.73,0.0,0,0.0,0,0.0
flight_number,HNL,OAK,WN,WN1938.0,OAK→HNL,,,2024-01-01,2024-12-31,59,59,0,0,0.0,16,0.271186,2,0.033898,38.12,27.0,103.4,33.39,17.0,87.2,31,0.525424,20,0.338983,12,0.20339,-7.27,-9.0,2,0.1,0,0.0
flight_number,HNL,OAK,WN,WN2470.0,OAK→HNL,,,2024-01-01,2024-12-31,31,31,0,1,0.0,0,0.0,0,0.0,-13.03,-16.0,8.0,3.73,0.0,7.3,3,0.096774,1,0.032258,0,0.0,1.17,0.0,0,0.0,0,
flight_number,HNL,OAK,WN,WN2689.0,OAK→HNL,,,2024-01-01,2024-12-31,62,62,0,0,0.0,1,0.016129,0,0.0,-3.23,-6.0,16.7,7.94,1.5,20.9,10,0.16129,2,0.032258,1,0.016129,2.74,0.0,0,0.0,0,0.0
flight_number,HNL,OAK,WN,WN3066.0,OAK→HNL,,,2024-01-01,2024-12-31,59,59,0,0,0.0,1,0.016949,0,0.0,-12.92,-19.0,15.8,10.66,1.0,24.4,14,0.237288,4,0.067797,3,0.050847,4.54,0.0,0,0.0,1,0.333333
flight_number,HNL,OAK,WN,WN3164.0,OAK→HNL,,,2024-01-01,2024-12-31,7,7,0,0,0.0,0,0.0,0,0.0,-6.71,-3.0,8.2,6.57,7.0,13.2,0,0.0,0,0.0,0,0.0,3.57,6.0,0,,0,
flight_number,HNL,OAK,WN,WN4611.0,OAK→HNL,,,2024-01-01,2024-12-31,59,59,0,0,0.0,0,0.0,0,0.0,-3.27,-7.0,27.0,7.71,0.0,27.4,11,0.186441,6,0.101695,1,0.016949,1.47,0.0,0,0.0,0,0.0
flight_number,HNL,OAK,WN,WN808.0,OAK→HNL,,,2024-01-01,2024-12-31,357,357,0,1,0.0,5,0.014006,1,0.002801,-9.24,-15.0,20.5,6.22,0.0,19.0,43,0.120448,20,0.056022,5,0.014006,0.47,0.0,2,0.1,0,0.0
flight_number,HNL,OGG,HA,HA105.0,OGG→HNL,,,2024-01-01,2024-12-31,355,351,4,0,0.011268,4,0.011396,0,0.0,-1.01,-3.0,5.0,1.81,0.0,1.0,7,0.019943,6,0.017094,4,0.011396,-0.75,0.0,0,0.0,0,0.0
flight_number,HNL,OGG,HA,HA109.0,OGG→HNL,,,2024-01-01,2024-12-31,15,15,0,0,0.0,2,0.133333,0,0.0,32.2,22.0,58.4,22.2,15.0,54.4,5,0.333333,4,0.266667,1,0.066667,-10.0,-8.0,0,0.0,0,0.0
flight_number,HNL,OGG,HA,HA1101.0,OGG→HNL,,,2024-01-01,2024-12-31,1,1,0,0,0.0,0,0.0,0,0.0,26.0,26.0,26.0,18.0,18.0,18.0,1,1.0,0,0.0,0,0.0,-8.0,-8.0,0,,0,
flight_number,HNL,OGG,HA,HA1103.0,OGG→HNL,,,2024-01-01,2024-12-31,1,0,1,0,1.0,0,,0,,,,,,,,0,,0,,0,,,,0,,0,
flight_number,HNL,OGG,HA,HA1105.0,OGG→HNL,,,2024-01-01,2024-12-31,3,3,0,0,0.0,1,0.333333,0,0.0,52.33,16.0,106.4,50.0,12.0,107.2,1,0.333333,1,0.333333,1,0.333333,-2.33,-4.0,0,0.0,0,0.0
flight_number,HNL,OGG,HA,HA1115.0,OGG→HNL,,,2024-01-01,2024-12-31,1,1,0,0,0.0,0,0.0,0,0.0,0.0,0.0,0.0,0.0,0.0,0.0,0,0.0,0,0.0,0,0.0,0.0,0.0,0,,0,
flight_number,HNL,OGG,HA,HA1125.0,OGG→HNL,,,2024-01-01,2024-12-31,1,1,0,0,0.0,0,0.0,0,0.0,-4.0,-4.0,-4.0,0.0,0.0,0.0,0,0.0,0,0.0,0,0.0,0.0,0.0,0,,0,
flight_number,HNL,OGG,HA,HA115.0,OGG→HNL,,,2024-01-01,2024-12-31,255,254,1,0,0.003922,3,0.011811,0,0.0,1.5,-2.0,10.0,3.65,0.0,9.0,11,0.043307,6,0.023622,3,0.011811,-0.77,0.0,0,0.0,0,0.0
flight_number,HNL,OGG,HA,HA125.0,OGG→HNL,,,2024-01-01,2024-12-31,337,334,3,0,0.008902,2,0.005988,0,0.0,-1.32,-4.0,7.0,2.07,0.0,4.0,14,0.041916,5,0.01497,2,0.005988,-0.75,0.0,0,0.0,0,0.0
flight_number,HNL,OGG,HA,HA135.0,OGG→HNL,,,2024-01-01,2024-12-31,68,66,2,0,0.029412,1,0.015152,0,0.0,3.88,0.0,14.5,3.59,0.0,6.5,4,0.060606,2,0.030303,1,0.015152,-2.5,0.0,0,0.0,0,0.0
flight_number,HNL,OGG,HA,HA145.0,OGG→HNL,,,2024-01-01,2024-12-31,304,299,5,0,0.016447,1,0.003344,0,0.0,-1.67,-3.0,6.2,1.3,0.0,1.0,5,0.016722,3,0.010033,1,0.003344,-1.13,0.0,0,0.0,0,0.0
flight_number,HNL,OGG,HA,HA155.0,OGG→HNL,,,2024-01-01,2024-12-31,312,308,4,0,0.012821,1,0.003247,0,0.0,-0.42,-3.0,11.3,1.92,0.0,4.0,11,0.035714,7,0.022727,0,0.0,-1.68,0.0,0,0.0,0,0.0
flight_number,HNL,OGG,HA,HA159.0,OGG→HNL,,,2024-01-01,2024-12-31,6,6,0,0,0.0,0,0.0,0,0.0,0.5,-4.0,11.5,3.83,0.0,11.5,1,0.166667,0,0.0,0,0.0,0.0,0.0,0,,0,
flight_number,HNL,OGG,HA,HA165.0,OGG→HNL,,,2024-01-01,2024-12-31,326,325,1,0,0.003067,4,0.012308,2,0.006154,2.42,-3.0,11.0,5.2,0.0,8.0,15,0.046154,11,0.033846,5,0.015385,-1.38,0.0,0,0.0,0,0.0
flight_number,HNL,OGG,HA,HA169.0,OGG→HNL,,,2024-01-01,2024-12-31,11,11,0,0,0.0,0,0.0,0,0.0,-3.64,-7.0,10.0,3.27,0.0,10.0,1,0.090909,0,0.0,0,0.0,0.0,0.0,0,,0,
flight_number,HNL,OGG,HA,HA175.0,OGG→HNL,,,2024-01-01,2024-12-31,349,349,0,0,0.0,6,0.017192,3,0.008596,1.22,-5.0,14.4,5.56,0.0,8.0,21,0.060172,12,0.034384,7,0.020057,-1.36,0.0,0,0.0,0,0.0
flight_number,HNL,OGG,HA,HA179.0,OGG→HNL,,,2024-01-01,2024-12-31,8,6,2,0,0.25,0,0.0,0,0.0,-8.83,-12.5,10.5,4.33,0.0,13.0,1,0.166667,0,0.0,0,0.0,0.83,0.0,0,,0,
flight_number,HNL,OGG,HA,HA185.0,OGG→HNL,,,2024-01-01,2024-12-31,305,301,4,0,0.013115,4,0.013289,0,0.0,1.63,-2.0,18.0,3.87,0.0,11.0,21,0.069767,9,0.0299,2,0.006645,-2.08,0.0,0,0.0,0,0.0
flight_number,HNL,OGG,HA,HA195.0,OGG→HNL,,,2024-01-01,2024-12-31,361,356,5,0,0.01385,3,0.008427,1,0.002809,2.28,-1.0,16.5,3.79,0.0,7.5,20,0.05618,7,0.019663,2,0.005618,-2.27,0.0,0,0.0,0,0.0
flight_number,HNL,OGG,HA,HA205.0,OGG→HNL,,,2024-01-01,2024-12-31,269,267,2,0,0.007435,0,0.0,0,0.0,-0.44,-2.0,12.4,2.28,0.0,8.0,9,0.033708,2,0.007491,0,0.0,-1.32,0.0,0,0.0,0,
flight_number,HNL,OGG,HA,HA215.0,OGG→HNL,,,2024-01-01,2024-12-31,69,68,1,0,0.014493,0,0.0,0,0.0,4.19,3.0,20.3,3.56,0.0,11.0,4,0.058824,1,0.014706,0,0.0,-3.25,0.0,0,0.0,0,
flight_number,HNL,OGG,HA,HA225.0,OGG→HNL,,,2024-01-01,2024-12-31,75,74,1,0,0.013333,2,0.027027,0,0.0,7.09,1.5,34.4,8.92,3.5,25.0,15,0.202703,6,0.081081,1,0.013514,-1.2,0.0,0,0.0,0,0.0
flight_number,HNL,OGG,HA,HA245.0,OGG→HNL,,,2024-01-01,2024-12-31,365,363,2,0,0.005479,8,0.022039,1,0.002755,5.69,1.0,19.0,7.22,2.0,16.0,39,0.107438,18,0.049587,7,0.019284,-0.9,0.0,0,0.0,0,0.0
flight_number,HNL,OGG,HA,HA265.0,OGG→HNL,,,2024-01-01,2024-12-31,120,117,3,0,0.025,1,0.008547,1,0.008547,5.57,1.0,18.8,6.42,1.0,14.4,11,0.094017,3,0.025641,1,0.008547,-1.77,0.0,0,0.0,0,0.0
flight_number,HNL,OGG,HA,HA275.0,OGG→HNL,,,2024-01-01,2024-12-31,307,306,1,0,0.003257,11,0.035948,2,0.006536,8.44,0.0,27.5,10.2,1.0,24.0,50,0.163399,23,0.075163,9,0.029412,-0.77,0.0,0,0.0,0,0.0
flight_number,HNL,OGG,HA,HA285.0,OGG→HNL,,,2024-01-01,2024-12-31,112,111,1,0,0.008929,3,0.027027,0,0.0,3.99,-2.0,20.0,7.13,0.0,17.0,12,0.108108,8,0.072072,4,0.036036,-0.32,0.0,0,0.0,0,0.0
flight_number,HNL,OGG,HA,HA295.0,OGG→HNL,,,2024-01-01,2024-12-31,336,333,3,0,0.008929,10,0.03003,2,0.006006,6.86,2.0,24.6,8.05,1.0,19.0,47,0.141141,14,0.042042,6,0.018018,-1.25,0.0,0,0.0,0,0.0
flight_number,HNL,OGG,HA,HA305.0,OGG→HNL,,,2024-01-01,2024-12-31,286,281,5,1,0.017483,9,0.032028,1,0.003559,5.83,0.0,28.2,10.27,2.0,31.0,56,0.199288,29,0.103203,7,0.024911,0.9,0.0,0,0.0,0,0.0
flight_number,HNL,OGG,HA,HA315.0,OGG→HNL,,,2024-01-01,2024-12-31,2,2,0,0,0.0,0,0.0,0,0.0,2.0,2.0,8.4,8.5,8.5,15.3,1,0.5,0,0.0,0,0.0,3.5,3.5,0,,0,
flight_number,HNL,OGG,HA,HA325.0,OGG→HNL,,,2024-01-01,2024-12-31,295,289,6,0,0.020339,3,0.010381,1,0.00346,1.14,-4.0,18.2,7.01,0.0,22.2,39,0.134948,14,0.048443,3,0.010381,0.9,0.0,0,0.0,0,0.0
flight_number,HNL,OGG,HA,HA335.0,OGG→HNL,,,2024-01-01,2024-12-31,125,123,2,0,0.016,8,0.065041,0,0.0,7.0,-2.0,36.4,10.18,0.0,29.4,25,0.203252,12,0.097561,6,0.04878,-1.05,0.0,0,0.0,0,0.0
flight_number,HNL,OGG,HA,HA345.0,OGG→HNL,,,2024-01-01,2024-12-31,277,270,7,0,0.025271,8,0.02963,0,0.0,5.78,-0.5,28.1,9.63,1.0,28.1,56,0.207407,25,0.092593,6,0.022222,0.14,0.0,0,0.0,0,0.0
flight_number,HNL,OGG,HA,HA355.0,OGG→HNL,,,2024-01-01,2024-12-31,297,296,1,0,0.003367,6,0.02027,0,0.0,2.34,-3.0,24.5,6.32,0.0,23.5,39,0.131757,19,0.064189,5,0.016892,-0.37,0.0,0,0.0,0,0.0
flight_number,HNL,OGG,HA,HA365.0,OGG→HNL,,,2024-01-01,2024-12-31,9,9,0,0,0.0,0,0.0,0,0.0,1.56,2.0,9.8,2.22,0.0,5.2,1,0.111111,0,0.0,0,0.0,-2.0,-2.0,0,,0,
flight_number,HNL,OGG,HA,HA375.0,OGG→HNL,,,2024-01-01,2024-12-31,113,109,4,0,0.035398,3,0.027523,0,0.0,2.35,-4.0,16.8,6.31,0.0,14.2,10,0.091743,5,0.045872,3,0.027523,-0.59,0.0,0,0.0,0,0.0
flight_number,HNL,OGG,HA,HA385.0,OGG→HNL,,,2024-01-01,2024-12-31,194,192,2,0,0.010309,10,0.052083,0,0.0,11.52,4.5,36.9,14.03,5.0,37.0,51,0.265625,26,0.135417,10,0.052083,-0.27,0.0,0,0.0,0,0.0
flight_number,HNL,OGG,HA,HA505.0,OGG→HNL,,,2024-01-01,2024-12-31,145,143,2,0,0.013793,1,0.006993,0,0.0,2.69,-2.0,21.8,5.48,0.0,19.0,18,0.125874,7,0.048951,2,0.013986,-0.83,0.0,0,0.0,0,0.0
flight_number,HNL,OGG,HA,HA515.0,OGG→HNL,,,2024-01-01,2024-12-31,92,91,1,0,0.01087,4,0.043956,0,0.0,10.24,4.0,37.0,9.74,0.0,36.0,17,0.186813,12,0.131868,4,0.043956,-2.29,0.0,0,0.0,0,0.0
flight_number,HNL,OGG,HA,HA525.0,OGG→HNL,,,2024-01-01,2024-12-31,55,54,1,0,0.018182,2,0.037037,0,0.0,0.46,-5.0,21.1,6.59,0.0,20.4,9,0.166667,4,0.074074,1,0.018519,0.06,0.0,0,0.0,0,0.0
flight_number,HNL,OGG,HA,HA535.0,OGG→HNL,,,2024-01-01,2024-12-31,231,226,5,0,0.021645,4,0.017699,0,0.0,0.04,-5.0,17.0,5.57,0.0,16.0,23,0.10177,13,0.057522,5,0.022124,0.1,0.0,0,0.0,0,0.0
flight_number,HNL,OGG,HA,HA545.0,OGG→HNL,,,2024-01-01,2024-12-31,210,206,4,0,0.019048,6,0.029126,0,0.0,3.35,-3.0,25.5,7.18,0.0,24.0,27,0.131068,14,0.067961,6,0.029126,-0.91,0.0,0,0.0,0,0.0
flight_number,HNL,OGG,HA,HA555.0,OGG→HNL,,,2024-01-01,2024-12-31,274,267,7,1,0.025547,8,0.029963,0,0.0,1.93,-4.0,18.0,6.64,0.0,19.0,30,0.11236,18,0.067416,9,0.033708,-0.36,0.0,0,0.0,0,0.0
flight_number,HNL,OGG,HA,HA565.0,OGG→HNL,,,2024-01-01,2024-12-31,226,224,2,0,0.00885,6,0.026786,0,0.0,0.98,-5.0,22.7,6.48,0.0,21.8,28,0.125,15,0.066964,6,0.026786,-0.42,0.0,0,0.0,0,0.0
flight_number,HNL,OGG,HA,HA575.0,OGG→HNL,,,2024-01-01,2024-12-31,117,117,0,1,0.0,6,0.051282,0,0.0,-0.17,-6.5,21.0,6.11,0.0,17.5,13,0.111111,9,0.076923,4,0.034188,-0.97,0.0,0,0.0,0,0.0
flight_number,HNL,OGG,HA,HA585.0,OGG→HNL,,,2024-01-01,2024-12-31,2,2,0,0,0.0,0,0.0,0,0.0,-5.0,-5.0,-5.0,0.0,0.0,0.0,0,0.0,0,0.0,0,0.0,0.0,0.0,0,,0,
flight_number,HNL,OGG,WN,WN1037.0,OGG→HNL,,,2024-01-01,2024-12-31,59,56,3,0,0.050847,1,0.017857,0,0.0,-5.07,-8.0,4.0,1.7,0.0,0.0,1,0.017857,1,0.017857,1,0.017857,-0.93,0.0,0,0.0,0,0.0
flight_number,HNL,OGG,WN,WN1106.0,OGG→HNL,,,2024-01-01,2024-12-31,7,7,0,0,0.0,0,0.0,0,0.0,-9.43,-11.0,-2.0,1.86,0.0,5.2,0,0.0,0,0.0,0,0.0,0.43,0.0,0,,0,
flight_number,HNL,OGG,WN,WN1207.0,OGG→HNL,,,2024-01-01,2024-12-31,59,59,0,0,0.0,0,0.0,0,0.0,-6.81,-8.0,1.4,0.71,0.0,0.0,2,0.033898,0,0.0,0,0.0,-0.08,0.0,0,,0,
flight_number,HNL,OGG,WN,WN1229.0,OGG→HNL,,,2024-01-01,2024-12-31,59,59,0,0,0.0,0,0.0,0,0.0,-7.44,-9.0,-0.2,1.39,0.0,0.2,2,0.033898,1,0.016949,0,0.0,-0.27,0.0,0,0.0,0,0.0
flight_number,HNL,OGG,WN,WN1291.0,OGG→HNL,,,2024-01-01,2024-12-31,59,59,0,0,0.0,0,0.0,0,0.0,-14.2,-15.0,-7.0,0.03,0.0,0.0,0,0.0,0,0.0,0,0.0,-0.1,0.0,0,,0,
flight_number,HNL,OGG,WN,WN1322.0,OGG→HNL,,,2024-01-01,2024-12-31,62,60,2,0,0.032258,0,0.0,0,0.0,-7.22,-9.0,-2.9,1.35,0.0,1.0,2,0.033333,1,0.016667,0,0.0,0.33,0.0,0,0.0,0,
flight_number,HNL,OGG,WN,WN1344.0,OGG→HNL,,,2024-01-01,2024-12-31,59,59,0,0,0.0,2,0.033898,0,0.0,-1.34,-6.0,1.2,5.12,0.0,0.2,4,0.067797,4,0.067797,2,0.033898,0.02,0.0,0,0.0,0,0.0
flight_number,HNL,OGG,WN,WN1399.0,OGG→HNL,,,2024-01-01,2024-12-31,59,58,1,0,0.016949,0,0.0,0,0.0,-10.14,-11.0,1.0,2.07,0.0,9.5,4,0.068966,0,0.0,0,0.0,1.47,0.0,0,,0,
flight_number,HNL,OGG,WN,WN1494.0,OGG→HNL,,,2024-01-01,2024-12-31,7,7,0,0,0.0,0,0.0,0,0.0,-10.86,-12.0,-4.6,0.86,0.0,2.6,0,0.0,0,0.0,0,0.0,0.86,0.0,0,,0,
flight_number,HNL,OGG,WN,WN1509.0,OGG→HNL,,,2024-01-01,2024-12-31,33,33,0,0,0.0,0,0.0,0,0.0,-10.33,-10.0,-6.2,0.03,0.0,0.0,0,0.0,0,0.0,0,0.0,0.03,0.0,0,,0,
flight_number,HNL,OGG,WN,WN1518.0,OGG→HNL,,,2024-01-01,2024-12-31,33,33,0,0,0.0,1,0.030303,0,0.0,1.0,-3.0,17.6,3.82,0.0,8.6,2,0.060606,1,0.030303,1,0.030303,-2.91,0.0,0,0.0,0,0.0
flight_number,HNL,OGG,WN,WN1519.0,OGG→HNL,,,2024-01-01,2024-12-31,33,33,0,0,0.0,0,0.0,0,0.0,-1.61,-6.0,21.8,5.64,0.0,20.4,4,0.121212,3,0.090909,0,0.0,0.15,0.0,0,0.0,0,
flight_number,HNL,OGG,WN,WN1523.0,OGG→HNL,,,2024-01-01,2024-12-31,33,32,1,0,0.030303,1,0.03125,0,0.0,-5.31,-9.5,8.2,3.75,0.0,0.0,3,0.09375,1,0.03125,1,0.03125,0.12,0.0,0,0.0,0,0.0
flight_number,HNL,OGG,WN,WN1524.0,OGG→HNL,,,2024-01-01,2024-12-31,33,33,0,0,0.0,0,0.0,0,0.0,-5.33,-11.0,7.0,4.15,0.0,12.8,2,0.060606,1,0.030303,0,0.0,0.88,0.0,0,0.0,0,0.0
flight_number,HNL,OGG,WN,WN1525.0,OGG→HNL,,,2024-01-01,2024-12-31,33,33,0,0,0.0,1,0.030303,0,0.0,-1.58,-7.0,20.6,6.88,0.0,26.2,4,0.121212,3,0.090909,1,0.030303,1.09,0.0,0,0.0,0,0.0
flight_number,HNL,OGG,WN,WN1526.0,OGG→HNL,,,2024-01-01,2024-12-31,33,33,0,0,0.0,1,0.030303,0,0.0,-5.58,-10.0,-2.2,3.76,0.0,0.8,2,0.060606,1,0.030303,1,0.030303,0.52,0.0,0,0.0,0,0.0
flight_number,HNL,OGG,WN,WN1527.0,OGG→HNL,,,2024-01-01,2024-12-31,32,32,0,0,0.0,0,0.0,0,0.0,-10.22,-12.0,-2.0,0.53,0.0,0.0,1,0.03125,0,0.0,0,0.0,0.19,0.0,0,,0,
flight_number,HNL,OGG,WN,WN1528.0,OGG→HNL,,,2024-01-01,2024-12-31,32,32,0,0,0.0,0,0.0,0,0.0,-7.62,-9.0,5.7,1.97,0.0,4.8,2,0.0625,0,0.0,0,0.0,0.28,0.0,0,,0,
flight_number,HNL,OGG,WN,WN1530.0,OGG→HNL,,,2024-01-01,2024-12-31,33,33,0,0,0.0,1,0.030303,0,0.0,0.88,-4.0,17.8,9.73,1.0,20.6,6,0.181818,2,0.060606,2,0.060606,3.3,0.0,0,0.0,0,0.0
flight_number,HNL,OGG,WN,WN1531.0,OGG→HNL,,,2024-01-01,2024-12-31,33,32,1,0,0.030303,1,0.03125,0,0.0,-0.91,-7.5,15.8,6.62,0.0,17.6,4,0.125,3,0.09375,1,0.03125,0.0,0.0,0,0.0,0,0.0
flight_number,HNL,OGG,WN,WN1676.0,OGG→HNL,,,2024-01-01,2024-12-31,59,59,0,0,0.0,1,0.016949,0,0.0,-6.17,-9.0,3.0,2.64,0.0,0.0,2,0.033898,2,0.033898,1,0.016949,-0.49,0.0,0,0.0,0,0.0
flight_number,HNL,OGG,WN,WN1697.0,OGG→HNL,,,2024-01-01,2024-12-31,62,59,3,0,0.048387,1,0.016949,0,0.0,-6.68,-8.0,-1.8,1.47,0.0,0.2,1,0.016949,1,0.016949,1,0.016949,0.32,0.0,0,0.0,0,0.0
flight_number,HNL,OGG,WN,WN1698.0,OGG→HNL,,,2024-01-01,2024-12-31,59,59,0,0,0.0,0,0.0,0,0.0,-13.64,-16.0,-8.8,1.0,0.0,0.0,2,0.033898,1,0.016949,0,0.0,0.0,0.0,0,0.0,0,
flight_number,HNL,OGG,WN,WN1711.0,OGG→HNL,,,2024-01-01,2024-12-31,59,59,0,0,0.0,1,0.016949,0,0.0,-7.85,-10.0,2.2,2.44,0.0,1.0,2,0.033898,2,0.033898,1,0.016949,0.15,0.0,0,0.0,0,0.0
flight_number,HNL,OGG,WN,WN1717.0,OGG→HNL,,,2024-01-01,2024-12-31,7,7,0,0,0.0,1,0.142857,0,0.0,9.86,-8.0,55.2,20.43,0.0,64.8,2,0.285714,2,0.285714,1,0.142857,2.86,0.0,0,0.0,0,0.0
flight_number,HNL,OGG,WN,WN174.0,OGG→HNL,,,2024-01-01,2024-12-31,58,58,0,0,0.0,1,0.017241,0,0.0,-6.22,-10.0,0.9,2.78,0.0,2.5,3,0.051724,2,0.034483,1,0.017241,0.26,0.0,0,0.0,0,0.0
flight_number,HNL,OGG,WN,WN1890.0,OGG→HNL,,,2024-01-01,2024-12-31,58,58,0,0,0.0,0,0.0,0,0.0,-5.03,-8.0,6.6,2.48,0.0,7.3,4,0.068966,2,0.034483,0,0.0,0.24,0.0,0,0.0,0,
flight_number,HNL,OGG,WN,WN1979.0,OGG→HNL,,,2024-01-01,2024-12-31,7,7,0,0,0.0,0,0.0,0,0.0,-1.71,-5.0,15.4,7.0,0.0,20.6,1,0.142857,1,0.142857,0,0.0,1.71,0.0,0,0.0,0,
flight_number,HNL,OGG,WN,WN1983.0,OGG→HNL,,,2024-01-01,2024-12-31,59,57,2,0,0.033898,3,0.052632,0,0.0,5.46,-5.0,39.0,5.6,0.0,9.4,6,0.105263,4,0.070175,2,0.035088,-5.25,0.0,0,0.0,0,0.0
flight_number,HNL,OGG,WN,WN2053.0,OGG→HNL,,,2024-01-01,2024-12-31,56,55,1,0,0.017857,0,0.0,0,0.0,-5.0,-9.0,6.4,3.47,0.0,3.6,4,0.072727,2,0.036364,1,0.018182,0.4,0.0,0,0.0,0,0.0
flight_number,HNL,OGG,WN,WN2054.0,OGG→HNL,,,2024-01-01,2024-12-31,56,55,1,0,0.017857,3,0.054545,1,0.018182,3.95,-7.0,28.6,9.82,0.0,25.4,7,0.127273,5,0.090909,3,0.054545,-0.8,0.0,0,0.0,0,0.0
flight_number,HNL,OGG,WN,WN2056.0,OGG→HNL,,,2024-01-01,2024-12-31,56,56,0,0,0.0,1,0.017857,1,0.017857,3.29,-4.5,20.0,8.48,0.0,23.0,9,0.160714,5,0.089286,1,0.017857,-0.23,0.0,0,0.0,0,0.0
flight_number,HNL,OGG,WN,WN2057.0,OGG→HNL,,,2024-01-01,2024-12-31,56,56,0,0,0.0,1,0.017857,0,0.0,-2.11,-8.0,18.5,5.54,0.0,10.0,5,0.089286,3,0.053571,1,0.017857,-0.27,0.0,0,0.0,0,0.0
flight_number,HNL,OGG,WN,WN2058.0,OGG→HNL,,,2024-01-01,2024-12-31,56,55,1,0,0.017857,1,0.018182,0,0.0,-1.65,-8.0,11.4,5.2,0.0,8.6,4,0.072727,2,0.036364,1,0.018182,-0.29,0.0,0,0.0,0,0.0
flight_number,HNL,OGG,WN,WN2062.0,OGG→HNL,,,2024-01-01,2024-12-31,56,56,0,0,0.0,1,0.017857,0,0.0,-6.64,-9.5,-1.5,2.98,0.0,0.0,2,0.035714,2,0.035714,1,0.017857,-0.16,0.0,0,0.0,0,0.0
flight_number,HNL,OGG,WN,WN2063.0,OGG→HNL,,,2024-01-01,2024-12-31,56,56,0,0,0.0,2,0.035714,0,0.0,-4.7,-9.0,8.5,4.79,0.0,10.5,5,0.089286,3,0.053571,2,0.035714,0.25,0.0,0,0.0,0,0.0
flight_number,HNL,OGG,WN,WN2125.0,OGG→HNL,,,2024-01-01,2024-12-31,90,86,4,0,0.044444,0,0.0,0,0.0,2.38,-5.0,31.0,7.9,0.0,29.0,18,0.209302,7,0.081395,0,0.0,-0.19,0.0,0,0.0,0,0.0
flight_number,HNL,OGG,WN,WN2131.0,OGG→HNL,,,2024-01-01,2024-12-31,7,7,0,0,0.0,0,0.0,0,0.0,6.57,-1.0,32.8,12.57,4.0,38.6,2,0.285714,2,0.285714,0,0.0,2.86,4.0,0,0.0,0,
flight_number,HNL,OGG,WN,WN2186.0,OGG→HNL,,,2024-01-01,2024-12-31,59,59,0,0,0.0,0,0.0,0,0.0,-0.83,-6.0,31.4,7.32,0.0,32.2,10,0.169492,6,0.101695,0,0.0,1.41,0.0,0,0.0,0,
flight_number,HNL,OGG,WN,WN2192.0,OGG→HNL,,,2024-01-01,2024-12-31,59,59,0,0,0.0,1,0.016949,0,0.0,-5.68,-10.0,2.0,4.02,0.0,6.0,4,0.067797,2,0.033898,2,0.033898,0.69,0.0,0,0.0,0,0.0
flight_number,HNL,OGG,WN,WN2242.0,OGG→HNL,,,2024-01-01,2024-12-31,62,62,0,0,0.0,1,0.016129,0,0.0,3.23,1.0,15.0,6.97,2.5,18.8,8,0.129032,2,0.032258,1,0.016129,0.95,0.0,0,0.0,0,0.0
flight_number,HNL,OGG,WN,WN2281.0,OGG→HNL,,,2024-01-01,2024-12-31,59,59,0,0,0.0,2,0.033898,1,0.016949,-5.24,-11.0,-3.0,5.83,0.0,0.2,3,0.050847,3,0.050847,2,0.033898,0.49,0.0,0,0.0,0,0.0
flight_number,HNL,OGG,WN,WN2343.0,OGG→HNL,,,2024-01-01,2024-12-31,31,31,0,0,0.0,0,0.0,0,0.0,-8.87,-11.0,-2.0,1.65,0.0,0.0,1,0.032258,1,0.032258,0,0.0,-0.1,0.0,0,0.0,0,
flight_number,HNL,OGG,WN,WN2403.0,OGG→HNL,,,2024-01-01,2024-12-31,7,7,0,0,0.0,0,0.0,0,0.0,-14.43,-14.0,-10.8,0.0,0.0,0.0,0,0.0,0,0.0,0,0.0,0.0,0.0,0,,0,
flight_number,HNL,OGG,WN,WN2422.0,OGG→HNL,,,2024-01-01,2024-12-31,59,58,1,0,0.016949,0,0.0,0,0.0,3.26,-6.0,40.2,9.74,0.0,38.3,14,0.241379,8,0.137931,0,0.0,-0.05,0.0,0,0.0,0,
flight_number,HNL,OGG,WN,WN2433.0,OGG→HNL,,,2024-01-01,2024-12-31,59,59,0,0,0.0,0,0.0,0,0.0,-9.29,-10.0,-1.8,1.08,0.0,0.0,2,0.033898,0,0.0,0,0.0,0.08,0.0,0,,0,
flight_number,HNL,OGG,WN,WN2533.0,OGG→HNL,,,2024-01-01,2024-12-31,7,7,0,0,0.0,0,0.0,0,0.0,-9.43,-12.0,-2.6,1.14,0.0,3.2,0,0.0,0,0.0,0,0.0,0.57,0.0,0,,0,
flight_number,HNL,OGG,WN,WN2535.0,OGG→HNL,,,2024-01-01,2024-12-31,7,7,0,0,0.0,0,0.0,0,0.0,1.29,-1.0,8.6,3.86,1.0,12.2,0,0.0,0,0.0,0,0.0,0.71,0.0,0,,0,
flight_number,HNL,OGG,WN,WN2541.0,OGG→HNL,,,2024-01-01,2024-12-31,59,59,0,0,0.0,0,0.0,0,0.0,-7.68,-10.0,3.4,0.56,0.0,0.0,0,0.0,0,0.0,0,0.0,-0.49,0.0,0,,0,
flight_number,HNL,OGG,WN,WN2573.0,OGG→HNL,,,2024-01-01,2024-12-31,59,59,0,0,0.0,1,0.016949,0,0.0,-11.83,-14.0,-7.8,1.66,0.0,0.0,1,0.016949,1,0.016949,1,0.016949,0.36,0.0,0,0.0,0,0.0
flight_number,HNL,OGG,WN,WN2595.0,OGG→HNL,,,2024-01-01,2024-12-31,30,29,1,0,0.033333,0,0.0,0,0.0,-10.79,-13.0,-5.0,1.45,0.0,0.0,1,0.034483,1,0.034483,0,0.0,0.31,0.0,0,0.0,0,
flight_number,HNL,OGG,WN,WN2626.0,OGG→HNL,,,2024-01-01,2024-12-31,59,59,0,0,0.0,0,0.0,0,0.0,-7.68,-8.0,1.0,0.98,0.0,1.0,1,0.016949,1,0.016949,0,0.0,0.39,0.0,0,0.0,0,
flight_number,HNL,OGG,WN,WN2642.0,OGG→HNL,,,2024-01-01,2024-12-31,62,62,0,0,0.0,1,0.016129,0,0.0,0.1,-8.0,26.3,9.48,0.0,36.2,10,0.16129,7,0.112903,3,0.048387,2.39,0.0,0,0.0,0,0.0
flight_number,HNL,OGG,WN,WN2840.0,OGG→HNL,,,2024-01-01,2024-12-31,31,31,0,0,0.0,0,0.0,0,0.0,-7.45,-8.0,-2.0,0.84,0.0,2.0,0,0.0,0,0.0,0,0.0,0.32,0.0,0,,0,
flight_number,HNL,OGG,WN,WN2849.0,OGG→HNL,,,2024-01-01,2024-12-31,31,31,0,0,0.0,1,0.032258,0,0.0,-5.74,-12.0,-3.0,5.26,0.0,0.0,1,0.032258,1,0.032258,1,0.032258,0.35,0.0,0,0.0,0,0.0
flight_number,HNL,OGG,WN,WN2919.0,OGG→HNL,,,2024-01-01,2024-12-31,59,59,0,0,0.0,0,0.0,0,0.0,-7.59,-10.0,6.4,1.49,0.0,1.0,3,0.050847,0,0.0,0,0.0,-0.17,0.0,0,,0,
flight_number,HNL,OGG,WN,WN3142.0,OGG→HNL,,,2024-01-01,2024-12-31,62,62,0,0,0.0,1,0.016129,0,0.0,-2.24,-7.0,3.8,5.19,0.0,2.0,5,0.080645,5,0.080645,1,0.016129,0.32,0.0,0,0.0,0,0.0
flight_number,HNL,OGG,WN,WN3198.0,OGG→HNL,,,2024-01-01,2024-12-31,58,58,0,0,0.0,0,0.0,0,0.0,-3.36,-6.5,6.0,3.17,0.0,8.0,4,0.068966,3,0.051724,0,0.0,0.02,0.0,0,0.0,0,
flight_number,HNL,OGG,WN,WN3237.0,OGG→HNL,,,2024-01-01,2024-12-31,62,61,1,0,0.016129,0,0.0,0,0.0,-7.9,-10.0,-1.0,2.1,0.0,2.0,3,0.04918,1,0.016393,0,0.0,0.52,0.0,0,0.0,0,
flight_number,HNL,OGG,WN,WN3348.0,OGG→HNL,,,2024-01-01,2024-12-31,62,61,1,0,0.016129,1,0.016393,0,0.0,-3.18,-8.0,15.0,5.84,0.0,13.0,6,0.098361,2,0.032787,1,0.016393,1.33,0.0,0,0.0,0,0.0
flight_number,HNL,OGG,WN,WN3414.0,OGG→HNL,,,2024-01-01,2024-12-31,31,31,0,0,0.0,0,0.0,0,0.0,-9.29,-10.0,-1.0,0.77,0.0,1.0,1,0.032258,0,0.0,0,0.0,0.35,0.0,0,,0,
flight_number,HNL,OGG,WN,WN3457.0,OGG→HNL,,,2024-01-01,2024-12-31,62,62,0,0,0.0,0,0.0,0,0.0,-10.32,-11.0,-6.0,0.42,0.0,0.0,1,0.016129,0,0.0,0,0.0,-0.34,0.0,0,,0,
flight_number,HNL,OGG,WN,WN3611.0,OGG→HNL,,,2024-01-01,2024-12-31,59,59,0,1,0.0,6,0.101695,0,0.0,18.71,11.5,60.5,14.4,6.0,33.3,21,0.355932,10,0.169492,2,0.033898,-6.59,0.0,0,0.0,0,0.0
flight_number,HNL,OGG,WN,WN3687.0,OGG→HNL,,,2024-01-01,2024-12-31,59,58,1,0,0.016949,2,0.034483,0,0.0,-3.95,-10.0,21.5,4.36,0.0,6.3,4,0.068966,3,0.051724,2,0.034483,-1.03,0.0,0,0.0,0,0.0
flight_number,HNL,OGG,WN,WN3700.0,OGG→HNL,,,2024-01-01,2024-12-31,59,59,0,0,0.0,0,0.0,0,0.0,-1.34,-6.0,20.0,4.47,0.0,20.2,7,0.118644,2,0.033898,0,0.0,-0.85,0.0,0,0.0,0,
flight_number,HNL,OGG,WN,WN3718.0,OGG→HNL,,,2024-01-01,2024-12-31,31,30,1,0,0.032258,0,0.0,0,0.0,-8.63,-9.0,-4.0,1.07,0.0,0.1,1,0.033333,0,0.0,0,0.0,0.27,0.0,0,,0,
flight_number,HNL,OGG,WN,WN3742.0,OGG→HNL,,,2024-01-01,2024-12-31,31,31,0,0,0.0,0,0.0,0,0.0,-8.87,-9.0,-5.0,0.61,0.0,0.0,1,0.032258,0,0.0,0,0.0,-0.16,0.0,0,,0,
flight_number,HNL,OGG,WN,WN3744.0,OGG→HNL,,,2024-01-01,2024-12-31,1,1,0,0,0.0,0,0.0,0,0.0,-9.0,-9.0,-9.0,0.0,0.0,0.0,0,0.0,0,0.0,0,0.0,0.0,0.0,0,,0,
flight_number,HNL,OGG,WN,WN3753.0,OGG→HNL,,,2024-01-01,2024-12-31,7,7,0,0,0.0,1,0.142857,0,0.0,6.71,-8.0,35.2,15.14,0.0,42.4,1,0.142857,1,0.142857,1,0.142857,0.86,0.0,0,0.0,0,0.0
flight_number,HNL,OGG,WN,WN3760.0,OGG→HNL,,,2024-01-01,2024-12-31,7,7,0,0,0.0,0,0.0,0,0.0,-7.71,-9.0,-3.6,0.0,0.0,0.0,0,0.0,0,0.0,0,0.0,-0.43,0.0,0,,0,
flight_number,HNL,OGG,WN,WN3903.0,OGG→HNL,,,2024-01-01,2024-12-31,31,31,0,0,0.0,0,0.0,0,0.0,-10.48,-11.0,-6.0,0.0,0.0,0.0,0,0.0,0,0.0,0,0.0,0.0,0.0,0,,0,
flight_number,HNL,OGG,WN,WN3994.0,OGG→HNL,,,2024-01-01,2024-12-31,62,62,0,0,0.0,11,0.177419,2,0.032258,26.13,7.0,69.7,31.87,10.5,74.8,29,0.467742,23,0.370968,13,0.209677,1.82,1.0,0,0.0,0,0.0
flight_number,HNL,OGG,WN,WN4063.0,OGG→HNL,,,2024-01-01,2024-12-31,58,57,1,0,0.017241,0,0.0,0,0.0,-7.47,-9.0,-1.6,1.26,0.0,0.0,3,0.052632,0,0.0,0,0.0,0.12,0.0,0,,0,
flight_number,HNL,OGG,WN,WN4172.0,OGG→HNL,,,2024-01-01,2024-12-31,31,31,0,0,0.0,0,0.0,0,0.0,-9.26,-11.0,-4.0,0.13,0.0,0.0,0,0.0,0,0.0,0,0.0,-0.1,0.0,0,,0,
flight_number,HNL,OGG,WN,WN4173.0,OGG→HNL,,,2024-01-01,2024-12-31,1,1,0,0,0.0,0,0.0,0,0.0,-14.0,-14.0,-14.0,0.0,0.0,0.0,0,0.0,0,0.0,0,0.0,0.0,0.0,0,,0,
flight_number,HNL,OGG,WN,WN4279.0,OGG→HNL,,,2024-01-01,2024-12-31,58,58,0,0,0.0,0,0.0,0,0.0,-11.48,-12.0,-5.0,0.17,0.0,0.0,0,0.0,0,0.0,0,0.0,0.07,0.0,0,,0,
flight_number,HNL,OGG,WN,WN4430.0,OGG→HNL,,,2024-01-01,2024-12-31,59,59,0,0,0.0,0,0.0,0,0.0,-8.78,-11.0,0.6,1.95,0.0,0.0,2,0.033898,1,0.016949,0,0.0,0.29,0.0,0,0.0,0,
flight_number,HNL,OGG,WN,WN4591.0,OGG→HNL,,,2024-01-01,2024-12-31,30,30,0,0,0.0,0,0.0,0,0.0,-12.23,-16.0,-1.3,1.7,0.0,0.0,1,0.033333,1,0.033333,0,0.0,-0.23,0.0,0,0.0,0,
flight_number,HNL,OGG,WN,WN4646.0,OGG→HNL,,,2024-01-01,2024-12-31,58,58,0,0,0.0,0,0.0,0,0.0,-9.03,-10.0,-4.0,0.79,0.0,0.0,1,0.017241,1,0.017241,0,0.0,0.19,0.0,0,0.0,0,
flight_number,HNL,OGG,WN,WN4726.0,OGG→HNL,,,2024-01-01,2024-12-31,62,62,0,0,0.0,1,0.016129,0,0.0,-2.4,-8.0,22.3,5.37,0.0,16.7,7,0.112903,5,0.080645,1,0.016129,0.34,0.0,0,0.0,0,0.0
flight_number,HNL,OGG,WN,WN4729.0,OGG→HNL,,,2024-01-01,2024-12-31,62,60,2,0,0.032258,0,0.0,0,0.0,-0.02,-2.0,11.0,3.1,0.0,9.0,2,0.033333,2,0.033333,0,0.0,-1.13,0.0,0,0.0,0,
flight_number,HNL,OGG,WN,WN5136.0,OGG→HNL,,,2024-01-01,2024-12-31,56,55,1,0,0.017857,0,0.0,0,0.0,-5.31,-8.0,2.0,2.24,0.0,4.2,3,0.054545,1,0.018182,0,0.0,0.22,0.0,0,0.0,0,
flight_number,HNL,OGG,WN,WN5218.0,OGG→HNL,,,2024-01-01,2024-12-31,1,1,0,0,0.0,0,0.0,0,0.0,-34.0,-34.0,-34.0,0.0,0.0,0.0,0,0.0,0,0.0,0,0.0,0.0,0.0,0,,0,
flight_number,HNL,OGG,WN,WN5353.0,OGG→HNL,,,2024-01-01,2024-12-31,1,1,0,0,0.0,0,0.0,0,0.0,-29.0,-29.0,-29.0,0.0,0.0,0.0,0,0.0,0,0.0,0,0.0,0.0,0.0,0,,0,
flight_number,HNL,OGG,WN,WN5532.0,OGG→HNL,,,2024-01-01,2024-12-31,56,56,0,0,0.0,2,0.035714,0,0.0,-4.29,-9.5,0.5,4.14,0.0,2.5,3,0.053571,2,0.035714,2,0.035714,0.0,0.0,0,0.0,0,0.0
flight_number,HNL,OGG,WN,WN569.0,OGG→HNL,,,2024-01-01,2024-12-31,59,58,1,0,0.016949,0,0.0,0,0.0,-7.66,-8.0,-1.7,0.33,0.0,0.3,0,0.0,0,0.0,0,0.0,0.12,0.0,0,,0,
flight_number,HNL,OGG,WN,WN5717.0,OGG→HNL,,,2024-01-01,2024-12-31,56,55,1,0,0.017857,0,0.0,0,0.0,-6.04,-6.0,2.2,0.73,0.0,0.0,1,0.018182,0,0.0,0,0.0,-0.25,0.0,0,,0,
flight_number,HNL,OGG,WN,WN5999.0,OGG→HNL,,,2024-01-01,2024-12-31,56,55,1,0,0.017857,2,0.036364,0,0.0,4.49,-1.0,19.6,3.96,0.0,15.2,6,0.109091,1,0.018182,1,0.018182,-5.11,0.0,0,0.0,0,0.0
flight_number,HNL,OGG,WN,WN693.0,OGG→HNL,,,2024-01-01,2024-12-31,7,7,0,0,0.0,0,0.0,0,0.0,-9.14,-11.0,-4.4,0.0,0.0,0.0,0,0.0,0,0.0,0,0.0,-0.14,0.0,0,,0,
flight_number,HNL,OGG,WN,WN816.0,OGG→HNL,,,2024-01-01,2024-12-31,59,59,0,0,0.0,0,0.0,0,0.0,-6.95,-8.0,-0.8,0.31,0.0,0.0,0,0.0,0,0.0,0,0.0,0.0,0.0,0,,0,
flight_number,HNL,OGG,WN,WN892.0,OGG→HNL,,,2024-01-01,2024-12-31,59,59,0,0,0.0,2,0.033898,0,0.0,-8.41,-12.0,2.2,3.59,0.0,3.0,4,0.067797,2,0.033898,2,0.033898,0.68,0.0,0,0.0,0,0.0
flight_number,HNL,ONT,HA,HA1079.0,ONT→HNL,,,2024-01-01,2024-12-31,2,2,0,0,0.0,0,0.0,0,0.0,10.5,10.5,38.1,25.0,25.0,45.0,1,0.5,1,0.5,0,0.0,2.5,2.5,0,0.0,0,
flight_number,HNL,ONT,HA,HA79.0,ONT→HNL,,,2024-01-01,2024-12-31,366,364,2,2,0.005464,15,0.041209,5,0.013736,6.32,-2.0,28.9,10.93,0.0,14.9,35,0.096154,22,0.06044,12,0.032967,-3.36,0.0,0,0.0,0,0.0
flight_number,HNL,ORD,UA,UA2053.0,ORD→HNL,,,2024-01-01,2024-12-31,13,13,0,0,0.0,1,0.076923,0,0.0,-10.62,-19.0,5.0,10.92,4.0,13.8,1,0.076923,1,0.076923,1,0.076923,4.69,4.0,0,0.0,0,0.0
flight_number,HNL,ORD,UA,UA219.0,ORD→HNL,,,2024-01-01,2024-12-31,366,365,1,0,0.002732,12,0.032877,2,0.005479,-10.27,-16.0,24.6,9.87,0.0,23.6,54,0.147945,28,0.076712,17,0.046575,1.91,0.0,6,0.193548,2,0.117647
flight_number,HNL,PAE,AS,AS819.0,PAE→HNL,,,2024-01-01,2024-12-31,66,60,6,10,0.090909,4,0.066667,0,0.0,9.22,4.5,45.4,4.76,0.0,18.0,6,0.1,4,0.066667,0,0.0,-10.84,-2.5,0,0.0,0,
flight_number,HNL,PAE,AS,AS850.0,PAE→HNL,,,2024-01-01,2024-12-31,83,82,1,0,0.012048,3,0.036585,0,0.0,-1.66,-10.0,34.6,8.54,0.0,18.4,9,0.109756,7,0.085366,4,0.04878,-2.18,0.0,1,0.142857,0,0.0
flight_number,HNL,PDX,AS,AS883.0,PDX→HNL,,,2024-01-01,2024-12-31,1,0,1,0,1.0,0,,0,,,,,,,,0,,0,,0,,,,0,,0,
flight_number,HNL,PDX,AS,AS889.0,PDX→HNL,,,2024-01-01,2024-12-31,365,356,9,3,0.024658,5,0.014045,0,0.0,-1.82,-6.0,22.0,5.46,0.0,14.0,31,0.087079,17,0.047753,6,0.016854,-1.46,0.0,3,0.157895,0,0.0
flight_number,HNL,PDX,HA,HA1025.0,PDX→HNL,,,2024-01-01,2024-12-31,2,2,0,0,0.0,0,0.0,0,0.0,20.0,20.0,25.6,27.0,27.0,35.0,2,1.0,1,0.5,0,0.0,7.0,7.0,1,1.0,0,
flight_number,HNL,PDX,HA,HA25.0,PDX→HNL,,,2024-01-01,2024-12-31,307,305,2,0,0.006515,18,0.059016,5,0.016393,18.07,4.0,39.6,19.69,0.0,28.0,50,0.163934,29,0.095082,19,0.062295,-3.51,0.0,0,0.0,0,0.0
flight_number,HNL,PDX,HA,HA49.0,PDX→HNL,,,2024-01-01,2024-12-31,59,59,0,0,0.0,3,0.050847,1,0.016949,11.95,3.0,44.0,16.71,2.0,39.0,11,0.186441,8,0.135593,4,0.067797,-1.86,0.0,0,0.0,0,0.0
flight_number,HNL,PHX,AA,AA692.0,PHX→HNL,,,2024-01-01,2024-12-31,361,361,0,1,0.0,8,0.022161,1,0.00277,-4.92,-8.5,23.0,6.97,0.0,17.1,42,0.116343,22,0.060942,5,0.01385,-0.34,0.0,3,0.136364,0,0.0
flight_number,HNL,PHX,AA,AA694.0,PHX→HNL,,,2024-01-01,2024-12-31,131,131,0,0,0.0,9,0.068702,0,0.0,2.34,-7.0,45.0,13.89,0.0,46.0,29,0.221374,20,0.152672,11,0.083969,1.02,0.0,1,0.047619,0,0.0
flight_number,HNL,PHX,HA,HA35.0,PHX→HNL,,,2024-01-01,2024-12-31,366,365,1,1,0.002732,8,0.021918,3,0.008219,5.58,-3.0,24.0,10.47,0.0,11.7,25,0.068493,13,0.035616,8,0.021918,-3.32,0.0,2,0.133333,0,0.0
flight_number,HNL,PHX,WN,WN1401.0,PHX→HNL,,,2024-01-01,2024-12-31,59,59,0,0,0.0,0,0.0,0,0.0,-8.9,-8.0,7.6,4.31,0.0,10.2,4,0.067797,1,0.016949,0,0.0,2.78,0.0,0,0.0,0,
flight_number,HNL,PHX,WN,WN1417.0,PHX→HNL,,,2024-01-01,2024-12-31,62,62,0,4,0.0,4,0.064516,0,0.0,-0.95,-7.5,34.9,11.98,2.0,32.6,12,0.193548,6,0.096774,4,0.064516,3.16,1.5,0,0.0,0,0.0
flight_number,HNL,PHX,WN,WN1532.0,PHX→HNL,,,2024-01-01,2024-12-31,33,33,0,0,0.0,0,0.0,0,0.0,-6.76,-10.0,14.8,7.27,1.0,17.4,4,0.121212,2,0.060606,0,0.0,3.33,0.0,1,0.5,0,
flight_number,HNL,PHX,WN,WN1540.0,PHX→HNL,,,2024-01-01,2024-12-31,33,33,0,0,0.0,1,0.030303,0,0.0,0.67,-5.0,29.8,11.42,0.0,29.2,6,0.181818,4,0.121212,2,0.060606,1.73,0.0,1,0.25,0,0.0
flight_number,HNL,PHX,WN,WN1623.0,PHX→HNL,,,2024-01-01,2024-12-31,62,62,0,11,0.0,3,0.048387,1,0.016129,2.31,-8.0,21.0,16.76,0.0,32.0,10,0.16129,8,0.129032,3,0.048387,3.65,0.0,0,0.0,0,0.0
flight_number,HNL,PHX,WN,WN1752.0,PHX→HNL,,,2024-01-01,2024-12-31,59,59,0,4,0.0,0,0.0,0,0.0,-15.69,-22.0,13.6,8.2,0.0,21.2,9,0.152542,4,0.067797,2,0.033898,4.45,0.0,1,0.25,1,0.333333
flight_number,HNL,PHX,WN,WN2344.0,PHX→HNL,,,2024-01-01,2024-12-31,31,31,0,0,0.0,1,0.032258,0,0.0,-1.74,-8.0,23.0,9.68,1.0,38.0,6,0.193548,4,0.129032,1,0.032258,2.03,0.0,0,0.0,0,0.0
flight_number,HNL,PHX,WN,WN3301.0,PHX→HNL,,,2024-01-01,2024-12-31,59,59,0,4,0.0,1,0.016949,0,0.0,11.53,10.0,31.2,5.82,0.0,16.6,8,0.135593,4,0.067797,0,0.0,-8.87,-7.0,0,0.0,0,
flight_number,HNL,PHX,WN,WN3379.0,PHX→HNL,,,2024-01-01,2024-12-31,7,7,0,0,0.0,0,0.0,0,0.0,-6.57,-5.0,8.4,8.0,1.0,20.4,1,0.142857,1,0.142857,0,0.0,4.71,1.0,1,1.0,0,
flight_number,HNL,PHX,WN,WN5278.0,PHX→HNL,,,2024-01-01,2024-12-31,56,56,0,0,0.0,1,0.017857,0,0.0,0.71,-2.0,25.5,9.14,2.0,30.0,12,0.214286,6,0.107143,1,0.017857,1.43,0.0,3,0.5,0,0.0
flight_number,HNL,PPG,HA,HA466.0,PPG→HNL,,,2024-01-01,2024-12-31,125,125,0,0,0.0,7,0.056,3,0.024,15.55,-3.0,27.8,22.53,1.0,29.0,21,0.168,12,0.096,6,0.048,0.87,0.0,0,0.0,0,0.0
flight_number,HNL,SAN,AS,AS1109.0,SAN→HNL,,,2024-01-01,2024-12-31,68,68,0,0,0.0,5,0.073529,0,0.0,1.5,-10.0,29.4,13.43,0.0,39.4,12,0.176471,8,0.117647,5,0.073529,0.9,0.0,0,0.0,0,0.0
flight_number,HNL,SAN,AS,AS164.0,SAN→HNL,,,2024-01-01,2024-12-31,5,5,0,0,0.0,0,0.0,0,0.0,12.0,28.0,32.8,26.0,31.0,49.6,3,0.6,3,0.6,0,0.0,5.6,3.0,1,0.333333,0,
flight_number,HNL,SAN,AS,AS220.0,SAN→HNL,,,2024-01-01,2024-12-31,1,1,0,0,0.0,0,0.0,0,0.0,26.0,26.0,26.0,51.0,51.0,51.0,1,1.0,1,1.0,0,0.0,25.0,25.0,0,0.0,0,
flight_number,HNL,SAN,AS,AS891.0,SAN→HNL,,,2024-01-01,2024-12-31,3,3,0,0,0.0,0,0.0,0,0.0,9.33,-9.0,39.8,18.0,8.0,34.4,1,0.333333,1,0.333333,0,0.0,0.67,5.0,0,0.0,0,
flight_number,HNL,SAN,AS,AS895.0,SAN→HNL,,,2024-01-01,2024-12-31,357,344,13,13,0.036415,18,0.052326,3,0.008721,9.05,1.0,44.0,14.53,3.0,38.0,79,0.229651,44,0.127907,18,0.052326,-0.88,0.0,6,0.133333,0,0.0
flight_number,HNL,SAN,AS,AS897.0,SAN→HNL,,,2024-01-01,2024-12-31,134,134,0,0,0.0,5,0.037313,1,0.007463,-6.32,-11.5,21.7,7.44,0.0,18.7,16,0.119403,9,0.067164,3,0.022388,-0.08,0.0,2,0.222222,0,0.0
flight_number,HNL,SAN,HA,HA15.0,SAN→HNL,,,2024-01-01,2024-12-31,366,364,2,1,0.005464,36,0.098901,8,0.021978,26.97,13.0,58.8,22.77,2.0,50.8,96,0.263736,61,0.167582,29,0.07967,-7.08,-3.0,2,0.031746,0,0.0
flight_number,HNL,SAN,WN,WN1131.0,SAN→HNL,,,2024-01-01,2024-12-31,59,59,0,0,0.0,5,0.084746,1,0.016949,-6.97,-28.0,40.6,15.92,0.0,23.6,7,0.118644,5,0.084746,3,0.050847,-1.81,0.0,0,0.0,0,0.0
flight_number,HNL,SAN,WN,WN1533.0,SAN→HNL,,,2024-01-01,2024-12-31,33,33,0,0,0.0,3,0.090909,0,0.0,-1.27,-11.0,37.0,15.03,0.0,50.6,8,0.242424,4,0.121212,2,0.060606,3.88,0.0,0,0.0,0,0.0
flight_number,HNL,SAN,WN,WN1706.0,SAN→HNL,,,2024-01-01,2024-12-31,59,59,0,2,0.0,0,0.0,0,0.0,8.09,7.0,33.8,7.93,1.0,29.8,12,0.20339,6,0.101695,0,0.0,-4.61,0.0,1,0.166667,0,
flight_number,HNL,SAN,WN,WN1736.0,SAN→HNL,,,2024-01-01,2024-12-31,7,7,0,0,0.0,0,0.0,0,0.0,4.0,9.0,22.0,14.43,6.0,37.4,2,0.285714,2,0.285714,0,0.0,3.86,0.0,1,0.5,0,
flight_number,HNL,SAN,WN,WN2065.0,SAN→HNL,,,2024-01-01,2024-12-31,56,56,0,1,0.0,2,0.035714,0,0.0,6.58,1.0,35.8,10.31,3.0,30.8,14,0.25,6,0.107143,2,0.035714,-1.53,0.0,0,0.0,0,0.0
flight_number,HNL,SAN,WN,WN2066.0,SAN→HNL,,,2024-01-01,2024-12-31,56,56,0,0,0.0,8,0.142857,0,0.0,10.77,-5.0,63.0,19.52,5.0,62.5,22,0.392857,11,0.196429,6,0.107143,1.68,0.0,0,0.0,0,0.0
flight_number,HNL,SAN,WN,WN2372.0,SAN→HNL,,,2024-01-01,2024-12-31,31,31,0,0,0.0,3,0.096774,0,0.0,2.58,-9.0,31.0,10.26,0.0,27.0,4,0.129032,2,0.064516,1,0.032258,-3.55,0.0,0,0.0,0,0.0
flight_number,HNL,SAN,WN,WN2669.0,SAN→HNL,,,2024-01-01,2024-12-31,59,59,0,1,0.0,8,0.135593,0,0.0,3.31,-11.5,77.1,26.48,7.0,100.1,20,0.338983,13,0.220339,9,0.152542,8.6,4.5,2,0.153846,0,0.0
flight_number,HNL,SAN,WN,WN2787.0,SAN→HNL,,,2024-01-01,2024-12-31,33,33,0,0,0.0,0,0.0,0,0.0,-15.12,-20.0,10.0,5.48,0.0,16.0,6,0.181818,1,0.030303,0,0.0,3.3,0.0,1,1.0,0,
flight_number,HNL,SAN,WN,WN2902.0,SAN→HNL,,,2024-01-01,2024-12-31,62,62,0,1,0.0,2,0.032258,0,0.0,6.69,0.0,36.0,21.48,16.0,46.0,31,0.5,17,0.274194,3,0.048387,8.52,7.0,4,0.235294,0,0.0
flight_number,HNL,SAN,WN,WN3575.0,SAN→HNL,,,2024-01-01,2024-12-31,59,59,0,3,0.0,1,0.016949,0,0.0,6.59,3.5,26.0,2.27,0.0,8.5,3,0.050847,1,0.016949,0,0.0,-9.12,-2.5,0,0.0,0,
flight_number,HNL,SAN,WN,WN3810.0,SAN→HNL,,,2024-01-01,2024-12-31,31,30,1,0,0.032258,3,0.1,0,0.0,9.6,1.5,48.3,23.93,12.5,58.2,12,0.4,9,0.3,3,0.1,7.27,4.0,1,0.111111,0,0.0
flight_number,HNL,SAN,WN,WN4292.0,SAN→HNL,,,2024-01-01,2024-12-31,59,59,0,0,0.0,6,0.101695,3,0.050847,21.1,3.0,57.4,23.29,0.0,42.2,14,0.237288,11,0.186441,5,0.084746,-2.42,0.0,0,0.0,0,0.0
flight_number,HNL,SAN,WN,WN4342.0,SAN→HNL,,,2024-01-01,2024-12-31,59,59,0,0,0.0,4,0.067797,0,0.0,9.53,3.0,42.0,18.29,6.0,48.2,23,0.389831,12,0.20339,4,0.067797,3.39,1.0,2,0.153846,0,0.0
flight_number,HNL,SAN,WN,WN816.0,SAN→HNL,,,2024-01-01,2024-12-31,62,62,0,0,0.0,7,0.112903,1,0.016129,23.21,5.5,63.5,29.03,12.5,66.1,26,0.419355,14,0.225806,7,0.112903,1.77,0.0,1,0.071429,0,0.0
flight_number,HNL,SAN,WN,WN873.0,SAN→HNL,,,2024-01-01,2024-12-31,7,7,0,0,0.0,0,0.0,0,0.0,-15.43,-13.0,-11.6,4.0,0.0,12.0,1,0.142857,0,0.0,0,0.0,4.0,0.0,0,,0,
flight_number,HNL,SEA,AS,AS656.0,SEA→HNL,,,2024-01-01,2024-12-31,133,133,0,0,0.0,9,0.067669,0,0.0,1.8,-8.0,38.6,12.59,0.0,39.0,28,0.210526,16,0.120301,9,0.067669,0.83,0.0,3,0.1875,0,0.0
flight_number,HNL,SEA,AS,AS737.0,SEA→HNL,,,2024-01-01,2024-12-31,1,1,0,0,0.0,0,0.0,0,0.0,-14.0,-14.0,-14.0,0.0,0.0,0.0,0,0.0,0,0.0,0,0.0,0.0,0.0,0,,0,
flight_number,HNL,SEA,AS,AS811.0,SEA→HNL,,,2024-01-01,2024-12-31,365,358,7,7,0.019178,17,0.047486,2,0.005587,3.0,-3.0,34.0,13.3,1.0,40.0,82,0.22905,44,0.122905,20,0.055866,0.9,0.0,9,0.1875,1,0.05
flight_number,HNL,SEA,AS,AS813.0,SEA→HNL,,,2024-01-01,2024-12-31,1,1,0,0,0.0,0,0.0,0,0.0,-1.0,-1.0,-1.0,0.0,0.0,0.0,0,0.0,0,0.0,0,0.0,0.0,0.0,0,,0,
flight_number,HNL,SEA,AS,AS815.0,SEA→HNL,,,2024-01-01,2024-12-31,87,82,5,4,0.057471,7,0.085366,0,0.0,-0.22,-12.5,40.5,14.76,0.0,45.0,19,0.231707,11,0.134146,6,0.073171,1.46,0.0,1,0.090909,1,0.142857
flight_number,HNL,SEA,AS,AS823.0,SEA→HNL,,,2024-01-01,2024-12-31,27,27,0,0,0.0,0,0.0,0,0.0,-1.48,-4.0,18.0,9.07,2.0,27.0,8,0.296296,2,0.074074,0,0.0,2.74,2.0,0,0.0,0,
flight_number,HNL,SEA,AS,AS845.0,SEA→HNL,,,2024-01-01,2024-12-31,68,68,0,0,0.0,6,0.088235,0,0.0,10.78,-1.5,53.2,19.07,3.5,50.2,23,0.338235,15,0.220588,6,0.088235,1.96,0.0,1,0.0625,0,0.0
flight_number,HNL,SEA,AS,AS853.0,SEA→HNL,,,2024-01-01,2024-12-31,366,362,4,12,0.010929,15,0.041436,3,0.008287,-0.48,-6.0,29.0,12.26,0.0,33.2,71,0.196133,44,0.121547,19,0.052486,1.98,0.0,6,0.136364,0,0.0
flight_number,HNL,SEA,AS,AS887.0,SEA→HNL,,,2024-01-01,2024-12-31,366,354,12,6,0.032787,12,0.033898,2,0.00565,-3.66,-11.0,28.6,11.77,1.0,34.0,74,0.20904,42,0.118644,17,0.048023,2.82,0.0,8,0.177778,1,0.058824
flight_number,HNL,SEA,AS,AS893.0,SEA→HNL,,,2024-01-01,2024-12-31,366,359,7,11,0.019126,22,0.061281,2,0.005571,11.34,5.0,51.0,19.16,9.0,47.0,140,0.389972,70,0.194986,24,0.066852,2.09,0.0,13,0.171053,3,0.125
flight_number,HNL,SEA,DL,DL310.0,SEA→HNL,,,2024-01-01,2024-12-31,252,251,1,0,0.003968,13,0.051793,3,0.011952,5.91,-5.0,32.0,14.4,0.0,20.0,32,0.12749,23,0.091633,12,0.047809,-0.84,0.0,3,0.130435,0,0.0
flight_number,HNL,SEA,DL,DL351.0,SEA→HNL,,,2024-01-01,2024-12-31,114,114,0,0,0.0,6,0.052632,0,0.0,-2.04,-7.0,21.8,7.08,0.0,13.4,10,0.087719,5,0.04386,4,0.035088,-2.44,0.0,0,0.0,0,0.0
flight_number,HNL,SEA,DL,DL354.0,SEA→HNL,,,2024-01-01,2024-12-31,23,23,0,0,0.0,0,0.0,0,0.0,-2.26,-3.0,17.0,4.3,0.0,14.6,3,0.130435,1,0.043478,0,0.0,-0.57,0.0,0,0.0,0,
flight_number,HNL,SEA,DL,DL360.0,SEA→HNL,,,2024-01-01,2024-12-31,69,69,0,0,0.0,2,0.028986,0,0.0,-1.93,-3.0,37.4,8.07,0.0,26.2,13,0.188406,6,0.086957,2,0.028986,-4.41,0.0,1,0.166667,0,0.0
flight_number,HNL,SEA,DL,DL419.0,SEA→HNL,,,2024-01-01,2024-12-31,89,89,0,0,0.0,5,0.05618,2,0.022472,4.07,-5.0,38.2,14.79,0.0,36.2,16,0.179775,12,0.134831,5,0.05618,-0.96,0.0,1,0.083333,0,0.0
flight_number,HNL,SEA,DL,DL487.0,SEA→HNL,,,2024-01-01,2024-12-31,13,13,0,0,0.0,3,0.230769,0,0.0,20.92,6.0,102.6,20.77,0.0,67.8,3,0.230769,3,0.230769,3,0.230769,-8.69,-3.0,0,0.0,0,0.0
flight_number,HNL,SEA,DL,DL693.0,SEA→HNL,,,2024-01-01,2024-12-31,183,182,1,0,0.005464,10,0.054945,5,0.027473,3.48,-7.0,25.8,16.82,0.0,31.0,32,0.175824,20,0.10989,12,0.065934,2.62,0.0,4,0.190476,0,0.0
flight_number,HNL,SEA,HA,HA1021.0,SEA→HNL,,,2024-01-01,2024-12-31,1,1,0,0,0.0,0,0.0,0,0.0,-20.0,-20.0,-20.0,0.0,0.0,0.0,0,0.0,0,0.0,0,0.0,0.0,0.0,0,,0,
flight_number,HNL,SEA,HA,HA1029.0,SEA→HNL,,,2024-01-01,2024-12-31,1,1,0,0,0.0,0,0.0,0,0.0,40.0,40.0,40.0,51.0,51.0,51.0,1,1.0,1,1.0,0,0.0,11.0,11.0,0,0.0,0,
flight_number,HNL,SEA,HA,HA21.0,SEA→HNL,,,2024-01-01,2024-12-31,366,364,2,1,0.005464,23,0.063187,8,0.021978,24.44,4.0,40.6,26.87,2.0,31.8,67,0.184066,40,0.10989,20,0.054945,-2.58,0.0,3,0.073171,0,0.0
flight_number,HNL,SEA,HA,HA27.0,SEA→HNL,,,2024-01-01,2024-12-31,21,16,5,0,0.238095,4,0.25,1,0.0625,52.75,35.5,75.5,35.81,15.0,51.0,7,0.4375,2,0.125,2,0.125,-16.94,-13.0,0,0.0,0,0.0
flight_number,HNL,SFO,AS,AS133.0,SFO→HNL,,,2024-01-01,2024-12-31,5,5,0,0,0.0,0,0.0,0,0.0,-16.2,-21.0,6.8,20.2,20.0,41.0,3,0.6,1,0.2,0,0.0,17.6,12.0,1,1.0,0,
flight_number,HNL,SFO,AS,AS570.0,SFO→HNL,,,2024-01-01,2024-12-31,50,50,0,0,0.0,0,0.0,0,0.0,-4.28,-7.5,15.8,2.32,0.0,6.3,3,0.06,0,0.0,0,0.0,-2.12,0.0,0,,0,
flight_number,HNL,SFO,AS,AS679.0,SFO→HNL,,,2024-01-01,2024-12-31,1,1,0,0,0.0,0,0.0,0,0.0,13.0,13.0,13.0,2.0,2.0,2.0,0,0.0,0,0.0,0,0.0,-11.0,-11.0,0,,0,
flight_number,HNL,SFO,AS,AS782.0,SFO→HNL,,,2024-01-01,2024-12-31,1,1,0,0,0.0,0,0.0,0,0.0,25.0,25.0,25.0,15.0,15.0,15.0,0,0.0,0,0.0,0,0.0,-10.0,-10.0,0,,0,
flight_number,HNL,SFO,AS,AS852.0,SFO→HNL,,,2024-01-01,2024-12-31,28,28,0,0,0.0,1,0.035714,0,0.0,8.75,0.0,47.7,18.14,0.0,52.1,6,0.214286,6,0.214286,3,0.107143,1.32,0.0,0,0.0,0,0.0
flight_number,HNL,SFO,AS,AS873.0,SFO→HNL,,,2024-01-01,2024-12-31,9,9,0,0,0.0,0,0.0,0,0.0,-8.11,-18.0,14.4,0.11,0.0,0.2,0,0.0,0,0.0,0,0.0,-4.22,0.0,0,,0,
flight_number,HNL,SFO,AS,AS877.0,SFO→HNL,,,2024-01-01,2024-12-31,322,313,9,1,0.02795,22,0.070288,0,0.0,7.01,-1.5,47.0,11.75,0.0,36.0,61,0.194888,40,0.127796,14,0.044728,-2.57,0.0,3,0.073171,0,0.0
flight_number,HNL,SFO,HA,HA1011.0,SFO→HNL,,,2024-01-01,2024-12-31,7,7,0,0,0.0,3,0.428571,0,0.0,50.57,60.0,103.6,62.86,60.0,120.2,5,0.714286,5,0.714286,3,0.428571,9.14,7.0,0,0.0,0,0.0
flight_number,HNL,SFO,HA,HA11.0,SFO→HNL,,,2024-01-01,2024-12-31,366,357,9,0,0.02459,14,0.039216,3,0.008403,8.87,-1.0,29.8,12.0,0.0,20.0,40,0.112045,25,0.070028,12,0.033613,-3.46,0.0,0,0.0,0,0.0
flight_number,HNL,SFO,HA,HA53.0,SFO→HNL,,,2024-01-01,2024-12-31,21,20,1,0,0.047619,1,0.05,0,0.0,12.25,9.0,38.1,10.25,4.0,28.0,3,0.15,1,0.05,1,0.05,-4.65,-0.5,0,0.0,0,0.0
flight_number,HNL,SFO,UA,UA1175.0,SFO→HNL,,,2024-01-01,2024-12-31,366,363,3,0,0.008197,13,0.035813,3,0.008264,1.33,-5.0,25.0,13.63,4.0,35.8,75,0.206612,43,0.118457,18,0.049587,3.35,1.0,10,0.222222,1,0.055556
flight_number,HNL,SFO,UA,UA1214.0,SFO→HNL,,,2024-01-01,2024-12-31,21,21,0,0,0.0,6,0.285714,2,0.095238,36.33,-15.0,175.0,58.76,1.0,197.0,7,0.333333,7,0.333333,7,0.333333,8.24,0.0,0,0.0,0,0.0
flight_number,HNL,SFO,UA,UA1509.0,SFO→HNL,,,2024-01-01,2024-12-31,345,345,0,0,0.0,24,0.069565,2,0.005797,5.42,-4.0,42.2,15.02,2.0,39.6,77,0.223188,49,0.142029,24,0.069565,1.02,0.0,4,0.08,0,0.0
flight_number,HNL,SFO,UA,UA1581.0,SFO→HNL,,,2024-01-01,2024-12-31,51,50,1,0,0.019608,3,0.06,0,0.0,-2.62,-10.5,36.2,14.06,0.0,56.5,12,0.24,9,0.18,5,0.1,4.0,0.0,2,0.222222,0,0.0
flight_number,HNL,SFO,UA,UA1596.0,SFO→HNL,,,2024-01-01,2024-12-31,35,35,0,0,0.0,4,0.114286,1,0.028571,14.71,-8.0,64.6,28.06,2.0,86.2,10,0.285714,7,0.2,6,0.171429,4.91,2.0,0,0.0,0,0.0
flight_number,HNL,SFO,UA,UA2380.0,SFO→HNL,,,2024-01-01,2024-12-31,279,277,2,0,0.007168,22,0.079422,6,0.021661,7.83,-4.0,46.8,18.85,1.0,57.6,56,0.202166,37,0.133574,27,0.097473,2.32,0.0,2,0.052632,3,0.107143
flight_number,HNL,SFO,UA,UA300.0,SFO→HNL,,,2024-01-01,2024-12-31,331,330,1,0,0.003021,35,0.106061,6,0.018182,8.97,-5.0,66.2,22.72,3.5,79.0,85,0.257576,53,0.160606,38,0.115152,4.47,0.0,5,0.092593,0,0.0
flight_number,HNL,SFO,UA,UA473.0,SFO→HNL,,,2024-01-01,2024-12-31,52,50,2,0,0.038462,2,0.04,0,0.0,-6.64,-9.5,23.4,11.64,7.0,33.1,13,0.26,7,0.14,0,0.0,4.54,2.0,3,0.428571,0,
flight_number,HNL,SFO,UA,UA638.0,SFO→HNL,,,2024-01-01,2024-12-31,238,238,0,0,0.0,11,0.046218,1,0.004202,-3.65,-9.5,24.3,12.54,3.0,27.0,46,0.193277,22,0.092437,13,0.054622,4.41,1.0,4,0.181818,0,0.0
flight_number,HNL,SJC,AS,AS835.0,SJC→HNL,,,2024-01-01,2024-12-31,1,1,0,0,0.0,0,0.0,0,0.0,-12.0,-12.0,-12.0,0.0,0.0,0.0,0,0.0,0,0.0,0,0.0,0.0,0.0,0,,0,
flight_number,HNL,SJC,AS,AS837.0,SJC→HNL,,,2024-01-01,2024-12-31,364,358,6,0,0.016484,8,0.022346,1,0.002793,-5.61,-9.0,17.0,3.78,0.0,7.0,18,0.050279,14,0.039106,7,0.019553,-1.93,0.0,1,0.071429,0,0.0
flight_number,HNL,SJC,AS,AS891.0,SJC→HNL,,,2024-01-01,2024-12-31,1,1,0,0,0.0,1,1.0,0,0.0,69.0,69.0,69.0,53.0,53.0,53.0,1,1.0,1,1.0,0,0.0,-16.0,-16.0,0,0.0,0,
flight_number,HNL,SJC,HA,HA43.0,SJC→HNL,,,2024-01-01,2024-12-31,299,296,3,0,0.010033,6,0.02027,0,0.0,-5.15,-8.0,16.0,3.56,0.0,5.0,13,0.043919,7,0.023649,6,0.02027,-2.01,0.0,0,0.0,0,0.0
flight_number,HNL,SJC,HA,HA91.0,SJC→HNL,,,2024-01-01,2024-12-31,59,58,1,0,0.016949,1,0.017241,0,0.0,-5.53,-10.5,17.9,4.6,0.0,9.1,5,0.086207,2,0.034483,1,0.017241,-2.12,0.0,0,0.0,0,0.0
flight_number,HNL,SJC,WN,WN1065.0,SJC→HNL,,,2024-01-01,2024-12-31,58,58,0,0,0.0,0,0.0,0,0.0,-17.79,-17.5,3.3,2.02,0.0,5.3,2,0.034483,0,0.0,0,0.0,0.29,0.0,0,,0,
flight_number,HNL,SJC,WN,WN1534.0,SJC→HNL,,,2024-01-01,2024-12-31,33,33,0,0,0.0,0,0.0,0,0.0,-16.7,-18.0,-5.2,3.09,0.0,9.0,2,0.060606,0,0.0,0,0.0,2.42,0.0,0,,0,
flight_number,HNL,SJC,WN,WN1800.0,SJC→HNL,,,2024-01-01,2024-12-31,7,7,0,0,0.0,0,0.0,0,0.0,-14.0,-14.0,-6.6,2.14,0.0,7.2,0,0.0,0,0.0,0,0.0,2.14,0.0,0,,0,
flight_number,HNL,SJC,WN,WN2067.0,SJC→HNL,,,2024-01-01,2024-12-31,56,56,0,0,0.0,2,0.035714,0,0.0,-10.77,-15.0,8.0,5.12,0.0,9.0,3,0.053571,2,0.035714,2,0.035714,1.07,0.0,0,0.0,0,0.0
flight_number,HNL,SJC,WN,WN2068.0,SJC→HNL,,,2024-01-01,2024-12-31,56,56,0,0,0.0,3,0.053571,1,0.017857,1.2,-6.5,26.5,14.73,0.0,35.0,12,0.214286,8,0.142857,3,0.053571,3.77,0.0,1,0.125,0,0.0
flight_number,HNL,SJC,WN,WN2087.0,SJC→HNL,,,2024-01-01,2024-12-31,22,22,0,0,0.0,0,0.0,0,0.0,-7.36,-13.0,22.3,5.5,0.0,10.9,2,0.090909,1,0.045455,1,0.045455,0.55,0.0,0,0.0,0,0.0
flight_number,HNL,SJC,WN,WN2759.0,SJC→HNL,,,2024-01-01,2024-12-31,20,20,0,0,0.0,2,0.1,0,0.0,7.8,-1.0,53.1,22.8,8.5,81.4,6,0.3,4,0.2,3,0.15,4.75,3.0,0,0.0,0,0.0
flight_number,HNL,SJC,WN,WN2785.0,SJC→HNL,,,2024-01-01,2024-12-31,62,62,0,0,0.0,2,0.032258,0,0.0,-1.53,-10.0,12.9,9.0,0.0,20.0,10,0.16129,3,0.048387,2,0.032258,1.4,0.0,0,0.0,0,0.0
flight_number,HNL,SJC,WN,WN3533.0,SJC→HNL,,,2024-01-01,2024-12-31,30,30,0,0,0.0,0,0.0,0,0.0,-4.0,-8.0,29.8,9.67,0.0,35.0,7,0.233333,4,0.133333,1,0.033333,3.0,0.0,0,0.0,0,0.0
flight_number,HNL,SJC,WN,WN3632.0,SJC→HNL,,,2024-01-01,2024-12-31,59,59,0,0,0.0,7,0.118644,1,0.016949,25.29,16.0,64.0,17.08,3.0,44.2,17,0.288136,11,0.186441,4,0.067797,-11.88,-8.0,0,0.0,0,0.0
flight_number,HNL,SJC,WN,WN3684.0,SJC→HNL,,,2024-01-01,2024-12-31,7,7,0,0,0.0,0,0.0,0,0.0,-16.43,-20.0,0.8,0.0,0.0,0.0,0,0.0,0,0.0,0,0.0,-0.29,0.0,0,,0,
flight_number,HNL,SJC,WN,WN4206.0,SJC→HNL,,,2024-01-01,2024-12-31,40,40,0,0,0.0,1,0.025,0,0.0,-5.53,-7.0,11.0,5.33,0.0,9.1,4,0.1,2,0.05,1,0.025,0.9,0.0,0,0.0,0,0.0
flight_number,HNL,SJC,WN,WN4394.0,SJC→HNL,,,2024-01-01,2024-12-31,59,59,0,1,0.0,0,0.0,0,0.0,-3.55,-5.5,15.3,7.31,0.5,21.3,9,0.152542,3,0.050847,2,0.033898,2.66,0.0,0,0.0,0,0.0
flight_number,HNL,SJC,WN,WN464.0,SJC→HNL,,,2024-01-01,2024-12-31,62,62,0,0,0.0,1,0.016129,1,0.016129,-2.79,-10.5,5.0,7.85,0.0,7.9,3,0.048387,1,0.016129,1,0.016129,0.6,0.0,0,0.0,0,0.0
flight_number,HNL,SJC,WN,WN648.0,SJC→HNL,,,2024-01-01,2024-12-31,1,1,0,0,0.0,0,0.0,0,0.0,-27.0,-27.0,-27.0,0.0,0.0,0.0,0,0.0,0,0.0,0,0.0,0.0,0.0,0,,0,
flight_number,HNL,SJC,WN,WN771.0,SJC→HNL,,,2024-01-01,2024-12-31,33,33,0,0,0.0,0,0.0,0,0.0,-14.79,-17.0,0.8,3.3,0.0,7.6,2,0.060606,1,0.030303,0,0.0,1.82,0.0,0,0.0,0,
flight_number,HNL,SJC,WN,WN834.0,SJC→HNL,,,2024-01-01,2024-12-31,59,59,0,0,0.0,3,0.050847,0,0.0,9.42,10.0,39.6,3.93,0.0,12.0,5,0.084746,3,0.050847,0,0.0,-12.0,-10.0,0,0.0,0,
flight_number,HNL,SJC,WN,WN840.0,SJC→HNL,,,2024-01-01,2024-12-31,1,1,0,0,0.0,0,0.0,0,0.0,-6.0,-6.0,-6.0,0.0,0.0,0.0,0,0.0,0,0.0,0,0.0,0.0,0.0,0,,0,
flight_number,HNL,SLC,DL,DL316.0,SLC→HNL,,,2024-01-01,2024-12-31,114,111,3,0,0.026316,11,0.099099,2,0.018018,6.02,-8.0,42.0,14.89,0.0,37.0,15,0.135135,12,0.108108,9,0.081081,-1.68,0.0,0,0.0,0,0.0
flight_number,HNL,SLC,DL,DL382.0,SLC→HNL,,,2024-01-01,2024-12-31,36,36,0,0,0.0,3,0.083333,3,0.083333,50.97,3.0,35.0,52.56,0.5,31.5,8,0.222222,4,0.111111,3,0.083333,-4.67,0.0,1,0.25,0,0.0
flight_number,HNL,SLC,DL,DL397.0,SLC→HNL,,,2024-01-01,2024-12-31,252,250,2,0,0.007937,19,0.076,9,0.036,16.04,-4.0,43.1,22.78,0.0,30.5,36,0.144,25,0.1,20,0.08,-2.42,0.0,0,0.0,0,0.0
flight_number,HNL,SLC,HA,HA83.0,SLC→HNL,,,2024-01-01,2024-12-31,171,171,0,0,0.0,5,0.02924,1,0.005848,-5.99,-10.0,11.0,8.68,0.0,19.0,25,0.146199,8,0.046784,6,0.035088,2.63,0.0,2,0.25,1,0.166667
flight_number,HNL,SLC,HA,HA95.0,SLC→HNL,,,2024-01-01,2024-12-31,59,59,0,1,0.0,5,0.084746,0,0.0,16.81,12.5,55.2,8.14,0.0,31.4,9,0.152542,6,0.101695,1,0.016949,-12.72,-9.0,1,0.166667,0,0.0
flight_number,HNL,SMF,HA,HA1019.0,SMF→HNL,,,2024-01-01,2024-12-31,1,1,0,0,0.0,0,0.0,0,0.0,19.0,19.0,19.0,35.0,35.0,35.0,1,1.0,1,1.0,0,0.0,16.0,16.0,0,0.0,0,
flight_number,HNL,SMF,HA,HA19.0,SMF→HNL,,,2024-01-01,2024-12-31,366,364,2,0,0.005464,20,0.054945,8,0.021978,18.02,3.0,33.0,18.63,0.0,28.7,59,0.162088,36,0.098901,17,0.046703,-4.13,0.0,1,0.027778,0,0.0
flight_number,HNL,SMF,WN,WN1139.0,SMF→HNL,,,2024-01-01,2024-12-31,59,59,0,0,0.0,3,0.050847,0,0.0,8.49,9.0,34.8,3.44,0.0,12.2,5,0.084746,1,0.016949,0,0.0,-10.61,-9.0,0,0.0,0,
flight_number,HNL,SMF,WN,WN1183.0,SMF→HNL,,,2024-01-01,2024-12-31,7,7,0,0,0.0,0,0.0,0,0.0,-17.57,-17.0,-5.2,0.0,0.0,0.0,0,0.0,0,0.0,0,0.0,0.0,0.0,0,,0,
flight_number,HNL,SMF,WN,WN1372.0,SMF→HNL,,,2024-01-01,2024-12-31,59,59,0,0,0.0,2,0.033898,0,0.0,-14.39,-21.0,16.4,6.9,0.0,10.2,5,0.084746,5,0.084746,3,0.050847,1.02,0.0,0,0.0,0,0.0
flight_number,HNL,SMF,WN,WN1529.0,SMF→HNL,,,2024-01-01,2024-12-31,33,33,0,0,0.0,0,0.0,0,0.0,-20.85,-22.0,-4.0,3.15,0.0,7.0,2,0.060606,1,0.030303,0,0.0,1.18,0.0,0,0.0,0,
flight_number,HNL,SMF,WN,WN1654.0,SMF→HNL,,,2024-01-01,2024-12-31,59,59,0,0,0.0,4,0.067797,0,0.0,-2.27,-8.0,16.0,10.49,0.0,29.0,7,0.118644,6,0.101695,5,0.084746,2.63,0.0,0,0.0,0,0.0
flight_number,HNL,SMF,WN,WN1948.0,SMF→HNL,,,2024-01-01,2024-12-31,62,62,0,0,0.0,0,0.0,0,0.0,-9.6,-13.0,8.9,3.92,0.0,11.9,5,0.080645,2,0.032258,0,0.0,1.52,0.0,0,0.0,0,
flight_number,HNL,SMF,WN,WN2756.0,SMF→HNL,,,2024-01-01,2024-12-31,31,31,0,0,0.0,0,0.0,0,0.0,-9.68,-14.0,11.0,5.97,0.0,11.0,3,0.096774,3,0.096774,0,0.0,2.29,0.0,0,0.0,0,0.0
flight_number,HNL,SMF,WN,WN5519.0,SMF→HNL,,,2024-01-01,2024-12-31,56,56,0,0,0.0,2,0.035714,0,0.0,-8.59,-12.0,12.0,9.36,0.0,21.5,8,0.142857,4,0.071429,2,0.035714,3.41,0.0,1,0.25,0,0.0
origin_route_time_bucket,HNL,ANC,,,ANC→HNL,evening,,2024-01-01,2024-12-31,366,360,6,2,0.016393,9,0.025,1,0.002778,-6.76,-10.0,19.3,6.12,0.0,18.6,40,0.111111,22,0.061111,6,0.016667,-0.47,0.0,4,0.173913,0,0.0
origin_route_time_bucket,HNL,ATL,,,ATL→HNL,late_morning,,2024-01-01,2024-12-31,366,366,0,0,0.0,24,0.065574,5,0.013661,4.76,-4.0,34.0,12.22,0.0,19.5,46,0.125683,28,0.076503,20,0.054645,-2.34,0.0,0,0.0,0,0.0
origin_route_time_bucket,HNL,AUS,,,AUS→HNL,late_morning,,2024-01-01,2024-12-31,166,165,1,0,0.006024,9,0.054545,5,0.030303,36.62,10.0,48.0,34.56,0.0,42.8,39,0.236364,27,0.163636,13,0.078788,-5.25,-2.0,5,0.178571,0,0.0
origin_route_time_bucket,HNL,BOS,,,BOS→HNL,early_morning,,2024-01-01,2024-12-31,215,213,2,0,0.009302,13,0.061033,3,0.014085,16.51,4.0,42.6,21.04,1.0,39.8,46,0.215962,30,0.140845,14,0.065728,-1.22,0.0,7,0.233333,1,0.066667
origin_route_time_bucket,HNL,BOS,,,BOS→HNL,late_morning,,2024-01-01,2024-12-31,43,43,0,0,0.0,6,0.139535,0,0.0,5.14,-6.0,99.8,18.91,0.0,77.8,9,0.209302,7,0.162791,5,0.116279,-0.42,0.0,1,0.142857,0,0.0
origin_route_time_bucket,HNL,DEN,,,DEN→HNL,afternoon,,2024-01-01,2024-12-31,233,233,0,0,0.0,16,0.06867,4,0.017167,3.44,-8.0,35.0,15.57,0.0,39.0,47,0.201717,28,0.120172,18,0.077253,0.48,0.0,4,0.133333,1,0.055556
origin_route_time_bucket,HNL,DEN,,,DEN→HNL,evening,,2024-01-01,2024-12-31,211,204,7,6,0.033175,30,0.147059,13,0.063725,26.44,2.0,107.8,37.88,7.5,141.8,68,0.333333,51,0.25,33,0.161765,4.73,1.0,3,0.058824,2,0.058824
origin_route_time_bucket,HNL,DEN,,,DEN→HNL,late_morning,,2024-01-01,2024-12-31,141,139,2,2,0.014184,16,0.115108,9,0.064748,22.3,-5.0,84.6,33.63,1.0,105.6,34,0.244604,24,0.172662,19,0.136691,2.58,0.0,2,0.083333,0,0.0
origin_route_time_bucket,HNL,DFW,,,DFW→HNL,afternoon,,2024-01-01,2024-12-31,30,29,1,0,0.033333,8,0.275862,1,0.034483,26.76,3.0,77.6,36.38,0.0,97.6,9,0.310345,9,0.310345,8,0.275862,1.86,0.0,0,0.0,0,0.0
origin_route_time_bucket,HNL,DFW,,,DFW→HNL,evening,,2024-01-01,2024-12-31,3,3,0,0,0.0,0,0.0,0,0.0,38.67,35.0,47.8,20.33,21.0,24.2,2,0.666667,0,0.0,0,0.0,-18.33,-20.0,0,,0,
origin_route_time_bucket,HNL,DFW,,,DFW→HNL,late_morning,,2024-01-01,2024-12-31,616,616,0,1,0.0,56,0.090909,25,0.040584,12.97,-5.0,51.2,22.54,0.0,51.8,117,0.189935,83,0.13474,60,0.097403,-0.26,0.0,7,0.081395,1,0.016667
origin_route_time_bucket,HNL,DTW,,,DTW→HNL,afternoon,,2024-01-01,2024-12-31,142,140,2,1,0.014085,4,0.028571,1,0.007143,-1.58,-6.0,16.2,8.94,0.0,19.2,15,0.107143,10,0.071429,5,0.035714,0.94,0.0,1,0.090909,0,0.0
origin_route_time_bucket,HNL,DTW,,,DTW→HNL,late_morning,,2024-01-01,2024-12-31,198,197,1,1,0.005051,15,0.076142,4,0.020305,-0.52,-12.0,49.0,15.35,0.0,40.5,29,0.147208,21,0.106599,17,0.086294,-1.9,0.0,3,0.142857,0,0.0
origin_route_time_bucket,HNL,EWR,,,EWR→HNL,early_morning,,2024-01-01,2024-12-31,123,122,1,3,0.00813,14,0.114754,4,0.032787,12.34,-7.0,76.4,30.83,0.0,90.4,37,0.303279,23,0.188525,13,0.106557,3.69,0.0,2,0.086957,0,0.0
origin_route_time_bucket,HNL,EWR,,,EWR→HNL,late_morning,,2024-01-01,2024-12-31,13,13,0,0,0.0,2,0.153846,2,0.153846,39.0,-6.0,199.0,60.15,5.0,232.2,4,0.307692,4,0.307692,3,0.230769,7.46,0.0,1,0.25,0,0.0
origin_route_time_bucket,HNL,GUM,,,GUM→HNL,early_morning,,2024-01-01,2024-12-31,366,362,4,0,0.010929,7,0.019337,2,0.005525,-10.27,-14.0,7.0,10.46,0.0,20.9,43,0.118785,25,0.069061,9,0.024862,4.12,0.0,10,0.4,0,0.0
origin_route_time_bucket,HNL,IAD,,,IAD→HNL,early_morning,,2024-01-01,2024-12-31,127,127,0,3,0.0,11,0.086614,6,0.047244,3.78,-14.5,54.8,28.1,0.0,77.8,25,0.19685,20,0.15748,14,0.110236,5.06,0.0,5,0.25,0,0.0
origin_route_time_bucket,HNL,IAH,,,IAH→HNL,afternoon,,2024-01-01,2024-12-31,73,72,1,0,0.013699,9,0.125,1,0.013889,20.86,6.0,82.2,22.9,5.0,57.9,26,0.361111,15,0.208333,7,0.097222,-2.62,0.0,1,0.0625,0,0.0
origin_route_time_bucket,HNL,IAH,,,IAH→HNL,late_morning,,2024-01-01,2024-12-31,366,363,3,0,0.008197,26,0.071625,9,0.024793,17.56,8.0,45.8,21.82,9.0,45.8,124,0.341598,61,0.168044,26,0.071625,-0.06,0.0,1,0.015625,1,0.038462
origin_route_time_bucket,HNL,ITO,,,ITO→HNL,afternoon,,2024-01-01,2024-12-31,1425,1414,11,0,0.007719,33,0.023338,0,0.0,2.97,-2.0,19.0,6.96,0.0,19.0,190,0.134371,73,0.051627,29,0.020509,-0.1,0.0,0,0.0,0,0.0
origin_route_time_bucket,HNL,ITO,,,ITO→HNL,early_morning,,2024-01-01,2024-12-31,1670,1664,6,0,0.003593,25,0.015024,2,0.001202,-0.77,-4.0,8.0,2.67,0.0,4.0,70,0.042067,41,0.024639,21,0.01262,-0.93,0.0,0,0.0,0,0.0
origin_route_time_bucket,HNL,ITO,,,ITO→HNL,evening,,2024-01-01,2024-12-31,1952,1933,19,0,0.009734,47,0.024315,1,0.000517,1.86,-4.0,22.0,6.77,0.0,20.0,256,0.132437,117,0.060528,43,0.022245,-0.18,0.0,0,0.0,0,0.0
origin_route_time_bucket,HNL,ITO,,,ITO→HNL,late_morning,,2024-01-01,2024-12-31,1156,1135,21,0,0.018166,16,0.014097,1,0.000881,1.89,-2.0,16.0,4.6,0.0,13.0,96,0.084581,35,0.030837,17,0.014978,-1.15,0.0,0,0.0,0,0.0
origin_route_time_bucket,HNL,ITO,,,ITO→HNL,night,,2024-01-01,2024-12-31,229,227,2,0,0.008734,6,0.026432,0,0.0,-0.53,-5.0,14.0,4.72,0.0,13.8,21,0.092511,12,0.052863,4,0.017621,-0.85,0.0,0,0.0,0,0.0
origin_route_time_bucket,HNL,JFK,,,JFK→HNL,early_morning,,2024-01-01,2024-12-31,1,0,1,0,1.0,0,,0,,,,,,,,0,,0,,0,,,,0,,0,
origin_route_time_bucket,HNL,JFK,,,JFK→HNL,late_morning,,2024-01-01,2024-12-31,702,699,3,1,0.004274,37,0.052933,5,0.007153,2.89,-4.0,38.0,12.26,0.0,26.3,115,0.164521,64,0.091559,38,0.054363,-1.41,0.0,9,0.140625,3,0.076923
origin_route_time_bucket,HNL,KOA,,,KOA→HNL,afternoon,,2024-01-01,2024-12-31,2552,2539,13,1,0.005094,58,0.022844,4,0.001575,3.36,-2.0,23.0,7.26,0.0,21.0,367,0.144545,154,0.060654,46,0.018117,-0.68,0.0,0,0.0,0,0.0
origin_route_time_bucket,HNL,KOA,,,KOA→HNL,early_morning,,2024-01-01,2024-12-31,1730,1716,14,0,0.008092,13,0.007576,3,0.001748,-2.21,-5.0,5.0,2.09,0.0,1.0,47,0.027389,26,0.015152,10,0.005828,-0.66,0.0,0,0.0,0,0.0
origin_route_time_bucket,HNL,KOA,,,KOA→HNL,evening,,2024-01-01,2024-12-31,2245,2216,29,0,0.012918,61,0.027527,3,0.001354,1.96,-4.0,21.0,7.22,0.0,21.0,289,0.130415,141,0.063628,60,0.027076,-0.12,0.0,0,0.0,0,0.0
origin_route_time_bucket,HNL,KOA,,,KOA→HNL,late_morning,,2024-01-01,2024-12-31,1319,1303,16,0,0.01213,18,0.013814,1,0.000767,-0.42,-4.0,14.0,3.51,0.0,8.0,80,0.061397,39,0.029931,17,0.013047,-1.51,0.0,0,0.0,0,0.0
origin_route_time_bucket,HNL,KOA,,,KOA→HNL,night,,2024-01-01,2024-12-31,202,201,1,0,0.00495,4,0.0199,0,0.0,3.4,-2.0,21.0,6.06,0.0,17.0,21,0.104478,14,0.069652,4,0.0199,-1.04,0.0,0,0.0,0,0.0
origin_route_time_bucket,HNL,LAS,,,LAS→HNL,early_morning,,2024-01-01,2024-12-31,101,101,0,0,0.0,8,0.079208,3,0.029703,31.62,6.0,49.0,33.86,2.0,39.0,18,0.178218,13,0.128713,7,0.069307,-2.24,0.0,1,0.076923,0,0.0
origin_route_time_bucket,HNL,LAS,,,LAS→HNL,evening,,2024-01-01,2024-12-31,313,311,2,1,0.00639,19,0.061093,3,0.009646,14.28,3.0,41.0,18.32,3.0,41.0,66,0.212219,44,0.141479,19,0.061093,-0.47,0.0,2,0.044444,0,0.0
origin_route_time_bucket,HNL,LAS,,,LAS→HNL,late_morning,,2024-01-01,2024-12-31,782,782,0,86,0.0,29,0.037084,5,0.006394,7.37,-2.0,38.0,15.93,1.0,32.5,143,0.182864,73,0.09335,32,0.040921,-0.06,0.0,8,0.108108,0,0.0
origin_route_time_bucket,HNL,LAS,,,LAS→HNL,night,,2024-01-01,2024-12-31,2,2,0,0,0.0,0,0.0,0,0.0,-11.5,-11.5,-11.1,0.0,0.0,0.0,0,0.0,0,0.0,0,0.0,0.0,0.0,0,,0,
origin_route_time_bucket,HNL,LAS,,,LAS→HNL,red_eye,,2024-01-01,2024-12-31,365,365,0,1,0.0,13,0.035616,2,0.005479,10.49,2.0,35.0,15.18,2.0,35.0,68,0.186301,42,0.115068,18,0.049315,-0.32,0.0,4,0.093023,0,0.0
origin_route_time_bucket,HNL,LAX,,,LAX→HNL,afternoon,,2024-01-01,2024-12-31,1135,1130,5,3,0.004405,65,0.057522,23,0.020354,2.65,-8.0,34.0,15.7,0.0,40.4,227,0.200885,145,0.128319,69,0.061062,1.86,0.0,14,0.094595,1,0.013889
origin_route_time_bucket,HNL,LAX,,,LAX→HNL,early_morning,,2024-01-01,2024-12-31,2116,2101,15,3,0.007089,64,0.030462,23,0.010947,-1.86,-9.0,21.0,8.41,0.0,16.0,212,0.100904,113,0.053784,66,0.031414,-1.18,0.0,10,0.086957,2,0.030303
origin_route_time_bucket,HNL,LAX,,,LAX→HNL,evening,,2024-01-01,2024-12-31,1689,1682,7,2,0.004144,128,0.0761,30,0.017836,9.84,-3.0,44.1,19.11,0.0,48.0,361,0.214625,231,0.137337,142,0.084423,0.62,0.0,20,0.084746,1,0.006993
origin_route_time_bucket,HNL,LAX,,,LAX→HNL,late_morning,,2024-01-01,2024-12-31,662,651,11,1,0.016616,40,0.061444,9,0.013825,10.38,2.0,39.0,14.71,0.0,35.0,115,0.176651,69,0.105991,39,0.059908,-2.3,0.0,4,0.056338,0,0.0
origin_route_time_bucket,HNL,LAX,,,LAX→HNL,night,,2024-01-01,2024-12-31,10,10,0,0,0.0,2,0.2,0,0.0,24.5,10.0,80.5,29.2,2.0,89.2,4,0.4,3,0.3,2,0.2,1.4,0.0,0,0.0,0,0.0
origin_route_time_bucket,HNL,LGB,,,LGB→HNL,early_morning,,2024-01-01,2024-12-31,521,519,2,0,0.003839,10,0.019268,2,0.003854,-3.58,-8.0,20.0,5.26,0.0,12.2,42,0.080925,20,0.038536,6,0.011561,-1.62,0.0,1,0.05,0,0.0
origin_route_time_bucket,HNL,LGB,,,LGB→HNL,late_morning,,2024-01-01,2024-12-31,211,211,0,0,0.0,14,0.066351,1,0.004739,5.23,-4.0,44.0,13.48,0.0,31.0,37,0.175355,23,0.109005,13,0.061611,-2.6,0.0,2,0.083333,0,0.0
origin_route_time_bucket,HNL,LIH,,,LIH→HNL,afternoon,,2024-01-01,2024-12-31,2593,2549,44,2,0.016969,58,0.022754,4,0.001569,2.44,-3.0,23.0,7.06,0.0,21.0,342,0.13417,154,0.060416,43,0.016869,-0.61,0.0,0,0.0,0,0.0
origin_route_time_bucket,HNL,LIH,,,LIH→HNL,early_morning,,2024-01-01,2024-12-31,1914,1903,11,0,0.005747,15,0.007882,1,0.000525,-3.54,-6.0,6.0,2.27,0.0,4.0,62,0.03258,40,0.021019,12,0.006306,-0.43,0.0,0,0.0,0,0.0
origin_route_time_bucket,HNL,LIH,,,LIH→HNL,evening,,2024-01-01,2024-12-31,2305,2281,24,0,0.010412,56,0.024551,2,0.000877,-0.63,-7.0,20.0,6.48,0.0,19.0,279,0.122315,148,0.064884,57,0.024989,0.23,0.0,0,0.0,0,0.0
origin_route_time_bucket,HNL,LIH,,,LIH→HNL,late_morning,,2024-01-01,2024-12-31,1653,1625,28,0,0.016939,21,0.012923,2,0.001231,0.14,-4.0,15.0,4.03,0.0,10.0,101,0.062154,51,0.031385,15,0.009231,-1.39,0.0,0,0.0,0,0.0
origin_route_time_bucket,HNL,LIH,,,LIH→HNL,night,,2024-01-01,2024-12-31,175,173,2,0,0.011429,7,0.040462,1,0.00578,6.9,-1.0,32.8,9.79,0.0,31.8,40,0.231214,19,0.109827,7,0.040462,-0.9,0.0,0,0.0,0,0.0
origin_route_time_bucket,HNL,MSP,,,MSP→HNL,late_morning,,2024-01-01,2024-12-31,365,364,1,4,0.00274,24,0.065934,2,0.005495,-2.63,-10.0,31.1,10.08,0.0,22.0,46,0.126374,30,0.082418,20,0.054945,-1.04,0.0,2,0.066667,0,0.0
origin_route_time_bucket,HNL,OAK,,,OAK→HNL,afternoon,,2024-01-01,2024-12-31,357,357,0,0,0.0,19,0.053221,2,0.005602,-0.52,-7.0,31.4,12.06,1.0,30.0,81,0.226891,35,0.098039,18,0.05042,1.24,0.0,2,0.052632,1,0.052632
origin_route_time_bucket,HNL,OAK,,,OAK→HNL,early_morning,,2024-01-01,2024-12-31,366,359,7,1,0.019126,17,0.047354,3,0.008357,5.56,0.0,27.6,8.37,0.0,15.9,36,0.100279,22,0.061281,15,0.041783,-4.03,0.0,0,0.0,1,0.066667
origin_route_time_bucket,HNL,OAK,,,OAK→HNL,late_morning,,2024-01-01,2024-12-31,366,366,0,2,0.0,5,0.013661,1,0.002732,-9.48,-15.0,19.7,6.09,0.0,19.0,44,0.120219,20,0.054645,5,0.013661,0.43,0.0,2,0.1,0,0.0
origin_route_time_bucket,HNL,OGG,,,OGG→HNL,afternoon,,2024-01-01,2024-12-31,2547,2526,21,2,0.008245,74,0.029295,10,0.003959,3.74,-2.0,24.0,7.84,0.0,22.0,336,0.133017,172,0.068092,64,0.025337,-0.51,0.0,0,0.0,0,0.0
origin_route_time_bucket,HNL,OGG,,,OGG→HNL,early_morning,,2024-01-01,2024-12-31,2301,2268,33,0,0.014342,19,0.008377,1,0.000441,-2.06,-4.0,6.0,2.21,0.0,3.0,76,0.03351,45,0.019841,20,0.008818,-0.74,0.0,0,0.0,0,0.0
origin_route_time_bucket,HNL,OGG,,,OGG→HNL,evening,,2024-01-01,2024-12-31,3134,3093,41,0,0.013082,61,0.019722,1,0.000323,0.39,-5.0,21.8,6.24,0.0,21.0,393,0.127061,193,0.062399,57,0.018429,-0.07,0.0,0,0.0,0,0.0
origin_route_time_bucket,HNL,OGG,,,OGG→HNL,late_morning,,2024-01-01,2024-12-31,2552,2533,19,0,0.007445,32,0.012633,7,0.002764,0.11,-4.0,14.8,4.22,0.0,10.0,161,0.063561,73,0.02882,30,0.011844,-1.31,0.0,0,0.0,0,0.0
origin_route_time_bucket,HNL,OGG,,,OGG→HNL,night,,2024-01-01,2024-12-31,1107,1094,13,2,0.011743,27,0.02468,0,0.0,-1.79,-7.0,16.0,5.15,0.0,14.0,103,0.09415,56,0.051188,26,0.023766,-0.46,0.0,0,0.0,0,0.0
origin_route_time_bucket,HNL,OGG,,,OGG→HNL,red_eye,,2024-01-01,2024-12-31,1,0,1,0,1.0,0,,0,,,,,,,,0,,0,,0,,,,0,,0,
origin_route_time_bucket,HNL,ONT,,,ONT→HNL,early_morning,,2024-01-01,2024-12-31,73,72,1,0,0.013699,6,0.083333,2,0.027778,23.35,3.5,50.8,22.04,0.0,32.5,13,0.180556,8,0.111111,2,0.027778,-7.46,0.0,0,0.0,0,0.0
origin_route_time_bucket,HNL,ONT,,,ONT→HNL,late_morning,,2024-01-01,2024-12-31,295,294,1,2,0.00339,9,0.030612,3,0.010204,2.15,-3.0,22.0,8.29,0.0,12.0,23,0.078231,15,0.05102,10,0.034014,-2.3,0.0,0,0.0,0,0.0
origin_route_time_bucket,HNL,ORD,,,ORD→HNL,afternoon,,2024-01-01,2024-12-31,13,13,0,0,0.0,1,0.076923,0,0.0,-10.62,-19.0,5.0,10.92,4.0,13.8,1,0.076923,1,0.076923,1,0.076923,4.69,4.0,0,0.0,0,0.0
origin_route_time_bucket,HNL,ORD,,,ORD→HNL,late_morning,,2024-01-01,2024-12-31,366,365,1,0,0.002732,12,0.032877,2,0.005479,-10.27,-16.0,24.6,9.87,0.0,23.6,54,0.147945,28,0.076712,17,0.046575,1.91,0.0,6,0.193548,2,0.117647
origin_route_time_bucket,HNL,PAE,,,PAE→HNL,early_morning,,2024-01-01,2024-12-31,13,13,0,0,0.0,1,0.076923,0,0.0,5.69,0.0,34.6,8.0,0.0,11.0,1,0.076923,1,0.076923,1,0.076923,-4.46,0.0,0,0.0,0,0.0
origin_route_time_bucket,HNL,PAE,,,PAE→HNL,late_morning,,2024-01-01,2024-12-31,136,129,7,10,0.051471,6,0.046512,0,0.0,2.11,-4.0,37.0,7.01,0.0,20.4,14,0.108527,10,0.077519,3,0.023256,-5.57,0.0,1,0.1,0,0.0
origin_route_time_bucket,HNL,PDX,,,PDX→HNL,early_morning,,2024-01-01,2024-12-31,713,701,12,3,0.01683,25,0.035663,6,0.008559,7.88,-1.0,31.0,12.57,0.0,19.3,90,0.128388,53,0.075606,28,0.039943,-2.37,0.0,2,0.037037,0,0.0
origin_route_time_bucket,HNL,PDX,,,PDX→HNL,evening,,2024-01-01,2024-12-31,7,7,0,0,0.0,0,0.0,0,0.0,-11.86,-12.0,6.6,5.86,0.0,15.6,1,0.142857,0,0.0,0,0.0,3.43,0.0,1,1.0,0,
origin_route_time_bucket,HNL,PDX,,,PDX→HNL,late_morning,,2024-01-01,2024-12-31,14,14,0,0,0.0,1,0.071429,0,0.0,13.93,7.5,34.7,11.43,0.0,26.8,3,0.214286,2,0.142857,1,0.071429,-3.79,-4.0,1,0.5,0,0.0
origin_route_time_bucket,HNL,PHX,,,PHX→HNL,afternoon,,2024-01-01,2024-12-31,147,147,0,0,0.0,9,0.061224,0,0.0,0.22,-8.0,41.4,12.96,0.0,44.0,30,0.204082,21,0.142857,11,0.07483,1.35,0.0,2,0.090909,0,0.0
origin_route_time_bucket,HNL,PHX,,,PHX→HNL,early_morning,,2024-01-01,2024-12-31,366,365,1,1,0.002732,8,0.021918,3,0.008219,5.58,-3.0,24.0,10.47,0.0,11.7,25,0.068493,13,0.035616,8,0.021918,-3.32,0.0,2,0.133333,0,0.0
origin_route_time_bucket,HNL,PHX,,,PHX→HNL,late_morning,,2024-01-01,2024-12-31,806,806,0,24,0.0,19,0.023573,2,0.002481,-3.13,-8.0,23.0,8.29,0.0,23.0,113,0.140199,61,0.075682,18,0.022333,0.57,0.0,9,0.147541,1,0.05
origin_route_time_bucket,HNL,PPG,,,PPG→HNL,night,,2024-01-01,2024-12-31,125,125,0,0,0.0,7,0.056,3,0.024,15.55,-3.0,27.8,22.53,1.0,29.0,21,0.168,12,0.096,6,0.048,0.87,0.0,0,0.0,0,0.0
origin_route_time_bucket,HNL,SAN,,,SAN→HNL,afternoon,,2024-01-01,2024-12-31,367,366,1,4,0.002725,28,0.076503,0,0.0,7.05,0.0,48.0,18.86,6.0,51.0,131,0.357923,75,0.204918,27,0.07377,3.9,1.0,11,0.144737,0,0.0
origin_route_time_bucket,HNL,SAN,,,SAN→HNL,early_morning,,2024-01-01,2024-12-31,230,230,0,3,0.0,19,0.082609,4,0.017391,10.53,1.0,47.8,14.91,0.0,30.2,41,0.178261,23,0.1,14,0.06087,-5.66,0.0,0,0.0,0,0.0
origin_route_time_bucket,HNL,SAN,,,SAN→HNL,evening,,2024-01-01,2024-12-31,201,201,0,0,0.0,10,0.049751,1,0.004975,-3.67,-11.0,23.0,9.49,0.0,26.0,28,0.139303,17,0.084577,8,0.039801,0.23,0.0,2,0.111111,0,0.0
origin_route_time_bucket,HNL,SAN,,,SAN→HNL,late_morning,,2024-01-01,2024-12-31,868,853,15,15,0.017281,59,0.069168,12,0.014068,15.42,4.0,48.3,18.17,2.0,41.3,213,0.249707,126,0.147714,51,0.059789,-2.64,0.0,11,0.084615,0,0.0
origin_route_time_bucket,HNL,SEA,,,SEA→HNL,afternoon,,2024-01-01,2024-12-31,711,706,5,12,0.007032,33,0.046742,9,0.012748,1.52,-6.0,33.7,13.33,0.0,33.0,135,0.191218,83,0.117564,40,0.056657,0.99,0.0,11,0.130952,0,0.0
origin_route_time_bucket,HNL,SEA,,,SEA→HNL,early_morning,,2024-01-01,2024-12-31,983,963,20,7,0.020346,52,0.053998,13,0.013499,10.44,-3.0,37.5,17.76,0.0,30.0,152,0.15784,95,0.09865,47,0.048806,-1.4,0.0,11,0.113402,1,0.021277
origin_route_time_bucket,HNL,SEA,,,SEA→HNL,evening,,2024-01-01,2024-12-31,505,493,12,11,0.023762,28,0.056795,3,0.006085,3.29,-3.5,37.0,13.66,0.0,39.0,112,0.227181,60,0.121704,30,0.060852,0.58,0.0,12,0.1875,2,0.064516
origin_route_time_bucket,HNL,SEA,,,SEA→HNL,late_morning,,2024-01-01,2024-12-31,505,498,7,11,0.013861,28,0.056225,3,0.006024,7.53,1.0,47.0,17.63,6.0,44.4,179,0.359438,88,0.176707,32,0.064257,2.8,0.0,16,0.166667,3,0.09375
origin_route_time_bucket,HNL,SEA,,,SEA→HNL,night,,2024-01-01,2024-12-31,208,208,0,0,0.0,13,0.0625,0,0.0,1.17,-7.0,38.6,13.47,0.0,40.3,51,0.245192,31,0.149038,12,0.057692,2.1,0.0,3,0.090909,0,0.0
origin_route_time_bucket,HNL,SFO,,,SFO→HNL,afternoon,,2024-01-01,2024-12-31,373,372,1,0,0.002681,43,0.115591,8,0.021505,10.99,-6.0,75.5,24.71,2.5,93.2,97,0.260753,64,0.172043,49,0.13172,4.47,0.0,4,0.061538,0,0.0
origin_route_time_bucket,HNL,SFO,,,SFO→HNL,early_morning,,2024-01-01,2024-12-31,450,439,11,0,0.024444,20,0.045558,3,0.006834,8.0,-2.0,35.2,12.58,0.0,27.2,59,0.134396,39,0.088838,20,0.045558,-2.56,0.0,2,0.04878,0,0.0
origin_route_time_bucket,HNL,SFO,,,SFO→HNL,evening,,2024-01-01,2024-12-31,706,704,2,0,0.002833,40,0.056818,4,0.005682,0.88,-7.0,30.0,13.5,2.0,34.0,145,0.205966,82,0.116477,40,0.056818,2.4,0.0,12,0.144578,0,0.0
origin_route_time_bucket,HNL,SFO,,,SFO→HNL,late_morning,,2024-01-01,2024-12-31,999,985,14,1,0.014014,58,0.058883,9,0.009137,5.15,-4.0,38.7,14.69,2.0,41.7,201,0.204061,127,0.128934,62,0.062944,1.19,0.0,16,0.122137,4,0.063492
origin_route_time_bucket,HNL,SJC,,,SJC→HNL,afternoon,,2024-01-01,2024-12-31,326,326,0,1,0.0,14,0.042945,2,0.006135,2.18,-5.0,38.2,11.34,0.0,32.6,63,0.193252,34,0.104294,15,0.046012,0.03,0.0,1,0.029412,0,0.0
origin_route_time_bucket,HNL,SJC,,,SJC→HNL,early_morning,,2024-01-01,2024-12-31,910,900,10,0,0.010989,17,0.018889,2,0.002222,-6.09,-10.0,15.0,3.86,0.0,7.0,48,0.053333,25,0.027778,14,0.015556,-1.73,0.0,0,0.0,0,0.0
origin_route_time_bucket,HNL,SJC,,,SJC→HNL,late_morning,,2024-01-01,2024-12-31,153,153,0,0,0.0,6,0.039216,0,0.0,-4.21,-10.0,22.0,5.3,0.0,10.0,10,0.065359,8,0.052288,5,0.03268,-2.18,0.0,1,0.125,0,0.0
origin_route_time_bucket,HNL,SLC,,,SLC→HNL,afternoon,,2024-01-01,2024-12-31,36,36,0,0,0.0,3,0.083333,3,0.083333,50.97,3.0,35.0,52.56,0.5,31.5,8,0.222222,4,0.111111,3,0.083333,-4.67,0.0,1,0.25,0,0.0
origin_route_time_bucket,HNL,SLC,,,SLC→HNL,early_morning,,2024-01-01,2024-12-31,230,230,0,1,0.0,10,0.043478,1,0.004348,-0.21,-6.0,28.4,8.54,0.0,20.6,34,0.147826,14,0.06087,7,0.030435,-1.26,0.0,3,0.214286,1,0.142857
origin_route_time_bucket,HNL,SLC,,,SLC→HNL,late_morning,,2024-01-01,2024-12-31,366,361,5,0,0.013661,30,0.083102,11,0.030471,12.96,-4.0,43.0,20.35,0.0,35.0,51,0.141274,37,0.102493,29,0.080332,-2.19,0.0,0,0.0,0,0.0
origin_route_time_bucket,HNL,SMF,,,SMF→HNL,early_morning,,2024-01-01,2024-12-31,273,272,1,0,0.003663,13,0.047794,3,0.011029,1.88,-4.0,29.9,9.01,0.0,21.9,33,0.121324,19,0.069853,9,0.033088,-4.13,0.0,1,0.052632,0,0.0
origin_route_time_bucket,HNL,SMF,,,SMF→HNL,late_morning,,2024-01-01,2024-12-31,460,459,1,0,0.002174,18,0.039216,5,0.010893,7.41,-3.0,26.0,14.49,0.0,23.0,62,0.135076,40,0.087146,18,0.039216,-0.83,0.0,1,0.025,0,0.0
origin_airline_route_time_bucket,HNL,ANC,AS,,ANC→HNL AS,evening,,2024-01-01,2024-12-31,366,360,6,2,0.016393,9,0.025,1,0.002778,-6.76,-10.0,19.3,6.12,0.0,18.6,40,0.111111,22,0.061111,6,0.016667,-0.47,0.0,4,0.173913,0,0.0
origin_airline_route_time_bucket,HNL,ATL,DL,,ATL→HNL DL,late_morning,,2024-01-01,2024-12-31,366,366,0,0,0.0,24,0.065574,5,0.013661,4.76,-4.0,34.0,12.22,0.0,19.5,46,0.125683,28,0.076503,20,0.054645,-2.34,0.0,0,0.0,0,0.0
origin_airline_route_time_bucket,HNL,AUS,HA,,AUS→HNL HA,late_morning,,2024-01-01,2024-12-31,166,165,1,0,0.006024,9,0.054545,5,0.030303,36.62,10.0,48.0,34.56,0.0,42.8,39,0.236364,27,0.163636,13,0.078788,-5.25,-2.0,5,0.178571,0,0.0
origin_airline_route_time_bucket,HNL,BOS,DL,,BOS→HNL DL,late_morning,,2024-01-01,2024-12-31,37,37,0,0,0.0,4,0.108108,0,0.0,0.68,-7.0,58.0,17.78,0.0,65.4,6,0.162162,6,0.162162,4,0.108108,1.59,0.0,1,0.166667,0,0.0
origin_airline_route_time_bucket,HNL,BOS,HA,,BOS→HNL HA,early_morning,,2024-01-01,2024-12-31,215,213,2,0,0.009302,13,0.061033,3,0.014085,16.51,4.0,42.6,21.04,1.0,39.8,46,0.215962,30,0.140845,14,0.065728,-1.22,0.0,7,0.233333,1,0.066667
origin_airline_route_time_bucket,HNL,BOS,HA,,BOS→HNL HA,late_morning,,2024-01-01,2024-12-31,6,6,0,0,0.0,2,0.333333,0,0.0,32.67,2.0,112.5,25.83,14.0,63.5,3,0.5,1,0.166667,1,0.166667,-12.83,0.0,0,0.0,0,0.0
origin_airline_route_time_bucket,HNL,DEN,UA,,DEN→HNL UA,afternoon,,2024-01-01,2024-12-31,233,233,0,0,0.0,16,0.06867,4,0.017167,3.44,-8.0,35.0,15.57,0.0,39.0,47,0.201717,28,0.120172,18,0.077253,0.48,0.0,4,0.133333,1,0.055556
origin_airline_route_time_bucket,HNL,DEN,UA,,DEN→HNL UA,evening,,2024-01-01,2024-12-31,211,204,7,6,0.033175,30,0.147059,13,0.063725,26.44,2.0,107.8,37.88,7.5,141.8,68,0.333333,51,0.25,33,0.161765,4.73,1.0,3,0.058824,2,0.058824
origin_airline_route_time_bucket,HNL,DEN,UA,,DEN→HNL UA,late_morning,,2024-01-01,2024-12-31,141,139,2,2,0.014184,16,0.115108,9,0.064748,22.3,-5.0,84.6,33.63,1.0,105.6,34,0.244604,24,0.172662,19,0.136691,2.58,0.0,2,0.083333,0,0.0
origin_airline_route_time_bucket,HNL,DFW,AA,,DFW→HNL AA,afternoon,,2024-01-01,2024-12-31,30,29,1,0,0.033333,8,0.275862,1,0.034483,26.76,3.0,77.6,36.38,0.0,97.6,9,0.310345,9,0.310345,8,0.275862,1.86,0.0,0,0.0,0,0.0
origin_airline_route_time_bucket,HNL,DFW,AA,,DFW→HNL AA,evening,,2024-01-01,2024-12-31,3,3,0,0,0.0,0,0.0,0,0.0,38.67,35.0,47.8,20.33,21.0,24.2,2,0.666667,0,0.0,0,0.0,-18.33,-20.0,0,,0,
origin_airline_route_time_bucket,HNL,DFW,AA,,DFW→HNL AA,late_morning,,2024-01-01,2024-12-31,616,616,0,1,0.0,56,0.090909,25,0.040584,12.97,-5.0,51.2,22.54,0.0,51.8,117,0.189935,83,0.13474,60,0.097403,-0.26,0.0,7,0.081395,1,0.016667
origin_airline_route_time_bucket,HNL,DTW,DL,,DTW→HNL DL,afternoon,,2024-01-01,2024-12-31,142,140,2,1,0.014085,4,0.028571,1,0.007143,-1.58,-6.0,16.2,8.94,0.0,19.2,15,0.107143,10,0.071429,5,0.035714,0.94,0.0,1,0.090909,0,0.0
origin_airline_route_time_bucket,HNL,DTW,DL,,DTW→HNL DL,late_morning,,2024-01-01,2024-12-31,198,197,1,1,0.005051,15,0.076142,4,0.020305,-0.52,-12.0,49.0,15.35,0.0,40.5,29,0.147208,21,0.106599,17,0.086294,-1.9,0.0,3,0.142857,0,0.0
origin_airline_route_time_bucket,HNL,EWR,UA,,EWR→HNL UA,early_morning,,2024-01-01,2024-12-31,123,122,1,3,0.00813,14,0.114754,4,0.032787,12.34,-7.0,76.4,30.83,0.0,90.4,37,0.303279,23,0.188525,13,0.106557,3.69,0.0,2,0.086957,0,0.0
origin_airline_route_time_bucket,HNL,EWR,UA,,EWR→HNL UA,late_morning,,2024-01-01,2024-12-31,13,13,0,0,0.0,2,0.153846,2,0.153846,39.0,-6.0,199.0,60.15,5.0,232.2,4,0.307692,4,0.307692,3,0.230769,7.46,0.0,1,0.25,0,0.0
origin_airline_route_time_bucket,HNL,GUM,UA,,GUM→HNL UA,early_morning,,2024-01-01,2024-12-31,366,362,4,0,0.010929,7,0.019337,2,0.005525,-10.27,-14.0,7.0,10.46,0.0,20.9,43,0.118785,25,0.069061,9,0.024862,4.12,0.0,10,0.4,0,0.0
origin_airline_route_time_bucket,HNL,IAD,UA,,IAD→HNL UA,early_morning,,2024-01-01,2024-12-31,127,127,0,3,0.0,11,0.086614,6,0.047244,3.78,-14.5,54.8,28.1,0.0,77.8,25,0.19685,20,0.15748,14,0.110236,5.06,0.0,5,0.25,0,0.0
origin_airline_route_time_bucket,HNL,IAH,UA,,IAH→HNL UA,afternoon,,2024-01-01,2024-12-31,73,72,1,0,0.013699,9,0.125,1,0.013889,20.86,6.0,82.2,22.9,5.0,57.9,26,0.361111,15,0.208333,7,0.097222,-2.62,0.0,1,0.0625,0,0.0
origin_airline_route_time_bucket,HNL,IAH,UA,,IAH→HNL UA,late_morning,,2024-01-01,2024-12-31,366,363,3,0,0.008197,26,0.071625,9,0.024793,17.56,8.0,45.8,21.82,9.0,45.8,124,0.341598,61,0.168044,26,0.071625,-0.06,0.0,1,0.015625,1,0.038462
origin_airline_route_time_bucket,HNL,ITO,HA,,ITO→HNL HA,afternoon,,2024-01-01,2024-12-31,1058,1048,10,0,0.009452,29,0.027672,0,0.0,5.86,1.0,23.0,8.56,2.0,22.0,174,0.166031,65,0.062023,25,0.023855,-0.06,0.0,0,0.0,0,0.0
origin_airline_route_time_bucket,HNL,ITO,HA,,ITO→HNL HA,early_morning,,2024-01-01,2024-12-31,1006,1002,4,0,0.003976,17,0.016966,2,0.001996,1.16,-2.0,10.9,3.33,0.0,6.0,55,0.05489,31,0.030938,16,0.015968,-1.23,0.0,0,0.0,0,0.0
origin_airline_route_time_bucket,HNL,ITO,HA,,ITO→HNL HA,evening,,2024-01-01,2024-12-31,1225,1209,16,0,0.013061,42,0.034739,1,0.000827,6.98,1.0,28.0,9.74,1.0,27.0,231,0.191067,103,0.085194,38,0.031431,-0.18,0.0,0,0.0,0,0.0
origin_airline_route_time_bucket,HNL,ITO,HA,,ITO→HNL HA,late_morning,,2024-01-01,2024-12-31,1088,1068,20,0,0.018382,16,0.014981,1,0.000936,2.31,-1.0,16.0,4.76,0.0,13.0,93,0.087079,33,0.030899,16,0.014981,-1.2,0.0,0,0.0,0,0.0
origin_airline_route_time_bucket,HNL,ITO,HA,,ITO→HNL HA,night,,2024-01-01,2024-12-31,226,224,2,0,0.00885,6,0.026786,0,0.0,-0.35,-5.0,14.0,4.78,0.0,14.4,21,0.09375,12,0.053571,4,0.017857,-0.86,0.0,0,0.0,0,0.0
origin_airline_route_time_bucket,HNL,ITO,WN,,ITO→HNL WN,afternoon,,2024-01-01,2024-12-31,367,366,1,0,0.002725,4,0.010929,0,0.0,-5.33,-9.0,5.5,2.39,0.0,2.5,16,0.043716,8,0.021858,4,0.010929,-0.24,0.0,0,0.0,0,0.0
origin_airline_route_time_bucket,HNL,ITO,WN,,ITO→HNL WN,early_morning,,2024-01-01,2024-12-31,664,662,2,0,0.003012,8,0.012085,0,0.0,-3.69,-6.0,3.0,1.67,0.0,1.9,15,0.022659,10,0.015106,5,0.007553,-0.49,0.0,0,0.0,0,0.0
origin_airline_route_time_bucket,HNL,ITO,WN,,ITO→HNL WN,evening,,2024-01-01,2024-12-31,727,724,3,0,0.004127,5,0.006906,0,0.0,-6.68,-9.0,2.0,1.81,0.0,0.0,25,0.03453,14,0.019337,5,0.006906,-0.19,0.0,0,0.0,0,0.0
origin_airline_route_time_bucket,HNL,ITO,WN,,ITO→HNL WN,late_morning,,2024-01-01,2024-12-31,68,67,1,0,0.014706,0,0.0,0,0.0,-4.72,-8.0,5.0,2.15,0.0,0.0,3,0.044776,2,0.029851,1,0.014925,-0.36,0.0,0,0.0,0,0.0
origin_airline_route_time_bucket,HNL,ITO,WN,,ITO→HNL WN,night,,2024-01-01,2024-12-31,3,3,0,0,0.0,0,0.0,0,0.0,-14.0,-7.0,-7.0,0.0,0.0,0.0,0,0.0,0,0.0,0,0.0,0.0,0.0,0,,0,
origin_airline_route_time_bucket,HNL,JFK,DL,,JFK→HNL DL,late_morning,,2024-01-01,2024-12-31,335,335,0,0,0.0,21,0.062687,2,0.00597,-3.03,-9.0,35.4,11.25,0.0,26.6,47,0.140299,32,0.095522,21,0.062687,-0.48,0.0,4,0.125,2,0.090909
origin_airline_route_time_bucket,HNL,JFK,HA,,JFK→HNL HA,early_morning,,2024-01-01,2024-12-31,1,0,1,0,1.0,0,,0,,,,,,,,0,,0,,0,,,,0,,0,
origin_airline_route_time_bucket,HNL,JFK,HA,,JFK→HNL HA,late_morning,,2024-01-01,2024-12-31,367,364,3,1,0.008174,16,0.043956,3,0.008242,8.36,1.0,38.0,13.2,0.0,26.0,68,0.186813,32,0.087912,17,0.046703,-2.28,0.0,5,0.15625,1,0.058824
origin_airline_route_time_bucket,HNL,KOA,HA,,KOA→HNL HA,afternoon,,2024-01-01,2024-12-31,2062,2051,11,1,0.005335,46,0.022428,3,0.001463,4.6,-1.0,24.0,7.54,0.0,21.0,305,0.148708,124,0.060458,36,0.017552,-0.85,0.0,0,0.0,0,0.0
origin_airline_route_time_bucket,HNL,KOA,HA,,KOA→HNL HA,early_morning,,2024-01-01,2024-12-31,1002,995,7,0,0.006986,10,0.01005,2,0.00201,-0.27,-3.0,7.0,2.36,0.0,1.0,32,0.032161,20,0.020101,7,0.007035,-1.01,0.0,0,0.0,0,0.0
origin_airline_route_time_bucket,HNL,KOA,HA,,KOA→HNL HA,evening,,2024-01-01,2024-12-31,1639,1612,27,0,0.016473,50,0.031017,3,0.001861,5.45,-1.0,25.0,8.53,0.0,25.0,254,0.157568,117,0.072581,48,0.029777,-0.31,0.0,0,0.0,0,0.0
origin_airline_route_time_bucket,HNL,KOA,HA,,KOA→HNL HA,late_morning,,2024-01-01,2024-12-31,950,937,13,0,0.013684,13,0.013874,1,0.001067,0.78,-3.0,16.0,3.86,0.0,9.0,63,0.067236,32,0.034152,11,0.01174,-1.54,0.0,0,0.0,0,0.0
origin_airline_route_time_bucket,HNL,KOA,HA,,KOA→HNL HA,night,,2024-01-01,2024-12-31,202,201,1,0,0.00495,4,0.0199,0,0.0,3.4,-2.0,21.0,6.06,0.0,17.0,21,0.104478,14,0.069652,4,0.0199,-1.04,0.0,0,0.0,0,0.0
origin_airline_route_time_bucket,HNL,KOA,WN,,KOA→HNL WN,afternoon,,2024-01-01,2024-12-31,490,488,2,0,0.004082,12,0.02459,1,0.002049,-1.87,-9.0,17.0,6.12,0.0,20.0,62,0.127049,30,0.061475,10,0.020492,0.01,0.0,0,0.0,0,0.0
origin_airline_route_time_bucket,HNL,KOA,WN,,KOA→HNL WN,early_morning,,2024-01-01,2024-12-31,728,721,7,0,0.009615,3,0.004161,1,0.001387,-4.88,-7.0,2.0,1.72,0.0,1.0,15,0.020804,6,0.008322,3,0.004161,-0.18,0.0,0,0.0,0,0.0
origin_airline_route_time_bucket,HNL,KOA,WN,,KOA→HNL WN,evening,,2024-01-01,2024-12-31,606,604,2,0,0.0033,11,0.018212,0,0.0,-7.37,-11.5,3.0,3.73,0.0,5.0,35,0.057947,24,0.039735,12,0.019868,0.39,0.0,0,0.0,0,0.0
origin_airline_route_time_bucket,HNL,KOA,WN,,KOA→HNL WN,late_morning,,2024-01-01,2024-12-31,369,366,3,0,0.00813,5,0.013661,0,0.0,-3.5,-6.0,11.0,2.62,0.0,4.0,17,0.046448,7,0.019126,6,0.016393,-1.44,0.0,0,0.0,0,0.0
origin_airline_route_time_bucket,HNL,LAS,HA,,LAS→HNL HA,early_morning,,2024-01-01,2024-12-31,101,101,0,0,0.0,8,0.079208,3,0.029703,31.62,6.0,49.0,33.86,2.0,39.0,18,0.178218,13,0.128713,7,0.069307,-2.24,0.0,1,0.076923,0,0.0
origin_airline_route_time_bucket,HNL,LAS,HA,,LAS→HNL HA,evening,,2024-01-01,2024-12-31,313,311,2,1,0.00639,19,0.061093,3,0.009646,14.28,3.0,41.0,18.32,3.0,41.0,66,0.212219,44,0.141479,19,0.061093,-0.47,0.0,2,0.044444,0,0.0
origin_airline_route_time_bucket,HNL,LAS,HA,,LAS→HNL HA,late_morning,,2024-01-01,2024-12-31,265,265,0,1,0.0,18,0.067925,5,0.018868,22.77,5.0,48.7,24.86,1.0,42.7,60,0.226415,36,0.135849,17,0.064151,-2.63,0.0,3,0.083333,0,0.0
origin_airline_route_time_bucket,HNL,LAS,HA,,LAS→HNL HA,night,,2024-01-01,2024-12-31,2,2,0,0,0.0,0,0.0,0,0.0,-11.5,-11.5,-11.1,0.0,0.0,0.0,0,0.0,0,0.0,0,0.0,0.0,0.0,0,,0,
origin_airline_route_time_bucket,HNL,LAS,HA,,LAS→HNL HA,red_eye,,2024-01-01,2024-12-31,365,365,0,1,0.0,13,0.035616,2,0.005479,10.49,2.0,35.0,15.18,2.0,35.0,68,0.186301,42,0.115068,18,0.049315,-0.32,0.0,4,0.093023,0,0.0
origin_airline_route_time_bucket,HNL,LAS,WN,,LAS→HNL WN,late_morning,,2024-01-01,2024-12-31,517,517,0,85,0.0,11,0.021277,0,0.0,-2.04,-6.0,28.9,10.47,2.0,27.0,83,0.160542,37,0.071567,15,0.029014,1.51,0.0,5,0.131579,0,0.0
origin_airline_route_time_bucket,HNL,LAX,AA,,LAX→HNL AA,afternoon,,2024-01-01,2024-12-31,374,374,0,1,0.0,23,0.061497,2,0.005348,-1.06,-9.0,29.8,12.16,0.0,41.8,66,0.176471,47,0.125668,23,0.061497,1.13,0.0,6,0.125,1,0.04
origin_airline_route_time_bucket,HNL,LAX,AA,,LAX→HNL AA,early_morning,,2024-01-01,2024-12-31,240,240,0,0,0.0,3,0.0125,1,0.004167,-12.43,-16.0,10.0,4.01,0.0,7.1,19,0.079167,11,0.045833,3,0.0125,-0.21,0.0,0,0.0,0,0.0
origin_airline_route_time_bucket,HNL,LAX,AA,,LAX→HNL AA,evening,,2024-01-01,2024-12-31,377,377,0,0,0.0,24,0.06366,3,0.007958,0.14,-10.0,39.4,13.86,0.0,45.8,80,0.212202,48,0.127321,29,0.076923,0.91,0.0,4,0.078431,0,0.0
origin_airline_route_time_bucket,HNL,LAX,AA,,LAX→HNL AA,late_morning,,2024-01-01,2024-12-31,126,126,0,0,0.0,7,0.055556,2,0.015873,2.59,-8.0,37.0,10.72,0.0,18.0,15,0.119048,10,0.079365,5,0.039683,-3.84,0.0,0,0.0,0,0.0
origin_airline_route_time_bucket,HNL,LAX,AS,,LAX→HNL AS,early_morning,,2024-01-01,2024-12-31,357,348,9,2,0.02521,11,0.031609,3,0.008621,-7.79,-13.0,11.0,5.94,0.0,8.5,30,0.086207,16,0.045977,12,0.034483,-0.43,0.0,2,0.125,0,0.0
origin_airline_route_time_bucket,HNL,LAX,AS,,LAX→HNL AS,late_morning,,2024-01-01,2024-12-31,9,9,0,0,0.0,0,0.0,0,0.0,1.0,-3.0,31.0,9.22,0.0,24.4,1,0.111111,1,0.111111,1,0.111111,1.33,0.0,0,0.0,0,0.0
origin_airline_route_time_bucket,HNL,LAX,DL,,LAX→HNL DL,afternoon,,2024-01-01,2024-12-31,366,364,2,0,0.005464,20,0.054945,7,0.019231,7.79,-2.0,40.7,15.02,0.0,39.4,79,0.217033,49,0.134615,19,0.052198,-0.42,0.0,2,0.039216,0,0.0
origin_airline_route_time_bucket,HNL,LAX,DL,,LAX→HNL DL,early_morning,,2024-01-01,2024-12-31,366,366,0,0,0.0,17,0.046448,6,0.016393,2.84,-5.0,28.0,9.56,0.0,18.5,43,0.117486,24,0.065574,15,0.040984,-2.19,0.0,1,0.041667,0,0.0
origin_airline_route_time_bucket,HNL,LAX,DL,,LAX→HNL DL,evening,,2024-01-01,2024-12-31,366,365,1,1,0.002732,27,0.073973,8,0.021918,8.7,-1.0,39.7,15.8,0.0,44.1,72,0.19726,45,0.123288,29,0.079452,-0.13,0.0,2,0.044444,0,0.0
origin_airline_route_time_bucket,HNL,LAX,HA,,LAX→HNL HA,early_morning,,2024-01-01,2024-12-31,368,365,3,1,0.008152,15,0.041096,7,0.019178,11.57,0.0,33.0,15.56,0.0,25.4,57,0.156164,31,0.084932,17,0.046575,-2.26,0.0,1,0.032258,0,0.0
origin_airline_route_time_bucket,HNL,LAX,HA,,LAX→HNL HA,evening,,2024-01-01,2024-12-31,471,465,6,1,0.012739,54,0.116129,14,0.030108,26.15,4.0,69.7,30.03,2.5,74.4,122,0.262366,83,0.178495,54,0.116129,-0.71,0.0,6,0.071429,0,0.0
origin_airline_route_time_bucket,HNL,LAX,HA,,LAX→HNL HA,late_morning,,2024-01-01,2024-12-31,375,365,10,0,0.026667,17,0.046575,5,0.013699,13.76,5.0,38.0,14.53,1.0,25.6,66,0.180822,35,0.09589,15,0.041096,-4.12,0.0,3,0.085714,0,0.0
origin_airline_route_time_bucket,HNL,LAX,HA,,LAX→HNL HA,night,,2024-01-01,2024-12-31,10,10,0,0,0.0,2,0.2,0,0.0,24.5,10.0,80.5,29.2,2.0,89.2,4,0.4,3,0.3,2,0.2,1.4,0.0,0,0.0,0,0.0
origin_airline_route_time_bucket,HNL,LAX,UA,,LAX→HNL UA,afternoon,,2024-01-01,2024-12-31,277,274,3,2,0.01083,20,0.072993,13,0.047445,4.1,-13.0,35.9,23.48,0.0,56.3,57,0.208029,41,0.149635,24,0.087591,4.83,0.0,5,0.121951,0,0.0
origin_airline_route_time_bucket,HNL,LAX,UA,,LAX→HNL UA,early_morning,,2024-01-01,2024-12-31,419,416,3,0,0.00716,16,0.038462,6,0.014423,1.18,-7.5,19.0,10.85,0.0,19.5,45,0.108173,25,0.060096,17,0.040865,-0.39,0.0,5,0.192308,1,0.058824
origin_airline_route_time_bucket,HNL,LAX,UA,,LAX→HNL UA,evening,,2024-01-01,2024-12-31,475,475,0,0,0.0,23,0.048421,5,0.010526,2.46,-8.0,28.6,15.17,0.0,36.0,87,0.183158,55,0.115789,30,0.063158,2.27,0.0,8,0.142857,1,0.033333
origin_airline_route_time_bucket,HNL,LAX,UA,,LAX→HNL UA,late_morning,,2024-01-01,2024-12-31,119,118,1,0,0.008403,16,0.135593,2,0.016949,12.75,-3.0,72.5,22.57,1.0,90.9,31,0.262712,22,0.186441,18,0.152542,3.91,0.0,1,0.041667,0,0.0
origin_airline_route_time_bucket,HNL,LAX,WN,,LAX→HNL WN,afternoon,,2024-01-01,2024-12-31,118,118,0,0,0.0,2,0.016949,1,0.008475,-4.79,-10.5,17.3,11.05,2.0,24.6,25,0.211864,8,0.067797,3,0.025424,4.42,0.0,1,0.125,0,0.0
origin_airline_route_time_bucket,HNL,LAX,WN,,LAX→HNL WN,early_morning,,2024-01-01,2024-12-31,366,366,0,0,0.0,2,0.005464,0,0.0,-10.86,-13.0,15.5,2.57,0.0,7.5,18,0.04918,6,0.016393,2,0.005464,-1.33,0.0,1,0.142857,1,0.5
origin_airline_route_time_bucket,HNL,LAX,WN,,LAX→HNL WN,late_morning,,2024-01-01,2024-12-31,33,33,0,1,0.0,0,0.0,0,0.0,-3.5,-7.0,7.9,5.09,0.0,13.9,2,0.060606,1,0.030303,0,0.0,0.72,0.0,0,0.0,0,
origin_airline_route_time_bucket,HNL,LGB,HA,,LGB→HNL HA,early_morning,,2024-01-01,2024-12-31,313,311,2,0,0.00639,7,0.022508,1,0.003215,-2.75,-8.0,23.0,4.4,0.0,7.0,21,0.067524,12,0.038585,3,0.009646,-3.02,0.0,0,0.0,0,0.0
origin_airline_route_time_bucket,HNL,LGB,HA,,LGB→HNL HA,late_morning,,2024-01-01,2024-12-31,53,53,0,0,0.0,1,0.018868,1,0.018868,10.0,-3.0,20.0,14.19,0.0,6.0,1,0.018868,1,0.018868,1,0.018868,-4.23,0.0,0,0.0,0,0.0
origin_airline_route_time_bucket,HNL,LGB,WN,,LGB→HNL WN,early_morning,,2024-01-01,2024-12-31,208,208,0,0,0.0,3,0.014423,1,0.004808,-4.83,-9.0,17.0,6.55,0.0,15.6,21,0.100962,8,0.038462,3,0.014423,0.46,0.0,1,0.125,0,0.0
origin_airline_route_time_bucket,HNL,LGB,WN,,LGB→HNL WN,late_morning,,2024-01-01,2024-12-31,158,158,0,0,0.0,13,0.082278,0,0.0,3.63,-4.5,52.1,13.24,1.0,40.0,36,0.227848,22,0.139241,12,0.075949,-2.05,0.0,2,0.086957,0,0.0
origin_airline_route_time_bucket,HNL,LIH,HA,,LIH→HNL HA,afternoon,,2024-01-01,2024-12-31,2152,2108,44,2,0.020446,43,0.020398,3,0.001423,3.63,-1.0,23.0,7.07,0.0,20.0,287,0.136148,117,0.055503,30,0.014231,-0.75,0.0,0,0.0,0,0.0
origin_airline_route_time_bucket,HNL,LIH,HA,,LIH→HNL HA,early_morning,,2024-01-01,2024-12-31,1185,1177,8,0,0.006751,14,0.011895,1,0.00085,-0.74,-4.0,8.0,3.02,0.0,5.0,52,0.04418,35,0.029737,11,0.009346,-0.69,0.0,0,0.0,0,0.0
origin_airline_route_time_bucket,HNL,LIH,HA,,LIH→HNL HA,evening,,2024-01-01,2024-12-31,1575,1552,23,0,0.014603,46,0.029639,1,0.000644,1.86,-4.5,23.0,7.49,0.0,22.0,217,0.13982,118,0.076031,45,0.028995,0.26,0.0,0,0.0,0,0.0
origin_airline_route_time_bucket,HNL,LIH,HA,,LIH→HNL HA,late_morning,,2024-01-01,2024-12-31,1359,1331,28,0,0.020603,16,0.012021,2,0.001503,1.39,-3.0,16.0,4.16,0.0,10.0,84,0.06311,42,0.031555,10,0.007513,-1.55,0.0,0,0.0,0,0.0
origin_airline_route_time_bucket,HNL,LIH,HA,,LIH→HNL HA,night,,2024-01-01,2024-12-31,175,173,2,0,0.011429,7,0.040462,1,0.00578,6.9,-1.0,32.8,9.79,0.0,31.8,40,0.231214,19,0.109827,7,0.040462,-0.9,0.0,0,0.0,0,0.0
origin_airline_route_time_bucket,HNL,LIH,WN,,LIH→HNL WN,afternoon,,2024-01-01,2024-12-31,441,441,0,0,0.0,15,0.034014,1,0.002268,-3.24,-12.0,22.0,7.02,0.0,25.0,55,0.124717,37,0.0839,13,0.029478,0.06,0.0,0,0.0,0,0.0
origin_airline_route_time_bucket,HNL,LIH,WN,,LIH→HNL WN,early_morning,,2024-01-01,2024-12-31,729,726,3,0,0.004115,1,0.001377,0,0.0,-8.09,-10.0,1.5,1.05,0.0,2.0,10,0.013774,5,0.006887,1,0.001377,0.0,0.0,0,0.0,0,0.0
origin_airline_route_time_bucket,HNL,LIH,WN,,LIH→HNL WN,evening,,2024-01-01,2024-12-31,730,729,1,0,0.00137,10,0.013717,1,0.001372,-5.92,-11.0,9.0,4.35,0.0,10.2,62,0.085048,30,0.041152,12,0.016461,0.16,0.0,0,0.0,0,0.0
origin_airline_route_time_bucket,HNL,LIH,WN,,LIH→HNL WN,late_morning,,2024-01-01,2024-12-31,294,294,0,0,0.0,5,0.017007,0,0.0,-5.49,-11.0,7.0,3.46,0.0,4.7,17,0.057823,9,0.030612,5,0.017007,-0.66,0.0,0,0.0,0,0.0
origin_airline_route_time_bucket,HNL,MSP,DL,,MSP→HNL DL,late_morning,,2024-01-01,2024-12-31,365,364,1,4,0.00274,24,0.065934,2,0.005495,-2.63,-10.0,31.1,10.08,0.0,22.0,46,0.126374,30,0.082418,20,0.054945,-1.04,0.0,2,0.066667,0,0.0
origin_airline_route_time_bucket,HNL,OAK,HA,,OAK→HNL HA,early_morning,,2024-01-01,2024-12-31,366,359,7,1,0.019126,17,0.047354,3,0.008357,5.56,0.0,27.6,8.37,0.0,15.9,36,0.100279,22,0.061281,15,0.041783,-4.03,0.0,0,0.0,1,0.066667
origin_airline_route_time_bucket,HNL,OAK,WN,,OAK→HNL WN,afternoon,,2024-01-01,2024-12-31,357,357,0,0,0.0,19,0.053221,2,0.005602,-0.52,-7.0,31.4,12.06,1.0,30.0,81,0.226891,35,0.098039,18,0.05042,1.24,0.0,2,0.052632,1,0.052632
origin_airline_route_time_bucket,HNL,OAK,WN,,OAK→HNL WN,late_morning,,2024-01-01,2024-12-31,366,366,0,2,0.0,5,0.013661,1,0.002732,-9.48,-15.0,19.7,6.09,0.0,19.0,44,0.120219,20,0.054645,5,0.013661,0.43,0.0,2,0.1,0,0.0
origin_airline_route_time_bucket,HNL,OGG,HA,,OGG→HNL HA,afternoon,,2024-01-01,2024-12-31,1601,1585,16,1,0.009994,44,0.02776,7,0.004416,6.27,1.0,25.0,8.44,1.0,21.7,223,0.140694,99,0.062461,35,0.022082,-0.67,0.0,0,0.0,0,0.0
origin_airline_route_time_bucket,HNL,OGG,HA,,OGG→HNL HA,early_morning,,2024-01-01,2024-12-31,1573,1554,19,0,0.012079,11,0.007079,0,0.0,-0.33,-3.0,8.0,2.18,0.0,4.0,51,0.032819,28,0.018018,11,0.007079,-1.06,0.0,0,0.0,0,0.0
origin_airline_route_time_bucket,HNL,OGG,HA,,OGG→HNL HA,evening,,2024-01-01,2024-12-31,1887,1855,32,0,0.016958,51,0.027493,1,0.000539,3.94,-3.0,26.6,7.94,0.0,25.0,294,0.158491,142,0.07655,47,0.025337,-0.24,0.0,0,0.0,0,0.0
origin_airline_route_time_bucket,HNL,OGG,HA,,OGG→HNL HA,late_morning,,2024-01-01,2024-12-31,1820,1806,14,0,0.007692,20,0.011074,6,0.003322,1.62,-3.0,16.0,4.3,0.0,10.0,107,0.059247,49,0.027132,17,0.009413,-1.72,0.0,0,0.0,0,0.0
origin_airline_route_time_bucket,HNL,OGG,HA,,OGG→HNL HA,night,,2024-01-01,2024-12-31,740,727,13,2,0.017568,25,0.034388,0,0.0,2.3,-4.0,24.0,7.13,0.0,23.6,94,0.129298,52,0.071527,24,0.033012,-0.65,0.0,0,0.0,0,0.0
origin_airline_route_time_bucket,HNL,OGG,HA,,OGG→HNL HA,red_eye,,2024-01-01,2024-12-31,1,0,1,0,1.0,0,,0,,,,,,,,0,,0,,0,,,,0,,0,
origin_airline_route_time_bucket,HNL,OGG,WN,,OGG→HNL WN,afternoon,,2024-01-01,2024-12-31,946,941,5,1,0.005285,30,0.031881,3,0.003188,-0.53,-8.0,24.0,6.84,0.0,23.0,113,0.120085,73,0.077577,29,0.030818,-0.23,0.0,0,0.0,0,0.0
origin_airline_route_time_bucket,HNL,OGG,WN,,OGG→HNL WN,early_morning,,2024-01-01,2024-12-31,728,714,14,0,0.019231,8,0.011204,1,0.001401,-5.83,-8.0,0.0,2.27,0.0,1.0,25,0.035014,17,0.02381,9,0.012605,-0.03,0.0,0,0.0,0,0.0
origin_airline_route_time_bucket,HNL,OGG,WN,,OGG→HNL WN,evening,,2024-01-01,2024-12-31,1247,1238,9,0,0.007217,10,0.008078,0,0.0,-4.92,-9.0,9.0,3.69,0.0,9.3,99,0.079968,51,0.041195,10,0.008078,0.2,0.0,0,0.0,0,0.0
origin_airline_route_time_bucket,HNL,OGG,WN,,OGG→HNL WN,late_morning,,2024-01-01,2024-12-31,732,727,5,0,0.006831,12,0.016506,1,0.001376,-3.63,-8.0,11.4,4.01,0.0,10.0,54,0.074278,24,0.033012,13,0.017882,-0.3,0.0,0,0.0,0,0.0
origin_airline_route_time_bucket,HNL,OGG,WN,,OGG→HNL WN,night,,2024-01-01,2024-12-31,367,367,0,0,0.0,2,0.00545,0,0.0,-9.85,-12.0,-1.0,1.26,0.0,0.0,9,0.024523,4,0.010899,2,0.00545,-0.09,0.0,0,0.0,0,0.0
origin_airline_route_time_bucket,HNL,ONT,HA,,ONT→HNL HA,early_morning,,2024-01-01,2024-12-31,73,72,1,0,0.013699,6,0.083333,2,0.027778,23.35,3.5,50.8,22.04,0.0,32.5,13,0.180556,8,0.111111,2,0.027778,-7.46,0.0,0,0.0,0,0.0
origin_airline_route_time_bucket,HNL,ONT,HA,,ONT→HNL HA,late_morning,,2024-01-01,2024-12-31,295,294,1,2,0.00339,9,0.030612,3,0.010204,2.15,-3.0,22.0,8.29,0.0,12.0,23,0.078231,15,0.05102,10,0.034014,-2.3,0.0,0,0.0,0,0.0
origin_airline_route_time_bucket,HNL,ORD,UA,,ORD→HNL UA,afternoon,,2024-01-01,2024-12-31,13,13,0,0,0.0,1,0.076923,0,0.0,-10.62,-19.0,5.0,10.92,4.0,13.8,1,0.076923,1,0.076923,1,0.076923,4.69,4.0,0,0.0,0,0.0
origin_airline_route_time_bucket,HNL,ORD,UA,,ORD→HNL UA,late_morning,,2024-01-01,2024-12-31,366,365,1,0,0.002732,12,0.032877,2,0.005479,-10.27,-16.0,24.6,9.87,0.0,23.6,54,0.147945,28,0.076712,17,0.046575,1.91,0.0,6,0.193548,2,0.117647
origin_airline_route_time_bucket,HNL,PAE,AS,,PAE→HNL AS,early_morning,,2024-01-01,2024-12-31,13,13,0,0,0.0,1,0.076923,0,0.0,5.69,0.0,34.6,8.0,0.0,11.0,1,0.076923,1,0.076923,1,0.076923,-4.46,0.0,0,0.0,0,0.0
origin_airline_route_time_bucket,HNL,PAE,AS,,PAE→HNL AS,late_morning,,2024-01-01,2024-12-31,136,129,7,10,0.051471,6,0.046512,0,0.0,2.11,-4.0,37.0,7.01,0.0,20.4,14,0.108527,10,0.077519,3,0.023256,-5.57,0.0,1,0.1,0,0.0
origin_airline_route_time_bucket,HNL,PDX,AS,,PDX→HNL AS,early_morning,,2024-01-01,2024-12-31,346,336,10,3,0.028902,4,0.011905,0,0.0,-2.18,-7.0,22.0,5.24,0.0,13.8,28,0.083333,15,0.044643,5,0.014881,-1.49,0.0,1,0.0625,0,0.0
origin_airline_route_time_bucket,HNL,PDX,AS,,PDX→HNL AS,evening,,2024-01-01,2024-12-31,7,7,0,0,0.0,0,0.0,0,0.0,-11.86,-12.0,6.6,5.86,0.0,15.6,1,0.142857,0,0.0,0,0.0,3.43,0.0,1,1.0,0,
origin_airline_route_time_bucket,HNL,PDX,AS,,PDX→HNL AS,late_morning,,2024-01-01,2024-12-31,13,13,0,0,0.0,1,0.076923,0,0.0,12.92,5.0,34.6,11.0,0.0,27.6,2,0.153846,2,0.153846,1,0.076923,-3.31,-4.0,1,0.5,0,0.0
origin_airline_route_time_bucket,HNL,PDX,HA,,PDX→HNL HA,early_morning,,2024-01-01,2024-12-31,367,365,2,0,0.00545,21,0.057534,6,0.016438,17.07,4.0,40.6,19.26,0.0,31.0,62,0.169863,38,0.10411,23,0.063014,-3.17,0.0,1,0.026316,0,0.0
origin_airline_route_time_bucket,HNL,PDX,HA,,PDX→HNL HA,late_morning,,2024-01-01,2024-12-31,1,1,0,0,0.0,0,0.0,0,0.0,27.0,27.0,27.0,17.0,17.0,17.0,1,1.0,0,0.0,0,0.0,-10.0,-10.0,0,,0,
origin_airline_route_time_bucket,HNL,PHX,AA,,PHX→HNL AA,afternoon,,2024-01-01,2024-12-31,144,144,0,0,0.0,9,0.0625,0,0.0,0.31,-8.5,41.7,13.19,0.0,44.0,30,0.208333,21,0.145833,11,0.076389,1.35,0.0,2,0.090909,0,0.0
origin_airline_route_time_bucket,HNL,PHX,AA,,PHX→HNL AA,late_morning,,2024-01-01,2024-12-31,348,348,0,1,0.0,8,0.022989,1,0.002874,-4.35,-8.0,23.0,7.0,0.0,17.4,41,0.117816,21,0.060345,5,0.014368,-0.53,0.0,2,0.095238,0,0.0
origin_airline_route_time_bucket,HNL,PHX,HA,,PHX→HNL HA,early_morning,,2024-01-01,2024-12-31,366,365,1,1,0.002732,8,0.021918,3,0.008219,5.58,-3.0,24.0,10.47,0.0,11.7,25,0.068493,13,0.035616,8,0.021918,-3.32,0.0,2,0.133333,0,0.0
origin_airline_route_time_bucket,HNL,PHX,WN,,PHX→HNL WN,afternoon,,2024-01-01,2024-12-31,3,3,0,0,0.0,0,0.0,0,0.0,-4.0,-4.0,1.6,2.0,0.0,4.8,0,0.0,0,0.0,0,0.0,1.0,0.0,0,,0,
origin_airline_route_time_bucket,HNL,PHX,WN,,PHX→HNL WN,late_morning,,2024-01-01,2024-12-31,458,458,0,23,0.0,11,0.024017,1,0.002183,-2.16,-7.0,23.6,9.32,1.0,27.0,72,0.157205,40,0.087336,13,0.028384,1.45,0.0,7,0.175,1,0.071429
origin_airline_route_time_bucket,HNL,PPG,HA,,PPG→HNL HA,night,,2024-01-01,2024-12-31,125,125,0,0,0.0,7,0.056,3,0.024,15.55,-3.0,27.8,22.53,1.0,29.0,21,0.168,12,0.096,6,0.048,0.87,0.0,0,0.0,0,0.0
origin_airline_route_time_bucket,HNL,SAN,AS,,SAN→HNL AS,afternoon,,2024-01-01,2024-12-31,1,1,0,0,0.0,0,0.0,0,0.0,52.0,52.0,52.0,41.0,41.0,41.0,1,1.0,1,1.0,0,0.0,-11.0,-11.0,0,0.0,0,
origin_airline_route_time_bucket,HNL,SAN,AS,,SAN→HNL AS,early_morning,,2024-01-01,2024-12-31,1,1,0,0,0.0,0,0.0,0,0.0,-8.0,-8.0,-8.0,3.0,3.0,3.0,0,0.0,0,0.0,0,0.0,3.0,3.0,0,,0,
origin_airline_route_time_bucket,HNL,SAN,AS,,SAN→HNL AS,evening,,2024-01-01,2024-12-31,201,201,0,0,0.0,10,0.049751,1,0.004975,-3.67,-11.0,23.0,9.49,0.0,26.0,28,0.139303,17,0.084577,8,0.039801,0.23,0.0,2,0.111111,0,0.0
origin_airline_route_time_bucket,HNL,SAN,AS,,SAN→HNL AS,late_morning,,2024-01-01,2024-12-31,365,352,13,13,0.035616,18,0.051136,3,0.008523,9.02,1.0,44.0,14.76,3.0,39.2,83,0.235795,48,0.136364,18,0.051136,-0.67,0.0,7,0.142857,0,0.0
origin_airline_route_time_bucket,HNL,SAN,HA,,SAN→HNL HA,early_morning,,2024-01-01,2024-12-31,104,104,0,0,0.0,13,0.125,3,0.028846,24.51,9.5,67.4,21.99,2.5,59.2,30,0.288462,17,0.163462,11,0.105769,-6.71,-0.5,0,0.0,0,0.0
origin_airline_route_time_bucket,HNL,SAN,HA,,SAN→HNL HA,late_morning,,2024-01-01,2024-12-31,262,260,2,1,0.007634,23,0.088462,5,0.019231,27.96,14.0,55.2,23.08,1.0,45.0,66,0.253846,44,0.169231,18,0.069231,-7.23,-4.0,2,0.043478,0,0.0
origin_airline_route_time_bucket,HNL,SAN,WN,,SAN→HNL WN,afternoon,,2024-01-01,2024-12-31,366,365,1,4,0.002732,28,0.076712,0,0.0,6.93,0.0,48.0,18.8,6.0,51.0,130,0.356164,74,0.20274,27,0.073973,3.94,1.0,11,0.146667,0,0.0
origin_airline_route_time_bucket,HNL,SAN,WN,,SAN→HNL WN,early_morning,,2024-01-01,2024-12-31,125,125,0,3,0.0,6,0.048,1,0.008,-1.23,-11.0,28.4,8.97,0.0,10.9,11,0.088,6,0.048,3,0.024,-4.84,0.0,0,0.0,0,0.0
origin_airline_route_time_bucket,HNL,SAN,WN,,SAN→HNL WN,late_morning,,2024-01-01,2024-12-31,241,241,0,1,0.0,18,0.074689,4,0.016598,10.95,-1.0,44.2,17.67,1.5,39.2,64,0.26556,34,0.141079,15,0.062241,-0.49,0.0,2,0.057143,0,0.0
origin_airline_route_time_bucket,HNL,SEA,AS,,SEA→HNL AS,afternoon,,2024-01-01,2024-12-31,366,362,4,12,0.010929,15,0.041436,3,0.008287,-0.48,-6.0,29.0,12.26,0.0,33.2,71,0.196133,44,0.121547,19,0.052486,1.98,0.0,6,0.136364,0,0.0
origin_airline_route_time_bucket,HNL,SEA,AS,,SEA→HNL AS,early_morning,,2024-01-01,2024-12-31,228,216,12,6,0.052632,6,0.027778,1,0.00463,-4.79,-11.0,31.0,10.36,0.0,33.2,35,0.162037,24,0.111111,9,0.041667,1.66,0.0,5,0.2,1,0.111111
origin_airline_route_time_bucket,HNL,SEA,AS,,SEA→HNL AS,evening,,2024-01-01,2024-12-31,473,461,12,11,0.02537,26,0.056399,2,0.004338,3.83,-3.0,38.0,13.86,1.0,40.1,109,0.236443,57,0.123644,29,0.062907,0.7,0.0,11,0.180328,2,0.066667
origin_airline_route_time_bucket,HNL,SEA,AS,,SEA→HNL AS,late_morning,,2024-01-01,2024-12-31,505,498,7,11,0.013861,28,0.056225,3,0.006024,7.53,1.0,47.0,17.63,6.0,44.4,179,0.359438,88,0.176707,32,0.064257,2.8,0.0,16,0.166667,3,0.09375
origin_airline_route_time_bucket,HNL,SEA,AS,,SEA→HNL AS,night,,2024-01-01,2024-12-31,208,208,0,0,0.0,13,0.0625,0,0.0,1.17,-7.0,38.6,13.47,0.0,40.3,51,0.245192,31,0.149038,12,0.057692,2.1,0.0,3,0.090909,0,0.0
origin_airline_route_time_bucket,HNL,SEA,DL,,SEA→HNL DL,afternoon,,2024-01-01,2024-12-31,345,344,1,0,0.002899,18,0.052326,6,0.017442,3.55,-5.0,36.4,14.41,0.0,31.7,64,0.186047,39,0.113372,21,0.061047,-0.01,0.0,5,0.125,0,0.0
origin_airline_route_time_bucket,HNL,SEA,DL,,SEA→HNL DL,early_morning,,2024-01-01,2024-12-31,366,365,1,0,0.002732,19,0.052055,3,0.008219,3.43,-6.0,28.6,12.12,0.0,19.0,42,0.115068,28,0.076712,16,0.043836,-1.34,0.0,3,0.107143,0,0.0
origin_airline_route_time_bucket,HNL,SEA,DL,,SEA→HNL DL,evening,,2024-01-01,2024-12-31,32,32,0,0,0.0,2,0.0625,1,0.03125,-4.34,-18.0,17.5,10.84,0.0,11.8,3,0.09375,3,0.09375,1,0.03125,-1.09,0.0,1,0.333333,0,0.0
origin_airline_route_time_bucket,HNL,SEA,HA,,SEA→HNL HA,early_morning,,2024-01-01,2024-12-31,389,382,7,1,0.017995,27,0.070681,9,0.02356,25.55,4.0,42.0,27.24,3.0,32.0,75,0.196335,43,0.112565,22,0.057592,-3.14,0.0,3,0.068182,0,0.0
origin_airline_route_time_bucket,HNL,SFO,AS,,SFO→HNL AS,afternoon,,2024-01-01,2024-12-31,7,7,0,0,0.0,1,0.142857,0,0.0,1.86,-12.0,40.4,17.14,0.0,49.0,1,0.142857,1,0.142857,1,0.142857,1.86,0.0,0,0.0,0,0.0
origin_airline_route_time_bucket,HNL,SFO,AS,,SFO→HNL AS,early_morning,,2024-01-01,2024-12-31,6,6,0,0,0.0,0,0.0,0,0.0,-6.83,-12.0,13.5,0.17,0.0,0.5,0,0.0,0,0.0,0,0.0,-4.33,0.0,0,,0,
origin_airline_route_time_bucket,HNL,SFO,AS,,SFO→HNL AS,evening,,2024-01-01,2024-12-31,50,50,0,0,0.0,0,0.0,0,0.0,-4.28,-7.5,15.8,2.32,0.0,6.3,3,0.06,0,0.0,0,0.0,-2.12,0.0,0,,0,
origin_airline_route_time_bucket,HNL,SFO,AS,,SFO→HNL AS,late_morning,,2024-01-01,2024-12-31,353,344,9,1,0.025496,22,0.063953,0,0.0,6.83,-1.0,46.6,12.16,0.0,39.8,69,0.200581,46,0.133721,16,0.046512,-2.11,0.0,4,0.085106,0,0.0
origin_airline_route_time_bucket,HNL,SFO,HA,,SFO→HNL HA,early_morning,,2024-01-01,2024-12-31,393,383,10,0,0.025445,17,0.044386,3,0.007833,9.62,0.0,35.8,12.58,0.0,23.8,47,0.122715,30,0.078329,15,0.039164,-3.38,0.0,0,0.0,0,0.0
origin_airline_route_time_bucket,HNL,SFO,HA,,SFO→HNL HA,late_morning,,2024-01-01,2024-12-31,1,1,0,0,0.0,1,1.0,0,0.0,79.0,79.0,79.0,111.0,111.0,111.0,1,1.0,1,1.0,1,1.0,32.0,32.0,0,0.0,0,0.0
origin_airline_route_time_bucket,HNL,SFO,UA,,SFO→HNL UA,afternoon,,2024-01-01,2024-12-31,366,365,1,0,0.002732,42,0.115068,8,0.021918,11.17,-6.0,74.0,24.86,3.0,90.8,96,0.263014,63,0.172603,48,0.131507,4.52,0.0,4,0.0625,0,0.0
origin_airline_route_time_bucket,HNL,SFO,UA,,SFO→HNL UA,early_morning,,2024-01-01,2024-12-31,51,50,1,0,0.019608,3,0.06,0,0.0,-2.62,-10.5,36.2,14.06,0.0,56.5,12,0.24,9,0.18,5,0.1,4.0,0.0,2,0.222222,0,0.0
origin_airline_route_time_bucket,HNL,SFO,UA,,SFO→HNL UA,evening,,2024-01-01,2024-12-31,656,654,2,0,0.003049,40,0.061162,4,0.006116,1.27,-7.0,32.4,14.36,3.0,36.0,142,0.217125,82,0.125382,40,0.061162,2.75,0.0,12,0.144578,0,0.0
origin_airline_route_time_bucket,HNL,SFO,UA,,SFO→HNL UA,late_morning,,2024-01-01,2024-12-31,645,640,5,0,0.007752,35,0.054688,9,0.014063,4.14,-5.0,32.1,15.89,3.0,42.0,131,0.204687,80,0.125,45,0.070312,2.9,0.0,12,0.144578,4,0.086957
origin_airline_route_time_bucket,HNL,SJC,AS,,SJC→HNL AS,early_morning,,2024-01-01,2024-12-31,305,299,6,0,0.019672,6,0.020067,1,0.003344,-6.44,-10.0,13.0,3.35,0.0,5.0,13,0.043478,10,0.033445,5,0.016722,-1.85,0.0,0,0.0,0,0.0
origin_airline_route_time_bucket,HNL,SJC,AS,,SJC→HNL AS,late_morning,,2024-01-01,2024-12-31,61,61,0,0,0.0,3,0.04918,0,0.0,-0.41,-7.0,23.0,6.64,0.0,15.0,6,0.098361,5,0.081967,2,0.032787,-2.54,0.0,1,0.2,0,0.0
origin_airline_route_time_bucket,HNL,SJC,HA,,SJC→HNL HA,early_morning,,2024-01-01,2024-12-31,266,262,4,0,0.015038,4,0.015267,0,0.0,-4.68,-8.0,17.0,3.5,0.0,7.0,14,0.053435,6,0.022901,4,0.015267,-2.06,0.0,0,0.0,0,0.0
origin_airline_route_time_bucket,HNL,SJC,HA,,SJC→HNL HA,late_morning,,2024-01-01,2024-12-31,92,92,0,0,0.0,3,0.032609,0,0.0,-6.73,-11.5,14.7,4.41,0.0,3.9,4,0.043478,3,0.032609,3,0.032609,-1.93,0.0,0,0.0,0,0.0
origin_airline_route_time_bucket,HNL,SJC,WN,,SJC→HNL WN,afternoon,,2024-01-01,2024-12-31,326,326,0,1,0.0,14,0.042945,2,0.006135,2.18,-5.0,38.2,11.34,0.0,32.6,63,0.193252,34,0.104294,15,0.046012,0.03,0.0,1,0.029412,0,0.0
origin_airline_route_time_bucket,HNL,SJC,WN,,SJC→HNL WN,early_morning,,2024-01-01,2024-12-31,339,339,0,0,0.0,7,0.020649,1,0.00295,-6.88,-12.0,15.0,4.6,0.0,9.0,21,0.061947,9,0.026549,5,0.014749,-1.38,0.0,0,0.0,0,0.0
origin_airline_route_time_bucket,HNL,SLC,DL,,SLC→HNL DL,afternoon,,2024-01-01,2024-12-31,36,36,0,0,0.0,3,0.083333,3,0.083333,50.97,3.0,35.0,52.56,0.5,31.5,8,0.222222,4,0.111111,3,0.083333,-4.67,0.0,1,0.25,0,0.0
origin_airline_route_time_bucket,HNL,SLC,DL,,SLC→HNL DL,late_morning,,2024-01-01,2024-12-31,366,361,5,0,0.013661,30,0.083102,11,0.030471,12.96,-4.0,43.0,20.35,0.0,35.0,51,0.141274,37,0.102493,29,0.080332,-2.19,0.0,0,0.0,0,0.0
origin_airline_route_time_bucket,HNL,SLC,HA,,SLC→HNL HA,early_morning,,2024-01-01,2024-12-31,230,230,0,1,0.0,10,0.043478,1,0.004348,-0.21,-6.0,28.4,8.54,0.0,20.6,34,0.147826,14,0.06087,7,0.030435,-1.26,0.0,3,0.214286,1,0.142857
origin_airline_route_time_bucket,HNL,SMF,HA,,SMF→HNL HA,early_morning,,2024-01-01,2024-12-31,115,114,1,0,0.008696,8,0.070175,3,0.026316,14.64,1.0,45.7,15.24,0.0,31.5,21,0.184211,12,0.105263,6,0.052632,-5.24,0.0,1,0.083333,0,0.0
origin_airline_route_time_bucket,HNL,SMF,HA,,SMF→HNL HA,late_morning,,2024-01-01,2024-12-31,252,251,1,0,0.003968,12,0.047809,5,0.01992,19.57,3.0,32.0,20.24,0.0,29.0,39,0.155378,25,0.099602,11,0.043825,-3.55,0.0,0,0.0,0,0.0
origin_airline_route_time_bucket,HNL,SMF,WN,,SMF→HNL WN,early_morning,,2024-01-01,2024-12-31,158,158,0,0,0.0,5,0.031646,0,0.0,-7.34,-14.5,23.9,4.52,0.0,10.0,12,0.075949,7,0.044304,3,0.018987,-3.34,0.0,0,0.0,0,0.0
origin_airline_route_time_bucket,HNL,SMF,WN,,SMF→HNL WN,late_morning,,2024-01-01,2024-12-31,208,208,0,0,0.0,6,0.028846,0,0.0,-7.26,-12.0,13.6,7.55,0.0,19.6,23,0.110577,15,0.072115,7,0.033654,2.46,0.0,1,0.066667,0,0.0
flight_number_time_bucket,HNL,ANC,AS,AS827.0,ANC→HNL,evening,,2024-01-01,2024-12-31,366,360,6,2,0.016393,9,0.025,1,0.002778,-6.76,-10.0,19.3,6.12,0.0,18.6,40,0.111111,22,0.061111,6,0.016667,-0.47,0.0,4,0.173913,0,0.0
flight_number_time_bucket,HNL,ATL,DL,DL837.0,ATL→HNL,late_morning,,2024-01-01,2024-12-31,366,366,0,0,0.0,24,0.065574,5,0.013661,4.76,-4.0,34.0,12.22,0.0,19.5,46,0.125683,28,0.076503,20,0.054645,-2.34,0.0,0,0.0,0,0.0
flight_number_time_bucket,HNL,AUS,HA,HA81.0,AUS→HNL,late_morning,,2024-01-01,2024-12-31,141,140,1,0,0.007092,9,0.064286,5,0.035714,43.36,12.0,50.1,39.62,0.0,51.5,35,0.25,25,0.178571,13,0.092857,-6.08,-2.5,3,0.12,0,0.0
flight_number_time_bucket,HNL,AUS,HA,HA93.0,AUS→HNL,late_morning,,2024-01-01,2024-12-31,25,25,0,0,0.0,0,0.0,0,0.0,-1.12,1.0,19.8,6.2,1.0,27.2,4,0.16,2,0.08,0,0.0,-0.64,0.0,2,0.666667,0,
flight_number_time_bucket,HNL,BOS,DL,DL438.0,BOS→HNL,late_morning,,2024-01-01,2024-12-31,37,37,0,0,0.0,4,0.108108,0,0.0,0.68,-7.0,58.0,17.78,0.0,65.4,6,0.162162,6,0.162162,4,0.108108,1.59,0.0,1,0.166667,0,0.0
flight_number_time_bucket,HNL,BOS,HA,HA89.0,BOS→HNL,early_morning,,2024-01-01,2024-12-31,215,213,2,0,0.009302,13,0.061033,3,0.014085,16.51,4.0,42.6,21.04,1.0,39.8,46,0.215962,30,0.140845,14,0.065728,-1.22,0.0,7,0.233333,1,0.066667
flight_number_time_bucket,HNL,BOS,HA,HA89.0,BOS→HNL,late_morning,,2024-01-01,2024-12-31,6,6,0,0,0.0,2,0.333333,0,0.0,32.67,2.0,112.5,25.83,14.0,63.5,3,0.5,1,0.166667,1,0.166667,-12.83,0.0,0,0.0,0,0.0
flight_number_time_bucket,HNL,DEN,UA,UA1805.0,DEN→HNL,evening,,2024-01-01,2024-12-31,196,190,6,6,0.030612,28,0.147368,13,0.068421,27.92,2.0,130.2,39.4,7.5,167.7,64,0.336842,49,0.257895,32,0.168421,5.03,1.0,3,0.061224,2,0.060606
flight_number_time_bucket,HNL,DEN,UA,UA2135.0,DEN→HNL,evening,,2024-01-01,2024-12-31,15,14,1,0,0.066667,2,0.142857,0,0.0,7.0,2.0,64.5,18.0,8.0,42.7,4,0.285714,2,0.142857,1,0.071429,0.79,3.5,0,0.0,0,0.0
flight_number_time_bucket,HNL,DEN,UA,UA384.0,DEN→HNL,afternoon,,2024-01-01,2024-12-31,225,225,0,0,0.0,16,0.071111,4,0.017778,4.13,-8.0,38.6,15.59,0.0,37.2,44,0.195556,26,0.115556,18,0.08,-0.0,0.0,2,0.071429,1,0.055556
flight_number_time_bucket,HNL,DEN,UA,UA384.0,DEN→HNL,late_morning,,2024-01-01,2024-12-31,141,139,2,2,0.014184,16,0.115108,9,0.064748,22.3,-5.0,84.6,33.63,1.0,105.6,34,0.244604,24,0.172662,19,0.136691,2.58,0.0,2,0.083333,0,0.0
flight_number_time_bucket,HNL,DEN,UA,UA898.0,DEN→HNL,afternoon,,2024-01-01,2024-12-31,8,8,0,0,0.0,0,0.0,0,0.0,-16.0,-16.5,1.8,14.88,2.5,41.9,3,0.375,2,0.25,0,0.0,14.12,2.5,2,1.0,0,
flight_number_time_bucket,HNL,DFW,AA,AA115.0,DFW→HNL,afternoon,,2024-01-01,2024-12-31,30,29,1,0,0.033333,8,0.275862,1,0.034483,26.76,3.0,77.6,36.38,0.0,97.6,9,0.310345,9,0.310345,8,0.275862,1.86,0.0,0,0.0,0,0.0
flight_number_time_bucket,HNL,DFW,AA,AA115.0,DFW→HNL,evening,,2024-01-01,2024-12-31,3,3,0,0,0.0,0,0.0,0,0.0,38.67,35.0,47.8,20.33,21.0,24.2,2,0.666667,0,0.0,0,0.0,-18.33,-20.0,0,,0,
flight_number_time_bucket,HNL,DFW,AA,AA115.0,DFW→HNL,late_morning,,2024-01-01,2024-12-31,329,329,0,1,0.0,38,0.115502,17,0.051672,16.91,-6.0,75.0,27.63,0.0,83.2,67,0.203647,50,0.151976,41,0.12462,0.39,0.0,4,0.075472,0,0.0
flight_number_time_bucket,HNL,DFW,AA,AA123.0,DFW→HNL,late_morning,,2024-01-01,2024-12-31,283,283,0,0,0.0,18,0.063604,8,0.028269,8.66,-4.0,37.8,16.84,0.0,35.0,49,0.173145,33,0.116608,19,0.067138,-1.13,0.0,3,0.090909,1,0.052632
flight_number_time_bucket,HNL,DFW,AA,AA74.0,DFW→HNL,late_morning,,2024-01-01,2024-12-31,4,4,0,0,0.0,0,0.0,0,0.0,-4.75,-5.0,0.5,7.75,4.5,18.1,1,0.25,0,0.0,0,0.0,7.25,3.5,0,,0,
flight_number_time_bucket,HNL,DTW,DL,DL307.0,DTW→HNL,late_morning,,2024-01-01,2024-12-31,92,91,1,0,0.01087,4,0.043956,2,0.021978,-1.65,-9.0,28.0,12.69,0.0,17.0,12,0.131868,9,0.098901,5,0.054945,0.78,0.0,3,0.333333,0,0.0
flight_number_time_bucket,HNL,DTW,DL,DL797.0,DTW→HNL,afternoon,,2024-01-01,2024-12-31,142,140,2,1,0.014085,4,0.028571,1,0.007143,-1.58,-6.0,16.2,8.94,0.0,19.2,15,0.107143,10,0.071429,5,0.035714,0.94,0.0,1,0.090909,0,0.0
flight_number_time_bucket,HNL,DTW,DL,DL797.0,DTW→HNL,late_morning,,2024-01-01,2024-12-31,106,106,0,1,0.0,11,0.103774,2,0.018868,0.46,-15.0,66.2,17.65,0.0,70.4,17,0.160377,12,0.113208,12,0.113208,-4.23,0.0,0,0.0,0,0.0
flight_number_time_bucket,HNL,EWR,UA,UA363.0,EWR→HNL,early_morning,,2024-01-01,2024-12-31,123,122,1,3,0.00813,14,0.114754,4,0.032787,12.34,-7.0,76.4,30.83,0.0,90.4,37,0.303279,23,0.188525,13,0.106557,3.69,0.0,2,0.086957,0,0.0
flight_number_time_bucket,HNL,EWR,UA,UA363.0,EWR→HNL,late_morning,,2024-01-01,2024-12-31,13,13,0,0,0.0,2,0.153846,2,0.153846,39.0,-6.0,199.0,60.15,5.0,232.2,4,0.307692,4,0.307692,3,0.230769,7.46,0.0,1,0.25,0,0.0
flight_number_time_bucket,HNL,GUM,UA,UA200.0,GUM→HNL,early_morning,,2024-01-01,2024-12-31,366,362,4,0,0.010929,7,0.019337,2,0.005525,-10.27,-14.0,7.0,10.46,0.0,20.9,43,0.118785,25,0.069061,9,0.024862,4.12,0.0,10,0.4,0,0.0
flight_number_time_bucket,HNL,IAD,UA,UA345.0,IAD→HNL,early_morning,,2024-01-01,2024-12-31,127,127,0,3,0.0,11,0.086614,6,0.047244,3.78,-14.5,54.8,28.1,0.0,77.8,25,0.19685,20,0.15748,14,0.110236,5.06,0.0,5,0.25,0,0.0
flight_number_time_bucket,HNL,IAH,UA,UA253.0,IAH→HNL,late_morning,,2024-01-01,2024-12-31,366,363,3,0,0.008197,26,0.071625,9,0.024793,17.56,8.0,45.8,21.82,9.0,45.8,124,0.341598,61,0.168044,26,0.071625,-0.06,0.0,1,0.015625,1,0.038462
flight_number_time_bucket,HNL,IAH,UA,UA393.0,IAH→HNL,afternoon,,2024-01-01,2024-12-31,73,72,1,0,0.013699,9,0.125,1,0.013889,20.86,6.0,82.2,22.9,5.0,57.9,26,0.361111,15,0.208333,7,0.097222,-2.62,0.0,1,0.0625,0,0.0
flight_number_time_bucket,HNL,ITO,HA,HA101.0,ITO→HNL,early_morning,,2024-01-01,2024-12-31,312,311,1,0,0.003205,7,0.022508,0,0.0,1.0,-3.0,9.0,3.52,0.0,5.0,18,0.057878,10,0.032154,7,0.022508,-0.84,0.0,0,0.0,0,0.0
flight_number_time_bucket,HNL,ITO,HA,HA1101.0,ITO→HNL,evening,,2024-01-01,2024-12-31,1,0,1,0,1.0,0,,0,,,,,,,,0,,0,,0,,,,0,,0,
flight_number_time_bucket,HNL,ITO,HA,HA1101.0,ITO→HNL,late_morning,,2024-01-01,2024-12-31,1,1,0,0,0.0,0,0.0,0,0.0,14.0,14.0,14.0,6.0,6.0,6.0,0,0.0,0,0.0,0,0.0,-8.0,-8.0,0,,0,
flight_number_time_bucket,HNL,ITO,HA,HA111.0,ITO→HNL,early_morning,,2024-01-01,2024-12-31,1,1,0,0,0.0,0,0.0,0,0.0,-1.0,-1.0,-1.0,0.0,0.0,0.0,0,0.0,0,0.0,0,0.0,0.0,0.0,0,,0,
flight_number_time_bucket,HNL,ITO,HA,HA1141.0,ITO→HNL,afternoon,,2024-01-01,2024-12-31,1,1,0,0,0.0,0,0.0,0,0.0,20.0,20.0,20.0,12.0,12.0,12.0,0,0.0,0,0.0,0,0.0,-8.0,-8.0,0,,0,
flight_number_time_bucket,HNL,ITO,HA,HA1151.0,ITO→HNL,afternoon,,2024-01-01,2024-12-31,1,1,0,0,0.0,0,0.0,0,0.0,13.0,13.0,13.0,9.0,9.0,9.0,0,0.0,0,0.0,0,0.0,-4.0,-4.0,0,,0,
flight_number_time_bucket,HNL,ITO,HA,HA1191.0,ITO→HNL,late_morning,,2024-01-01,2024-12-31,1,1,0,0,0.0,0,0.0,0,0.0,19.0,19.0,19.0,5.0,5.0,5.0,0,0.0,0,0.0,0,0.0,-14.0,-14.0,0,,0,
flight_number_time_bucket,HNL,ITO,HA,HA121.0,ITO→HNL,early_morning,,2024-01-01,2024-12-31,127,126,1,0,0.007874,3,0.02381,1,0.007937,3.42,-1.0,10.5,4.68,0.0,5.0,9,0.071429,6,0.047619,3,0.02381,-1.85,0.0,0,0.0,0,0.0
flight_number_time_bucket,HNL,ITO,HA,HA131.0,ITO→HNL,early_morning,,2024-01-01,2024-12-31,236,235,1,0,0.004237,3,0.012766,1,0.004255,-0.01,-3.0,8.6,2.85,0.0,4.0,10,0.042553,6,0.025532,3,0.012766,-0.73,0.0,0,0.0,0,0.0
flight_number_time_bucket,HNL,ITO,HA,HA141.0,ITO→HNL,early_morning,,2024-01-01,2024-12-31,4,3,1,0,0.25,0,0.0,0,0.0,2.67,-5.0,14.2,8.33,0.0,20.0,1,0.333333,0,0.0,0,0.0,2.0,0.0,0,,0,
flight_number_time_bucket,HNL,ITO,HA,HA151.0,ITO→HNL,early_morning,,2024-01-01,2024-12-31,207,207,0,0,0.0,4,0.019324,0,0.0,1.87,-1.0,15.4,3.05,0.0,10.0,12,0.057971,4,0.019324,3,0.014493,-2.08,0.0,0,0.0,0,0.0
flight_number_time_bucket,HNL,ITO,HA,HA161.0,ITO→HNL,early_morning,,2024-01-01,2024-12-31,119,119,0,0,0.0,0,0.0,0,0.0,0.21,-2.0,10.4,2.76,0.0,6.2,5,0.042017,5,0.042017,0,0.0,-1.16,0.0,0,0.0,0,
flight_number_time_bucket,HNL,ITO,HA,HA161.0,ITO→HNL,late_morning,,2024-01-01,2024-12-31,237,231,6,0,0.025316,4,0.017316,0,0.0,1.55,-3.0,16.0,4.87,0.0,13.0,21,0.090909,8,0.034632,4,0.017316,-1.16,0.0,0,0.0,0,0.0
flight_number_time_bucket,HNL,ITO,HA,HA171.0,ITO→HNL,late_morning,,2024-01-01,2024-12-31,128,127,1,0,0.007812,1,0.007874,0,0.0,0.38,-1.0,11.4,3.58,0.0,10.0,8,0.062992,4,0.031496,1,0.007874,-0.37,0.0,0,0.0,0,0.0
flight_number_time_bucket,HNL,ITO,HA,HA181.0,ITO→HNL,late_morning,,2024-01-01,2024-12-31,347,339,8,0,0.023055,5,0.014749,0,0.0,2.03,-2.0,17.2,4.57,0.0,13.0,27,0.079646,8,0.023599,6,0.017699,-1.28,0.0,0,0.0,0,0.0
flight_number_time_bucket,HNL,ITO,HA,HA201.0,ITO→HNL,afternoon,,2024-01-01,2024-12-31,2,2,0,0,0.0,0,0.0,0,0.0,-7.5,-7.5,-6.3,0.0,0.0,0.0,0,0.0,0,0.0,0,0.0,0.0,0.0,0,,0,
flight_number_time_bucket,HNL,ITO,HA,HA201.0,ITO→HNL,late_morning,,2024-01-01,2024-12-31,125,123,2,0,0.016,0,0.0,0,0.0,1.48,0.0,12.0,2.05,0.0,5.8,7,0.056911,1,0.00813,0,0.0,-2.04,0.0,0,0.0,0,
flight_number_time_bucket,HNL,ITO,HA,HA211.0,ITO→HNL,late_morning,,2024-01-01,2024-12-31,1,1,0,0,0.0,0,0.0,0,0.0,17.0,17.0,17.0,22.0,22.0,22.0,1,1.0,0,0.0,0,0.0,5.0,5.0,0,,0,
flight_number_time_bucket,HNL,ITO,HA,HA221.0,ITO→HNL,late_morning,,2024-01-01,2024-12-31,163,160,3,0,0.018405,3,0.01875,1,0.00625,5.98,0.5,19.1,7.24,0.0,18.0,18,0.1125,7,0.04375,3,0.01875,-1.58,0.0,0,0.0,0,0.0
flight_number_time_bucket,HNL,ITO,HA,HA231.0,ITO→HNL,afternoon,,2024-01-01,2024-12-31,1,1,0,0,0.0,0,0.0,0,0.0,-13.0,-13.0,-13.0,0.0,0.0,0.0,0,0.0,0,0.0,0,0.0,0.0,0.0,0,,0,
flight_number_time_bucket,HNL,ITO,HA,HA231.0,ITO→HNL,late_morning,,2024-01-01,2024-12-31,73,73,0,0,0.0,3,0.041096,0,0.0,1.77,-2.0,15.8,6.12,0.0,16.8,9,0.123288,4,0.054795,2,0.027397,0.07,0.0,0,0.0,0,0.0
flight_number_time_bucket,HNL,ITO,HA,HA241.0,ITO→HNL,afternoon,,2024-01-01,2024-12-31,222,219,3,0,0.013514,4,0.018265,0,0.0,2.3,-2.0,15.2,5.53,0.0,13.2,19,0.086758,9,0.041096,4,0.018265,-0.52,0.0,0,0.0,0,0.0
flight_number_time_bucket,HNL,ITO,HA,HA241.0,ITO→HNL,late_morning,,2024-01-01,2024-12-31,2,2,0,0,0.0,0,0.0,0,0.0,17.0,17.0,24.2,20.5,20.5,29.7,1,0.5,1,0.5,0,0.0,3.5,3.5,0,0.0,0,
flight_number_time_bucket,HNL,ITO,HA,HA251.0,ITO→HNL,afternoon,,2024-01-01,2024-12-31,98,98,0,0,0.0,1,0.010204,0,0.0,3.67,1.0,19.0,6.05,0.0,19.3,12,0.122449,2,0.020408,1,0.010204,-0.72,0.0,0,0.0,0,0.0
flight_number_time_bucket,HNL,ITO,HA,HA261.0,ITO→HNL,afternoon,,2024-01-01,2024-12-31,354,350,4,0,0.011299,10,0.028571,0,0.0,4.95,0.0,21.1,8.07,2.0,22.0,57,0.162857,23,0.065714,8,0.022857,0.21,0.0,0,0.0,0,0.0
flight_number_time_bucket,HNL,ITO,HA,HA281.0,ITO→HNL,afternoon,,2024-01-01,2024-12-31,70,69,1,0,0.014286,4,0.057971,0,0.0,10.75,5.0,44.0,7.58,0.0,24.6,9,0.130435,7,0.101449,2,0.028986,-5.33,0.0,0,0.0,0,0.0
flight_number_time_bucket,HNL,ITO,HA,HA281.0,ITO→HNL,evening,,2024-01-01,2024-12-31,59,59,0,0,0.0,1,0.016949,0,0.0,5.46,0.0,24.2,8.49,2.0,20.2,8,0.135593,5,0.084746,1,0.016949,0.37,0.0,0,0.0,0,0.0
flight_number_time_bucket,HNL,ITO,HA,HA311.0,ITO→HNL,afternoon,,2024-01-01,2024-12-31,236,234,2,0,0.008475,8,0.034188,0,0.0,9.71,4.0,25.0,14.12,9.0,28.0,70,0.299145,20,0.08547,9,0.038462,2.72,3.0,0,0.0,0,0.0
flight_number_time_bucket,HNL,ITO,HA,HA321.0,ITO→HNL,afternoon,,2024-01-01,2024-12-31,61,61,0,0,0.0,2,0.032787,0,0.0,7.2,2.0,25.0,7.15,0.0,17.0,7,0.114754,4,0.065574,1,0.016393,-2.49,0.0,0,0.0,0,0.0
flight_number_time_bucket,HNL,ITO,HA,HA321.0,ITO→HNL,evening,,2024-01-01,2024-12-31,8,8,0,0,0.0,0,0.0,0,0.0,12.0,8.5,29.8,12.0,11.5,28.3,2,0.25,0,0.0,0,0.0,-1.12,0.5,0,,0,
flight_number_time_bucket,HNL,ITO,HA,HA331.0,ITO→HNL,evening,,2024-01-01,2024-12-31,49,47,2,0,0.040816,4,0.085106,1,0.021277,13.7,1.0,47.4,19.17,8.0,50.4,18,0.382979,8,0.170213,4,0.085106,2.62,3.0,0,0.0,0,0.0
flight_number_time_bucket,HNL,ITO,HA,HA341.0,ITO→HNL,evening,,2024-01-01,2024-12-31,110,109,1,0,0.009091,4,0.036697,0,0.0,11.63,4.0,34.0,13.17,4.0,31.2,28,0.256881,11,0.100917,4,0.036697,-0.45,0.0,0,0.0,0,0.0
flight_number_time_bucket,HNL,ITO,HA,HA351.0,ITO→HNL,evening,,2024-01-01,2024-12-31,237,234,3,0,0.012658,11,0.047009,0,0.0,8.6,3.0,34.0,11.66,4.5,35.8,57,0.24359,26,0.111111,9,0.038462,0.43,0.0,0,0.0,0,0.0
flight_number_time_bucket,HNL,ITO,HA,HA359.0,ITO→HNL,evening,,2024-01-01,2024-12-31,1,1,0,0,0.0,0,0.0,0,0.0,-5.0,-5.0,-5.0,1.0,1.0,1.0,0,0.0,0,0.0,0,0.0,1.0,1.0,0,,0,
flight_number_time_bucket,HNL,ITO,HA,HA359.0,ITO→HNL,late_morning,,2024-01-01,2024-12-31,10,10,0,0,0.0,0,0.0,0,0.0,2.0,-0.5,12.3,2.0,0.0,2.0,1,0.1,0,0.0,0,0.0,-2.2,0.0,0,,0,
flight_number_time_bucket,HNL,ITO,HA,HA361.0,ITO→HNL,evening,,2024-01-01,2024-12-31,97,95,2,0,0.020619,1,0.010526,0,0.0,3.56,0.0,18.6,6.44,0.0,18.0,12,0.126316,5,0.052632,1,0.010526,-0.14,0.0,0,0.0,0,0.0
flight_number_time_bucket,HNL,ITO,HA,HA369.0,ITO→HNL,afternoon,,2024-01-01,2024-12-31,2,2,0,0,0.0,0,0.0,0,0.0,6.0,6.0,15.6,3.0,3.0,5.4,0,0.0,0,0.0,0,0.0,-6.0,-6.0,0,,0,
flight_number_time_bucket,HNL,ITO,HA,HA379.0,ITO→HNL,afternoon,,2024-01-01,2024-12-31,10,10,0,0,0.0,0,0.0,0,0.0,8.0,5.5,30.0,5.2,0.5,13.1,0,0.0,0,0.0,0,0.0,-4.1,-0.5,0,,0,
flight_number_time_bucket,HNL,ITO,HA,HA381.0,ITO→HNL,evening,,2024-01-01,2024-12-31,357,352,5,0,0.014006,12,0.034091,0,0.0,7.22,1.0,28.7,9.53,1.0,27.0,68,0.193182,29,0.082386,10,0.028409,-0.73,0.0,0,0.0,0,0.0
flight_number_time_bucket,HNL,ITO,HA,HA501.0,ITO→HNL,evening,,2024-01-01,2024-12-31,103,103,0,0,0.0,2,0.019417,0,0.0,2.7,-2.0,14.8,5.91,0.0,11.8,10,0.097087,5,0.048544,2,0.019417,-0.39,0.0,0,0.0,0,0.0
flight_number_time_bucket,HNL,ITO,HA,HA511.0,ITO→HNL,evening,,2024-01-01,2024-12-31,2,2,0,0,0.0,0,0.0,0,0.0,5.5,5.5,6.7,10.5,10.5,11.7,0,0.0,0,0.0,0,0.0,5.0,5.0,0,,0,
flight_number_time_bucket,HNL,ITO,HA,HA521.0,ITO→HNL,night,,2024-01-01,2024-12-31,1,1,0,0,0.0,0,0.0,0,0.0,0.0,0.0,0.0,0.0,0.0,0.0,0,0.0,0,0.0,0,0.0,0.0,0.0,0,,0,
flight_number_time_bucket,HNL,ITO,HA,HA531.0,ITO→HNL,evening,,2024-01-01,2024-12-31,145,143,2,0,0.013793,6,0.041958,0,0.0,4.2,-2.0,21.4,7.07,0.0,19.0,18,0.125874,10,0.06993,6,0.041958,-0.84,0.0,0,0.0,0,0.0
flight_number_time_bucket,HNL,ITO,HA,HA541.0,ITO→HNL,evening,,2024-01-01,2024-12-31,1,1,0,0,0.0,0,0.0,0,0.0,21.0,21.0,21.0,19.0,19.0,19.0,1,1.0,0,0.0,0,0.0,-2.0,-2.0,0,,0,
flight_number_time_bucket,HNL,ITO,HA,HA541.0,ITO→HNL,night,,2024-01-01,2024-12-31,75,75,0,0,0.0,3,0.04,0,0.0,0.88,-4.0,10.0,4.93,0.0,11.2,6,0.08,4,0.053333,1,0.013333,-0.44,0.0,0,0.0,0,0.0
flight_number_time_bucket,HNL,ITO,HA,HA551.0,ITO→HNL,night,,2024-01-01,2024-12-31,99,97,2,0,0.020202,0,0.0,0,0.0,-8.34,-10.0,-1.0,0.92,0.0,0.0,2,0.020619,1,0.010309,0,0.0,-0.08,0.0,0,0.0,0,
flight_number_time_bucket,HNL,ITO,HA,HA561.0,ITO→HNL,evening,,2024-01-01,2024-12-31,55,55,0,0,0.0,1,0.018182,0,0.0,5.58,2.0,24.2,8.91,1.0,22.2,9,0.163636,4,0.072727,1,0.018182,0.25,0.0,0,0.0,0,0.0
flight_number_time_bucket,HNL,ITO,HA,HA561.0,ITO→HNL,night,,2024-01-01,2024-12-31,49,49,0,0,0.0,3,0.061224,0,0.0,14.22,4.0,45.4,12.49,2.0,37.0,13,0.265306,7,0.142857,3,0.061224,-3.1,-2.0,0,0.0,0,0.0
flight_number_time_bucket,HNL,ITO,HA,HA571.0,ITO→HNL,night,,2024-01-01,2024-12-31,1,1,0,0,0.0,0,0.0,0,0.0,-25.0,-25.0,-25.0,0.0,0.0,0.0,0,0.0,0,0.0,0,0.0,0.0,0.0,0,,0,
flight_number_time_bucket,HNL,ITO,HA,HA581.0,ITO→HNL,night,,2024-01-01,2024-12-31,1,1,0,0,0.0,0,0.0,0,0.0,-7.0,-7.0,-7.0,0.0,0.0,0.0,0,0.0,0,0.0,0,0.0,0.0,0.0,0,,0,
flight_number_time_bucket,HNL,ITO,WN,WN1020.0,ITO→HNL,early_morning,,2024-01-01,2024-12-31,31,31,0,0,0.0,1,0.032258,0,0.0,-6.16,-9.0,-5.0,3.39,0.0,2.0,1,0.032258,1,0.032258,1,0.032258,0.87,0.0,0,0.0,0,0.0
flight_number_time_bucket,HNL,ITO,WN,WN1133.0,ITO→HNL,early_morning,,2024-01-01,2024-12-31,59,59,0,0,0.0,1,0.016949,0,0.0,-1.66,-3.0,2.0,1.19,0.0,0.0,1,0.016949,1,0.016949,0,0.0,-0.86,0.0,0,0.0,0,
flight_number_time_bucket,HNL,ITO,WN,WN1242.0,ITO→HNL,late_morning,,2024-01-01,2024-12-31,7,7,0,0,0.0,0,0.0,0,0.0,6.71,-8.0,33.0,13.29,0.0,34.4,2,0.285714,1,0.142857,1,0.142857,0.57,0.0,0,0.0,0,0.0
flight_number_time_bucket,HNL,ITO,WN,WN1362.0,ITO→HNL,early_morning,,2024-01-01,2024-12-31,7,6,1,0,0.142857,0,0.0,0,0.0,-9.0,-10.0,-4.0,0.83,0.0,2.5,0,0.0,0,0.0,0,0.0,0.83,0.0,0,,0,
flight_number_time_bucket,HNL,ITO,WN,WN1362.0,ITO→HNL,late_morning,,2024-01-01,2024-12-31,52,51,1,0,0.019231,0,0.0,0,0.0,-6.63,-8.0,3.0,0.84,0.0,0.0,1,0.019608,1,0.019608,0,0.0,-0.49,0.0,0,0.0,0,
flight_number_time_bucket,HNL,ITO,WN,WN1489.0,ITO→HNL,early_morning,,2024-01-01,2024-12-31,33,33,0,0,0.0,0,0.0,0,0.0,-3.18,-4.0,2.8,1.42,0.0,2.6,1,0.030303,1,0.030303,0,0.0,-0.06,0.0,0,0.0,0,
flight_number_time_bucket,HNL,ITO,WN,WN1491.0,ITO→HNL,early_morning,,2024-01-01,2024-12-31,30,30,0,0,0.0,1,0.033333,0,0.0,0.13,-3.5,5.3,2.33,0.0,4.3,1,0.033333,1,0.033333,0,0.0,-1.63,0.0,0,0.0,0,
flight_number_time_bucket,HNL,ITO,WN,WN1491.0,ITO→HNL,late_morning,,2024-01-01,2024-12-31,3,3,0,0,0.0,0,0.0,0,0.0,-2.33,-2.0,-1.2,0.0,0.0,0.0,0,0.0,0,0.0,0,0.0,0.0,0.0,0,,0,
flight_number_time_bucket,HNL,ITO,WN,WN1492.0,ITO→HNL,afternoon,,2024-01-01,2024-12-31,33,33,0,0,0.0,0,0.0,0,0.0,-6.64,-8.0,2.8,0.82,0.0,1.8,0,0.0,0,0.0,0,0.0,-0.15,0.0,0,,0,
flight_number_time_bucket,HNL,ITO,WN,WN1493.0,ITO→HNL,evening,,2024-01-01,2024-12-31,33,33,0,0,0.0,0,0.0,0,0.0,-7.36,-10.0,-5.0,2.33,0.0,0.0,2,0.060606,1,0.030303,0,0.0,0.06,0.0,0,0.0,0,
flight_number_time_bucket,HNL,ITO,WN,WN1494.0,ITO→HNL,evening,,2024-01-01,2024-12-31,30,30,0,0,0.0,1,0.033333,0,0.0,-3.97,-7.0,0.3,2.23,0.0,0.0,1,0.033333,1,0.033333,1,0.033333,-0.27,0.0,0,0.0,0,0.0
flight_number_time_bucket,HNL,ITO,WN,WN1494.0,ITO→HNL,night,,2024-01-01,2024-12-31,2,2,0,0,0.0,0,0.0,0,0.0,-7.0,-7.0,-7.0,0.0,0.0,0.0,0,0.0,0,0.0,0,0.0,0.0,0.0,0,,0,
flight_number_time_bucket,HNL,ITO,WN,WN1499.0,ITO→HNL,early_morning,,2024-01-01,2024-12-31,59,59,0,0,0.0,0,0.0,0,0.0,-6.93,-9.0,3.4,1.49,0.0,5.2,1,0.016949,0,0.0,0,0.0,0.46,0.0,0,,0,
flight_number_time_bucket,HNL,ITO,WN,WN1567.0,ITO→HNL,afternoon,,2024-01-01,2024-12-31,59,59,0,0,0.0,0,0.0,0,0.0,-5.63,-7.0,1.0,0.86,0.0,0.0,1,0.016949,1,0.016949,0,0.0,-0.66,0.0,0,0.0,0,
flight_number_time_bucket,HNL,ITO,WN,WN1595.0,ITO→HNL,evening,,2024-01-01,2024-12-31,59,58,1,0,0.016949,0,0.0,0,0.0,-9.9,-11.0,-1.7,1.74,0.0,6.6,2,0.034483,1,0.017241,0,0.0,1.03,0.0,0,0.0,0,
flight_number_time_bucket,HNL,ITO,WN,WN1648.0,ITO→HNL,afternoon,,2024-01-01,2024-12-31,7,7,0,0,0.0,1,0.142857,0,0.0,14.57,-4.0,52.4,21.29,0.0,60.0,3,0.428571,2,0.285714,1,0.142857,3.0,0.0,0,0.0,0,0.0
flight_number_time_bucket,HNL,ITO,WN,WN1678.0,ITO→HNL,early_morning,,2024-01-01,2024-12-31,62,62,0,0,0.0,0,0.0,0,0.0,-3.24,-5.0,2.0,0.94,0.0,2.9,1,0.016129,0,0.0,0,0.0,-0.66,0.0,0,,0,
flight_number_time_bucket,HNL,ITO,WN,WN2026.0,ITO→HNL,early_morning,,2024-01-01,2024-12-31,56,56,0,0,0.0,0,0.0,0,0.0,-1.5,-2.0,6.0,0.18,0.0,0.0,0,0.0,0,0.0,0,0.0,-1.41,0.0,0,,0,
flight_number_time_bucket,HNL,ITO,WN,WN2029.0,ITO→HNL,early_morning,,2024-01-01,2024-12-31,56,56,0,0,0.0,0,0.0,0,0.0,-0.54,-2.5,7.0,0.45,0.0,0.0,0,0.0,0,0.0,0,0.0,-1.88,0.0,0,,0,
flight_number_time_bucket,HNL,ITO,WN,WN2030.0,ITO→HNL,afternoon,,2024-01-01,2024-12-31,56,56,0,0,0.0,2,0.035714,0,0.0,-4.46,-10.0,6.5,3.84,0.0,1.0,3,0.053571,2,0.035714,2,0.035714,-0.43,0.0,0,0.0,0,0.0
flight_number_time_bucket,HNL,ITO,WN,WN2031.0,ITO→HNL,evening,,2024-01-01,2024-12-31,56,56,0,0,0.0,0,0.0,0,0.0,-9.14,-11.0,-1.5,0.89,0.0,1.0,1,0.017857,0,0.0,0,0.0,0.55,0.0,0,,0,
flight_number_time_bucket,HNL,ITO,WN,WN2131.0,ITO→HNL,evening,,2024-01-01,2024-12-31,59,59,0,0,0.0,0,0.0,0,0.0,-5.75,-9.0,1.2,0.61,0.0,1.0,0,0.0,0,0.0,0,0.0,-1.36,0.0,0,,0,
flight_number_time_bucket,HNL,ITO,WN,WN2142.0,ITO→HNL,evening,,2024-01-01,2024-12-31,7,7,0,0,0.0,0,0.0,0,0.0,-11.29,-11.0,-7.6,0.29,0.0,0.8,0,0.0,0,0.0,0,0.0,0.29,0.0,0,,0,
flight_number_time_bucket,HNL,ITO,WN,WN2265.0,ITO→HNL,early_morning,,2024-01-01,2024-12-31,25,25,0,0,0.0,1,0.04,0,0.0,-4.2,-9.0,-2.8,2.16,0.0,0.6,1,0.04,1,0.04,0,0.0,-2.0,0.0,0,0.0,0,
flight_number_time_bucket,HNL,ITO,WN,WN2265.0,ITO→HNL,late_morning,,2024-01-01,2024-12-31,6,6,0,0,0.0,0,0.0,0,0.0,-3.0,-4.5,5.5,1.33,0.0,4.0,0,0.0,0,0.0,0,0.0,-0.5,0.0,0,,0,
flight_number_time_bucket,HNL,ITO,WN,WN2425.0,ITO→HNL,afternoon,,2024-01-01,2024-12-31,59,59,0,0,0.0,0,0.0,0,0.0,-4.58,-7.0,6.6,2.44,0.0,8.4,4,0.067797,1,0.016949,0,0.0,0.31,0.0,0,0.0,0,
flight_number_time_bucket,HNL,ITO,WN,WN2431.0,ITO→HNL,evening,,2024-01-01,2024-12-31,7,7,0,0,0.0,0,0.0,0,0.0,-7.71,-11.0,-0.2,0.0,0.0,0.0,0,0.0,0,0.0,0,0.0,-1.0,0.0,0,,0,
flight_number_time_bucket,HNL,ITO,WN,WN2448.0,ITO→HNL,evening,,2024-01-01,2024-12-31,59,59,0,0,0.0,1,0.016949,0,0.0,1.31,-5.0,13.6,4.0,0.0,4.2,4,0.067797,3,0.050847,1,0.016949,-1.42,0.0,0,0.0,0,0.0
flight_number_time_bucket,HNL,ITO,WN,WN3035.0,ITO→HNL,evening,,2024-01-01,2024-12-31,62,62,0,0,0.0,0,0.0,0,0.0,-7.05,-9.0,1.9,1.23,0.0,0.0,3,0.048387,1,0.016129,0,0.0,-0.35,0.0,0,0.0,0,
flight_number_time_bucket,HNL,ITO,WN,WN3331.0,ITO→HNL,afternoon,,2024-01-01,2024-12-31,31,31,0,0,0.0,0,0.0,0,0.0,-8.16,-9.0,-4.0,1.1,0.0,0.0,1,0.032258,0,0.0,0,0.0,0.26,0.0,0,0.0,0,
flight_number_time_bucket,HNL,ITO,WN,WN3367.0,ITO→HNL,evening,,2024-01-01,2024-12-31,62,62,0,0,0.0,0,0.0,0,0.0,-5.05,-7.0,6.6,1.5,0.0,0.0,2,0.032258,1,0.016129,0,0.0,-0.55,0.0,0,0.0,0,
flight_number_time_bucket,HNL,ITO,WN,WN3472.0,ITO→HNL,afternoon,,2024-01-01,2024-12-31,1,1,0,0,0.0,0,0.0,0,0.0,-16.0,-16.0,-16.0,0.0,0.0,0.0,0,0.0,0,0.0,0,0.0,0.0,0.0,0,,0,
flight_number_time_bucket,HNL,ITO,WN,WN3472.0,ITO→HNL,evening,,2024-01-01,2024-12-31,58,58,0,0,0.0,0,0.0,0,0.0,-8.83,-10.0,-3.7,0.95,0.0,0.0,1,0.017241,1,0.017241,0,0.0,0.16,0.0,0,0.0,0,
flight_number_time_bucket,HNL,ITO,WN,WN4030.0,ITO→HNL,evening,,2024-01-01,2024-12-31,31,31,0,0,0.0,0,0.0,0,0.0,-4.45,-8.0,8.0,3.65,0.0,14.0,3,0.096774,1,0.032258,0,0.0,0.97,0.0,0,0.0,0,
flight_number_time_bucket,HNL,ITO,WN,WN4107.0,ITO→HNL,evening,,2024-01-01,2024-12-31,58,58,0,0,0.0,0,0.0,0,0.0,-9.6,-12.0,1.6,0.55,0.0,0.0,1,0.017241,0,0.0,0,0.0,-0.26,0.0,0,,0,
flight_number_time_bucket,HNL,ITO,WN,WN4441.0,ITO→HNL,evening,,2024-01-01,2024-12-31,30,30,0,0,0.0,1,0.033333,0,0.0,-5.23,-9.0,1.1,4.5,0.0,0.1,2,0.066667,1,0.033333,1,0.033333,0.5,0.0,0,0.0,0,0.0
flight_number_time_bucket,HNL,ITO,WN,WN4645.0,ITO→HNL,afternoon,,2024-01-01,2024-12-31,59,58,1,0,0.016949,0,0.0,0,0.0,-8.83,-11.0,0.6,0.91,0.0,1.0,1,0.017241,0,0.0,0,0.0,0.16,0.0,0,,0,
flight_number_time_bucket,HNL,ITO,WN,WN4656.0,ITO→HNL,evening,,2024-01-01,2024-12-31,59,57,2,0,0.033898,1,0.017544,0,0.0,-11.23,-13.0,-5.2,1.44,0.0,0.0,1,0.017544,1,0.017544,1,0.017544,-0.07,0.0,0,0.0,0,0.0
flight_number_time_bucket,HNL,ITO,WN,WN4731.0,ITO→HNL,afternoon,,2024-01-01,2024-12-31,62,62,0,0,0.0,1,0.016129,0,0.0,-3.21,-8.5,13.0,3.26,0.0,3.0,3,0.048387,2,0.032258,1,0.016129,-1.21,0.0,0,0.0,0,0.0
flight_number_time_bucket,HNL,ITO,WN,WN4732.0,ITO→HNL,early_morning,,2024-01-01,2024-12-31,62,62,0,0,0.0,2,0.032258,0,0.0,-1.47,-6.0,4.9,2.56,0.0,0.0,2,0.032258,2,0.032258,2,0.032258,-0.85,0.0,0,0.0,0,0.0
flight_number_time_bucket,HNL,ITO,WN,WN478.0,ITO→HNL,early_morning,,2024-01-01,2024-12-31,59,59,0,0,0.0,1,0.016949,0,0.0,-2.24,-6.0,1.2,2.85,0.0,0.0,2,0.033898,1,0.016949,1,0.016949,-0.44,0.0,0,0.0,0,0.0
flight_number_time_bucket,HNL,ITO,WN,WN5777.0,ITO→HNL,evening,,2024-01-01,2024-12-31,1,1,0,0,0.0,0,0.0,0,0.0,-21.0,-21.0,-21.0,0.0,0.0,0.0,0,0.0,0,0.0,0,0.0,0.0,0.0,0,,0,
flight_number_time_bucket,HNL,ITO,WN,WN5988.0,ITO→HNL,night,,2024-01-01,2024-12-31,1,1,0,0,0.0,0,0.0,0,0.0,-28.0,-28.0,-28.0,0.0,0.0,0.0,0,0.0,0,0.0,0,0.0,0.0,0.0,0,,0,
flight_number_time_bucket,HNL,ITO,WN,WN616.0,ITO→HNL,early_morning,,2024-01-01,2024-12-31,7,7,0,0,0.0,0,0.0,0,0.0,-0.71,-6.0,13.2,4.86,0.0,14.4,1,0.142857,0,0.0,0,0.0,0.29,0.0,0,0.0,0,
flight_number_time_bucket,HNL,ITO,WN,WN6193.0,ITO→HNL,evening,,2024-01-01,2024-12-31,56,56,0,0,0.0,1,0.017857,0,0.0,-3.84,-6.5,-0.5,2.82,0.0,0.0,2,0.035714,2,0.035714,1,0.017857,-0.59,0.0,0,0.0,0,0.0
flight_number_time_bucket,HNL,ITO,WN,WN734.0,ITO→HNL,early_morning,,2024-01-01,2024-12-31,59,59,0,0,0.0,0,0.0,0,0.0,-8.2,-9.0,-2.6,1.2,0.0,3.2,1,0.016949,1,0.016949,0,0.0,0.66,0.0,0,0.0,0,
flight_number_time_bucket,HNL,ITO,WN,WN814.0,ITO→HNL,early_morning,,2024-01-01,2024-12-31,59,58,1,0,0.016949,1,0.017241,0,0.0,-7.95,-10.0,-2.7,2.4,0.0,3.6,2,0.034483,1,0.017241,1,0.017241,0.57,0.0,0,0.0,0,0.0
flight_number_time_bucket,HNL,JFK,DL,DL268.0,JFK→HNL,late_morning,,2024-01-01,2024-12-31,182,182,0,0,0.0,11,0.06044,1,0.005495,-3.68,-8.0,29.7,13.08,0.0,38.3,29,0.159341,21,0.115385,14,0.076923,1.31,0.0,3,0.142857,2,0.142857
flight_number_time_bucket,HNL,JFK,DL,DL317.0,JFK→HNL,late_morning,,2024-01-01,2024-12-31,62,62,0,0,0.0,4,0.064516,0,0.0,3.06,-2.0,44.8,5.13,0.0,7.9,6,0.096774,3,0.048387,2,0.032258,-9.31,0.0,0,0.0,0,0.0
flight_number_time_bucket,HNL,JFK,DL,DL362.0,JFK→HNL,late_morning,,2024-01-01,2024-12-31,7,7,0,0,0.0,0,0.0,0,0.0,-39.14,-42.0,-21.2,7.29,0.0,20.6,1,0.142857,1,0.142857,0,0.0,7.14,0.0,1,1.0,0,
flight_number_time_bucket,HNL,JFK,DL,DL636.0,JFK→HNL,late_morning,,2024-01-01,2024-12-31,84,84,0,0,0.0,6,0.071429,1,0.011905,-3.11,-10.0,20.5,12.14,0.0,23.4,11,0.130952,7,0.083333,5,0.059524,1.51,0.0,0,0.0,0,0.0
flight_number_time_bucket,HNL,JFK,HA,HA1051.0,JFK→HNL,early_morning,,2024-01-01,2024-12-31,1,0,1,0,1.0,0,,0,,,,,,,,0,,0,,0,,,,0,,0,
flight_number_time_bucket,HNL,JFK,HA,HA1051.0,JFK→HNL,late_morning,,2024-01-01,2024-12-31,1,1,0,0,0.0,0,0.0,0,0.0,40.0,40.0,40.0,46.0,46.0,46.0,1,1.0,1,1.0,0,0.0,6.0,6.0,0,0.0,0,
flight_number_time_bucket,HNL,JFK,HA,HA51.0,JFK→HNL,late_morning,,2024-01-01,2024-12-31,366,363,3,1,0.008197,16,0.044077,3,0.008264,8.27,0.5,37.9,13.1,0.0,25.9,67,0.184573,31,0.085399,17,0.046832,-2.3,0.0,5,0.16129,1,0.058824
flight_number_time_bucket,HNL,KOA,HA,HA1062.0,KOA→HNL,evening,,2024-01-01,2024-12-31,1,0,1,0,1.0,0,,0,,,,,,,,0,,0,,0,,,,0,,0,
flight_number_time_bucket,HNL,KOA,HA,HA107.0,KOA→HNL,early_morning,,2024-01-01,2024-12-31,361,360,1,0,0.00277,6,0.016667,2,0.005556,1.74,-3.0,7.1,3.72,0.0,0.0,14,0.038889,11,0.030556,5,0.013889,-1.21,0.0,0,0.0,0,0.0
flight_number_time_bucket,HNL,KOA,HA,HA1107.0,KOA→HNL,late_morning,,2024-01-01,2024-12-31,1,1,0,0,0.0,0,0.0,0,0.0,3.0,3.0,3.0,0.0,0.0,0.0,0,0.0,0,0.0,0,0.0,-3.0,-3.0,0,,0,
flight_number_time_bucket,HNL,KOA,HA,HA1119.0,KOA→HNL,late_morning,,2024-01-01,2024-12-31,1,1,0,0,0.0,0,0.0,0,0.0,23.0,23.0,23.0,23.0,23.0,23.0,1,1.0,0,0.0,0,0.0,0.0,0.0,0,,0,
flight_number_time_bucket,HNL,KOA,HA,HA127.0,KOA→HNL,early_morning,,2024-01-01,2024-12-31,258,254,4,0,0.015504,3,0.011811,0,0.0,-1.67,-4.0,5.0,1.89,0.0,2.7,6,0.023622,3,0.011811,2,0.007874,-0.52,0.0,0,0.0,0,0.0
flight_number_time_bucket,HNL,KOA,HA,HA137.0,KOA→HNL,early_morning,,2024-01-01,2024-12-31,199,198,1,0,0.005025,1,0.005051,0,0.0,-0.2,-2.0,8.0,1.87,0.0,2.0,9,0.045455,5,0.025253,0,0.0,-1.36,0.0,0,0.0,0,0.0
flight_number_time_bucket,HNL,KOA,HA,HA147.0,KOA→HNL,early_morning,,2024-01-01,2024-12-31,158,157,1,0,0.006329,0,0.0,0,0.0,-2.61,-4.0,4.0,0.84,0.0,0.0,3,0.019108,1,0.006369,0,0.0,-0.78,0.0,0,0.0,0,
flight_number_time_bucket,HNL,KOA,HA,HA157.0,KOA→HNL,early_morning,,2024-01-01,2024-12-31,26,26,0,0,0.0,0,0.0,0,0.0,-0.85,-2.0,8.0,0.85,0.0,2.0,0,0.0,0,0.0,0,0.0,-1.65,0.0,0,,0,
flight_number_time_bucket,HNL,KOA,HA,HA167.0,KOA→HNL,late_morning,,2024-01-01,2024-12-31,294,293,1,0,0.003401,5,0.017065,1,0.003413,-1.63,-6.0,10.0,2.66,0.0,3.0,11,0.037543,8,0.027304,2,0.006826,-1.63,0.0,0,0.0,0,0.0
flight_number_time_bucket,HNL,KOA,HA,HA177.0,KOA→HNL,late_morning,,2024-01-01,2024-12-31,13,13,0,0,0.0,0,0.0,0,0.0,-1.31,-6.0,12.8,1.62,0.0,1.0,1,0.076923,0,0.0,0,0.0,-2.23,0.0,0,,0,
flight_number_time_bucket,HNL,KOA,HA,HA187.0,KOA→HNL,late_morning,,2024-01-01,2024-12-31,1,1,0,0,0.0,0,0.0,0,0.0,-7.0,-7.0,-7.0,1.0,1.0,1.0,0,0.0,0,0.0,0,0.0,1.0,1.0,0,,0,
flight_number_time_bucket,HNL,KOA,HA,HA197.0,KOA→HNL,late_morning,,2024-01-01,2024-12-31,293,287,6,0,0.020478,3,0.010453,0,0.0,1.85,-2.0,19.0,3.5,0.0,8.4,19,0.066202,8,0.027875,4,0.013937,-2.08,0.0,0,0.0,0,0.0
flight_number_time_bucket,HNL,KOA,HA,HA207.0,KOA→HNL,late_morning,,2024-01-01,2024-12-31,67,67,0,0,0.0,1,0.014925,0,0.0,1.81,-1.0,14.8,5.55,0.0,13.4,5,0.074627,3,0.044776,1,0.014925,-0.82,0.0,0,0.0,0,0.0
flight_number_time_bucket,HNL,KOA,HA,HA217.0,KOA→HNL,late_morning,,2024-01-01,2024-12-31,211,207,4,0,0.018957,3,0.014493,0,0.0,2.06,-2.0,17.0,5.35,0.0,15.8,21,0.101449,9,0.043478,3,0.014493,-0.88,0.0,0,0.0,0,0.0
flight_number_time_bucket,HNL,KOA,HA,HA227.0,KOA→HNL,late_morning,,2024-01-01,2024-12-31,69,67,2,0,0.028986,1,0.014925,0,0.0,1.9,-3.0,20.8,4.63,0.0,11.8,5,0.074627,4,0.059701,1,0.014925,-1.42,0.0,0,0.0,0,0.0
flight_number_time_bucket,HNL,KOA,HA,HA237.0,KOA→HNL,afternoon,,2024-01-01,2024-12-31,29,29,0,0,0.0,1,0.034483,0,0.0,4.0,0.0,9.2,7.14,1.0,11.8,3,0.103448,1,0.034483,1,0.034483,0.55,0.0,0,0.0,0,0.0
flight_number_time_bucket,HNL,KOA,HA,HA247.0,KOA→HNL,afternoon,,2024-01-01,2024-12-31,278,278,0,0,0.0,3,0.010791,2,0.007194,7.8,3.0,25.0,8.42,0.5,18.6,40,0.143885,13,0.046763,3,0.010791,-1.9,0.0,0,0.0,0,0.0
flight_number_time_bucket,HNL,KOA,HA,HA257.0,KOA→HNL,afternoon,,2024-01-01,2024-12-31,59,59,0,0,0.0,0,0.0,0,0.0,-0.85,-4.0,13.0,2.36,0.0,4.2,4,0.067797,2,0.033898,0,0.0,-1.31,0.0,0,0.0,0,
flight_number_time_bucket,HNL,KOA,HA,HA267.0,KOA→HNL,afternoon,,2024-01-01,2024-12-31,294,290,4,0,0.013605,3,0.010345,1,0.003448,3.61,-1.0,18.1,7.75,2.0,21.0,40,0.137931,14,0.048276,4,0.013793,0.56,0.0,0,0.0,0,0.0
flight_number_time_bucket,HNL,KOA,HA,HA277.0,KOA→HNL,afternoon,,2024-01-01,2024-12-31,68,68,0,0,0.0,6,0.088235,0,0.0,19.29,9.5,46.4,14.94,8.0,26.3,23,0.338235,6,0.088235,3,0.044118,-5.21,0.0,0,0.0,0,0.0
flight_number_time_bucket,HNL,KOA,HA,HA287.0,KOA→HNL,afternoon,,2024-01-01,2024-12-31,366,364,2,0,0.005464,8,0.021978,0,0.0,5.44,1.0,20.7,6.07,1.0,16.0,42,0.115385,15,0.041209,5,0.013736,-2.16,0.0,0,0.0,0,0.0
flight_number_time_bucket,HNL,KOA,HA,HA297.0,KOA→HNL,afternoon,,2024-01-01,2024-12-31,297,297,0,1,0.0,5,0.016835,0,0.0,0.65,-4.0,19.0,6.41,0.0,20.5,42,0.141414,16,0.053872,6,0.020202,0.42,0.0,0,0.0,0,0.0
flight_number_time_bucket,HNL,KOA,HA,HA307.0,KOA→HNL,afternoon,,2024-01-01,2024-12-31,364,361,3,0,0.008242,11,0.030471,0,0.0,5.6,-1.0,29.0,8.7,0.0,28.0,64,0.177285,34,0.094183,8,0.022161,-0.69,0.0,0,0.0,0,0.0
flight_number_time_bucket,HNL,KOA,HA,HA317.0,KOA→HNL,afternoon,,2024-01-01,2024-12-31,68,67,1,0,0.014706,4,0.059701,0,0.0,13.84,5.0,48.0,13.99,4.0,39.6,18,0.268657,9,0.134328,2,0.029851,-1.96,0.0,0,0.0,0,0.0
flight_number_time_bucket,HNL,KOA,HA,HA327.0,KOA→HNL,evening,,2024-01-01,2024-12-31,67,67,0,0,0.0,0,0.0,0,0.0,-1.97,-3.0,11.2,3.4,0.0,10.2,4,0.059701,2,0.029851,0,0.0,0.45,0.0,0,0.0,0,
flight_number_time_bucket,HNL,KOA,HA,HA337.0,KOA→HNL,afternoon,,2024-01-01,2024-12-31,238,237,1,0,0.004202,5,0.021097,0,0.0,-1.13,-6.0,18.4,5.56,0.0,21.4,29,0.122363,14,0.059072,4,0.016878,0.35,0.0,0,0.0,0,0.0
flight_number_time_bucket,HNL,KOA,HA,HA337.0,KOA→HNL,evening,,2024-01-01,2024-12-31,128,126,2,0,0.015625,5,0.039683,0,0.0,7.42,-2.0,29.5,10.66,0.0,28.0,30,0.238095,11,0.087302,4,0.031746,-0.51,0.0,0,0.0,0,0.0
flight_number_time_bucket,HNL,KOA,HA,HA347.0,KOA→HNL,evening,,2024-01-01,2024-12-31,307,301,6,0,0.019544,13,0.043189,0,0.0,5.93,-1.0,32.0,9.69,0.0,29.0,56,0.186047,29,0.096346,12,0.039867,0.09,0.0,0,0.0,0,0.0
flight_number_time_bucket,HNL,KOA,HA,HA357.0,KOA→HNL,evening,,2024-01-01,2024-12-31,298,287,11,0,0.036913,5,0.017422,1,0.003484,4.85,-1.0,21.0,7.37,0.0,19.0,35,0.121951,15,0.052265,5,0.017422,-0.56,0.0,0,0.0,0,0.0
flight_number_time_bucket,HNL,KOA,HA,HA359.0,KOA→HNL,evening,,2024-01-01,2024-12-31,2,2,0,0,0.0,0,0.0,0,0.0,7.0,7.0,11.8,4.5,4.5,8.1,0,0.0,0,0.0,0,0.0,-2.5,-2.5,0,,0,
flight_number_time_bucket,HNL,KOA,HA,HA367.0,KOA→HNL,evening,,2024-01-01,2024-12-31,58,58,0,0,0.0,1,0.017241,0,0.0,6.64,2.0,24.3,9.5,4.0,27.0,14,0.241379,4,0.068966,1,0.017241,0.55,0.0,0,0.0,0,0.0
flight_number_time_bucket,HNL,KOA,HA,HA377.0,KOA→HNL,evening,,2024-01-01,2024-12-31,238,237,1,0,0.004202,9,0.037975,1,0.004219,5.35,-2.0,29.0,9.49,0.0,30.0,46,0.194093,22,0.092827,8,0.033755,0.08,0.0,0,0.0,0,0.0
flight_number_time_bucket,HNL,KOA,HA,HA379.0,KOA→HNL,evening,,2024-01-01,2024-12-31,1,1,0,0,0.0,0,0.0,0,0.0,1.0,1.0,1.0,1.0,1.0,1.0,0,0.0,0,0.0,0,0.0,0.0,0.0,0,,0,
flight_number_time_bucket,HNL,KOA,HA,HA387.0,KOA→HNL,evening,,2024-01-01,2024-12-31,124,122,2,0,0.016129,6,0.04918,0,0.0,8.88,2.0,25.9,9.97,0.0,24.0,18,0.147541,10,0.081967,6,0.04918,-1.83,0.0,0,0.0,0,0.0
flight_number_time_bucket,HNL,KOA,HA,HA397.0,KOA→HNL,evening,,2024-01-01,2024-12-31,1,1,0,0,0.0,0,0.0,0,0.0,-5.0,-5.0,-5.0,0.0,0.0,0.0,0,0.0,0,0.0,0,0.0,0.0,0.0,0,,0,
flight_number_time_bucket,HNL,KOA,HA,HA507.0,KOA→HNL,evening,,2024-01-01,2024-12-31,51,49,2,0,0.039216,1,0.020408,0,0.0,8.1,3.0,24.6,8.67,2.0,24.2,9,0.183673,2,0.040816,1,0.020408,-1.0,0.0,0,0.0,0,0.0
flight_number_time_bucket,HNL,KOA,HA,HA509.0,KOA→HNL,afternoon,,2024-01-01,2024-12-31,1,1,0,0,0.0,0,0.0,0,0.0,-14.0,-14.0,-14.0,0.0,0.0,0.0,0,0.0,0,0.0,0,0.0,0.0,0.0,0,,0,
flight_number_time_bucket,HNL,KOA,HA,HA517.0,KOA→HNL,evening,,2024-01-01,2024-12-31,56,56,0,0,0.0,0,0.0,0,0.0,-2.29,-5.0,10.5,2.98,0.0,12.0,2,0.035714,1,0.017857,0,0.0,0.09,0.0,0,0.0,0,
flight_number_time_bucket,HNL,KOA,HA,HA527.0,KOA→HNL,evening,,2024-01-01,2024-12-31,305,303,2,0,0.006557,10,0.033003,1,0.0033,5.9,0.0,23.0,8.32,0.0,20.6,40,0.132013,21,0.069307,11,0.036304,-0.39,0.0,0,0.0,0,0.0
flight_number_time_bucket,HNL,KOA,HA,HA537.0,KOA→HNL,evening,,2024-01-01,2024-12-31,2,2,0,0,0.0,0,0.0,0,0.0,0.0,0.0,0.8,2.0,2.0,3.6,0,0.0,0,0.0,0,0.0,1.5,1.5,0,,0,
flight_number_time_bucket,HNL,KOA,HA,HA547.0,KOA→HNL,night,,2024-01-01,2024-12-31,165,165,0,0,0.0,2,0.012121,0,0.0,2.61,-2.0,20.2,5.59,0.0,16.2,17,0.10303,11,0.066667,2,0.012121,-0.78,0.0,0,0.0,0,0.0
flight_number_time_bucket,HNL,KOA,HA,HA557.0,KOA→HNL,night,,2024-01-01,2024-12-31,2,2,0,0,0.0,0,0.0,0,0.0,-7.5,-7.5,-5.5,0.0,0.0,0.0,0,0.0,0,0.0,0,0.0,0.0,0.0,0,,0,
flight_number_time_bucket,HNL,KOA,HA,HA567.0,KOA→HNL,night,,2024-01-01,2024-12-31,34,33,1,0,0.029412,2,0.060606,0,0.0,8.33,0.0,30.2,8.94,0.0,26.8,4,0.121212,3,0.090909,2,0.060606,-2.42,0.0,0,0.0,0,0.0
flight_number_time_bucket,HNL,KOA,HA,HA587.0,KOA→HNL,night,,2024-01-01,2024-12-31,1,1,0,0,0.0,0,0.0,0,0.0,-7.0,-7.0,-7.0,0.0,0.0,0.0,0,0.0,0,0.0,0,0.0,0.0,0.0,0,,0,
flight_number_time_bucket,HNL,KOA,WN,WN1002.0,KOA→HNL,late_morning,,2024-01-01,2024-12-31,7,7,0,0,0.0,0,0.0,0,0.0,-8.29,-11.0,-1.0,1.71,0.0,4.8,0,0.0,0,0.0,0,0.0,1.0,0.0,0,,0,
flight_number_time_bucket,HNL,KOA,WN,WN1101.0,KOA→HNL,early_morning,,2024-01-01,2024-12-31,31,31,0,0,0.0,0,0.0,0,0.0,-8.0,-9.0,-4.0,0.23,0.0,0.0,0,0.0,0,0.0,0,0.0,-0.23,0.0,0,,0,
flight_number_time_bucket,HNL,KOA,WN,WN1156.0,KOA→HNL,evening,,2024-01-01,2024-12-31,58,58,0,0,0.0,1,0.017241,0,0.0,-5.48,-8.0,-3.0,2.69,0.0,0.0,2,0.034483,1,0.017241,1,0.017241,-0.09,0.0,0,0.0,0,0.0
flight_number_time_bucket,HNL,KOA,WN,WN1190.0,KOA→HNL,early_morning,,2024-01-01,2024-12-31,7,7,0,0,0.0,0,0.0,0,0.0,-9.14,-9.0,-6.0,0.0,0.0,0.0,0,0.0,0,0.0,0,0.0,0.0,0.0,0,,0,
flight_number_time_bucket,HNL,KOA,WN,WN1334.0,KOA→HNL,early_morning,,2024-01-01,2024-12-31,59,58,1,0,0.016949,0,0.0,0,0.0,-9.21,-10.0,-3.7,0.16,0.0,0.0,0,0.0,0,0.0,0,0.0,-0.07,0.0,0,,0,
flight_number_time_bucket,HNL,KOA,WN,WN1353.0,KOA→HNL,late_morning,,2024-01-01,2024-12-31,59,58,1,0,0.016949,0,0.0,0,0.0,-0.83,-2.5,11.3,0.6,0.0,1.3,0,0.0,0,0.0,0,0.0,-2.95,0.0,0,,0,
flight_number_time_bucket,HNL,KOA,WN,WN1447.0,KOA→HNL,early_morning,,2024-01-01,2024-12-31,59,58,1,0,0.016949,0,0.0,0,0.0,-5.86,-6.0,3.0,0.48,0.0,0.0,1,0.017241,0,0.0,0,0.0,-0.47,0.0,0,,0,
flight_number_time_bucket,HNL,KOA,WN,WN1496.0,KOA→HNL,early_morning,,2024-01-01,2024-12-31,33,33,0,0,0.0,0,0.0,0,0.0,-5.82,-7.0,0.6,1.24,0.0,6.8,0,0.0,0,0.0,0,0.0,0.61,0.0,0,,0,
flight_number_time_bucket,HNL,KOA,WN,WN1498.0,KOA→HNL,late_morning,,2024-01-01,2024-12-31,33,33,0,0,0.0,0,0.0,0,0.0,-3.39,-6.0,6.8,0.91,0.0,2.4,1,0.030303,0,0.0,0,0.0,-1.21,0.0,0,,0,
flight_number_time_bucket,HNL,KOA,WN,WN1499.0,KOA→HNL,evening,,2024-01-01,2024-12-31,33,33,0,0,0.0,1,0.030303,0,0.0,-8.7,-13.0,2.6,3.94,0.0,8.4,2,0.060606,1,0.030303,1,0.030303,1.09,0.0,0,0.0,0,0.0
flight_number_time_bucket,HNL,KOA,WN,WN1500.0,KOA→HNL,early_morning,,2024-01-01,2024-12-31,30,30,0,0,0.0,0,0.0,0,0.0,-6.77,-7.5,2.0,0.2,0.0,0.0,0,0.0,0,0.0,0,0.0,-0.53,0.0,0,,0,
flight_number_time_bucket,HNL,KOA,WN,WN1500.0,KOA→HNL,late_morning,,2024-01-01,2024-12-31,3,3,0,0,0.0,0,0.0,0,0.0,-10.33,-9.0,-6.6,0.0,0.0,0.0,0,0.0,0,0.0,0,0.0,0.0,0.0,0,,0,
flight_number_time_bucket,HNL,KOA,WN,WN1502.0,KOA→HNL,afternoon,,2024-01-01,2024-12-31,33,33,0,0,0.0,1,0.030303,0,0.0,-6.0,-12.0,7.2,5.18,0.0,11.6,3,0.090909,1,0.030303,1,0.030303,0.7,0.0,0,0.0,0,0.0
flight_number_time_bucket,HNL,KOA,WN,WN1503.0,KOA→HNL,evening,,2024-01-01,2024-12-31,33,33,0,0,0.0,0,0.0,0,0.0,-11.39,-12.0,-2.2,0.3,0.0,0.0,0,0.0,0,0.0,0,0.0,0.3,0.0,0,,0,
flight_number_time_bucket,HNL,KOA,WN,WN1635.0,KOA→HNL,afternoon,,2024-01-01,2024-12-31,1,1,0,0,0.0,0,0.0,0,0.0,2.0,2.0,2.0,11.0,11.0,11.0,0,0.0,0,0.0,0,0.0,9.0,9.0,0,,0,
flight_number_time_bucket,HNL,KOA,WN,WN2008.0,KOA→HNL,afternoon,,2024-01-01,2024-12-31,59,58,1,0,0.016949,1,0.017241,0,0.0,-4.24,-10.0,17.2,3.64,0.0,9.2,5,0.086207,4,0.068966,0,0.0,-1.03,0.0,0,0.0,0,
flight_number_time_bucket,HNL,KOA,WN,WN2015.0,KOA→HNL,afternoon,,2024-01-01,2024-12-31,7,7,0,0,0.0,0,0.0,0,0.0,-12.14,-13.0,-6.4,0.0,0.0,0.0,0,0.0,0,0.0,0,0.0,0.0,0.0,0,,0,
flight_number_time_bucket,HNL,KOA,WN,WN2034.0,KOA→HNL,early_morning,,2024-01-01,2024-12-31,56,56,0,0,0.0,0,0.0,0,0.0,-3.86,-6.0,7.0,2.11,0.0,9.5,2,0.035714,0,0.0,0,0.0,0.59,0.0,0,,0,
flight_number_time_bucket,HNL,KOA,WN,WN2035.0,KOA→HNL,early_morning,,2024-01-01,2024-12-31,56,54,2,0,0.035714,0,0.0,0,0.0,-5.81,-8.0,0.7,0.69,0.0,0.0,1,0.018519,1,0.018519,0,0.0,-0.24,0.0,0,0.0,0,
flight_number_time_bucket,HNL,KOA,WN,WN2036.0,KOA→HNL,late_morning,,2024-01-01,2024-12-31,56,56,0,0,0.0,3,0.053571,0,0.0,7.18,-1.0,31.5,7.12,0.0,17.0,7,0.125,3,0.053571,3,0.053571,-3.32,0.0,0,0.0,0,0.0
flight_number_time_bucket,HNL,KOA,WN,WN2039.0,KOA→HNL,afternoon,,2024-01-01,2024-12-31,59,59,0,0,0.0,0,0.0,0,0.0,-9.66,-10.0,-2.6,0.66,0.0,0.0,1,0.016949,0,0.0,0,0.0,-0.25,0.0,0,,0,
flight_number_time_bucket,HNL,KOA,WN,WN2039.0,KOA→HNL,evening,,2024-01-01,2024-12-31,56,56,0,0,0.0,0,0.0,0,0.0,-8.3,-14.0,18.5,2.77,0.0,8.0,4,0.071429,2,0.035714,0,0.0,-0.23,0.0,0,0.0,0,
flight_number_time_bucket,HNL,KOA,WN,WN2057.0,KOA→HNL,late_morning,,2024-01-01,2024-12-31,59,58,1,0,0.016949,0,0.0,0,0.0,-14.21,-16.0,-1.7,0.36,0.0,0.0,0,0.0,0,0.0,0,0.0,0.02,0.0,0,,0,
flight_number_time_bucket,HNL,KOA,WN,WN2071.0,KOA→HNL,late_morning,,2024-01-01,2024-12-31,62,61,1,0,0.016129,2,0.032787,0,0.0,2.48,-4.0,16.0,4.74,0.0,8.0,6,0.098361,3,0.04918,2,0.032787,-2.2,0.0,0,0.0,0,0.0
flight_number_time_bucket,HNL,KOA,WN,WN2203.0,KOA→HNL,early_morning,,2024-01-01,2024-12-31,31,31,0,0,0.0,1,0.032258,0,0.0,-1.9,-8.0,7.0,3.74,0.0,0.0,2,0.064516,1,0.032258,1,0.032258,-1.1,0.0,0,0.0,0,0.0
flight_number_time_bucket,HNL,KOA,WN,WN2287.0,KOA→HNL,evening,,2024-01-01,2024-12-31,7,7,0,0,0.0,0,0.0,0,0.0,-10.86,-12.0,-4.4,2.0,0.0,5.6,0,0.0,0,0.0,0,0.0,1.43,0.0,0,,0,
flight_number_time_bucket,HNL,KOA,WN,WN2292.0,KOA→HNL,evening,,2024-01-01,2024-12-31,59,58,1,0,0.016949,2,0.034483,0,0.0,-2.02,-9.5,13.1,8.16,0.0,19.1,7,0.12069,5,0.086207,4,0.068966,1.21,0.0,0,0.0,0,0.0
flight_number_time_bucket,HNL,KOA,WN,WN2374.0,KOA→HNL,evening,,2024-01-01,2024-12-31,59,59,0,0,0.0,0,0.0,0,0.0,-12.75,-14.0,-7.8,1.34,0.0,0.0,2,0.033898,1,0.016949,0,0.0,0.24,0.0,0,0.0,0,
flight_number_time_bucket,HNL,KOA,WN,WN2505.0,KOA→HNL,evening,,2024-01-01,2024-12-31,59,59,0,0,0.0,4,0.067797,0,0.0,-2.53,-10.0,3.8,7.2,0.0,0.0,4,0.067797,4,0.067797,4,0.067797,0.07,0.0,0,0.0,0,0.0
flight_number_time_bucket,HNL,KOA,WN,WN2550.0,KOA→HNL,afternoon,,2024-01-01,2024-12-31,62,62,0,0,0.0,1,0.016129,1,0.016129,0.66,-5.5,13.7,6.47,0.0,13.8,4,0.064516,1,0.016129,1,0.016129,-0.05,0.0,0,0.0,0,0.0
flight_number_time_bucket,HNL,KOA,WN,WN2591.0,KOA→HNL,late_morning,,2024-01-01,2024-12-31,31,31,0,0,0.0,0,0.0,0,0.0,-6.26,-6.0,5.0,1.61,0.0,2.0,2,0.064516,0,0.0,0,0.0,0.26,0.0,0,,0,
flight_number_time_bucket,HNL,KOA,WN,WN2774.0,KOA→HNL,afternoon,,2024-01-01,2024-12-31,58,58,0,0,0.0,2,0.034483,0,0.0,-1.38,-8.0,13.9,7.02,0.0,22.9,8,0.137931,5,0.086207,2,0.034483,0.83,0.0,0,0.0,0,0.0
flight_number_time_bucket,HNL,KOA,WN,WN3059.0,KOA→HNL,afternoon,,2024-01-01,2024-12-31,7,7,0,0,0.0,0,0.0,0,0.0,-11.71,-11.0,-10.2,0.0,0.0,0.0,0,0.0,0,0.0,0,0.0,0.0,0.0,0,,0,
flight_number_time_bucket,HNL,KOA,WN,WN3100.0,KOA→HNL,evening,,2024-01-01,2024-12-31,62,62,0,0,0.0,0,0.0,0,0.0,-9.21,-13.0,5.7,2.32,0.0,0.9,4,0.064516,2,0.032258,0,0.0,0.18,0.0,0,0.0,0,
flight_number_time_bucket,HNL,KOA,WN,WN3232.0,KOA→HNL,afternoon,,2024-01-01,2024-12-31,58,58,0,0,0.0,0,0.0,0,0.0,-4.48,-9.5,12.9,4.31,0.0,20.2,7,0.12069,3,0.051724,1,0.017241,0.29,0.0,0,0.0,0,0.0
flight_number_time_bucket,HNL,KOA,WN,WN3426.0,KOA→HNL,afternoon,,2024-01-01,2024-12-31,31,31,0,0,0.0,1,0.032258,0,0.0,-3.71,-9.0,5.0,6.03,0.0,2.0,3,0.096774,1,0.032258,1,0.032258,0.48,0.0,0,0.0,0,0.0
flight_number_time_bucket,HNL,KOA,WN,WN3530.0,KOA→HNL,afternoon,,2024-01-01,2024-12-31,59,59,0,0,0.0,6,0.101695,0,0.0,19.2,13.0,56.6,20.76,14.0,48.4,28,0.474576,14,0.237288,4,0.067797,-0.63,1.0,0,0.0,0,0.0
flight_number_time_bucket,HNL,KOA,WN,WN3693.0,KOA→HNL,early_morning,,2024-01-01,2024-12-31,59,58,1,0,0.016949,0,0.0,0,0.0,-3.57,-4.0,3.6,0.38,0.0,0.0,1,0.017241,0,0.0,0,0.0,-0.91,0.0,0,,0,
flight_number_time_bucket,HNL,KOA,WN,WN4063.0,KOA→HNL,evening,,2024-01-01,2024-12-31,31,31,0,0,0.0,0,0.0,0,0.0,-11.52,-13.0,-6.0,0.52,0.0,1.0,0,0.0,0,0.0,0,0.0,0.42,0.0,0,,0,
flight_number_time_bucket,HNL,KOA,WN,WN417.0,KOA→HNL,early_morning,,2024-01-01,2024-12-31,59,58,1,0,0.016949,1,0.017241,1,0.017241,2.5,-5.0,1.3,8.62,0.0,0.0,1,0.017241,1,0.017241,1,0.017241,-0.17,0.0,0,0.0,0,0.0
flight_number_time_bucket,HNL,KOA,WN,WN4288.0,KOA→HNL,evening,,2024-01-01,2024-12-31,30,30,0,0,0.0,2,0.066667,0,0.0,0.37,-7.5,12.3,7.13,0.0,13.6,3,0.1,3,0.1,1,0.033333,-0.33,0.0,0,0.0,0,0.0
flight_number_time_bucket,HNL,KOA,WN,WN4647.0,KOA→HNL,late_morning,,2024-01-01,2024-12-31,59,59,0,0,0.0,0,0.0,0,0.0,-9.59,-12.0,6.4,2.1,0.0,4.4,1,0.016949,1,0.016949,1,0.016949,-0.19,0.0,0,0.0,0,0.0
flight_number_time_bucket,HNL,KOA,WN,WN492.0,KOA→HNL,early_morning,,2024-01-01,2024-12-31,59,59,0,0,0.0,0,0.0,0,0.0,-6.68,-9.0,2.2,1.49,0.0,3.0,1,0.016949,1,0.016949,0,0.0,0.24,0.0,0,0.0,0,
flight_number_time_bucket,HNL,KOA,WN,WN5014.0,KOA→HNL,afternoon,,2024-01-01,2024-12-31,56,55,1,0,0.017857,0,0.0,0,0.0,-8.2,-10.0,0.6,1.56,0.0,2.4,3,0.054545,1,0.018182,0,0.0,0.18,0.0,0,0.0,0,
flight_number_time_bucket,HNL,KOA,WN,WN519.0,KOA→HNL,early_morning,,2024-01-01,2024-12-31,62,61,1,0,0.016129,1,0.016393,0,0.0,-3.49,-7.0,8.0,2.34,0.0,1.0,3,0.04918,1,0.016393,1,0.016393,-0.7,0.0,0,0.0,0,0.0
flight_number_time_bucket,HNL,KOA,WN,WN5361.0,KOA→HNL,evening,,2024-01-01,2024-12-31,1,1,0,0,0.0,0,0.0,0,0.0,-8.0,-8.0,-8.0,0.0,0.0,0.0,0,0.0,0,0.0,0,0.0,0.0,0.0,0,,0,
flight_number_time_bucket,HNL,KOA,WN,WN568.0,KOA→HNL,early_morning,,2024-01-01,2024-12-31,7,7,0,0,0.0,0,0.0,0,0.0,-8.86,-9.0,-5.4,0.0,0.0,0.0,0,0.0,0,0.0,0,0.0,0.0,0.0,0,,0,
flight_number_time_bucket,HNL,KOA,WN,WN582.0,KOA→HNL,evening,,2024-01-01,2024-12-31,41,41,0,0,0.0,0,0.0,0,0.0,-9.24,-12.0,-1.0,2.66,0.0,6.0,2,0.04878,1,0.02439,0,0.0,1.02,0.0,0,0.0,0,
flight_number_time_bucket,HNL,KOA,WN,WN6010.0,KOA→HNL,evening,,2024-01-01,2024-12-31,56,55,1,0,0.017857,1,0.018182,0,0.0,-8.73,-14.0,-1.2,3.78,0.0,0.0,2,0.036364,2,0.036364,1,0.018182,0.02,0.0,0,0.0,0,0.0
flight_number_time_bucket,HNL,KOA,WN,WN660.0,KOA→HNL,early_morning,,2024-01-01,2024-12-31,58,58,0,0,0.0,0,0.0,0,0.0,-5.1,-6.0,1.0,0.95,0.0,3.3,1,0.017241,0,0.0,0,0.0,0.22,0.0,0,,0,
flight_number_time_bucket,HNL,KOA,WN,WN694.0,KOA→HNL,evening,,2024-01-01,2024-12-31,21,21,0,0,0.0,0,0.0,0,0.0,-6.0,-11.0,5.0,5.57,0.0,16.0,3,0.142857,2,0.095238,0,0.0,2.62,0.0,0,0.0,0,
flight_number_time_bucket,HNL,KOA,WN,WN909.0,KOA→HNL,early_morning,,2024-01-01,2024-12-31,62,62,0,0,0.0,0,0.0,0,0.0,-5.23,-6.5,2.9,1.18,0.0,0.9,2,0.032258,1,0.016129,0,0.0,-0.02,0.0,0,0.0,0,
flight_number_time_bucket,HNL,LAS,HA,HA17.0,LAS→HNL,red_eye,,2024-01-01,2024-12-31,365,365,0,1,0.0,13,0.035616,2,0.005479,10.49,2.0,35.0,15.18,2.0,35.0,68,0.186301,42,0.115068,18,0.049315,-0.32,0.0,4,0.093023,0,0.0
flight_number_time_bucket,HNL,LAS,HA,HA5.0,LAS→HNL,evening,,2024-01-01,2024-12-31,313,311,2,1,0.00639,19,0.061093,3,0.009646,14.28,3.0,41.0,18.32,3.0,41.0,66,0.212219,44,0.141479,19,0.061093,-0.47,0.0,2,0.044444,0,0.0
flight_number_time_bucket,HNL,LAS,HA,HA5.0,LAS→HNL,night,,2024-01-01,2024-12-31,2,2,0,0,0.0,0,0.0,0,0.0,-11.5,-11.5,-11.1,0.0,0.0,0.0,0,0.0,0,0.0,0,0.0,0.0,0.0,0,,0,
flight_number_time_bucket,HNL,LAS,HA,HA7.0,LAS→HNL,early_morning,,2024-01-01,2024-12-31,101,101,0,0,0.0,8,0.079208,3,0.029703,31.62,6.0,49.0,33.86,2.0,39.0,18,0.178218,13,0.128713,7,0.069307,-2.24,0.0,1,0.076923,0,0.0
flight_number_time_bucket,HNL,LAS,HA,HA7.0,LAS→HNL,late_morning,,2024-01-01,2024-12-31,265,265,0,1,0.0,18,0.067925,5,0.018868,22.77,5.0,48.7,24.86,1.0,42.7,60,0.226415,36,0.135849,17,0.064151,-2.63,0.0,3,0.083333,0,0.0
flight_number_time_bucket,HNL,LAS,WN,WN1243.0,LAS→HNL,late_morning,,2024-01-01,2024-12-31,59,59,0,7,0.0,1,0.016949,0,0.0,14.56,10.0,41.9,12.56,6.5,33.4,16,0.271186,6,0.101695,1,0.016949,-5.48,-4.5,1,0.166667,0,0.0
flight_number_time_bucket,HNL,LAS,WN,WN1328.0,LAS→HNL,late_morning,,2024-01-01,2024-12-31,7,7,0,0,0.0,0,0.0,0,0.0,-5.43,-7.0,0.4,3.86,0.0,12.6,1,0.142857,0,0.0,0,0.0,3.71,0.0,0,,0,
flight_number_time_bucket,HNL,LAS,WN,WN1504.0,LAS→HNL,late_morning,,2024-01-01,2024-12-31,33,33,0,0,0.0,0,0.0,0,0.0,-13.82,-17.0,6.8,4.12,1.0,13.6,1,0.030303,0,0.0,0,0.0,2.12,0.0,0,,0,
flight_number_time_bucket,HNL,LAS,WN,WN1505.0,LAS→HNL,late_morning,,2024-01-01,2024-12-31,33,33,0,0,0.0,2,0.060606,0,0.0,-1.88,-12.0,27.8,18.61,6.0,39.2,6,0.181818,6,0.181818,3,0.090909,5.09,0.0,2,0.333333,0,0.0
flight_number_time_bucket,HNL,LAS,WN,WN1535.0,LAS→HNL,late_morning,,2024-01-01,2024-12-31,62,62,0,19,0.0,1,0.016129,0,0.0,-5.67,-11.0,15.8,10.07,0.0,27.8,9,0.145161,4,0.064516,1,0.016129,3.42,0.0,1,0.25,0,0.0
flight_number_time_bucket,HNL,LAS,WN,WN1658.0,LAS→HNL,late_morning,,2024-01-01,2024-12-31,31,31,0,0,0.0,2,0.064516,0,0.0,7.97,4.0,39.0,15.29,7.0,40.0,9,0.290323,4,0.129032,2,0.064516,0.55,0.0,0,0.0,0,0.0
flight_number_time_bucket,HNL,LAS,WN,WN1780.0,LAS→HNL,late_morning,,2024-01-01,2024-12-31,59,59,0,1,0.0,2,0.033898,0,0.0,-17.14,-22.5,17.0,7.67,0.0,17.0,7,0.118644,3,0.050847,2,0.033898,3.21,0.0,0,0.0,0,0.0
flight_number_time_bucket,HNL,LAS,WN,WN3543.0,LAS→HNL,late_morning,,2024-01-01,2024-12-31,62,62,0,36,0.0,0,0.0,0,0.0,1.58,-5.0,33.0,13.46,6.5,41.5,8,0.129032,4,0.064516,1,0.016129,4.92,2.0,1,0.25,0,0.0
flight_number_time_bucket,HNL,LAS,WN,WN4011.0,LAS→HNL,late_morning,,2024-01-01,2024-12-31,59,59,0,21,0.0,1,0.016949,0,0.0,-0.37,0.0,18.3,5.11,1.5,16.0,5,0.084746,0,0.0,0,0.0,-1.39,0.0,0,,0,
flight_number_time_bucket,HNL,LAS,WN,WN5218.0,LAS→HNL,late_morning,,2024-01-01,2024-12-31,56,56,0,0,0.0,1,0.017857,0,0.0,-2.2,-7.5,27.0,9.62,0.0,21.0,11,0.196429,4,0.071429,3,0.053571,2.41,0.0,0,0.0,0,0.0
flight_number_time_bucket,HNL,LAS,WN,WN5337.0,LAS→HNL,late_morning,,2024-01-01,2024-12-31,56,56,0,1,0.0,1,0.017857,0,0.0,0.07,-6.0,33.0,11.96,6.0,29.2,10,0.178571,6,0.107143,2,0.035714,2.04,1.0,0,0.0,0,0.0
flight_number_time_bucket,HNL,LAX,AA,AA143.0,LAX→HNL,afternoon,,2024-01-01,2024-12-31,353,353,0,1,0.0,23,0.065156,2,0.005666,-0.81,-9.0,30.9,12.06,0.0,40.0,60,0.169972,43,0.121813,22,0.062323,0.78,0.0,6,0.136364,0,0.0
flight_number_time_bucket,HNL,LAX,AA,AA143.0,LAX→HNL,evening,,2024-01-01,2024-12-31,13,13,0,0,0.0,0,0.0,0,0.0,-25.54,-28.0,-14.6,5.08,0.0,16.2,2,0.153846,1,0.076923,0,0.0,4.0,0.0,1,1.0,0,
flight_number_time_bucket,HNL,LAX,AA,AA1725.0,LAX→HNL,afternoon,,2024-01-01,2024-12-31,13,13,0,0,0.0,0,0.0,0,0.0,-8.23,-11.0,19.8,12.0,0.0,39.2,3,0.230769,2,0.153846,1,0.076923,7.15,0.0,0,0.0,1,1.0
flight_number_time_bucket,HNL,LAX,AA,AA2205.0,LAX→HNL,evening,,2024-01-01,2024-12-31,7,7,0,0,0.0,0,0.0,0,0.0,-3.86,-7.0,11.4,6.57,2.0,18.4,2,0.285714,0,0.0,0,0.0,3.14,2.0,0,,0,
flight_number_time_bucket,HNL,LAX,AA,AA297.0,LAX→HNL,afternoon,,2024-01-01,2024-12-31,8,8,0,0,0.0,0,0.0,0,0.0,-0.75,0.5,29.3,16.75,4.0,48.5,3,0.375,2,0.25,0,0.0,6.62,0.0,0,0.0,0,
flight_number_time_bucket,HNL,LAX,AA,AA297.0,LAX→HNL,evening,,2024-01-01,2024-12-31,357,357,0,0,0.0,24,0.067227,3,0.008403,1.15,-9.0,41.0,14.32,0.0,48.4,76,0.212885,47,0.131653,29,0.081232,0.75,0.0,3,0.06,0,0.0
flight_number_time_bucket,HNL,LAX,AA,AA31.0,LAX→HNL,early_morning,,2024-01-01,2024-12-31,240,240,0,0,0.0,3,0.0125,1,0.004167,-12.43,-16.0,10.0,4.01,0.0,7.1,19,0.079167,11,0.045833,3,0.0125,-0.21,0.0,0,0.0,0,0.0
flight_number_time_bucket,HNL,LAX,AA,AA31.0,LAX→HNL,late_morning,,2024-01-01,2024-12-31,126,126,0,0,0.0,7,0.055556,2,0.015873,2.59,-8.0,37.0,10.72,0.0,18.0,15,0.119048,10,0.079365,5,0.039683,-3.84,0.0,0,0.0,0,0.0
flight_number_time_bucket,HNL,LAX,AS,AS807.0,LAX→HNL,early_morning,,2024-01-01,2024-12-31,222,222,0,1,0.0,7,0.031532,2,0.009009,-8.94,-13.0,8.0,6.04,0.0,9.0,20,0.09009,10,0.045045,7,0.031532,0.55,0.0,1,0.1,0,0.0
flight_number_time_bucket,HNL,LAX,AS,AS807.0,LAX→HNL,late_morning,,2024-01-01,2024-12-31,3,3,0,0,0.0,0,0.0,0,0.0,16.67,28.0,40.0,27.67,13.0,58.6,1,0.333333,1,0.333333,1,0.333333,4.0,0.0,0,0.0,0,0.0
flight_number_time_bucket,HNL,LAX,AS,AS809.0,LAX→HNL,early_morning,,2024-01-01,2024-12-31,28,28,0,0,0.0,0,0.0,0,0.0,-7.43,-7.5,10.6,1.21,0.0,0.0,1,0.035714,0,0.0,0,0.0,-1.54,0.0,0,,0,
flight_number_time_bucket,HNL,LAX,AS,AS817.0,LAX→HNL,early_morning,,2024-01-01,2024-12-31,106,97,9,1,0.084906,4,0.041237,1,0.010309,-5.24,-11.5,22.0,7.15,0.0,8.0,9,0.092784,6,0.061856,5,0.051546,-2.35,0.0,1,0.166667,0,0.0
flight_number_time_bucket,HNL,LAX,AS,AS831.0,LAX→HNL,late_morning,,2024-01-01,2024-12-31,6,6,0,0,0.0,0,0.0,0,0.0,-6.83,-6.0,-1.5,0.0,0.0,0.0,0,0.0,0,0.0,0,0.0,0.0,0.0,0,,0,
flight_number_time_bucket,HNL,LAX,AS,AS891.0,LAX→HNL,early_morning,,2024-01-01,2024-12-31,1,1,0,0,0.0,0,0.0,0,0.0,-11.0,-11.0,-11.0,0.0,0.0,0.0,0,0.0,0,0.0,0,0.0,0.0,0.0,0,,0,
flight_number_time_bucket,HNL,LAX,DL,DL443.0,LAX→HNL,evening,,2024-01-01,2024-12-31,366,365,1,1,0.002732,27,0.073973,8,0.021918,8.7,-1.0,39.7,15.8,0.0,44.1,72,0.19726,45,0.123288,29,0.079452,-0.13,0.0,2,0.044444,0,0.0
flight_number_time_bucket,HNL,LAX,DL,DL465.0,LAX→HNL,afternoon,,2024-01-01,2024-12-31,366,364,2,0,0.005464,20,0.054945,7,0.019231,7.79,-2.0,40.7,15.02,0.0,39.4,79,0.217033,49,0.134615,19,0.052198,-0.42,0.0,2,0.039216,0,0.0
flight_number_time_bucket,HNL,LAX,DL,DL480.0,LAX→HNL,early_morning,,2024-01-01,2024-12-31,366,366,0,0,0.0,17,0.046448,6,0.016393,2.84,-5.0,28.0,9.56,0.0,18.5,43,0.117486,24,0.065574,15,0.040984,-2.19,0.0,1,0.041667,0,0.0
flight_number_time_bucket,HNL,LAX,HA,HA1.0,LAX→HNL,early_morning,,2024-01-01,2024-12-31,366,363,3,1,0.008197,15,0.041322,7,0.019284,11.46,0.0,32.9,15.49,0.0,24.0,55,0.151515,30,0.082645,17,0.046832,-2.25,0.0,1,0.033333,0,0.0
flight_number_time_bucket,HNL,LAX,HA,HA1001.0,LAX→HNL,late_morning,,2024-01-01,2024-12-31,1,1,0,0,0.0,0,0.0,0,0.0,-20.0,-20.0,-20.0,0.0,0.0,0.0,0,0.0,0,0.0,0,0.0,0.0,0.0,0,,0,
flight_number_time_bucket,HNL,LAX,HA,HA1003.0,LAX→HNL,late_morning,,2024-01-01,2024-12-31,6,6,0,0,0.0,0,0.0,0,0.0,10.83,13.5,28.5,18.67,14.5,39.5,2,0.333333,2,0.333333,0,0.0,4.5,-2.0,1,0.5,0,
flight_number_time_bucket,HNL,LAX,HA,HA1009.0,LAX→HNL,early_morning,,2024-01-01,2024-12-31,1,1,0,0,0.0,0,0.0,0,0.0,23.0,23.0,23.0,22.0,22.0,22.0,1,1.0,0,0.0,0,0.0,-1.0,-1.0,0,,0,
flight_number_time_bucket,HNL,LAX,HA,HA1069.0,LAX→HNL,late_morning,,2024-01-01,2024-12-31,1,1,0,0,0.0,0,0.0,0,0.0,10.0,10.0,10.0,2.0,2.0,2.0,0,0.0,0,0.0,0,0.0,-8.0,-8.0,0,,0,
flight_number_time_bucket,HNL,LAX,HA,HA1077.0,LAX→HNL,early_morning,,2024-01-01,2024-12-31,1,1,0,0,0.0,0,0.0,0,0.0,38.0,38.0,38.0,34.0,34.0,34.0,1,1.0,1,1.0,0,0.0,-4.0,-4.0,0,0.0,0,
flight_number_time_bucket,HNL,LAX,HA,HA3.0,LAX→HNL,late_morning,,2024-01-01,2024-12-31,366,356,10,0,0.027322,17,0.047753,5,0.014045,13.97,5.0,38.0,14.56,1.0,25.0,64,0.179775,33,0.092697,15,0.042135,-4.29,0.0,2,0.060606,0,0.0
flight_number_time_bucket,HNL,LAX,HA,HA77.0,LAX→HNL,evening,,2024-01-01,2024-12-31,106,103,3,0,0.028302,15,0.145631,4,0.038835,43.1,7.0,89.2,46.76,5.0,91.4,38,0.368932,21,0.203883,14,0.135922,0.81,0.0,1,0.045455,0,0.0
flight_number_time_bucket,HNL,LAX,HA,HA77.0,LAX→HNL,late_morning,,2024-01-01,2024-12-31,1,1,0,0,0.0,0,0.0,0,0.0,-4.0,-4.0,-4.0,5.0,5.0,5.0,0,0.0,0,0.0,0,0.0,5.0,5.0,0,,0,
flight_number_time_bucket,HNL,LAX,HA,HA77.0,LAX→HNL,night,,2024-01-01,2024-12-31,10,10,0,0,0.0,2,0.2,0,0.0,24.5,10.0,80.5,29.2,2.0,89.2,4,0.4,3,0.3,2,0.2,1.4,0.0,0,0.0,0,0.0
flight_number_time_bucket,HNL,LAX,HA,HA9.0,LAX→HNL,evening,,2024-01-01,2024-12-31,365,362,3,1,0.008219,39,0.107735,10,0.027624,21.32,4.0,64.0,25.25,2.0,67.0,84,0.232044,62,0.171271,40,0.110497,-1.14,0.0,5,0.080645,0,0.0
flight_number_time_bucket,HNL,LAX,UA,UA1158.0,LAX→HNL,early_morning,,2024-01-01,2024-12-31,366,364,2,0,0.005464,16,0.043956,6,0.016484,3.71,-7.0,22.0,12.18,0.0,22.4,43,0.118132,24,0.065934,17,0.046703,-0.61,0.0,4,0.16,1,0.058824
flight_number_time_bucket,HNL,LAX,UA,UA1170.0,LAX→HNL,evening,,2024-01-01,2024-12-31,366,366,0,0,0.0,14,0.038251,4,0.010929,2.14,-8.0,29.5,14.28,0.0,30.5,61,0.166667,37,0.101093,21,0.057377,1.66,0.0,5,0.131579,1,0.047619
flight_number_time_bucket,HNL,LAX,UA,UA1224.0,LAX→HNL,evening,,2024-01-01,2024-12-31,8,8,0,0,0.0,1,0.125,0,0.0,-1.0,-12.0,30.6,16.38,0.0,44.4,2,0.25,1,0.125,1,0.125,4.12,0.0,0,0.0,0,0.0
flight_number_time_bucket,HNL,LAX,UA,UA1224.0,LAX→HNL,late_morning,,2024-01-01,2024-12-31,119,118,1,0,0.008403,16,0.135593,2,0.016949,12.75,-3.0,72.5,22.57,1.0,90.9,31,0.262712,22,0.186441,18,0.152542,3.91,0.0,1,0.041667,0,0.0
flight_number_time_bucket,HNL,LAX,UA,UA1431.0,LAX→HNL,afternoon,,2024-01-01,2024-12-31,277,274,3,2,0.01083,20,0.072993,13,0.047445,4.1,-13.0,35.9,23.48,0.0,56.3,57,0.208029,41,0.149635,24,0.087591,4.83,0.0,5,0.121951,0,0.0
flight_number_time_bucket,HNL,LAX,UA,UA2328.0,LAX→HNL,early_morning,,2024-01-01,2024-12-31,53,52,1,0,0.018868,0,0.0,0,0.0,-16.54,-15.0,-0.1,1.54,0.0,1.8,2,0.038462,1,0.019231,0,0.0,1.12,0.0,1,1.0,0,
flight_number_time_bucket,HNL,LAX,UA,UA2390.0,LAX→HNL,evening,,2024-01-01,2024-12-31,101,101,0,0,0.0,8,0.079208,1,0.009901,3.91,-8.0,25.0,18.31,0.0,42.0,24,0.237624,17,0.168317,8,0.079208,4.3,0.0,3,0.176471,0,0.0
flight_number_time_bucket,HNL,LAX,WN,WN1081.0,LAX→HNL,early_morning,,2024-01-01,2024-12-31,58,58,0,0,0.0,0,0.0,0,0.0,-24.98,-25.0,-7.7,1.83,0.0,1.0,2,0.034483,1,0.017241,1,0.017241,0.78,0.0,0,0.0,1,1.0
flight_number_time_bucket,HNL,LAX,WN,WN1178.0,LAX→HNL,early_morning,,2024-01-01,2024-12-31,59,59,0,0,0.0,0,0.0,0,0.0,-10.59,-10.0,2.4,2.27,0.0,8.8,3,0.050847,0,0.0,0,0.0,1.14,0.0,0,,0,
flight_number_time_bucket,HNL,LAX,WN,WN1506.0,LAX→HNL,early_morning,,2024-01-01,2024-12-31,33,33,0,0,0.0,0,0.0,0,0.0,-7.73,-9.0,2.8,0.85,0.0,0.0,1,0.030303,0,0.0,0,0.0,-0.52,0.0,0,,0,
flight_number_time_bucket,HNL,LAX,WN,WN1691.0,LAX→HNL,early_morning,,2024-01-01,2024-12-31,62,62,0,0,0.0,0,0.0,0,0.0,-15.92,-21.0,9.8,4.18,0.0,11.0,5,0.080645,2,0.032258,0,0.0,0.97,0.0,0,0.0,0,
flight_number_time_bucket,HNL,LAX,WN,WN2042.0,LAX→HNL,early_morning,,2024-01-01,2024-12-31,56,56,0,0,0.0,1,0.017857,0,0.0,-8.71,-12.0,15.5,3.95,0.0,7.5,4,0.071429,3,0.053571,1,0.017857,-0.52,0.0,0,0.0,0,0.0
flight_number_time_bucket,HNL,LAX,WN,WN2043.0,LAX→HNL,afternoon,,2024-01-01,2024-12-31,56,56,0,0,0.0,0,0.0,0,0.0,-10.77,-14.0,7.5,5.02,0.0,18.0,8,0.142857,1,0.017857,0,0.0,2.64,0.0,1,1.0,0,
flight_number_time_bucket,HNL,LAX,WN,WN2071.0,LAX→HNL,early_morning,,2024-01-01,2024-12-31,31,31,0,0,0.0,0,0.0,0,0.0,-19.03,-18.0,3.0,2.0,0.0,5.0,1,0.032258,0,0.0,0,0.0,1.16,0.0,1,1.0,0,
flight_number_time_bucket,HNL,LAX,WN,WN2363.0,LAX→HNL,late_morning,,2024-01-01,2024-12-31,33,33,0,1,0.0,0,0.0,0,0.0,-3.5,-7.0,7.9,5.09,0.0,13.9,2,0.060606,1,0.030303,0,0.0,0.72,0.0,0,0.0,0,
flight_number_time_bucket,HNL,LAX,WN,WN2375.0,LAX→HNL,early_morning,,2024-01-01,2024-12-31,1,1,0,0,0.0,0,0.0,0,0.0,-33.0,-33.0,-33.0,0.0,0.0,0.0,0,0.0,0,0.0,0,0.0,0.0,0.0,0,,0,
flight_number_time_bucket,HNL,LAX,WN,WN2551.0,LAX→HNL,afternoon,,2024-01-01,2024-12-31,62,62,0,0,0.0,2,0.032258,1,0.016129,0.61,-6.5,26.7,16.5,5.5,31.6,17,0.274194,7,0.112903,3,0.048387,6.02,2.5,0,0.0,0,0.0
flight_number_time_bucket,HNL,LAX,WN,WN866.0,LAX→HNL,early_morning,,2024-01-01,2024-12-31,59,59,0,0,0.0,1,0.016949,0,0.0,8.68,10.0,30.2,1.97,0.0,6.0,2,0.033898,0,0.0,0,0.0,-11.02,-8.0,0,,0,
flight_number_time_bucket,HNL,LAX,WN,WN975.0,LAX→HNL,early_morning,,2024-01-01,2024-12-31,7,7,0,0,0.0,0,0.0,0,0.0,-8.43,-6.0,2.0,2.0,0.0,6.2,0,0.0,0,0.0,0,0.0,0.43,0.0,0,,0,
flight_number_time_bucket,HNL,LGB,HA,HA69.0,LGB→HNL,early_morning,,2024-01-01,2024-12-31,313,311,2,0,0.00639,7,0.022508,1,0.003215,-2.75,-8.0,23.0,4.4,0.0,7.0,21,0.067524,12,0.038585,3,0.009646,-3.02,0.0,0,0.0,0,0.0
flight_number_time_bucket,HNL,LGB,HA,HA69.0,LGB→HNL,late_morning,,2024-01-01,2024-12-31,53,53,0,0,0.0,1,0.018868,1,0.018868,10.0,-3.0,20.0,14.19,0.0,6.0,1,0.018868,1,0.018868,1,0.018868,-4.23,0.0,0,0.0,0,0.0
flight_number_time_bucket,HNL,LGB,WN,WN1492.0,LGB→HNL,late_morning,,2024-01-01,2024-12-31,7,7,0,0,0.0,0,0.0,0,0.0,-0.29,-5.0,23.4,8.86,0.0,26.8,1,0.142857,1,0.142857,0,0.0,0.57,0.0,0,0.0,0,
flight_number_time_bucket,HNL,LGB,WN,WN1514.0,LGB→HNL,late_morning,,2024-01-01,2024-12-31,33,33,0,0,0.0,0,0.0,0,0.0,-20.55,-20.0,-2.6,2.73,0.0,4.0,2,0.060606,2,0.060606,0,0.0,2.0,0.0,2,1.0,0,
flight_number_time_bucket,HNL,LGB,WN,WN1647.0,LGB→HNL,early_morning,,2024-01-01,2024-12-31,62,62,0,0,0.0,1,0.016129,0,0.0,-9.66,-13.5,9.8,5.23,0.0,13.7,5,0.080645,2,0.032258,1,0.016129,1.35,0.0,0,0.0,0,0.0
flight_number_time_bucket,HNL,LGB,WN,WN2171.0,LGB→HNL,late_morning,,2024-01-01,2024-12-31,59,59,0,0,0.0,3,0.050847,0,0.0,-7.44,-20.0,30.8,15.81,1.0,45.2,14,0.237288,9,0.152542,5,0.084746,6.22,0.0,0,0.0,0,0.0
flight_number_time_bucket,HNL,LGB,WN,WN2684.0,LGB→HNL,early_morning,,2024-01-01,2024-12-31,31,31,0,0,0.0,1,0.032258,0,0.0,-2.94,-9.0,20.0,10.45,0.0,13.0,3,0.096774,2,0.064516,1,0.032258,1.06,0.0,0,0.0,0,0.0
flight_number_time_bucket,HNL,LGB,WN,WN3292.0,LGB→HNL,late_morning,,2024-01-01,2024-12-31,59,59,0,0,0.0,10,0.169492,0,0.0,28.69,20.0,72.6,17.07,6.0,74.2,19,0.322034,10,0.169492,7,0.118644,-12.9,-11.0,0,0.0,0,0.0
flight_number_time_bucket,HNL,LGB,WN,WN4577.0,LGB→HNL,early_morning,,2024-01-01,2024-12-31,59,59,0,0,0.0,0,0.0,0,0.0,-3.15,-6.0,11.8,2.32,0.0,7.2,4,0.067797,0,0.0,0,0.0,-1.15,0.0,0,,0,
flight_number_time_bucket,HNL,LGB,WN,WN5177.0,LGB→HNL,early_morning,,2024-01-01,2024-12-31,56,56,0,0,0.0,1,0.017857,1,0.017857,-2.29,-10.0,20.5,10.32,0.0,21.5,9,0.160714,4,0.071429,1,0.017857,0.82,0.0,1,0.25,0,0.0
flight_number_time_bucket,HNL,LIH,HA,HA104.0,LIH→HNL,early_morning,,2024-01-01,2024-12-31,364,364,0,0,0.0,5,0.013736,0,0.0,-1.47,-5.0,6.0,2.89,0.0,2.0,19,0.052198,12,0.032967,4,0.010989,-0.46,0.0,0,0.0,0,0.0
flight_number_time_bucket,HNL,LIH,HA,HA1104.0,LIH→HNL,evening,,2024-01-01,2024-12-31,1,1,0,0,0.0,0,0.0,0,0.0,-7.0,-7.0,-7.0,0.0,0.0,0.0,0,0.0,0,0.0,0,0.0,0.0,0.0,0,,0,
flight_number_time_bucket,HNL,LIH,HA,HA1104.0,LIH→HNL,night,,2024-01-01,2024-12-31,1,1,0,0,0.0,0,0.0,0,0.0,-13.0,-13.0,-13.0,0.0,0.0,0.0,0,0.0,0,0.0,0,0.0,0.0,0.0,0,,0,
flight_number_time_bucket,HNL,LIH,HA,HA114.0,LIH→HNL,early_morning,,2024-01-01,2024-12-31,251,250,1,0,0.003984,3,0.012,0,0.0,-1.68,-5.0,7.0,2.74,0.0,2.1,11,0.044,8,0.032,2,0.008,-0.51,0.0,0,0.0,0,0.0
flight_number_time_bucket,HNL,LIH,HA,HA124.0,LIH→HNL,early_morning,,2024-01-01,2024-12-31,31,31,0,0,0.0,1,0.032258,0,0.0,2.32,-3.0,8.0,4.77,0.0,4.0,1,0.032258,1,0.032258,1,0.032258,-1.16,0.0,0,0.0,0,0.0
flight_number_time_bucket,HNL,LIH,HA,HA134.0,LIH→HNL,early_morning,,2024-01-01,2024-12-31,339,336,3,0,0.00885,3,0.008929,1,0.002976,-0.03,-4.0,9.5,3.14,0.0,6.0,12,0.035714,8,0.02381,2,0.005952,-1.06,0.0,0,0.0,0,0.0
flight_number_time_bucket,HNL,LIH,HA,HA144.0,LIH→HNL,early_morning,,2024-01-01,2024-12-31,149,145,4,0,0.026846,1,0.006897,0,0.0,0.37,-2.0,10.2,3.13,0.0,9.0,7,0.048276,5,0.034483,1,0.006897,-0.66,0.0,0,0.0,0,0.0
flight_number_time_bucket,HNL,LIH,HA,HA154.0,LIH→HNL,early_morning,,2024-01-01,2024-12-31,51,51,0,0,0.0,1,0.019608,0,0.0,-0.59,-4.0,7.0,3.04,0.0,4.0,2,0.039216,1,0.019608,1,0.019608,-0.63,0.0,0,0.0,0,0.0
flight_number_time_bucket,HNL,LIH,HA,HA164.0,LIH→HNL,late_morning,,2024-01-01,2024-12-31,186,182,4,0,0.021505,3,0.016484,0,0.0,-0.29,-4.0,9.9,3.76,0.0,6.0,12,0.065934,8,0.043956,2,0.010989,-0.65,0.0,0,0.0,0,0.0
flight_number_time_bucket,HNL,LIH,HA,HA174.0,LIH→HNL,late_morning,,2024-01-01,2024-12-31,296,288,8,0,0.027027,4,0.013889,2,0.006944,4.68,-1.0,20.6,5.44,0.0,10.3,17,0.059028,9,0.03125,2,0.006944,-2.84,0.0,0,0.0,0,0.0
flight_number_time_bucket,HNL,LIH,HA,HA184.0,LIH→HNL,late_morning,,2024-01-01,2024-12-31,130,128,2,0,0.015385,3,0.023438,0,0.0,3.06,-2.0,17.3,5.22,0.0,13.3,10,0.078125,6,0.046875,3,0.023438,-1.48,0.0,0,0.0,0,0.0
flight_number_time_bucket,HNL,LIH,HA,HA194.0,LIH→HNL,late_morning,,2024-01-01,2024-12-31,240,231,9,0,0.0375,2,0.008658,0,0.0,1.61,-1.0,15.0,3.36,0.0,9.0,11,0.047619,4,0.017316,1,0.004329,-1.81,0.0,0,0.0,0,0.0
flight_number_time_bucket,HNL,LIH,HA,HA204.0,LIH→HNL,late_morning,,2024-01-01,2024-12-31,222,222,0,0,0.0,2,0.009009,0,0.0,-0.59,-4.0,11.0,4.23,0.0,11.9,15,0.067568,7,0.031532,2,0.009009,-0.27,0.0,0,0.0,0,0.0
flight_number_time_bucket,HNL,LIH,HA,HA214.0,LIH→HNL,late_morning,,2024-01-01,2024-12-31,122,121,1,0,0.008197,1,0.008264,0,0.0,2.31,-2.0,20.0,4.36,0.0,10.0,10,0.082645,5,0.041322,0,0.0,-1.79,0.0,0,0.0,0,
flight_number_time_bucket,HNL,LIH,HA,HA224.0,LIH→HNL,afternoon,,2024-01-01,2024-12-31,69,69,0,0,0.0,1,0.014493,0,0.0,1.54,-3.0,13.6,3.04,0.0,8.0,4,0.057971,2,0.028986,0,0.0,-2.57,0.0,0,0.0,0,
flight_number_time_bucket,HNL,LIH,HA,HA234.0,LIH→HNL,afternoon,,2024-01-01,2024-12-31,134,132,2,0,0.014925,5,0.037879,0,0.0,1.2,-5.0,14.9,7.41,0.0,13.9,11,0.083333,6,0.045455,4,0.030303,0.3,0.0,0,0.0,0,0.0
flight_number_time_bucket,HNL,LIH,HA,HA234.0,LIH→HNL,late_morning,,2024-01-01,2024-12-31,163,159,4,0,0.02454,1,0.006289,0,0.0,-2.3,-6.0,13.0,2.34,0.0,9.0,9,0.056604,3,0.018868,0,0.0,-1.5,0.0,0,0.0,0,
flight_number_time_bucket,HNL,LIH,HA,HA244.0,LIH→HNL,afternoon,,2024-01-01,2024-12-31,28,28,0,0,0.0,0,0.0,0,0.0,2.96,4.5,13.9,5.89,2.5,16.6,4,0.142857,0,0.0,0,0.0,0.5,0.0,0,0.0,0,
flight_number_time_bucket,HNL,LIH,HA,HA254.0,LIH→HNL,afternoon,,2024-01-01,2024-12-31,277,274,3,0,0.01083,3,0.010949,0,0.0,4.21,0.5,20.0,6.04,0.0,16.0,29,0.105839,12,0.043796,2,0.007299,-1.13,0.0,0,0.0,0,0.0
flight_number_time_bucket,HNL,LIH,HA,HA264.0,LIH→HNL,afternoon,,2024-01-01,2024-12-31,359,347,12,0,0.033426,5,0.014409,0,0.0,4.68,1.0,23.0,7.54,2.0,21.0,54,0.15562,19,0.054755,6,0.017291,-0.48,0.0,0,0.0,0,0.0
flight_number_time_bucket,HNL,LIH,HA,HA274.0,LIH→HNL,afternoon,,2024-01-01,2024-12-31,292,285,7,0,0.023973,7,0.024561,0,0.0,6.27,2.0,24.0,7.43,3.0,22.0,45,0.157895,13,0.045614,1,0.003509,-1.52,0.0,0,0.0,0,0.0
flight_number_time_bucket,HNL,LIH,HA,HA284.0,LIH→HNL,afternoon,,2024-01-01,2024-12-31,238,236,2,0,0.008403,6,0.025424,0,0.0,-0.66,-7.0,19.0,7.03,0.0,22.0,35,0.148305,15,0.063559,6,0.025424,1.04,0.0,0,0.0,0,0.0
flight_number_time_bucket,HNL,LIH,HA,HA294.0,LIH→HNL,afternoon,,2024-01-01,2024-12-31,364,358,6,2,0.016484,5,0.013966,0,0.0,4.15,-1.5,28.0,6.59,0.0,21.0,55,0.153631,22,0.061453,4,0.011173,-1.62,0.0,0,0.0,0,0.0
flight_number_time_bucket,HNL,LIH,HA,HA304.0,LIH→HNL,afternoon,,2024-01-01,2024-12-31,278,266,12,0,0.043165,5,0.018797,2,0.007519,1.66,-5.0,20.5,6.79,0.0,19.0,32,0.120301,19,0.071429,4,0.015038,-0.25,0.0,0,0.0,0,0.0
flight_number_time_bucket,HNL,LIH,HA,HA314.0,LIH→HNL,afternoon,,2024-01-01,2024-12-31,44,44,0,0,0.0,0,0.0,0,0.0,-7.25,-9.5,6.9,1.45,0.0,4.5,2,0.045455,0,0.0,0,0.0,-0.16,0.0,0,,0,
flight_number_time_bucket,HNL,LIH,HA,HA324.0,LIH→HNL,afternoon,,2024-01-01,2024-12-31,69,69,0,0,0.0,6,0.086957,1,0.014493,18.71,7.0,44.4,18.42,6.0,34.8,16,0.231884,9,0.130435,3,0.043478,-2.07,0.0,0,0.0,0,0.0
flight_number_time_bucket,HNL,LIH,HA,HA334.0,LIH→HNL,evening,,2024-01-01,2024-12-31,364,357,7,0,0.019231,9,0.02521,0,0.0,0.2,-5.0,17.4,6.3,0.0,16.4,38,0.106443,20,0.056022,7,0.019608,0.34,0.0,0,0.0,0,0.0
flight_number_time_bucket,HNL,LIH,HA,HA354.0,LIH→HNL,evening,,2024-01-01,2024-12-31,235,232,3,0,0.012766,5,0.021552,0,0.0,-0.81,-7.0,19.6,6.47,0.0,19.9,29,0.125,16,0.068966,5,0.021552,0.8,0.0,0,0.0,0,0.0
flight_number_time_bucket,HNL,LIH,HA,HA374.0,LIH→HNL,evening,,2024-01-01,2024-12-31,320,314,6,0,0.01875,7,0.022293,1,0.003185,1.02,-5.0,21.7,7.29,0.0,23.1,48,0.152866,24,0.076433,6,0.019108,0.32,0.0,0,0.0,0,0.0
flight_number_time_bucket,HNL,LIH,HA,HA384.0,LIH→HNL,evening,,2024-01-01,2024-12-31,19,17,2,0,0.105263,3,0.176471,0,0.0,21.29,1.0,94.2,25.65,4.0,97.4,4,0.235294,4,0.235294,3,0.176471,2.29,2.0,0,0.0,0,0.0
flight_number_time_bucket,HNL,LIH,HA,HA394.0,LIH→HNL,evening,,2024-01-01,2024-12-31,98,98,0,0,0.0,5,0.05102,0,0.0,7.41,0.0,32.3,10.37,0.0,31.3,19,0.193878,11,0.112245,6,0.061224,-0.06,0.0,0,0.0,0,0.0
flight_number_time_bucket,HNL,LIH,HA,HA504.0,LIH→HNL,evening,,2024-01-01,2024-12-31,165,164,1,0,0.006061,4,0.02439,0,0.0,0.9,-5.5,19.4,7.13,0.0,20.7,21,0.128049,13,0.079268,4,0.02439,0.63,0.0,0,0.0,0,0.0
flight_number_time_bucket,HNL,LIH,HA,HA514.0,LIH→HNL,evening,,2024-01-01,2024-12-31,68,68,0,0,0.0,3,0.044118,0,0.0,11.38,2.5,39.3,9.76,0.0,28.2,16,0.235294,7,0.102941,1,0.014706,-3.56,-1.0,0,0.0,0,0.0
flight_number_time_bucket,HNL,LIH,HA,HA524.0,LIH→HNL,evening,,2024-01-01,2024-12-31,177,174,3,0,0.016949,7,0.04023,0,0.0,2.3,-5.0,17.0,7.61,0.0,20.4,21,0.12069,13,0.074713,8,0.045977,0.25,0.0,0,0.0,0,0.0
flight_number_time_bucket,HNL,LIH,HA,HA534.0,LIH→HNL,evening,,2024-01-01,2024-12-31,126,125,1,0,0.007937,3,0.024,0,0.0,1.76,-3.0,23.0,7.27,0.0,23.2,20,0.16,9,0.072,4,0.032,0.38,0.0,0,0.0,0,0.0
flight_number_time_bucket,HNL,LIH,HA,HA544.0,LIH→HNL,evening,,2024-01-01,2024-12-31,2,2,0,0,0.0,0,0.0,0,0.0,27.5,27.5,51.9,32.0,32.0,56.0,1,0.5,1,0.5,1,0.5,3.0,3.0,0,0.0,0,0.0
flight_number_time_bucket,HNL,LIH,HA,HA544.0,LIH→HNL,night,,2024-01-01,2024-12-31,87,85,2,0,0.022989,3,0.035294,0,0.0,4.69,-3.0,32.6,8.89,0.0,32.6,19,0.223529,10,0.117647,3,0.035294,-0.46,0.0,0,0.0,0,0.0
flight_number_time_bucket,HNL,LIH,HA,HA554.0,LIH→HNL,night,,2024-01-01,2024-12-31,86,86,0,0,0.0,4,0.046512,1,0.011628,9.58,0.5,32.0,10.9,0.0,30.0,21,0.244186,9,0.104651,4,0.046512,-1.35,0.0,0,0.0,0,0.0
flight_number_time_bucket,HNL,LIH,HA,HA584.0,LIH→HNL,night,,2024-01-01,2024-12-31,1,1,0,0,0.0,0,0.0,0,0.0,-17.0,-17.0,-17.0,0.0,0.0,0.0,0,0.0,0,0.0,0,0.0,0.0,0.0,0,,0,
flight_number_time_bucket,HNL,LIH,WN,WN1072.0,LIH→HNL,early_morning,,2024-01-01,2024-12-31,59,59,0,0,0.0,0,0.0,0,0.0,-1.27,-4.0,10.4,1.19,0.0,7.0,0,0.0,0,0.0,0,0.0,-2.12,0.0,0,,0,
flight_number_time_bucket,HNL,LIH,WN,WN1138.0,LIH→HNL,early_morning,,2024-01-01,2024-12-31,59,59,0,0,0.0,0,0.0,0,0.0,-12.24,-14.0,-4.8,0.81,0.0,4.0,0,0.0,0,0.0,0,0.0,0.61,0.0,0,,0,
flight_number_time_bucket,HNL,LIH,WN,WN1148.0,LIH→HNL,early_morning,,2024-01-01,2024-12-31,7,7,0,0,0.0,0,0.0,0,0.0,-7.86,-8.0,-4.6,0.0,0.0,0.0,0,0.0,0,0.0,0,0.0,0.0,0.0,0,,0,
flight_number_time_bucket,HNL,LIH,WN,WN1288.0,LIH→HNL,afternoon,,2024-01-01,2024-12-31,59,59,0,0,0.0,8,0.135593,0,0.0,20.0,9.0,62.2,19.63,10.0,51.8,25,0.423729,16,0.271186,4,0.067797,-3.51,0.0,0,0.0,0,0.0
flight_number_time_bucket,HNL,LIH,WN,WN1377.0,LIH→HNL,early_morning,,2024-01-01,2024-12-31,59,59,0,0,0.0,1,0.016949,0,0.0,-12.14,-15.0,-7.6,2.0,0.0,0.0,2,0.033898,1,0.016949,1,0.016949,0.29,0.0,0,0.0,0,0.0
flight_number_time_bucket,HNL,LIH,WN,WN1503.0,LIH→HNL,late_morning,,2024-01-01,2024-12-31,7,7,0,0,0.0,0,0.0,0,0.0,-9.86,-14.0,1.2,1.14,0.0,3.2,0,0.0,0,0.0,0,0.0,-0.14,0.0,0,,0,
flight_number_time_bucket,HNL,LIH,WN,WN1507.0,LIH→HNL,early_morning,,2024-01-01,2024-12-31,33,33,0,0,0.0,0,0.0,0,0.0,-6.12,-6.0,0.0,0.82,0.0,0.8,1,0.030303,0,0.0,0,0.0,0.39,0.0,0,,0,
flight_number_time_bucket,HNL,LIH,WN,WN1508.0,LIH→HNL,evening,,2024-01-01,2024-12-31,33,33,0,0,0.0,2,0.060606,0,0.0,-2.33,-9.0,11.8,6.33,0.0,14.2,4,0.121212,2,0.060606,1,0.030303,-0.06,0.0,0,0.0,0,0.0
flight_number_time_bucket,HNL,LIH,WN,WN1515.0,LIH→HNL,early_morning,,2024-01-01,2024-12-31,30,30,0,0,0.0,0,0.0,0,0.0,-1.43,-4.5,8.0,3.17,0.0,10.4,2,0.066667,1,0.033333,0,0.0,0.33,0.0,0,0.0,0,
flight_number_time_bucket,HNL,LIH,WN,WN1515.0,LIH→HNL,late_morning,,2024-01-01,2024-12-31,3,3,0,0,0.0,0,0.0,0,0.0,4.67,-5.0,21.4,11.0,0.0,26.4,1,0.333333,1,0.333333,0,0.0,1.67,0.0,0,0.0,0,
flight_number_time_bucket,HNL,LIH,WN,WN1516.0,LIH→HNL,afternoon,,2024-01-01,2024-12-31,33,33,0,0,0.0,0,0.0,0,0.0,-10.55,-15.0,5.2,3.36,0.0,14.4,4,0.121212,1,0.030303,0,0.0,1.03,0.0,0,0.0,0,
flight_number_time_bucket,HNL,LIH,WN,WN1517.0,LIH→HNL,evening,,2024-01-01,2024-12-31,33,33,0,0,0.0,0,0.0,0,0.0,-8.39,-9.0,-3.0,0.85,0.0,0.0,1,0.030303,0,0.0,0,0.0,0.18,0.0,0,,0,
flight_number_time_bucket,HNL,LIH,WN,WN1521.0,LIH→HNL,afternoon,,2024-01-01,2024-12-31,3,3,0,0,0.0,0,0.0,0,0.0,-14.67,-16.0,-5.6,0.0,0.0,0.0,0,0.0,0,0.0,0,0.0,0.0,0.0,0,,0,
flight_number_time_bucket,HNL,LIH,WN,WN1521.0,LIH→HNL,late_morning,,2024-01-01,2024-12-31,30,30,0,0,0.0,1,0.033333,0,0.0,-4.17,-12.0,1.6,5.5,0.0,0.0,1,0.033333,1,0.033333,1,0.033333,-0.6,0.0,0,0.0,0,0.0
flight_number_time_bucket,HNL,LIH,WN,WN167.0,LIH→HNL,afternoon,,2024-01-01,2024-12-31,1,1,0,0,0.0,0,0.0,0,0.0,-8.0,-8.0,-8.0,0.0,0.0,0.0,0,0.0,0,0.0,0,0.0,0.0,0.0,0,,0,
flight_number_time_bucket,HNL,LIH,WN,WN1758.0,LIH→HNL,afternoon,,2024-01-01,2024-12-31,41,41,0,0,0.0,0,0.0,0,0.0,-10.88,-14.0,2.0,0.39,0.0,0.0,0,0.0,0,0.0,0,0.0,-0.71,0.0,0,,0,
flight_number_time_bucket,HNL,LIH,WN,WN1758.0,LIH→HNL,late_morning,,2024-01-01,2024-12-31,18,18,0,0,0.0,0,0.0,0,0.0,-10.78,-13.5,-1.4,2.06,0.0,5.5,2,0.111111,0,0.0,0,0.0,0.83,0.0,0,,0,
flight_number_time_bucket,HNL,LIH,WN,WN1883.0,LIH→HNL,afternoon,,2024-01-01,2024-12-31,7,7,0,0,0.0,0,0.0,0,0.0,3.57,4.0,13.0,8.14,5.0,18.0,2,0.285714,0,0.0,0,0.0,2.29,4.0,0,,0,
flight_number_time_bucket,HNL,LIH,WN,WN2045.0,LIH→HNL,early_morning,,2024-01-01,2024-12-31,56,55,1,0,0.017857,0,0.0,0,0.0,-7.22,-9.0,-1.4,1.15,0.0,0.0,2,0.036364,1,0.018182,0,0.0,-0.18,0.0,0,0.0,0,
flight_number_time_bucket,HNL,LIH,WN,WN2046.0,LIH→HNL,early_morning,,2024-01-01,2024-12-31,56,55,1,0,0.017857,0,0.0,0,0.0,-7.24,-9.0,0.2,0.82,0.0,2.6,0,0.0,0,0.0,0,0.0,0.0,0.0,0,,0,
flight_number_time_bucket,HNL,LIH,WN,WN2047.0,LIH→HNL,late_morning,,2024-01-01,2024-12-31,56,56,0,0,0.0,1,0.017857,0,0.0,-6.07,-12.0,15.5,4.96,0.0,21.0,7,0.125,3,0.053571,1,0.017857,0.3,0.0,0,0.0,0,0.0
flight_number_time_bucket,HNL,LIH,WN,WN2049.0,LIH→HNL,evening,,2024-01-01,2024-12-31,56,56,0,0,0.0,3,0.053571,1,0.017857,2.89,-8.0,11.5,10.79,0.0,14.5,6,0.107143,3,0.053571,3,0.053571,0.18,0.0,0,0.0,0,0.0
flight_number_time_bucket,HNL,LIH,WN,WN2050.0,LIH→HNL,evening,,2024-01-01,2024-12-31,56,56,0,0,0.0,0,0.0,0,0.0,-7.64,-11.0,2.5,3.04,0.0,5.5,5,0.089286,1,0.017857,1,0.017857,0.61,0.0,0,0.0,0,0.0
flight_number_time_bucket,HNL,LIH,WN,WN2092.0,LIH→HNL,evening,,2024-01-01,2024-12-31,59,58,1,0,0.016949,1,0.017241,0,0.0,5.84,2.0,33.1,8.83,0.0,26.0,12,0.206897,5,0.086207,0,0.0,-1.19,0.0,0,0.0,0,0.0
flight_number_time_bucket,HNL,LIH,WN,WN2107.0,LIH→HNL,evening,,2024-01-01,2024-12-31,7,7,0,0,0.0,0,0.0,0,0.0,12.29,-9.0,56.4,22.71,0.0,63.2,3,0.428571,3,0.428571,2,0.285714,2.71,0.0,0,0.0,0,0.0
flight_number_time_bucket,HNL,LIH,WN,WN2147.0,LIH→HNL,afternoon,,2024-01-01,2024-12-31,59,59,0,0,0.0,1,0.016949,0,0.0,-1.63,-13.0,33.2,11.44,0.0,39.6,11,0.186441,9,0.152542,1,0.016949,2.34,0.0,0,0.0,0,0.0
flight_number_time_bucket,HNL,LIH,WN,WN2164.0,LIH→HNL,early_morning,,2024-01-01,2024-12-31,31,31,0,0,0.0,0,0.0,0,0.0,-12.06,-13.0,-7.0,0.13,0.0,0.0,0,0.0,0,0.0,0,0.0,-0.61,0.0,0,,0,
flight_number_time_bucket,HNL,LIH,WN,WN2208.0,LIH→HNL,late_morning,,2024-01-01,2024-12-31,59,59,0,0,0.0,0,0.0,0,0.0,-8.49,-12.0,4.2,1.59,0.0,0.2,2,0.033898,1,0.016949,0,0.0,-0.12,0.0,0,0.0,0,
flight_number_time_bucket,HNL,LIH,WN,WN2314.0,LIH→HNL,evening,,2024-01-01,2024-12-31,59,59,0,0,0.0,0,0.0,0,0.0,-12.95,-16.0,-5.8,1.63,0.0,3.2,2,0.033898,2,0.033898,0,0.0,0.56,0.0,0,0.0,0,
flight_number_time_bucket,HNL,LIH,WN,WN2355.0,LIH→HNL,late_morning,,2024-01-01,2024-12-31,62,62,0,0,0.0,2,0.032258,0,0.0,-5.13,-10.0,2.7,3.34,0.0,4.8,3,0.048387,2,0.032258,2,0.032258,-0.23,0.0,0,0.0,0,0.0
flight_number_time_bucket,HNL,LIH,WN,WN2511.0,LIH→HNL,evening,,2024-01-01,2024-12-31,59,59,0,0,0.0,0,0.0,0,0.0,-14.0,-15.0,-5.0,0.34,0.0,0.0,0,0.0,0,0.0,0,0.0,0.34,0.0,0,,0,
flight_number_time_bucket,HNL,LIH,WN,WN2829.0,LIH→HNL,afternoon,,2024-01-01,2024-12-31,62,62,0,0,0.0,2,0.032258,0,0.0,-9.47,-15.0,2.6,3.95,0.0,0.0,4,0.064516,3,0.048387,2,0.032258,0.06,0.0,0,0.0,0,0.0
flight_number_time_bucket,HNL,LIH,WN,WN2894.0,LIH→HNL,early_morning,,2024-01-01,2024-12-31,59,58,1,0,0.016949,0,0.0,0,0.0,-11.12,-14.0,-4.4,1.28,0.0,1.3,1,0.017241,1,0.017241,0,0.0,0.36,0.0,0,0.0,0,
flight_number_time_bucket,HNL,LIH,WN,WN2914.0,LIH→HNL,afternoon,,2024-01-01,2024-12-31,31,31,0,0,0.0,0,0.0,0,0.0,-9.45,-12.0,-2.0,2.1,0.0,0.0,1,0.032258,1,0.032258,1,0.032258,0.19,0.0,0,0.0,0,0.0
flight_number_time_bucket,HNL,LIH,WN,WN2963.0,LIH→HNL,afternoon,,2024-01-01,2024-12-31,58,58,0,0,0.0,1,0.017241,0,0.0,-3.05,-8.5,11.3,5.28,0.0,8.6,4,0.068966,3,0.051724,2,0.034483,0.55,0.0,0,0.0,0,0.0
flight_number_time_bucket,HNL,LIH,WN,WN3014.0,LIH→HNL,evening,,2024-01-01,2024-12-31,62,62,0,0,0.0,2,0.032258,0,0.0,0.24,-7.0,22.7,7.66,0.0,27.6,10,0.16129,6,0.096774,3,0.048387,0.47,0.0,0,0.0,0,0.0
flight_number_time_bucket,HNL,LIH,WN,WN3408.0,LIH→HNL,evening,,2024-01-01,2024-12-31,58,58,0,0,0.0,0,0.0,0,0.0,-13.34,-15.0,-5.4,0.79,0.0,0.0,1,0.017241,0,0.0,0,0.0,0.48,0.0,0,,0,
flight_number_time_bucket,HNL,LIH,WN,WN3589.0,LIH→HNL,evening,,2024-01-01,2024-12-31,59,59,0,0,0.0,1,0.016949,0,0.0,-3.47,-10.0,3.8,5.92,0.0,10.4,6,0.101695,3,0.050847,1,0.016949,0.69,0.0,0,0.0,0,0.0
flight_number_time_bucket,HNL,LIH,WN,WN3632.0,LIH→HNL,afternoon,,2024-01-01,2024-12-31,31,31,0,0,0.0,1,0.032258,0,0.0,-9.03,-14.0,-3.0,3.71,0.0,4.0,1,0.032258,1,0.032258,1,0.032258,0.58,0.0,0,0.0,0,0.0
flight_number_time_bucket,HNL,LIH,WN,WN3690.0,LIH→HNL,late_morning,,2024-01-01,2024-12-31,59,59,0,0,0.0,1,0.016949,0,0.0,-1.39,-8.0,17.8,3.32,0.0,6.0,1,0.016949,1,0.016949,1,0.016949,-3.25,0.0,0,0.0,0,0.0
flight_number_time_bucket,HNL,LIH,WN,WN3696.0,LIH→HNL,evening,,2024-01-01,2024-12-31,59,59,0,0,0.0,1,0.016949,0,0.0,3.05,-3.0,25.0,7.02,0.0,27.0,10,0.169492,4,0.067797,1,0.016949,-0.97,0.0,0,0.0,0,0.0
flight_number_time_bucket,HNL,LIH,WN,WN3755.0,LIH→HNL,evening,,2024-01-01,2024-12-31,7,7,0,0,0.0,0,0.0,0,0.0,-9.14,-10.0,-6.2,0.0,0.0,0.0,0,0.0,0,0.0,0,0.0,0.0,0.0,0,,0,
flight_number_time_bucket,HNL,LIH,WN,WN3811.0,LIH→HNL,evening,,2024-01-01,2024-12-31,58,58,0,0,0.0,0,0.0,0,0.0,-12.78,-15.0,-3.7,0.79,0.0,0.0,1,0.017241,1,0.017241,0,0.0,0.14,0.0,0,0.0,0,
flight_number_time_bucket,HNL,LIH,WN,WN3979.0,LIH→HNL,evening,,2024-01-01,2024-12-31,31,31,0,0,0.0,0,0.0,0,0.0,-13.97,-17.0,-5.0,1.1,0.0,0.0,1,0.032258,0,0.0,0,0.0,0.42,0.0,0,,0,
flight_number_time_bucket,HNL,LIH,WN,WN421.0,LIH→HNL,early_morning,,2024-01-01,2024-12-31,59,59,0,0,0.0,0,0.0,0,0.0,-5.1,-7.0,2.0,0.25,0.0,0.0,0,0.0,0,0.0,0,0.0,-0.86,0.0,0,,0,
flight_number_time_bucket,HNL,LIH,WN,WN4375.0,LIH→HNL,evening,,2024-01-01,2024-12-31,30,30,0,0,0.0,0,0.0,0,0.0,-15.1,-16.0,-12.0,0.2,0.0,0.0,0,0.0,0,0.0,0,0.0,0.2,0.0,0,,0,
flight_number_time_bucket,HNL,LIH,WN,WN4657.0,LIH→HNL,early_morning,,2024-01-01,2024-12-31,59,59,0,0,0.0,0,0.0,0,0.0,-13.44,-15.0,-7.8,0.78,0.0,1.2,0,0.0,0,0.0,0,0.0,0.73,0.0,0,,0,
flight_number_time_bucket,HNL,LIH,WN,WN4721.0,LIH→HNL,early_morning,,2024-01-01,2024-12-31,62,62,0,0,0.0,0,0.0,0,0.0,-5.47,-7.0,2.0,1.4,0.0,3.0,1,0.016129,1,0.016129,0,0.0,0.48,0.0,0,0.0,0,
flight_number_time_bucket,HNL,LIH,WN,WN4730.0,LIH→HNL,evening,,2024-01-01,2024-12-31,3,3,0,0,0.0,0,0.0,0,0.0,-12.0,-11.0,-10.2,0.0,0.0,0.0,0,0.0,0,0.0,0,0.0,0.0,0.0,0,,0,
flight_number_time_bucket,HNL,LIH,WN,WN5266.0,LIH→HNL,evening,,2024-01-01,2024-12-31,1,1,0,0,0.0,0,0.0,0,0.0,-20.0,-20.0,-20.0,0.0,0.0,0.0,0,0.0,0,0.0,0,0.0,0.0,0.0,0,,0,
flight_number_time_bucket,HNL,LIH,WN,WN572.0,LIH→HNL,early_morning,,2024-01-01,2024-12-31,7,7,0,0,0.0,0,0.0,0,0.0,-6.29,-6.0,0.0,0.57,0.0,2.0,0,0.0,0,0.0,0,0.0,0.57,0.0,0,,0,
flight_number_time_bucket,HNL,LIH,WN,WN6001.0,LIH→HNL,afternoon,,2024-01-01,2024-12-31,56,56,0,0,0.0,2,0.035714,1,0.017857,-6.38,-15.0,1.0,6.18,0.0,3.0,3,0.053571,3,0.053571,2,0.035714,0.23,0.0,0,0.0,0,0.0
flight_number_time_bucket,HNL,LIH,WN,WN928.0,LIH→HNL,early_morning,,2024-01-01,2024-12-31,62,62,0,0,0.0,0,0.0,0,0.0,-7.18,-9.0,-1.0,0.74,0.0,1.0,1,0.016129,0,0.0,0,0.0,0.26,0.0,0,,0,
flight_number_time_bucket,HNL,LIH,WN,WN945.0,LIH→HNL,early_morning,,2024-01-01,2024-12-31,31,31,0,0,0.0,0,0.0,0,0.0,-10.48,-11.0,-3.0,0.74,0.0,2.0,0,0.0,0,0.0,0,0.0,0.58,0.0,0,,0,
flight_number_time_bucket,HNL,MSP,DL,DL312.0,MSP→HNL,late_morning,,2024-01-01,2024-12-31,114,114,0,1,0.0,6,0.052632,1,0.008772,-0.27,-9.0,31.8,8.24,0.0,19.0,14,0.122807,9,0.078947,3,0.026316,-3.58,0.0,1,0.111111,0,0.0
flight_number_time_bucket,HNL,MSP,DL,DL415.0,MSP→HNL,late_morning,,2024-01-01,2024-12-31,3,3,0,0,0.0,0,0.0,0,0.0,-14.67,-16.0,-0.8,2.67,1.0,5.8,0,0.0,0,0.0,0,0.0,1.67,0.0,0,,0,
flight_number_time_bucket,HNL,MSP,DL,DL435.0,MSP→HNL,late_morning,,2024-01-01,2024-12-31,247,246,1,3,0.004049,18,0.073171,1,0.004065,-3.45,-11.0,24.8,11.07,0.0,22.8,32,0.130081,21,0.085366,17,0.069106,0.1,0.0,1,0.047619,0,0.0
flight_number_time_bucket,HNL,MSP,DL,DL708.0,MSP→HNL,late_morning,,2024-01-01,2024-12-31,1,1,0,0,0.0,0,0.0,0,0.0,-36.0,-36.0,-36.0,0.0,0.0,0.0,0,0.0,0,0.0,0,0.0,0.0,0.0,0,,0,
flight_number_time_bucket,HNL,OAK,HA,HA47.0,OAK→HNL,early_morning,,2024-01-01,2024-12-31,366,359,7,1,0.019126,17,0.047354,3,0.008357,5.56,0.0,27.6,8.37,0.0,15.9,36,0.100279,22,0.061281,15,0.041783,-4.03,0.0,0,0.0,1,0.066667
flight_number_time_bucket,HNL,OAK,WN,WN1129.0,OAK→HNL,afternoon,,2024-01-01,2024-12-31,56,56,0,0,0.0,0,0.0,0,0.0,-11.27,-14.5,10.5,5.98,0.0,20.0,9,0.160714,1,0.017857,0,0.0,3.38,0.0,0,0.0,0,
flight_number_time_bucket,HNL,OAK,WN,WN1522.0,OAK→HNL,afternoon,,2024-01-01,2024-12-31,33,33,0,0,0.0,1,0.030303,0,0.0,-11.21,-14.0,8.0,8.09,0.0,17.0,4,0.121212,1,0.030303,1,0.030303,2.73,0.0,0,0.0,0,0.0
flight_number_time_bucket,HNL,OAK,WN,WN1938.0,OAK→HNL,afternoon,,2024-01-01,2024-12-31,59,59,0,0,0.0,16,0.271186,2,0.033898,38.12,27.0,103.4,33.39,17.0,87.2,31,0.525424,20,0.338983,12,0.20339,-7.27,-9.0,2,0.1,0,0.0
flight_number_time_bucket,HNL,OAK,WN,WN2470.0,OAK→HNL,late_morning,,2024-01-01,2024-12-31,31,31,0,1,0.0,0,0.0,0,0.0,-13.03,-16.0,8.0,3.73,0.0,7.3,3,0.096774,1,0.032258,0,0.0,1.17,0.0,0,0.0,0,
flight_number_time_bucket,HNL,OAK,WN,WN2689.0,OAK→HNL,afternoon,,2024-01-01,2024-12-31,62,62,0,0,0.0,1,0.016129,0,0.0,-3.23,-6.0,16.7,7.94,1.5,20.9,10,0.16129,2,0.032258,1,0.016129,2.74,0.0,0,0.0,0,0.0
flight_number_time_bucket,HNL,OAK,WN,WN3066.0,OAK→HNL,afternoon,,2024-01-01,2024-12-31,59,59,0,0,0.0,1,0.016949,0,0.0,-12.92,-19.0,15.8,10.66,1.0,24.4,14,0.237288,4,0.067797,3,0.050847,4.54,0.0,0,0.0,1,0.333333
flight_number_time_bucket,HNL,OAK,WN,WN3164.0,OAK→HNL,afternoon,,2024-01-01,2024-12-31,7,7,0,0,0.0,0,0.0,0,0.0,-6.71,-3.0,8.2,6.57,7.0,13.2,0,0.0,0,0.0,0,0.0,3.57,6.0,0,,0,
flight_number_time_bucket,HNL,OAK,WN,WN4611.0,OAK→HNL,afternoon,,2024-01-01,2024-12-31,59,59,0,0,0.0,0,0.0,0,0.0,-3.27,-7.0,27.0,7.71,0.0,27.4,11,0.186441,6,0.101695,1,0.016949,1.47,0.0,0,0.0,0,0.0
flight_number_time_bucket,HNL,OAK,WN,WN808.0,OAK→HNL,afternoon,,2024-01-01,2024-12-31,22,22,0,0,0.0,0,0.0,0,0.0,-10.5,-16.5,6.4,5.0,0.0,10.8,2,0.090909,1,0.045455,0,0.0,2.0,0.0,0,0.0,0,
flight_number_time_bucket,HNL,OAK,WN,WN808.0,OAK→HNL,late_morning,,2024-01-01,2024-12-31,335,335,0,1,0.0,5,0.014925,1,0.002985,-9.16,-15.0,20.7,6.3,0.0,19.0,41,0.122388,19,0.056716,5,0.014925,0.37,0.0,2,0.105263,0,0.0
flight_number_time_bucket,HNL,OGG,HA,HA105.0,OGG→HNL,early_morning,,2024-01-01,2024-12-31,355,351,4,0,0.011268,4,0.011396,0,0.0,-1.01,-3.0,5.0,1.81,0.0,1.0,7,0.019943,6,0.017094,4,0.011396,-0.75,0.0,0,0.0,0,0.0
flight_number_time_bucket,HNL,OGG,HA,HA109.0,OGG→HNL,afternoon,,2024-01-01,2024-12-31,14,14,0,0,0.0,2,0.142857,0,0.0,34.29,23.5,59.8,23.79,15.0,55.8,5,0.357143,4,0.285714,1,0.071429,-10.5,-8.5,0,0.0,0,0.0
flight_number_time_bucket,HNL,OGG,HA,HA109.0,OGG→HNL,late_morning,,2024-01-01,2024-12-31,1,1,0,0,0.0,0,0.0,0,0.0,3.0,3.0,3.0,0.0,0.0,0.0,0,0.0,0,0.0,0,0.0,-3.0,-3.0,0,,0,
flight_number_time_bucket,HNL,OGG,HA,HA1101.0,OGG→HNL,night,,2024-01-01,2024-12-31,1,1,0,0,0.0,0,0.0,0,0.0,26.0,26.0,26.0,18.0,18.0,18.0,1,1.0,0,0.0,0,0.0,-8.0,-8.0,0,,0,
flight_number_time_bucket,HNL,OGG,HA,HA1103.0,OGG→HNL,red_eye,,2024-01-01,2024-12-31,1,0,1,0,1.0,0,,0,,,,,,,,0,,0,,0,,,,0,,0,
flight_number_time_bucket,HNL,OGG,HA,HA1105.0,OGG→HNL,evening,,2024-01-01,2024-12-31,2,2,0,0,0.0,0,0.0,0,0.0,14.0,14.0,15.6,9.5,9.5,11.5,0,0.0,0,0.0,0,0.0,-4.5,-4.5,0,,0,
flight_number_time_bucket,HNL,OGG,HA,HA1105.0,OGG→HNL,night,,2024-01-01,2024-12-31,1,1,0,0,0.0,1,1.0,0,0.0,129.0,129.0,129.0,131.0,131.0,131.0,1,1.0,1,1.0,1,1.0,2.0,2.0,0,0.0,0,0.0
flight_number_time_bucket,HNL,OGG,HA,HA1115.0,OGG→HNL,evening,,2024-01-01,2024-12-31,1,1,0,0,0.0,0,0.0,0,0.0,0.0,0.0,0.0,0.0,0.0,0.0,0,0.0,0,0.0,0,0.0,0.0,0.0,0,,0,
flight_number_time_bucket,HNL,OGG,HA,HA1125.0,OGG→HNL,late_morning,,2024-01-01,2024-12-31,1,1,0,0,0.0,0,0.0,0,0.0,-4.0,-4.0,-4.0,0.0,0.0,0.0,0,0.0,0,0.0,0,0.0,0.0,0.0,0,,0,
flight_number_time_bucket,HNL,OGG,HA,HA115.0,OGG→HNL,early_morning,,2024-01-01,2024-12-31,255,254,1,0,0.003922,3,0.011811,0,0.0,1.5,-2.0,10.0,3.65,0.0,9.0,11,0.043307,6,0.023622,3,0.011811,-0.77,0.0,0,0.0,0,0.0
flight_number_time_bucket,HNL,OGG,HA,HA125.0,OGG→HNL,early_morning,,2024-01-01,2024-12-31,337,334,3,0,0.008902,2,0.005988,0,0.0,-1.32,-4.0,7.0,2.07,0.0,4.0,14,0.041916,5,0.01497,2,0.005988,-0.75,0.0,0,0.0,0,0.0
flight_number_time_bucket,HNL,OGG,HA,HA135.0,OGG→HNL,early_morning,,2024-01-01,2024-12-31,68,66,2,0,0.029412,1,0.015152,0,0.0,3.88,0.0,14.5,3.59,0.0,6.5,4,0.060606,2,0.030303,1,0.015152,-2.5,0.0,0,0.0,0,0.0
flight_number_time_bucket,HNL,OGG,HA,HA145.0,OGG→HNL,early_morning,,2024-01-01,2024-12-31,304,299,5,0,0.016447,1,0.003344,0,0.0,-1.67,-3.0,6.2,1.3,0.0,1.0,5,0.016722,3,0.010033,1,0.003344,-1.13,0.0,0,0.0,0,0.0
flight_number_time_bucket,HNL,OGG,HA,HA155.0,OGG→HNL,early_morning,,2024-01-01,2024-12-31,242,239,3,0,0.012397,0,0.0,0,0.0,0.63,-2.0,12.0,2.01,0.0,5.0,9,0.037657,6,0.025105,0,0.0,-1.81,0.0,0,0.0,0,
flight_number_time_bucket,HNL,OGG,HA,HA155.0,OGG→HNL,late_morning,,2024-01-01,2024-12-31,70,69,1,0,0.014286,1,0.014493,0,0.0,-4.03,-7.0,10.2,1.61,0.0,1.2,2,0.028986,1,0.014493,0,0.0,-1.23,0.0,0,0.0,0,0.0
flight_number_time_bucket,HNL,OGG,HA,HA159.0,OGG→HNL,early_morning,,2024-01-01,2024-12-31,6,6,0,0,0.0,0,0.0,0,0.0,0.5,-4.0,11.5,3.83,0.0,11.5,1,0.166667,0,0.0,0,0.0,0.0,0.0,0,,0,
flight_number_time_bucket,HNL,OGG,HA,HA165.0,OGG→HNL,late_morning,,2024-01-01,2024-12-31,326,325,1,0,0.003067,4,0.012308,2,0.006154,2.42,-3.0,11.0,5.2,0.0,8.0,15,0.046154,11,0.033846,5,0.015385,-1.38,0.0,0,0.0,0,0.0
flight_number_time_bucket,HNL,OGG,HA,HA169.0,OGG→HNL,evening,,2024-01-01,2024-12-31,11,11,0,0,0.0,0,0.0,0,0.0,-3.64,-7.0,10.0,3.27,0.0,10.0,1,0.090909,0,0.0,0,0.0,0.0,0.0,0,,0,
flight_number_time_bucket,HNL,OGG,HA,HA175.0,OGG→HNL,late_morning,,2024-01-01,2024-12-31,349,349,0,0,0.0,6,0.017192,3,0.008596,1.22,-5.0,14.4,5.56,0.0,8.0,21,0.060172,12,0.034384,7,0.020057,-1.36,0.0,0,0.0,0,0.0
flight_number_time_bucket,HNL,OGG,HA,HA179.0,OGG→HNL,night,,2024-01-01,2024-12-31,8,6,2,0,0.25,0,0.0,0,0.0,-8.83,-12.5,10.5,4.33,0.0,13.0,1,0.166667,0,0.0,0,0.0,0.83,0.0,0,,0,
flight_number_time_bucket,HNL,OGG,HA,HA185.0,OGG→HNL,late_morning,,2024-01-01,2024-12-31,305,301,4,0,0.013115,4,0.013289,0,0.0,1.63,-2.0,18.0,3.87,0.0,11.0,21,0.069767,9,0.0299,2,0.006645,-2.08,0.0,0,0.0,0,0.0
flight_number_time_bucket,HNL,OGG,HA,HA195.0,OGG→HNL,late_morning,,2024-01-01,2024-12-31,361,356,5,0,0.01385,3,0.008427,1,0.002809,2.28,-1.0,16.5,3.79,0.0,7.5,20,0.05618,7,0.019663,2,0.005618,-2.27,0.0,0,0.0,0,0.0
flight_number_time_bucket,HNL,OGG,HA,HA205.0,OGG→HNL,early_morning,,2024-01-01,2024-12-31,6,5,1,0,0.166667,0,0.0,0,0.0,0.2,0.0,5.4,0.4,0.0,1.0,0,0.0,0,0.0,0,0.0,-1.4,0.0,0,,0,
flight_number_time_bucket,HNL,OGG,HA,HA205.0,OGG→HNL,late_morning,,2024-01-01,2024-12-31,263,262,1,0,0.003802,0,0.0,0,0.0,-0.45,-2.0,12.9,2.32,0.0,8.0,9,0.034351,2,0.007634,0,0.0,-1.32,0.0,0,0.0,0,
flight_number_time_bucket,HNL,OGG,HA,HA215.0,OGG→HNL,late_morning,,2024-01-01,2024-12-31,69,68,1,0,0.014493,0,0.0,0,0.0,4.19,3.0,20.3,3.56,0.0,11.0,4,0.058824,1,0.014706,0,0.0,-3.25,0.0,0,0.0,0,
flight_number_time_bucket,HNL,OGG,HA,HA225.0,OGG→HNL,late_morning,,2024-01-01,2024-12-31,75,74,1,0,0.013333,2,0.027027,0,0.0,7.09,1.5,34.4,8.92,3.5,25.0,15,0.202703,6,0.081081,1,0.013514,-1.2,0.0,0,0.0,0,0.0
flight_number_time_bucket,HNL,OGG,HA,HA245.0,OGG→HNL,afternoon,,2024-01-01,2024-12-31,365,363,2,0,0.005479,8,0.022039,1,0.002755,5.69,1.0,19.0,7.22,2.0,16.0,39,0.107438,18,0.049587,7,0.019284,-0.9,0.0,0,0.0,0,0.0
flight_number_time_bucket,HNL,OGG,HA,HA265.0,OGG→HNL,afternoon,,2024-01-01,2024-12-31,120,117,3,0,0.025,1,0.008547,1,0.008547,5.57,1.0,18.8,6.42,1.0,14.4,11,0.094017,3,0.025641,1,0.008547,-1.77,0.0,0,0.0,0,0.0
flight_number_time_bucket,HNL,OGG,HA,HA275.0,OGG→HNL,afternoon,,2024-01-01,2024-12-31,307,306,1,0,0.003257,11,0.035948,2,0.006536,8.44,0.0,27.5,10.2,1.0,24.0,50,0.163399,23,0.075163,9,0.029412,-0.77,0.0,0,0.0,0,0.0
flight_number_time_bucket,HNL,OGG,HA,HA285.0,OGG→HNL,afternoon,,2024-01-01,2024-12-31,112,111,1,0,0.008929,3,0.027027,0,0.0,3.99,-2.0,20.0,7.13,0.0,17.0,12,0.108108,8,0.072072,4,0.036036,-0.32,0.0,0,0.0,0,0.0
flight_number_time_bucket,HNL,OGG,HA,HA295.0,OGG→HNL,afternoon,,2024-01-01,2024-12-31,336,333,3,0,0.008929,10,0.03003,2,0.006006,6.86,2.0,24.6,8.05,1.0,19.0,47,0.141141,14,0.042042,6,0.018018,-1.25,0.0,0,0.0,0,0.0
flight_number_time_bucket,HNL,OGG,HA,HA305.0,OGG→HNL,afternoon,,2024-01-01,2024-12-31,286,281,5,1,0.017483,9,0.032028,1,0.003559,5.83,0.0,28.2,10.27,2.0,31.0,56,0.199288,29,0.103203,7,0.024911,0.9,0.0,0,0.0,0,0.0
flight_number_time_bucket,HNL,OGG,HA,HA315.0,OGG→HNL,afternoon,,2024-01-01,2024-12-31,2,2,0,0,0.0,0,0.0,0,0.0,2.0,2.0,8.4,8.5,8.5,15.3,1,0.5,0,0.0,0,0.0,3.5,3.5,0,,0,
flight_number_time_bucket,HNL,OGG,HA,HA325.0,OGG→HNL,afternoon,,2024-01-01,2024-12-31,59,58,1,0,0.016949,0,0.0,0,0.0,-3.57,-5.0,9.3,2.97,0.0,9.6,2,0.034483,0,0.0,0,0.0,0.79,0.0,0,,0,
flight_number_time_bucket,HNL,OGG,HA,HA325.0,OGG→HNL,evening,,2024-01-01,2024-12-31,236,231,5,0,0.021186,3,0.012987,1,0.004329,2.32,-4.0,24.0,8.03,0.0,24.0,37,0.160173,14,0.060606,3,0.012987,0.93,0.0,0,0.0,0,0.0
flight_number_time_bucket,HNL,OGG,HA,HA335.0,OGG→HNL,evening,,2024-01-01,2024-12-31,125,123,2,0,0.016,8,0.065041,0,0.0,7.0,-2.0,36.4,10.18,0.0,29.4,25,0.203252,12,0.097561,6,0.04878,-1.05,0.0,0,0.0,0,0.0
flight_number_time_bucket,HNL,OGG,HA,HA345.0,OGG→HNL,evening,,2024-01-01,2024-12-31,277,270,7,0,0.025271,8,0.02963,0,0.0,5.78,-0.5,28.1,9.63,1.0,28.1,56,0.207407,25,0.092593,6,0.022222,0.14,0.0,0,0.0,0,0.0
flight_number_time_bucket,HNL,OGG,HA,HA355.0,OGG→HNL,evening,,2024-01-01,2024-12-31,297,296,1,0,0.003367,6,0.02027,0,0.0,2.34,-3.0,24.5,6.32,0.0,23.5,39,0.131757,19,0.064189,5,0.016892,-0.37,0.0,0,0.0,0,0.0
flight_number_time_bucket,HNL,OGG,HA,HA365.0,OGG→HNL,evening,,2024-01-01,2024-12-31,9,9,0,0,0.0,0,0.0,0,0.0,1.56,2.0,9.8,2.22,0.0,5.2,1,0.111111,0,0.0,0,0.0,-2.0,-2.0,0,,0,
flight_number_time_bucket,HNL,OGG,HA,HA375.0,OGG→HNL,evening,,2024-01-01,2024-12-31,113,109,4,0,0.035398,3,0.027523,0,0.0,2.35,-4.0,16.8,6.31,0.0,14.2,10,0.091743,5,0.045872,3,0.027523,-0.59,0.0,0,0.0,0,0.0
flight_number_time_bucket,HNL,OGG,HA,HA385.0,OGG→HNL,evening,,2024-01-01,2024-12-31,194,192,2,0,0.010309,10,0.052083,0,0.0,11.52,4.5,36.9,14.03,5.0,37.0,51,0.265625,26,0.135417,10,0.052083,-0.27,0.0,0,0.0,0,0.0
flight_number_time_bucket,HNL,OGG,HA,HA505.0,OGG→HNL,evening,,2024-01-01,2024-12-31,145,143,2,0,0.013793,1,0.006993,0,0.0,2.69,-2.0,21.8,5.48,0.0,19.0,18,0.125874,7,0.048951,2,0.013986,-0.83,0.0,0,0.0,0,0.0
flight_number_time_bucket,HNL,OGG,HA,HA515.0,OGG→HNL,evening,,2024-01-01,2024-12-31,92,91,1,0,0.01087,4,0.043956,0,0.0,10.24,4.0,37.0,9.74,0.0,36.0,17,0.186813,12,0.131868,4,0.043956,-2.29,0.0,0,0.0,0,0.0
flight_number_time_bucket,HNL,OGG,HA,HA525.0,OGG→HNL,evening,,2024-01-01,2024-12-31,54,53,1,0,0.018519,2,0.037736,0,0.0,0.47,-5.0,21.4,6.72,0.0,20.6,9,0.169811,4,0.075472,1,0.018868,0.06,0.0,0,0.0,0,0.0
flight_number_time_bucket,HNL,OGG,HA,HA525.0,OGG→HNL,night,,2024-01-01,2024-12-31,1,1,0,0,0.0,0,0.0,0,0.0,0.0,0.0,0.0,0.0,0.0,0.0,0,0.0,0,0.0,0,0.0,0.0,0.0,0,,0,
flight_number_time_bucket,HNL,OGG,HA,HA535.0,OGG→HNL,evening,,2024-01-01,2024-12-31,231,226,5,0,0.021645,4,0.017699,0,0.0,0.04,-5.0,17.0,5.57,0.0,16.0,23,0.10177,13,0.057522,5,0.022124,0.1,0.0,0,0.0,0,0.0
flight_number_time_bucket,HNL,OGG,HA,HA545.0,OGG→HNL,evening,,2024-01-01,2024-12-31,100,98,2,0,0.02,2,0.020408,0,0.0,-1.72,-5.0,11.3,4.23,0.0,9.3,7,0.071429,5,0.05102,2,0.020408,-0.2,0.0,0,0.0,0,0.0
flight_number_time_bucket,HNL,OGG,HA,HA545.0,OGG→HNL,night,,2024-01-01,2024-12-31,110,108,2,0,0.018182,4,0.037037,0,0.0,7.96,-1.0,34.6,9.86,0.0,29.0,20,0.185185,9,0.083333,4,0.037037,-1.56,0.0,0,0.0,0,0.0
flight_number_time_bucket,HNL,OGG,HA,HA555.0,OGG→HNL,night,,2024-01-01,2024-12-31,274,267,7,1,0.025547,8,0.029963,0,0.0,1.93,-4.0,18.0,6.64,0.0,19.0,30,0.11236,18,0.067416,9,0.033708,-0.36,0.0,0,0.0,0,0.0
flight_number_time_bucket,HNL,OGG,HA,HA565.0,OGG→HNL,night,,2024-01-01,2024-12-31,226,224,2,0,0.00885,6,0.026786,0,0.0,0.98,-5.0,22.7,6.48,0.0,21.8,28,0.125,15,0.066964,6,0.026786,-0.42,0.0,0,0.0,0,0.0
flight_number_time_bucket,HNL,OGG,HA,HA575.0,OGG→HNL,night,,2024-01-01,2024-12-31,117,117,0,1,0.0,6,0.051282,0,0.0,-0.17,-6.5,21.0,6.11,0.0,17.5,13,0.111111,9,0.076923,4,0.034188,-0.97,0.0,0,0.0,0,0.0
flight_number_time_bucket,HNL,OGG,HA,HA585.0,OGG→HNL,night,,2024-01-01,2024-12-31,2,2,0,0,0.0,0,0.0,0,0.0,-5.0,-5.0,-5.0,0.0,0.0,0.0,0,0.0,0,0.0,0,0.0,0.0,0.0,0,,0,
flight_number_time_bucket,HNL,OGG,WN,WN1037.0,OGG→HNL,early_morning,,2024-01-01,2024-12-31,59,56,3,0,0.050847,1,0.017857,0,0.0,-5.07,-8.0,4.0,1.7,0.0,0.0,1,0.017857,1,0.017857,1,0.017857,-0.93,0.0,0,0.0,0,0.0
flight_number_time_bucket,HNL,OGG,WN,WN1106.0,OGG→HNL,early_morning,,2024-01-01,2024-12-31,7,7,0,0,0.0,0,0.0,0,0.0,-9.43,-11.0,-2.0,1.86,0.0,5.2,0,0.0,0,0.0,0,0.0,0.43,0.0,0,,0,
flight_number_time_bucket,HNL,OGG,WN,WN1207.0,OGG→HNL,late_morning,,2024-01-01,2024-12-31,59,59,0,0,0.0,0,0.0,0,0.0,-6.81,-8.0,1.4,0.71,0.0,0.0,2,0.033898,0,0.0,0,0.0,-0.08,0.0,0,,0,
flight_number_time_bucket,HNL,OGG,WN,WN1229.0,OGG→HNL,early_morning,,2024-01-01,2024-12-31,59,59,0,0,0.0,0,0.0,0,0.0,-7.44,-9.0,-0.2,1.39,0.0,0.2,2,0.033898,1,0.016949,0,0.0,-0.27,0.0,0,0.0,0,0.0
flight_number_time_bucket,HNL,OGG,WN,WN1291.0,OGG→HNL,night,,2024-01-01,2024-12-31,59,59,0,0,0.0,0,0.0,0,0.0,-14.2,-15.0,-7.0,0.03,0.0,0.0,0,0.0,0,0.0,0,0.0,-0.1,0.0,0,,0,
flight_number_time_bucket,HNL,OGG,WN,WN1322.0,OGG→HNL,early_morning,,2024-01-01,2024-12-31,62,60,2,0,0.032258,0,0.0,0,0.0,-7.22,-9.0,-2.9,1.35,0.0,1.0,2,0.033333,1,0.016667,0,0.0,0.33,0.0,0,0.0,0,
flight_number_time_bucket,HNL,OGG,WN,WN1344.0,OGG→HNL,early_morning,,2024-01-01,2024-12-31,59,59,0,0,0.0,2,0.033898,0,0.0,-1.34,-6.0,1.2,5.12,0.0,0.2,4,0.067797,4,0.067797,2,0.033898,0.02,0.0,0,0.0,0,0.0
flight_number_time_bucket,HNL,OGG,WN,WN1399.0,OGG→HNL,late_morning,,2024-01-01,2024-12-31,59,58,1,0,0.016949,0,0.0,0,0.0,-10.14,-11.0,1.0,2.07,0.0,9.5,4,0.068966,0,0.0,0,0.0,1.47,0.0,0,,0,
flight_number_time_bucket,HNL,OGG,WN,WN1494.0,OGG→HNL,late_morning,,2024-01-01,2024-12-31,7,7,0,0,0.0,0,0.0,0,0.0,-10.86,-12.0,-4.6,0.86,0.0,2.6,0,0.0,0,0.0,0,0.0,0.86,0.0,0,,0,
flight_number_time_bucket,HNL,OGG,WN,WN1509.0,OGG→HNL,early_morning,,2024-01-01,2024-12-31,33,33,0,0,0.0,0,0.0,0,0.0,-10.33,-10.0,-6.2,0.03,0.0,0.0,0,0.0,0,0.0,0,0.0,0.03,0.0,0,,0,
flight_number_time_bucket,HNL,OGG,WN,WN1518.0,OGG→HNL,late_morning,,2024-01-01,2024-12-31,33,33,0,0,0.0,1,0.030303,0,0.0,1.0,-3.0,17.6,3.82,0.0,8.6,2,0.060606,1,0.030303,1,0.030303,-2.91,0.0,0,0.0,0,0.0
flight_number_time_bucket,HNL,OGG,WN,WN1519.0,OGG→HNL,evening,,2024-01-01,2024-12-31,33,33,0,0,0.0,0,0.0,0,0.0,-1.61,-6.0,21.8,5.64,0.0,20.4,4,0.121212,3,0.090909,0,0.0,0.15,0.0,0,0.0,0,
flight_number_time_bucket,HNL,OGG,WN,WN1523.0,OGG→HNL,early_morning,,2024-01-01,2024-12-31,30,29,1,0,0.033333,1,0.034483,0,0.0,-4.86,-10.0,11.4,4.14,0.0,4.6,3,0.103448,1,0.034483,1,0.034483,0.14,0.0,0,0.0,0,0.0
flight_number_time_bucket,HNL,OGG,WN,WN1523.0,OGG→HNL,late_morning,,2024-01-01,2024-12-31,3,3,0,0,0.0,0,0.0,0,0.0,-9.67,-9.0,-8.2,0.0,0.0,0.0,0,0.0,0,0.0,0,0.0,0.0,0.0,0,,0,
flight_number_time_bucket,HNL,OGG,WN,WN1524.0,OGG→HNL,afternoon,,2024-01-01,2024-12-31,33,33,0,0,0.0,0,0.0,0,0.0,-5.33,-11.0,7.0,4.15,0.0,12.8,2,0.060606,1,0.030303,0,0.0,0.88,0.0,0,0.0,0,0.0
flight_number_time_bucket,HNL,OGG,WN,WN1525.0,OGG→HNL,evening,,2024-01-01,2024-12-31,33,33,0,0,0.0,1,0.030303,0,0.0,-1.58,-7.0,20.6,6.88,0.0,26.2,4,0.121212,3,0.090909,1,0.030303,1.09,0.0,0,0.0,0,0.0
flight_number_time_bucket,HNL,OGG,WN,WN1526.0,OGG→HNL,evening,,2024-01-01,2024-12-31,33,33,0,0,0.0,1,0.030303,0,0.0,-5.58,-10.0,-2.2,3.76,0.0,0.8,2,0.060606,1,0.030303,1,0.030303,0.52,0.0,0,0.0,0,0.0
flight_number_time_bucket,HNL,OGG,WN,WN1527.0,OGG→HNL,evening,,2024-01-01,2024-12-31,30,30,0,0,0.0,0,0.0,0,0.0,-10.4,-12.0,-2.0,0.57,0.0,0.0,1,0.033333,0,0.0,0,0.0,0.2,0.0,0,,0,
flight_number_time_bucket,HNL,OGG,WN,WN1527.0,OGG→HNL,night,,2024-01-01,2024-12-31,2,2,0,0,0.0,0,0.0,0,0.0,-7.5,-7.5,-1.5,0.0,0.0,0.0,0,0.0,0,0.0,0,0.0,0.0,0.0,0,,0,
flight_number_time_bucket,HNL,OGG,WN,WN1528.0,OGG→HNL,night,,2024-01-01,2024-12-31,32,32,0,0,0.0,0,0.0,0,0.0,-7.62,-9.0,5.7,1.97,0.0,4.8,2,0.0625,0,0.0,0,0.0,0.28,0.0,0,,0,
flight_number_time_bucket,HNL,OGG,WN,WN1530.0,OGG→HNL,afternoon,,2024-01-01,2024-12-31,3,3,0,0,0.0,0,0.0,0,0.0,-1.0,-3.0,2.6,7.67,9.0,13.0,0,0.0,0,0.0,0,0.0,6.33,9.0,0,,0,
flight_number_time_bucket,HNL,OGG,WN,WN1530.0,OGG→HNL,late_morning,,2024-01-01,2024-12-31,30,30,0,0,0.0,1,0.033333,0,0.0,1.07,-4.0,19.1,9.93,0.5,21.7,6,0.2,2,0.066667,2,0.066667,3.0,0.0,0,0.0,0,0.0
flight_number_time_bucket,HNL,OGG,WN,WN1531.0,OGG→HNL,afternoon,,2024-01-01,2024-12-31,30,29,1,0,0.033333,1,0.034483,0,0.0,-0.41,-8.0,20.4,7.24,0.0,23.2,4,0.137931,3,0.103448,1,0.034483,-0.07,0.0,0,0.0,0,0.0
flight_number_time_bucket,HNL,OGG,WN,WN1531.0,OGG→HNL,evening,,2024-01-01,2024-12-31,3,3,0,0,0.0,0,0.0,0,0.0,-5.67,-4.0,-3.2,0.67,0.0,1.6,0,0.0,0,0.0,0,0.0,0.67,0.0,0,,0,
flight_number_time_bucket,HNL,OGG,WN,WN1676.0,OGG→HNL,afternoon,,2024-01-01,2024-12-31,59,59,0,0,0.0,1,0.016949,0,0.0,-6.17,-9.0,3.0,2.64,0.0,0.0,2,0.033898,2,0.033898,1,0.016949,-0.49,0.0,0,0.0,0,0.0
flight_number_time_bucket,HNL,OGG,WN,WN1697.0,OGG→HNL,early_morning,,2024-01-01,2024-12-31,62,59,3,0,0.048387,1,0.016949,0,0.0,-6.68,-8.0,-1.8,1.47,0.0,0.2,1,0.016949,1,0.016949,1,0.016949,0.32,0.0,0,0.0,0,0.0
flight_number_time_bucket,HNL,OGG,WN,WN1698.0,OGG→HNL,late_morning,,2024-01-01,2024-12-31,59,59,0,0,0.0,0,0.0,0,0.0,-13.64,-16.0,-8.8,1.0,0.0,0.0,2,0.033898,1,0.016949,0,0.0,0.0,0.0,0,0.0,0,
flight_number_time_bucket,HNL,OGG,WN,WN1711.0,OGG→HNL,late_morning,,2024-01-01,2024-12-31,59,59,0,0,0.0,1,0.016949,0,0.0,-7.85,-10.0,2.2,2.44,0.0,1.0,2,0.033898,2,0.033898,1,0.016949,0.15,0.0,0,0.0,0,0.0
flight_number_time_bucket,HNL,OGG,WN,WN1717.0,OGG→HNL,afternoon,,2024-01-01,2024-12-31,7,7,0,0,0.0,1,0.142857,0,0.0,9.86,-8.0,55.2,20.43,0.0,64.8,2,0.285714,2,0.285714,1,0.142857,2.86,0.0,0,0.0,0,0.0
flight_number_time_bucket,HNL,OGG,WN,WN174.0,OGG→HNL,evening,,2024-01-01,2024-12-31,58,58,0,0,0.0,1,0.017241,0,0.0,-6.22,-10.0,0.9,2.78,0.0,2.5,3,0.051724,2,0.034483,1,0.017241,0.26,0.0,0,0.0,0,0.0
flight_number_time_bucket,HNL,OGG,WN,WN1890.0,OGG→HNL,evening,,2024-01-01,2024-12-31,58,58,0,0,0.0,0,0.0,0,0.0,-5.03,-8.0,6.6,2.48,0.0,7.3,4,0.068966,2,0.034483,0,0.0,0.24,0.0,0,0.0,0,
flight_number_time_bucket,HNL,OGG,WN,WN1979.0,OGG→HNL,afternoon,,2024-01-01,2024-12-31,7,7,0,0,0.0,0,0.0,0,0.0,-1.71,-5.0,15.4,7.0,0.0,20.6,1,0.142857,1,0.142857,0,0.0,1.71,0.0,0,0.0,0,
flight_number_time_bucket,HNL,OGG,WN,WN1983.0,OGG→HNL,afternoon,,2024-01-01,2024-12-31,59,57,2,0,0.033898,3,0.052632,0,0.0,5.46,-5.0,39.0,5.6,0.0,9.4,6,0.105263,4,0.070175,2,0.035088,-5.25,0.0,0,0.0,0,0.0
flight_number_time_bucket,HNL,OGG,WN,WN2053.0,OGG→HNL,early_morning,,2024-01-01,2024-12-31,56,55,1,0,0.017857,0,0.0,0,0.0,-5.0,-9.0,6.4,3.47,0.0,3.6,4,0.072727,2,0.036364,1,0.018182,0.4,0.0,0,0.0,0,0.0
flight_number_time_bucket,HNL,OGG,WN,WN2054.0,OGG→HNL,early_morning,,2024-01-01,2024-12-31,56,55,1,0,0.017857,3,0.054545,1,0.018182,3.95,-7.0,28.6,9.82,0.0,25.4,7,0.127273,5,0.090909,3,0.054545,-0.8,0.0,0,0.0,0,0.0
flight_number_time_bucket,HNL,OGG,WN,WN2056.0,OGG→HNL,late_morning,,2024-01-01,2024-12-31,56,56,0,0,0.0,1,0.017857,1,0.017857,3.29,-4.5,20.0,8.48,0.0,23.0,9,0.160714,5,0.089286,1,0.017857,-0.23,0.0,0,0.0,0,0.0
flight_number_time_bucket,HNL,OGG,WN,WN2057.0,OGG→HNL,afternoon,,2024-01-01,2024-12-31,56,56,0,0,0.0,1,0.017857,0,0.0,-2.11,-8.0,18.5,5.54,0.0,10.0,5,0.089286,3,0.053571,1,0.017857,-0.27,0.0,0,0.0,0,0.0
flight_number_time_bucket,HNL,OGG,WN,WN2058.0,OGG→HNL,afternoon,,2024-01-01,2024-12-31,56,55,1,0,0.017857,1,0.018182,0,0.0,-1.65,-8.0,11.4,5.2,0.0,8.6,4,0.072727,2,0.036364,1,0.018182,-0.29,0.0,0,0.0,0,0.0
flight_number_time_bucket,HNL,OGG,WN,WN2062.0,OGG→HNL,evening,,2024-01-01,2024-12-31,56,56,0,0,0.0,1,0.017857,0,0.0,-6.64,-9.5,-1.5,2.98,0.0,0.0,2,0.035714,2,0.035714,1,0.017857,-0.16,0.0,0,0.0,0,0.0
flight_number_time_bucket,HNL,OGG,WN,WN2063.0,OGG→HNL,night,,2024-01-01,2024-12-31,56,56,0,0,0.0,2,0.035714,0,0.0,-4.7,-9.0,8.5,4.79,0.0,10.5,5,0.089286,3,0.053571,2,0.035714,0.25,0.0,0,0.0,0,0.0
flight_number_time_bucket,HNL,OGG,WN,WN2125.0,OGG→HNL,early_morning,,2024-01-01,2024-12-31,31,29,2,0,0.064516,0,0.0,0,0.0,-8.86,-9.0,-3.6,0.0,0.0,0.0,0,0.0,0,0.0,0,0.0,-0.24,0.0,0,,0,
flight_number_time_bucket,HNL,OGG,WN,WN2125.0,OGG→HNL,evening,,2024-01-01,2024-12-31,59,57,2,0,0.033898,0,0.0,0,0.0,8.11,2.0,39.8,11.91,0.0,35.8,18,0.315789,7,0.122807,0,0.0,-0.16,0.0,0,0.0,0,0.0
flight_number_time_bucket,HNL,OGG,WN,WN2131.0,OGG→HNL,evening,,2024-01-01,2024-12-31,7,7,0,0,0.0,0,0.0,0,0.0,6.57,-1.0,32.8,12.57,4.0,38.6,2,0.285714,2,0.285714,0,0.0,2.86,4.0,0,0.0,0,
flight_number_time_bucket,HNL,OGG,WN,WN2186.0,OGG→HNL,afternoon,,2024-01-01,2024-12-31,59,59,0,0,0.0,0,0.0,0,0.0,-0.83,-6.0,31.4,7.32,0.0,32.2,10,0.169492,6,0.101695,0,0.0,1.41,0.0,0,0.0,0,
flight_number_time_bucket,HNL,OGG,WN,WN2192.0,OGG→HNL,late_morning,,2024-01-01,2024-12-31,59,59,0,0,0.0,1,0.016949,0,0.0,-5.68,-10.0,2.0,4.02,0.0,6.0,4,0.067797,2,0.033898,2,0.033898,0.69,0.0,0,0.0,0,0.0
flight_number_time_bucket,HNL,OGG,WN,WN2242.0,OGG→HNL,late_morning,,2024-01-01,2024-12-31,62,62,0,0,0.0,1,0.016129,0,0.0,3.23,1.0,15.0,6.97,2.5,18.8,8,0.129032,2,0.032258,1,0.016129,0.95,0.0,0,0.0,0,0.0
flight_number_time_bucket,HNL,OGG,WN,WN2281.0,OGG→HNL,afternoon,,2024-01-01,2024-12-31,59,59,0,0,0.0,2,0.033898,1,0.016949,-5.24,-11.0,-3.0,5.83,0.0,0.2,3,0.050847,3,0.050847,2,0.033898,0.49,0.0,0,0.0,0,0.0
flight_number_time_bucket,HNL,OGG,WN,WN2343.0,OGG→HNL,late_morning,,2024-01-01,2024-12-31,31,31,0,0,0.0,0,0.0,0,0.0,-8.87,-11.0,-2.0,1.65,0.0,0.0,1,0.032258,1,0.032258,0,0.0,-0.1,0.0,0,0.0,0,
flight_number_time_bucket,HNL,OGG,WN,WN2403.0,OGG→HNL,evening,,2024-01-01,2024-12-31,7,7,0,0,0.0,0,0.0,0,0.0,-14.43,-14.0,-10.8,0.0,0.0,0.0,0,0.0,0,0.0,0,0.0,0.0,0.0,0,,0,
flight_number_time_bucket,HNL,OGG,WN,WN2422.0,OGG→HNL,evening,,2024-01-01,2024-12-31,59,58,1,0,0.016949,0,0.0,0,0.0,3.26,-6.0,40.2,9.74,0.0,38.3,14,0.241379,8,0.137931,0,0.0,-0.05,0.0,0,0.0,0,
flight_number_time_bucket,HNL,OGG,WN,WN2433.0,OGG→HNL,evening,,2024-01-01,2024-12-31,59,59,0,0,0.0,0,0.0,0,0.0,-9.29,-10.0,-1.8,1.08,0.0,0.0,2,0.033898,0,0.0,0,0.0,0.08,0.0,0,,0,
flight_number_time_bucket,HNL,OGG,WN,WN2533.0,OGG→HNL,night,,2024-01-01,2024-12-31,7,7,0,0,0.0,0,0.0,0,0.0,-9.43,-12.0,-2.6,1.14,0.0,3.2,0,0.0,0,0.0,0,0.0,0.57,0.0,0,,0,
flight_number_time_bucket,HNL,OGG,WN,WN2535.0,OGG→HNL,afternoon,,2024-01-01,2024-12-31,7,7,0,0,0.0,0,0.0,0,0.0,1.29,-1.0,8.6,3.86,1.0,12.2,0,0.0,0,0.0,0,0.0,0.71,0.0,0,,0,
flight_number_time_bucket,HNL,OGG,WN,WN2541.0,OGG→HNL,night,,2024-01-01,2024-12-31,59,59,0,0,0.0,0,0.0,0,0.0,-7.68,-10.0,3.4,0.56,0.0,0.0,0,0.0,0,0.0,0,0.0,-0.49,0.0,0,,0,
flight_number_time_bucket,HNL,OGG,WN,WN2573.0,OGG→HNL,evening,,2024-01-01,2024-12-31,59,59,0,0,0.0,1,0.016949,0,0.0,-11.83,-14.0,-7.8,1.66,0.0,0.0,1,0.016949,1,0.016949,1,0.016949,0.36,0.0,0,0.0,0,0.0
flight_number_time_bucket,HNL,OGG,WN,WN2595.0,OGG→HNL,evening,,2024-01-01,2024-12-31,30,29,1,0,0.033333,0,0.0,0,0.0,-10.79,-13.0,-5.0,1.45,0.0,0.0,1,0.034483,1,0.034483,0,0.0,0.31,0.0,0,0.0,0,
flight_number_time_bucket,HNL,OGG,WN,WN2626.0,OGG→HNL,afternoon,,2024-01-01,2024-12-31,59,59,0,0,0.0,0,0.0,0,0.0,-7.68,-8.0,1.0,0.98,0.0,1.0,1,0.016949,1,0.016949,0,0.0,0.39,0.0,0,0.0,0,
flight_number_time_bucket,HNL,OGG,WN,WN2642.0,OGG→HNL,afternoon,,2024-01-01,2024-12-31,62,62,0,0,0.0,1,0.016129,0,0.0,0.1,-8.0,26.3,9.48,0.0,36.2,10,0.16129,7,0.112903,3,0.048387,2.39,0.0,0,0.0,0,0.0
flight_number_time_bucket,HNL,OGG,WN,WN2840.0,OGG→HNL,early_morning,,2024-01-01,2024-12-31,31,31,0,0,0.0,0,0.0,0,0.0,-7.45,-8.0,-2.0,0.84,0.0,2.0,0,0.0,0,0.0,0,0.0,0.32,0.0,0,,0,
flight_number_time_bucket,HNL,OGG,WN,WN2849.0,OGG→HNL,late_morning,,2024-01-01,2024-12-31,31,31,0,0,0.0,1,0.032258,0,0.0,-5.74,-12.0,-3.0,5.26,0.0,0.0,1,0.032258,1,0.032258,1,0.032258,0.35,0.0,0,0.0,0,0.0
flight_number_time_bucket,HNL,OGG,WN,WN2919.0,OGG→HNL,afternoon,,2024-01-01,2024-12-31,59,59,0,0,0.0,0,0.0,0,0.0,-7.59,-10.0,6.4,1.49,0.0,1.0,3,0.050847,0,0.0,0,0.0,-0.17,0.0,0,,0,
flight_number_time_bucket,HNL,OGG,WN,WN3142.0,OGG→HNL,evening,,2024-01-01,2024-12-31,62,62,0,0,0.0,1,0.016129,0,0.0,-2.24,-7.0,3.8,5.19,0.0,2.0,5,0.080645,5,0.080645,1,0.016129,0.32,0.0,0,0.0,0,0.0
flight_number_time_bucket,HNL,OGG,WN,WN3198.0,OGG→HNL,afternoon,,2024-01-01,2024-12-31,58,58,0,0,0.0,0,0.0,0,0.0,-3.36,-6.5,6.0,3.17,0.0,8.0,4,0.068966,3,0.051724,0,0.0,0.02,0.0,0,0.0,0,
flight_number_time_bucket,HNL,OGG,WN,WN3237.0,OGG→HNL,evening,,2024-01-01,2024-12-31,62,61,1,0,0.016129,0,0.0,0,0.0,-7.9,-10.0,-1.0,2.1,0.0,2.0,3,0.04918,1,0.016393,0,0.0,0.52,0.0,0,0.0,0,
flight_number_time_bucket,HNL,OGG,WN,WN3348.0,OGG→HNL,evening,,2024-01-01,2024-12-31,62,61,1,0,0.016129,1,0.016393,0,0.0,-3.18,-8.0,15.0,5.84,0.0,13.0,6,0.098361,2,0.032787,1,0.016393,1.33,0.0,0,0.0,0,0.0
flight_number_time_bucket,HNL,OGG,WN,WN3414.0,OGG→HNL,afternoon,,2024-01-01,2024-12-31,31,31,0,0,0.0,0,0.0,0,0.0,-9.29,-10.0,-1.0,0.77,0.0,1.0,1,0.032258,0,0.0,0,0.0,0.35,0.0,0,,0,
flight_number_time_bucket,HNL,OGG,WN,WN3457.0,OGG→HNL,night,,2024-01-01,2024-12-31,62,62,0,0,0.0,0,0.0,0,0.0,-10.32,-11.0,-6.0,0.42,0.0,0.0,1,0.016129,0,0.0,0,0.0,-0.34,0.0,0,,0,
flight_number_time_bucket,HNL,OGG,WN,WN3611.0,OGG→HNL,afternoon,,2024-01-01,2024-12-31,59,59,0,1,0.0,6,0.101695,0,0.0,18.71,11.5,60.5,14.4,6.0,33.3,21,0.355932,10,0.169492,2,0.033898,-6.59,0.0,0,0.0,0,0.0
flight_number_time_bucket,HNL,OGG,WN,WN3687.0,OGG→HNL,late_morning,,2024-01-01,2024-12-31,59,58,1,0,0.016949,2,0.034483,0,0.0,-3.95,-10.0,21.5,4.36,0.0,6.3,4,0.068966,3,0.051724,2,0.034483,-1.03,0.0,0,0.0,0,0.0
flight_number_time_bucket,HNL,OGG,WN,WN3700.0,OGG→HNL,evening,,2024-01-01,2024-12-31,59,59,0,0,0.0,0,0.0,0,0.0,-1.34,-6.0,20.0,4.47,0.0,20.2,7,0.118644,2,0.033898,0,0.0,-0.85,0.0,0,0.0,0,
flight_number_time_bucket,HNL,OGG,WN,WN3718.0,OGG→HNL,afternoon,,2024-01-01,2024-12-31,31,30,1,0,0.032258,0,0.0,0,0.0,-8.63,-9.0,-4.0,1.07,0.0,0.1,1,0.033333,0,0.0,0,0.0,0.27,0.0,0,,0,
flight_number_time_bucket,HNL,OGG,WN,WN3742.0,OGG→HNL,evening,,2024-01-01,2024-12-31,31,31,0,0,0.0,0,0.0,0,0.0,-8.87,-9.0,-5.0,0.61,0.0,0.0,1,0.032258,0,0.0,0,0.0,-0.16,0.0,0,,0,
flight_number_time_bucket,HNL,OGG,WN,WN3744.0,OGG→HNL,evening,,2024-01-01,2024-12-31,1,1,0,0,0.0,0,0.0,0,0.0,-9.0,-9.0,-9.0,0.0,0.0,0.0,0,0.0,0,0.0,0,0.0,0.0,0.0,0,,0,
flight_number_time_bucket,HNL,OGG,WN,WN3753.0,OGG→HNL,late_morning,,2024-01-01,2024-12-31,7,7,0,0,0.0,1,0.142857,0,0.0,6.71,-8.0,35.2,15.14,0.0,42.4,1,0.142857,1,0.142857,1,0.142857,0.86,0.0,0,0.0,0,0.0
flight_number_time_bucket,HNL,OGG,WN,WN3760.0,OGG→HNL,evening,,2024-01-01,2024-12-31,7,7,0,0,0.0,0,0.0,0,0.0,-7.71,-9.0,-3.6,0.0,0.0,0.0,0,0.0,0,0.0,0,0.0,-0.43,0.0,0,,0,
flight_number_time_bucket,HNL,OGG,WN,WN3903.0,OGG→HNL,afternoon,,2024-01-01,2024-12-31,31,31,0,0,0.0,0,0.0,0,0.0,-10.48,-11.0,-6.0,0.0,0.0,0.0,0,0.0,0,0.0,0,0.0,0.0,0.0,0,,0,
flight_number_time_bucket,HNL,OGG,WN,WN3994.0,OGG→HNL,afternoon,,2024-01-01,2024-12-31,62,62,0,0,0.0,11,0.177419,2,0.032258,26.13,7.0,69.7,31.87,10.5,74.8,29,0.467742,23,0.370968,13,0.209677,1.82,1.0,0,0.0,0,0.0
flight_number_time_bucket,HNL,OGG,WN,WN4063.0,OGG→HNL,evening,,2024-01-01,2024-12-31,58,57,1,0,0.017241,0,0.0,0,0.0,-7.47,-9.0,-1.6,1.26,0.0,0.0,3,0.052632,0,0.0,0,0.0,0.12,0.0,0,,0,
flight_number_time_bucket,HNL,OGG,WN,WN4172.0,OGG→HNL,evening,,2024-01-01,2024-12-31,31,31,0,0,0.0,0,0.0,0,0.0,-9.26,-11.0,-4.0,0.13,0.0,0.0,0,0.0,0,0.0,0,0.0,-0.1,0.0,0,,0,
flight_number_time_bucket,HNL,OGG,WN,WN4173.0,OGG→HNL,evening,,2024-01-01,2024-12-31,1,1,0,0,0.0,0,0.0,0,0.0,-14.0,-14.0,-14.0,0.0,0.0,0.0,0,0.0,0,0.0,0,0.0,0.0,0.0,0,,0,
flight_number_time_bucket,HNL,OGG,WN,WN4279.0,OGG→HNL,night,,2024-01-01,2024-12-31,58,58,0,0,0.0,0,0.0,0,0.0,-11.48,-12.0,-5.0,0.17,0.0,0.0,0,0.0,0,0.0,0,0.0,0.07,0.0,0,,0,
flight_number_time_bucket,HNL,OGG,WN,WN4430.0,OGG→HNL,evening,,2024-01-01,2024-12-31,59,59,0,0,0.0,0,0.0,0,0.0,-8.78,-11.0,0.6,1.95,0.0,0.0,2,0.033898,1,0.016949,0,0.0,0.29,0.0,0,0.0,0,
flight_number_time_bucket,HNL,OGG,WN,WN4591.0,OGG→HNL,night,,2024-01-01,2024-12-31,30,30,0,0,0.0,0,0.0,0,0.0,-12.23,-16.0,-1.3,1.7,0.0,0.0,1,0.033333,1,0.033333,0,0.0,-0.23,0.0,0,0.0,0,
flight_number_time_bucket,HNL,OGG,WN,WN4646.0,OGG→HNL,early_morning,,2024-01-01,2024-12-31,58,58,0,0,0.0,0,0.0,0,0.0,-9.03,-10.0,-4.0,0.79,0.0,0.0,1,0.017241,1,0.017241,0,0.0,0.19,0.0,0,0.0,0,
flight_number_time_bucket,HNL,OGG,WN,WN4726.0,OGG→HNL,evening,,2024-01-01,2024-12-31,62,62,0,0,0.0,1,0.016129,0,0.0,-2.4,-8.0,22.3,5.37,0.0,16.7,7,0.112903,5,0.080645,1,0.016129,0.34,0.0,0,0.0,0,0.0
flight_number_time_bucket,HNL,OGG,WN,WN4729.0,OGG→HNL,late_morning,,2024-01-01,2024-12-31,62,60,2,0,0.032258,0,0.0,0,0.0,-0.02,-2.0,11.0,3.1,0.0,9.0,2,0.033333,2,0.033333,0,0.0,-1.13,0.0,0,0.0,0,
flight_number_time_bucket,HNL,OGG,WN,WN5136.0,OGG→HNL,evening,,2024-01-01,2024-12-31,56,55,1,0,0.017857,0,0.0,0,0.0,-5.31,-8.0,2.0,2.24,0.0,4.2,3,0.054545,1,0.018182,0,0.0,0.22,0.0,0,0.0,0,
flight_number_time_bucket,HNL,OGG,WN,WN5218.0,OGG→HNL,night,,2024-01-01,2024-12-31,1,1,0,0,0.0,0,0.0,0,0.0,-34.0,-34.0,-34.0,0.0,0.0,0.0,0,0.0,0,0.0,0,0.0,0.0,0.0,0,,0,
flight_number_time_bucket,HNL,OGG,WN,WN5353.0,OGG→HNL,night,,2024-01-01,2024-12-31,1,1,0,0,0.0,0,0.0,0,0.0,-29.0,-29.0,-29.0,0.0,0.0,0.0,0,0.0,0,0.0,0,0.0,0.0,0.0,0,,0,
flight_number_time_bucket,HNL,OGG,WN,WN5532.0,OGG→HNL,evening,,2024-01-01,2024-12-31,56,56,0,0,0.0,2,0.035714,0,0.0,-4.29,-9.5,0.5,4.14,0.0,2.5,3,0.053571,2,0.035714,2,0.035714,0.0,0.0,0,0.0,0,0.0
flight_number_time_bucket,HNL,OGG,WN,WN569.0,OGG→HNL,early_morning,,2024-01-01,2024-12-31,59,58,1,0,0.016949,0,0.0,0,0.0,-7.66,-8.0,-1.7,0.33,0.0,0.3,0,0.0,0,0.0,0,0.0,0.12,0.0,0,,0,
flight_number_time_bucket,HNL,OGG,WN,WN5717.0,OGG→HNL,evening,,2024-01-01,2024-12-31,56,55,1,0,0.017857,0,0.0,0,0.0,-6.04,-6.0,2.2,0.73,0.0,0.0,1,0.018182,0,0.0,0,0.0,-0.25,0.0,0,,0,
flight_number_time_bucket,HNL,OGG,WN,WN5999.0,OGG→HNL,late_morning,,2024-01-01,2024-12-31,56,55,1,0,0.017857,2,0.036364,0,0.0,4.49,-1.0,19.6,3.96,0.0,15.2,6,0.109091,1,0.018182,1,0.018182,-5.11,0.0,0,0.0,0,0.0
flight_number_time_bucket,HNL,OGG,WN,WN693.0,OGG→HNL,early_morning,,2024-01-01,2024-12-31,7,7,0,0,0.0,0,0.0,0,0.0,-9.14,-11.0,-4.4,0.0,0.0,0.0,0,0.0,0,0.0,0,0.0,-0.14,0.0,0,,0,
flight_number_time_bucket,HNL,OGG,WN,WN816.0,OGG→HNL,early_morning,,2024-01-01,2024-12-31,59,59,0,0,0.0,0,0.0,0,0.0,-6.95,-8.0,-0.8,0.31,0.0,0.0,0,0.0,0,0.0,0,0.0,0.0,0.0,0,,0,
flight_number_time_bucket,HNL,OGG,WN,WN892.0,OGG→HNL,afternoon,,2024-01-01,2024-12-31,59,59,0,0,0.0,2,0.033898,0,0.0,-8.41,-12.0,2.2,3.59,0.0,3.0,4,0.067797,2,0.033898,2,0.033898,0.68,0.0,0,0.0,0,0.0
flight_number_time_bucket,HNL,ONT,HA,HA1079.0,ONT→HNL,early_morning,,2024-01-01,2024-12-31,2,2,0,0,0.0,0,0.0,0,0.0,10.5,10.5,38.1,25.0,25.0,45.0,1,0.5,1,0.5,0,0.0,2.5,2.5,0,0.0,0,
flight_number_time_bucket,HNL,ONT,HA,HA79.0,ONT→HNL,early_morning,,2024-01-01,2024-12-31,71,70,1,0,0.014085,6,0.085714,2,0.028571,23.71,3.5,51.8,21.96,0.0,28.5,12,0.171429,7,0.1,2,0.028571,-7.74,0.0,0,0.0,0,0.0
flight_number_time_bucket,HNL,ONT,HA,HA79.0,ONT→HNL,late_morning,,2024-01-01,2024-12-31,295,294,1,2,0.00339,9,0.030612,3,0.010204,2.15,-3.0,22.0,8.29,0.0,12.0,23,0.078231,15,0.05102,10,0.034014,-2.3,0.0,0,0.0,0,0.0
flight_number_time_bucket,HNL,ORD,UA,UA2053.0,ORD→HNL,afternoon,,2024-01-01,2024-12-31,13,13,0,0,0.0,1,0.076923,0,0.0,-10.62,-19.0,5.0,10.92,4.0,13.8,1,0.076923,1,0.076923,1,0.076923,4.69,4.0,0,0.0,0,0.0
flight_number_time_bucket,HNL,ORD,UA,UA219.0,ORD→HNL,late_morning,,2024-01-01,2024-12-31,366,365,1,0,0.002732,12,0.032877,2,0.005479,-10.27,-16.0,24.6,9.87,0.0,23.6,54,0.147945,28,0.076712,17,0.046575,1.91,0.0,6,0.193548,2,0.117647
flight_number_time_bucket,HNL,PAE,AS,AS819.0,PAE→HNL,late_morning,,2024-01-01,2024-12-31,66,60,6,10,0.090909,4,0.066667,0,0.0,9.22,4.5,45.4,4.76,0.0,18.0,6,0.1,4,0.066667,0,0.0,-10.84,-2.5,0,0.0,0,
flight_number_time_bucket,HNL,PAE,AS,AS850.0,PAE→HNL,early_morning,,2024-01-01,2024-12-31,13,13,0,0,0.0,1,0.076923,0,0.0,5.69,0.0,34.6,8.0,0.0,11.0,1,0.076923,1,0.076923,1,0.076923,-4.46,0.0,0,0.0,0,0.0
flight_number_time_bucket,HNL,PAE,AS,AS850.0,PAE→HNL,late_morning,,2024-01-01,2024-12-31,70,69,1,0,0.014286,2,0.028986,0,0.0,-3.04,-13.0,31.8,8.64,0.0,20.4,8,0.115942,6,0.086957,3,0.043478,-1.75,0.0,1,0.166667,0,0.0
flight_number_time_bucket,HNL,PDX,AS,AS883.0,PDX→HNL,early_morning,,2024-01-01,2024-12-31,1,0,1,0,1.0,0,,0,,,,,,,,0,,0,,0,,,,0,,0,
flight_number_time_bucket,HNL,PDX,AS,AS889.0,PDX→HNL,early_morning,,2024-01-01,2024-12-31,345,336,9,3,0.026087,4,0.011905,0,0.0,-2.18,-7.0,22.0,5.24,0.0,13.8,28,0.083333,15,0.044643,5,0.014881,-1.49,0.0,1,0.0625,0,0.0
flight_number_time_bucket,HNL,PDX,AS,AS889.0,PDX→HNL,evening,,2024-01-01,2024-12-31,7,7,0,0,0.0,0,0.0,0,0.0,-11.86,-12.0,6.6,5.86,0.0,15.6,1,0.142857,0,0.0,0,0.0,3.43,0.0,1,1.0,0,
flight_number_time_bucket,HNL,PDX,AS,AS889.0,PDX→HNL,late_morning,,2024-01-01,2024-12-31,13,13,0,0,0.0,1,0.076923,0,0.0,12.92,5.0,34.6,11.0,0.0,27.6,2,0.153846,2,0.153846,1,0.076923,-3.31,-4.0,1,0.5,0,0.0
flight_number_time_bucket,HNL,PDX,HA,HA1025.0,PDX→HNL,early_morning,,2024-01-01,2024-12-31,1,1,0,0,0.0,0,0.0,0,0.0,13.0,13.0,13.0,37.0,37.0,37.0,1,1.0,1,1.0,0,0.0,24.0,24.0,1,1.0,0,
flight_number_time_bucket,HNL,PDX,HA,HA1025.0,PDX→HNL,late_morning,,2024-01-01,2024-12-31,1,1,0,0,0.0,0,0.0,0,0.0,27.0,27.0,27.0,17.0,17.0,17.0,1,1.0,0,0.0,0,0.0,-10.0,-10.0,0,,0,
flight_number_time_bucket,HNL,PDX,HA,HA25.0,PDX→HNL,early_morning,,2024-01-01,2024-12-31,307,305,2,0,0.006515,18,0.059016,5,0.016393,18.07,4.0,39.6,19.69,0.0,28.0,50,0.163934,29,0.095082,19,0.062295,-3.51,0.0,0,0.0,0,0.0
flight_number_time_bucket,HNL,PDX,HA,HA49.0,PDX→HNL,early_morning,,2024-01-01,2024-12-31,59,59,0,0,0.0,3,0.050847,1,0.016949,11.95,3.0,44.0,16.71,2.0,39.0,11,0.186441,8,0.135593,4,0.067797,-1.86,0.0,0,0.0,0,0.0
flight_number_time_bucket,HNL,PHX,AA,AA692.0,PHX→HNL,afternoon,,2024-01-01,2024-12-31,13,13,0,0,0.0,0,0.0,0,0.0,-20.15,-23.0,3.0,6.15,0.0,14.2,1,0.076923,1,0.076923,0,0.0,4.69,0.0,1,1.0,0,
flight_number_time_bucket,HNL,PHX,AA,AA692.0,PHX→HNL,late_morning,,2024-01-01,2024-12-31,348,348,0,1,0.0,8,0.022989,1,0.002874,-4.35,-8.0,23.0,7.0,0.0,17.4,41,0.117816,21,0.060345,5,0.014368,-0.53,0.0,2,0.095238,0,0.0
flight_number_time_bucket,HNL,PHX,AA,AA694.0,PHX→HNL,afternoon,,2024-01-01,2024-12-31,131,131,0,0,0.0,9,0.068702,0,0.0,2.34,-7.0,45.0,13.89,0.0,46.0,29,0.221374,20,0.152672,11,0.083969,1.02,0.0,1,0.047619,0,0.0
flight_number_time_bucket,HNL,PHX,HA,HA35.0,PHX→HNL,early_morning,,2024-01-01,2024-12-31,366,365,1,1,0.002732,8,0.021918,3,0.008219,5.58,-3.0,24.0,10.47,0.0,11.7,25,0.068493,13,0.035616,8,0.021918,-3.32,0.0,2,0.133333,0,0.0
flight_number_time_bucket,HNL,PHX,WN,WN1401.0,PHX→HNL,late_morning,,2024-01-01,2024-12-31,59,59,0,0,0.0,0,0.0,0,0.0,-8.9,-8.0,7.6,4.31,0.0,10.2,4,0.067797,1,0.016949,0,0.0,2.78,0.0,0,0.0,0,
flight_number_time_bucket,HNL,PHX,WN,WN1417.0,PHX→HNL,late_morning,,2024-01-01,2024-12-31,62,62,0,4,0.0,4,0.064516,0,0.0,-0.95,-7.5,34.9,11.98,2.0,32.6,12,0.193548,6,0.096774,4,0.064516,3.16,1.5,0,0.0,0,0.0
flight_number_time_bucket,HNL,PHX,WN,WN1532.0,PHX→HNL,late_morning,,2024-01-01,2024-12-31,33,33,0,0,0.0,0,0.0,0,0.0,-6.76,-10.0,14.8,7.27,1.0,17.4,4,0.121212,2,0.060606,0,0.0,3.33,0.0,1,0.5,0,
flight_number_time_bucket,HNL,PHX,WN,WN1540.0,PHX→HNL,afternoon,,2024-01-01,2024-12-31,3,3,0,0,0.0,0,0.0,0,0.0,-4.0,-4.0,1.6,2.0,0.0,4.8,0,0.0,0,0.0,0,0.0,1.0,0.0,0,,0,
flight_number_time_bucket,HNL,PHX,WN,WN1540.0,PHX→HNL,late_morning,,2024-01-01,2024-12-31,30,30,0,0,0.0,1,0.033333,0,0.0,1.13,-5.5,32.0,12.37,0.5,33.0,6,0.2,4,0.133333,2,0.066667,1.8,0.0,1,0.25,0,0.0
flight_number_time_bucket,HNL,PHX,WN,WN1623.0,PHX→HNL,late_morning,,2024-01-01,2024-12-31,62,62,0,11,0.0,3,0.048387,1,0.016129,2.31,-8.0,21.0,16.76,0.0,32.0,10,0.16129,8,0.129032,3,0.048387,3.65,0.0,0,0.0,0,0.0
flight_number_time_bucket,HNL,PHX,WN,WN1752.0,PHX→HNL,late_morning,,2024-01-01,2024-12-31,59,59,0,4,0.0,0,0.0,0,0.0,-15.69,-22.0,13.6,8.2,0.0,21.2,9,0.152542,4,0.067797,2,0.033898,4.45,0.0,1,0.25,1,0.333333
flight_number_time_bucket,HNL,PHX,WN,WN2344.0,PHX→HNL,late_morning,,2024-01-01,2024-12-31,31,31,0,0,0.0,1,0.032258,0,0.0,-1.74,-8.0,23.0,9.68,1.0,38.0,6,0.193548,4,0.129032,1,0.032258,2.03,0.0,0,0.0,0,0.0
flight_number_time_bucket,HNL,PHX,WN,WN3301.0,PHX→HNL,late_morning,,2024-01-01,2024-12-31,59,59,0,4,0.0,1,0.016949,0,0.0,11.53,10.0,31.2,5.82,0.0,16.6,8,0.135593,4,0.067797,0,0.0,-8.87,-7.0,0,0.0,0,
flight_number_time_bucket,HNL,PHX,WN,WN3379.0,PHX→HNL,late_morning,,2024-01-01,2024-12-31,7,7,0,0,0.0,0,0.0,0,0.0,-6.57,-5.0,8.4,8.0,1.0,20.4,1,0.142857,1,0.142857,0,0.0,4.71,1.0,1,1.0,0,
flight_number_time_bucket,HNL,PHX,WN,WN5278.0,PHX→HNL,late_morning,,2024-01-01,2024-12-31,56,56,0,0,0.0,1,0.017857,0,0.0,0.71,-2.0,25.5,9.14,2.0,30.0,12,0.214286,6,0.107143,1,0.017857,1.43,0.0,3,0.5,0,0.0
flight_number_time_bucket,HNL,PPG,HA,HA466.0,PPG→HNL,night,,2024-01-01,2024-12-31,125,125,0,0,0.0,7,0.056,3,0.024,15.55,-3.0,27.8,22.53,1.0,29.0,21,0.168,12,0.096,6,0.048,0.87,0.0,0,0.0,0,0.0
flight_number_time_bucket,HNL,SAN,AS,AS1109.0,SAN→HNL,evening,,2024-01-01,2024-12-31,68,68,0,0,0.0,5,0.073529,0,0.0,1.5,-10.0,29.4,13.43,0.0,39.4,12,0.176471,8,0.117647,5,0.073529,0.9,0.0,0,0.0,0,0.0
flight_number_time_bucket,HNL,SAN,AS,AS164.0,SAN→HNL,late_morning,,2024-01-01,2024-12-31,5,5,0,0,0.0,0,0.0,0,0.0,12.0,28.0,32.8,26.0,31.0,49.6,3,0.6,3,0.6,0,0.0,5.6,3.0,1,0.333333,0,
flight_number_time_bucket,HNL,SAN,AS,AS220.0,SAN→HNL,late_morning,,2024-01-01,2024-12-31,1,1,0,0,0.0,0,0.0,0,0.0,26.0,26.0,26.0,51.0,51.0,51.0,1,1.0,1,1.0,0,0.0,25.0,25.0,0,0.0,0,
flight_number_time_bucket,HNL,SAN,AS,AS891.0,SAN→HNL,afternoon,,2024-01-01,2024-12-31,1,1,0,0,0.0,0,0.0,0,0.0,52.0,52.0,52.0,41.0,41.0,41.0,1,1.0,1,1.0,0,0.0,-11.0,-11.0,0,0.0,0,
flight_number_time_bucket,HNL,SAN,AS,AS891.0,SAN→HNL,late_morning,,2024-01-01,2024-12-31,2,2,0,0,0.0,0,0.0,0,0.0,-12.0,-12.0,-9.6,6.5,6.5,7.7,0,0.0,0,0.0,0,0.0,6.5,6.5,0,,0,
flight_number_time_bucket,HNL,SAN,AS,AS895.0,SAN→HNL,late_morning,,2024-01-01,2024-12-31,357,344,13,13,0.036415,18,0.052326,3,0.008721,9.05,1.0,44.0,14.53,3.0,38.0,79,0.229651,44,0.127907,18,0.052326,-0.88,0.0,6,0.133333,0,0.0
flight_number_time_bucket,HNL,SAN,AS,AS897.0,SAN→HNL,early_morning,,2024-01-01,2024-12-31,1,1,0,0,0.0,0,0.0,0,0.0,-8.0,-8.0,-8.0,3.0,3.0,3.0,0,0.0,0,0.0,0,0.0,3.0,3.0,0,,0,
flight_number_time_bucket,HNL,SAN,AS,AS897.0,SAN→HNL,evening,,2024-01-01,2024-12-31,133,133,0,0,0.0,5,0.037594,1,0.007519,-6.31,-12.0,21.8,7.47,0.0,18.8,16,0.120301,9,0.067669,3,0.022556,-0.11,0.0,2,0.222222,0,0.0
flight_number_time_bucket,HNL,SAN,HA,HA15.0,SAN→HNL,early_morning,,2024-01-01,2024-12-31,104,104,0,0,0.0,13,0.125,3,0.028846,24.51,9.5,67.4,21.99,2.5,59.2,30,0.288462,17,0.163462,11,0.105769,-6.71,-0.5,0,0.0,0,0.0
flight_number_time_bucket,HNL,SAN,HA,HA15.0,SAN→HNL,late_morning,,2024-01-01,2024-12-31,262,260,2,1,0.007634,23,0.088462,5,0.019231,27.96,14.0,55.2,23.08,1.0,45.0,66,0.253846,44,0.169231,18,0.069231,-7.23,-4.0,2,0.043478,0,0.0
flight_number_time_bucket,HNL,SAN,WN,WN1131.0,SAN→HNL,early_morning,,2024-01-01,2024-12-31,59,59,0,0,0.0,5,0.084746,1,0.016949,-6.97,-28.0,40.6,15.92,0.0,23.6,7,0.118644,5,0.084746,3,0.050847,-1.81,0.0,0,0.0,0,0.0
flight_number_time_bucket,HNL,SAN,WN,WN1533.0,SAN→HNL,afternoon,,2024-01-01,2024-12-31,33,33,0,0,0.0,3,0.090909,0,0.0,-1.27,-11.0,37.0,15.03,0.0,50.6,8,0.242424,4,0.121212,2,0.060606,3.88,0.0,0,0.0,0,0.0
flight_number_time_bucket,HNL,SAN,WN,WN1706.0,SAN→HNL,afternoon,,2024-01-01,2024-12-31,59,59,0,2,0.0,0,0.0,0,0.0,8.09,7.0,33.8,7.93,1.0,29.8,12,0.20339,6,0.101695,0,0.0,-4.61,0.0,1,0.166667,0,
flight_number_time_bucket,HNL,SAN,WN,WN1736.0,SAN→HNL,afternoon,,2024-01-01,2024-12-31,7,7,0,0,0.0,0,0.0,0,0.0,4.0,9.0,22.0,14.43,6.0,37.4,2,0.285714,2,0.285714,0,0.0,3.86,0.0,1,0.5,0,
flight_number_time_bucket,HNL,SAN,WN,WN2065.0,SAN→HNL,late_morning,,2024-01-01,2024-12-31,56,56,0,1,0.0,2,0.035714,0,0.0,6.58,1.0,35.8,10.31,3.0,30.8,14,0.25,6,0.107143,2,0.035714,-1.53,0.0,0,0.0,0,0.0
flight_number_time_bucket,HNL,SAN,WN,WN2066.0,SAN→HNL,afternoon,,2024-01-01,2024-12-31,56,56,0,0,0.0,8,0.142857,0,0.0,10.77,-5.0,63.0,19.52,5.0,62.5,22,0.392857,11,0.196429,6,0.107143,1.68,0.0,0,0.0,0,0.0
flight_number_time_bucket,HNL,SAN,WN,WN2372.0,SAN→HNL,late_morning,,2024-01-01,2024-12-31,31,31,0,0,0.0,3,0.096774,0,0.0,2.58,-9.0,31.0,10.26,0.0,27.0,4,0.129032,2,0.064516,1,0.032258,-3.55,0.0,0,0.0,0,0.0
flight_number_time_bucket,HNL,SAN,WN,WN2669.0,SAN→HNL,afternoon,,2024-01-01,2024-12-31,59,59,0,1,0.0,8,0.135593,0,0.0,3.31,-11.5,77.1,26.48,7.0,100.1,20,0.338983,13,0.220339,9,0.152542,8.6,4.5,2,0.153846,0,0.0
flight_number_time_bucket,HNL,SAN,WN,WN2787.0,SAN→HNL,late_morning,,2024-01-01,2024-12-31,33,33,0,0,0.0,0,0.0,0,0.0,-15.12,-20.0,10.0,5.48,0.0,16.0,6,0.181818,1,0.030303,0,0.0,3.3,0.0,1,1.0,0,
flight_number_time_bucket,HNL,SAN,WN,WN2902.0,SAN→HNL,afternoon,,2024-01-01,2024-12-31,62,62,0,1,0.0,2,0.032258,0,0.0,6.69,0.0,36.0,21.48,16.0,46.0,31,0.5,17,0.274194,3,0.048387,8.52,7.0,4,0.235294,0,0.0
flight_number_time_bucket,HNL,SAN,WN,WN3575.0,SAN→HNL,early_morning,,2024-01-01,2024-12-31,59,59,0,3,0.0,1,0.016949,0,0.0,6.59,3.5,26.0,2.27,0.0,8.5,3,0.050847,1,0.016949,0,0.0,-9.12,-2.5,0,0.0,0,
flight_number_time_bucket,HNL,SAN,WN,WN3810.0,SAN→HNL,afternoon,,2024-01-01,2024-12-31,31,30,1,0,0.032258,3,0.1,0,0.0,9.6,1.5,48.3,23.93,12.5,58.2,12,0.4,9,0.3,3,0.1,7.27,4.0,1,0.111111,0,0.0
flight_number_time_bucket,HNL,SAN,WN,WN4292.0,SAN→HNL,late_morning,,2024-01-01,2024-12-31,59,59,0,0,0.0,6,0.101695,3,0.050847,21.1,3.0,57.4,23.29,0.0,42.2,14,0.237288,11,0.186441,5,0.084746,-2.42,0.0,0,0.0,0,0.0
flight_number_time_bucket,HNL,SAN,WN,WN4342.0,SAN→HNL,afternoon,,2024-01-01,2024-12-31,59,59,0,0,0.0,4,0.067797,0,0.0,9.53,3.0,42.0,18.29,6.0,48.2,23,0.389831,12,0.20339,4,0.067797,3.39,1.0,2,0.153846,0,0.0
flight_number_time_bucket,HNL,SAN,WN,WN816.0,SAN→HNL,late_morning,,2024-01-01,2024-12-31,62,62,0,0,0.0,7,0.112903,1,0.016129,23.21,5.5,63.5,29.03,12.5,66.1,26,0.419355,14,0.225806,7,0.112903,1.77,0.0,1,0.071429,0,0.0
flight_number_time_bucket,HNL,SAN,WN,WN873.0,SAN→HNL,early_morning,,2024-01-01,2024-12-31,7,7,0,0,0.0,0,0.0,0,0.0,-15.43,-13.0,-11.6,4.0,0.0,12.0,1,0.142857,0,0.0,0,0.0,4.0,0.0,0,,0,
flight_number_time_bucket,HNL,SEA,AS,AS656.0,SEA→HNL,evening,,2024-01-01,2024-12-31,64,64,0,0,0.0,5,0.078125,0,0.0,5.66,-2.5,39.9,13.78,0.0,36.0,15,0.234375,7,0.109375,5,0.078125,-0.39,0.0,2,0.285714,0,0.0
flight_number_time_bucket,HNL,SEA,AS,AS656.0,SEA→HNL,night,,2024-01-01,2024-12-31,69,69,0,0,0.0,4,0.057971,0,0.0,-1.78,-11.0,31.4,11.48,0.0,39.2,13,0.188406,9,0.130435,4,0.057971,1.97,0.0,1,0.111111,0,0.0
flight_number_time_bucket,HNL,SEA,AS,AS737.0,SEA→HNL,late_morning,,2024-01-01,2024-12-31,1,1,0,0,0.0,0,0.0,0,0.0,-14.0,-14.0,-14.0,0.0,0.0,0.0,0,0.0,0,0.0,0,0.0,0.0,0.0,0,,0,
flight_number_time_bucket,HNL,SEA,AS,AS811.0,SEA→HNL,evening,,2024-01-01,2024-12-31,365,358,7,7,0.019178,17,0.047486,2,0.005587,3.0,-3.0,34.0,13.3,1.0,40.0,82,0.22905,44,0.122905,20,0.055866,0.9,0.0,9,0.1875,1,0.05
flight_number_time_bucket,HNL,SEA,AS,AS813.0,SEA→HNL,night,,2024-01-01,2024-12-31,1,1,0,0,0.0,0,0.0,0,0.0,-1.0,-1.0,-1.0,0.0,0.0,0.0,0,0.0,0,0.0,0,0.0,0.0,0.0,0,,0,
flight_number_time_bucket,HNL,SEA,AS,AS815.0,SEA→HNL,evening,,2024-01-01,2024-12-31,44,39,5,4,0.113636,4,0.102564,0,0.0,8.83,-3.0,54.8,19.54,4.0,62.4,12,0.307692,6,0.153846,4,0.102564,0.6,0.0,0,0.0,1,0.2
flight_number_time_bucket,HNL,SEA,AS,AS815.0,SEA→HNL,night,,2024-01-01,2024-12-31,43,43,0,0,0.0,3,0.069767,0,0.0,-7.58,-15.0,20.4,10.86,0.0,31.4,7,0.162791,5,0.116279,2,0.046512,2.16,0.0,1,0.2,0,0.0
flight_number_time_bucket,HNL,SEA,AS,AS823.0,SEA→HNL,night,,2024-01-01,2024-12-31,27,27,0,0,0.0,0,0.0,0,0.0,-1.48,-4.0,18.0,9.07,2.0,27.0,8,0.296296,2,0.074074,0,0.0,2.74,2.0,0,0.0,0,
flight_number_time_bucket,HNL,SEA,AS,AS845.0,SEA→HNL,night,,2024-01-01,2024-12-31,68,68,0,0,0.0,6,0.088235,0,0.0,10.78,-1.5,53.2,19.07,3.5,50.2,23,0.338235,15,0.220588,6,0.088235,1.96,0.0,1,0.0625,0,0.0
flight_number_time_bucket,HNL,SEA,AS,AS853.0,SEA→HNL,afternoon,,2024-01-01,2024-12-31,366,362,4,12,0.010929,15,0.041436,3,0.008287,-0.48,-6.0,29.0,12.26,0.0,33.2,71,0.196133,44,0.121547,19,0.052486,1.98,0.0,6,0.136364,0,0.0
flight_number_time_bucket,HNL,SEA,AS,AS887.0,SEA→HNL,early_morning,,2024-01-01,2024-12-31,228,216,12,6,0.052632,6,0.027778,1,0.00463,-4.79,-11.0,31.0,10.36,0.0,33.2,35,0.162037,24,0.111111,9,0.041667,1.66,0.0,5,0.2,1,0.111111
flight_number_time_bucket,HNL,SEA,AS,AS887.0,SEA→HNL,late_morning,,2024-01-01,2024-12-31,138,138,0,0,0.0,6,0.043478,1,0.007246,-1.93,-10.5,23.3,13.92,2.0,34.0,39,0.282609,18,0.130435,8,0.057971,4.59,1.0,3,0.15,0,0.0
flight_number_time_bucket,HNL,SEA,AS,AS893.0,SEA→HNL,late_morning,,2024-01-01,2024-12-31,366,359,7,11,0.019126,22,0.061281,2,0.005571,11.34,5.0,51.0,19.16,9.0,47.0,140,0.389972,70,0.194986,24,0.066852,2.09,0.0,13,0.171053,3,0.125
flight_number_time_bucket,HNL,SEA,DL,DL310.0,SEA→HNL,early_morning,,2024-01-01,2024-12-31,252,251,1,0,0.003968,13,0.051793,3,0.011952,5.91,-5.0,32.0,14.4,0.0,20.0,32,0.12749,23,0.091633,12,0.047809,-0.84,0.0,3,0.130435,0,0.0
flight_number_time_bucket,HNL,SEA,DL,DL351.0,SEA→HNL,early_morning,,2024-01-01,2024-12-31,114,114,0,0,0.0,6,0.052632,0,0.0,-2.04,-7.0,21.8,7.08,0.0,13.4,10,0.087719,5,0.04386,4,0.035088,-2.44,0.0,0,0.0,0,0.0
flight_number_time_bucket,HNL,SEA,DL,DL354.0,SEA→HNL,afternoon,,2024-01-01,2024-12-31,23,23,0,0,0.0,0,0.0,0,0.0,-2.26,-3.0,17.0,4.3,0.0,14.6,3,0.130435,1,0.043478,0,0.0,-0.57,0.0,0,0.0,0,
flight_number_time_bucket,HNL,SEA,DL,DL360.0,SEA→HNL,afternoon,,2024-01-01,2024-12-31,62,62,0,0,0.0,2,0.032258,0,0.0,1.08,3.5,38.8,8.68,0.0,26.9,13,0.209677,6,0.096774,2,0.032258,-5.21,0.0,1,0.166667,0,0.0
flight_number_time_bucket,HNL,SEA,DL,DL360.0,SEA→HNL,evening,,2024-01-01,2024-12-31,7,7,0,0,0.0,0,0.0,0,0.0,-28.57,-24.0,-19.2,2.71,0.0,9.4,0,0.0,0,0.0,0,0.0,2.71,0.0,0,,0,
flight_number_time_bucket,HNL,SEA,DL,DL419.0,SEA→HNL,afternoon,,2024-01-01,2024-12-31,64,64,0,0,0.0,3,0.046875,1,0.015625,4.7,-4.5,38.7,15.44,0.0,38.4,13,0.203125,9,0.140625,4,0.0625,-0.48,0.0,0,0.0,0,0.0
flight_number_time_bucket,HNL,SEA,DL,DL419.0,SEA→HNL,evening,,2024-01-01,2024-12-31,25,25,0,0,0.0,2,0.08,1,0.04,2.44,-6.0,25.2,13.12,0.0,25.8,3,0.12,3,0.12,1,0.04,-2.16,0.0,1,0.333333,0,0.0
flight_number_time_bucket,HNL,SEA,DL,DL487.0,SEA→HNL,afternoon,,2024-01-01,2024-12-31,13,13,0,0,0.0,3,0.230769,0,0.0,20.92,6.0,102.6,20.77,0.0,67.8,3,0.230769,3,0.230769,3,0.230769,-8.69,-3.0,0,0.0,0,0.0
flight_number_time_bucket,HNL,SEA,DL,DL693.0,SEA→HNL,afternoon,,2024-01-01,2024-12-31,183,182,1,0,0.005464,10,0.054945,5,0.027473,3.48,-7.0,25.8,16.82,0.0,31.0,32,0.175824,20,0.10989,12,0.065934,2.62,0.0,4,0.190476,0,0.0
flight_number_time_bucket,HNL,SEA,HA,HA1021.0,SEA→HNL,early_morning,,2024-01-01,2024-12-31,1,1,0,0,0.0,0,0.0,0,0.0,-20.0,-20.0,-20.0,0.0,0.0,0.0,0,0.0,0,0.0,0,0.0,0.0,0.0,0,,0,
flight_number_time_bucket,HNL,SEA,HA,HA1029.0,SEA→HNL,early_morning,,2024-01-01,2024-12-31,1,1,0,0,0.0,0,0.0,0,0.0,40.0,40.0,40.0,51.0,51.0,51.0,1,1.0,1,1.0,0,0.0,11.0,11.0,0,0.0,0,
flight_number_time_bucket,HNL,SEA,HA,HA21.0,SEA→HNL,early_morning,,2024-01-01,2024-12-31,366,364,2,1,0.005464,23,0.063187,8,0.021978,24.44,4.0,40.6,26.87,2.0,31.8,67,0.184066,40,0.10989,20,0.054945,-2.58,0.0,3,0.073171,0,0.0
flight_number_time_bucket,HNL,SEA,HA,HA27.0,SEA→HNL,early_morning,,2024-01-01,2024-12-31,21,16,5,0,0.238095,4,0.25,1,0.0625,52.75,35.5,75.5,35.81,15.0,51.0,7,0.4375,2,0.125,2,0.125,-16.94,-13.0,0,0.0,0,0.0
flight_number_time_bucket,HNL,SFO,AS,AS133.0,SFO→HNL,late_morning,,2024-01-01,2024-12-31,5,5,0,0,0.0,0,0.0,0,0.0,-16.2,-21.0,6.8,20.2,20.0,41.0,3,0.6,1,0.2,0,0.0,17.6,12.0,1,1.0,0,
flight_number_time_bucket,HNL,SFO,AS,AS570.0,SFO→HNL,evening,,2024-01-01,2024-12-31,50,50,0,0,0.0,0,0.0,0,0.0,-4.28,-7.5,15.8,2.32,0.0,6.3,3,0.06,0,0.0,0,0.0,-2.12,0.0,0,,0,
flight_number_time_bucket,HNL,SFO,AS,AS679.0,SFO→HNL,late_morning,,2024-01-01,2024-12-31,1,1,0,0,0.0,0,0.0,0,0.0,13.0,13.0,13.0,2.0,2.0,2.0,0,0.0,0,0.0,0,0.0,-11.0,-11.0,0,,0,
flight_number_time_bucket,HNL,SFO,AS,AS782.0,SFO→HNL,late_morning,,2024-01-01,2024-12-31,1,1,0,0,0.0,0,0.0,0,0.0,25.0,25.0,25.0,15.0,15.0,15.0,0,0.0,0,0.0,0,0.0,-10.0,-10.0,0,,0,
flight_number_time_bucket,HNL,SFO,AS,AS852.0,SFO→HNL,late_morning,,2024-01-01,2024-12-31,28,28,0,0,0.0,1,0.035714,0,0.0,8.75,0.0,47.7,18.14,0.0,52.1,6,0.214286,6,0.214286,3,0.107143,1.32,0.0,0,0.0,0,0.0
flight_number_time_bucket,HNL,SFO,AS,AS873.0,SFO→HNL,early_morning,,2024-01-01,2024-12-31,6,6,0,0,0.0,0,0.0,0,0.0,-6.83,-12.0,13.5,0.17,0.0,0.5,0,0.0,0,0.0,0,0.0,-4.33,0.0,0,,0,
flight_number_time_bucket,HNL,SFO,AS,AS873.0,SFO→HNL,late_morning,,2024-01-01,2024-12-31,3,3,0,0,0.0,0,0.0,0,0.0,-10.67,-18.0,6.0,0.0,0.0,0.0,0,0.0,0,0.0,0,0.0,-4.0,0.0,0,,0,
flight_number_time_bucket,HNL,SFO,AS,AS877.0,SFO→HNL,afternoon,,2024-01-01,2024-12-31,7,7,0,0,0.0,1,0.142857,0,0.0,1.86,-12.0,40.4,17.14,0.0,49.0,1,0.142857,1,0.142857,1,0.142857,1.86,0.0,0,0.0,0,0.0
flight_number_time_bucket,HNL,SFO,AS,AS877.0,SFO→HNL,late_morning,,2024-01-01,2024-12-31,315,306,9,1,0.028571,21,0.068627,0,0.0,7.12,-1.0,47.0,11.62,0.0,36.0,60,0.196078,39,0.127451,13,0.042484,-2.67,0.0,3,0.075,0,0.0
flight_number_time_bucket,HNL,SFO,HA,HA1011.0,SFO→HNL,early_morning,,2024-01-01,2024-12-31,6,6,0,0,0.0,2,0.333333,0,0.0,45.83,40.5,108.0,54.83,48.5,112.5,4,0.666667,4,0.666667,2,0.333333,5.33,5.5,0,0.0,0,0.0
flight_number_time_bucket,HNL,SFO,HA,HA1011.0,SFO→HNL,late_morning,,2024-01-01,2024-12-31,1,1,0,0,0.0,1,1.0,0,0.0,79.0,79.0,79.0,111.0,111.0,111.0,1,1.0,1,1.0,1,1.0,32.0,32.0,0,0.0,0,0.0
flight_number_time_bucket,HNL,SFO,HA,HA11.0,SFO→HNL,early_morning,,2024-01-01,2024-12-31,366,357,9,0,0.02459,14,0.039216,3,0.008403,8.87,-1.0,29.8,12.0,0.0,20.0,40,0.112045,25,0.070028,12,0.033613,-3.46,0.0,0,0.0,0,0.0
flight_number_time_bucket,HNL,SFO,HA,HA53.0,SFO→HNL,early_morning,,2024-01-01,2024-12-31,21,20,1,0,0.047619,1,0.05,0,0.0,12.25,9.0,38.1,10.25,4.0,28.0,3,0.15,1,0.05,1,0.05,-4.65,-0.5,0,0.0,0,0.0
flight_number_time_bucket,HNL,SFO,UA,UA1175.0,SFO→HNL,late_morning,,2024-01-01,2024-12-31,366,363,3,0,0.008197,13,0.035813,3,0.008264,1.33,-5.0,25.0,13.63,4.0,35.8,75,0.206612,43,0.118457,18,0.049587,3.35,1.0,10,0.222222,1,0.055556
flight_number_time_bucket,HNL,SFO,UA,UA1214.0,SFO→HNL,afternoon,,2024-01-01,2024-12-31,21,21,0,0,0.0,6,0.285714,2,0.095238,36.33,-15.0,175.0,58.76,1.0,197.0,7,0.333333,7,0.333333,7,0.333333,8.24,0.0,0,0.0,0,0.0
flight_number_time_bucket,HNL,SFO,UA,UA1509.0,SFO→HNL,evening,,2024-01-01,2024-12-31,345,345,0,0,0.0,24,0.069565,2,0.005797,5.42,-4.0,42.2,15.02,2.0,39.6,77,0.223188,49,0.142029,24,0.069565,1.02,0.0,4,0.08,0,0.0
flight_number_time_bucket,HNL,SFO,UA,UA1581.0,SFO→HNL,early_morning,,2024-01-01,2024-12-31,51,50,1,0,0.019608,3,0.06,0,0.0,-2.62,-10.5,36.2,14.06,0.0,56.5,12,0.24,9,0.18,5,0.1,4.0,0.0,2,0.222222,0,0.0
flight_number_time_bucket,HNL,SFO,UA,UA1596.0,SFO→HNL,afternoon,,2024-01-01,2024-12-31,35,35,0,0,0.0,4,0.114286,1,0.028571,14.71,-8.0,64.6,28.06,2.0,86.2,10,0.285714,7,0.2,6,0.171429,4.91,2.0,0,0.0,0,0.0
flight_number_time_bucket,HNL,SFO,UA,UA2380.0,SFO→HNL,late_morning,,2024-01-01,2024-12-31,279,277,2,0,0.007168,22,0.079422,6,0.021661,7.83,-4.0,46.8,18.85,1.0,57.6,56,0.202166,37,0.133574,27,0.097473,2.32,0.0,2,0.052632,3,0.107143
flight_number_time_bucket,HNL,SFO,UA,UA300.0,SFO→HNL,afternoon,,2024-01-01,2024-12-31,310,309,1,0,0.003226,32,0.10356,5,0.016181,9.06,-5.0,63.6,22.19,3.0,78.2,79,0.255663,49,0.158576,35,0.113269,4.22,0.0,4,0.08,0,0.0
flight_number_time_bucket,HNL,SFO,UA,UA300.0,SFO→HNL,evening,,2024-01-01,2024-12-31,21,21,0,0,0.0,3,0.142857,1,0.047619,7.71,-10.0,93.0,30.57,5.0,107.0,6,0.285714,4,0.190476,3,0.142857,8.1,4.0,1,0.25,0,0.0
flight_number_time_bucket,HNL,SFO,UA,UA473.0,SFO→HNL,evening,,2024-01-01,2024-12-31,52,50,2,0,0.038462,2,0.04,0,0.0,-6.64,-9.5,23.4,11.64,7.0,33.1,13,0.26,7,0.14,0,0.0,4.54,2.0,3,0.428571,0,
flight_number_time_bucket,HNL,SFO,UA,UA638.0,SFO→HNL,evening,,2024-01-01,2024-12-31,238,238,0,0,0.0,11,0.046218,1,0.004202,-3.65,-9.5,24.3,12.54,3.0,27.0,46,0.193277,22,0.092437,13,0.054622,4.41,1.0,4,0.181818,0,0.0
flight_number_time_bucket,HNL,SJC,AS,AS835.0,SJC→HNL,late_morning,,2024-01-01,2024-12-31,1,1,0,0,0.0,0,0.0,0,0.0,-12.0,-12.0,-12.0,0.0,0.0,0.0,0,0.0,0,0.0,0,0.0,0.0,0.0,0,,0,
flight_number_time_bucket,HNL,SJC,AS,AS837.0,SJC→HNL,early_morning,,2024-01-01,2024-12-31,305,299,6,0,0.019672,6,0.020067,1,0.003344,-6.44,-10.0,13.0,3.35,0.0,5.0,13,0.043478,10,0.033445,5,0.016722,-1.85,0.0,0,0.0,0,0.0
flight_number_time_bucket,HNL,SJC,AS,AS837.0,SJC→HNL,late_morning,,2024-01-01,2024-12-31,59,59,0,0,0.0,2,0.033898,0,0.0,-1.39,-7.0,23.0,5.97,0.0,14.2,5,0.084746,4,0.067797,2,0.033898,-2.36,0.0,1,0.25,0,0.0
flight_number_time_bucket,HNL,SJC,AS,AS891.0,SJC→HNL,late_morning,,2024-01-01,2024-12-31,1,1,0,0,0.0,1,1.0,0,0.0,69.0,69.0,69.0,53.0,53.0,53.0,1,1.0,1,1.0,0,0.0,-16.0,-16.0,0,0.0,0,
flight_number_time_bucket,HNL,SJC,HA,HA43.0,SJC→HNL,early_morning,,2024-01-01,2024-12-31,207,204,3,0,0.014493,3,0.014706,0,0.0,-4.44,-7.0,16.7,3.18,0.0,6.0,9,0.044118,4,0.019608,3,0.014706,-2.04,0.0,0,0.0,0,0.0
flight_number_time_bucket,HNL,SJC,HA,HA43.0,SJC→HNL,late_morning,,2024-01-01,2024-12-31,92,92,0,0,0.0,3,0.032609,0,0.0,-6.73,-11.5,14.7,4.41,0.0,3.9,4,0.043478,3,0.032609,3,0.032609,-1.93,0.0,0,0.0,0,0.0
flight_number_time_bucket,HNL,SJC,HA,HA91.0,SJC→HNL,early_morning,,2024-01-01,2024-12-31,59,58,1,0,0.016949,1,0.017241,0,0.0,-5.53,-10.5,17.9,4.6,0.0,9.1,5,0.086207,2,0.034483,1,0.017241,-2.12,0.0,0,0.0,0,0.0
flight_number_time_bucket,HNL,SJC,WN,WN1065.0,SJC→HNL,early_morning,,2024-01-01,2024-12-31,58,58,0,0,0.0,0,0.0,0,0.0,-17.79,-17.5,3.3,2.02,0.0,5.3,2,0.034483,0,0.0,0,0.0,0.29,0.0,0,,0,
flight_number_time_bucket,HNL,SJC,WN,WN1534.0,SJC→HNL,early_morning,,2024-01-01,2024-12-31,33,33,0,0,0.0,0,0.0,0,0.0,-16.7,-18.0,-5.2,3.09,0.0,9.0,2,0.060606,0,0.0,0,0.0,2.42,0.0,0,,0,
flight_number_time_bucket,HNL,SJC,WN,WN1800.0,SJC→HNL,afternoon,,2024-01-01,2024-12-31,7,7,0,0,0.0,0,0.0,0,0.0,-14.0,-14.0,-6.6,2.14,0.0,7.2,0,0.0,0,0.0,0,0.0,2.14,0.0,0,,0,
flight_number_time_bucket,HNL,SJC,WN,WN2067.0,SJC→HNL,early_morning,,2024-01-01,2024-12-31,56,56,0,0,0.0,2,0.035714,0,0.0,-10.77,-15.0,8.0,5.12,0.0,9.0,3,0.053571,2,0.035714,2,0.035714,1.07,0.0,0,0.0,0,0.0
flight_number_time_bucket,HNL,SJC,WN,WN2068.0,SJC→HNL,afternoon,,2024-01-01,2024-12-31,56,56,0,0,0.0,3,0.053571,1,0.017857,1.2,-6.5,26.5,14.73,0.0,35.0,12,0.214286,8,0.142857,3,0.053571,3.77,0.0,1,0.125,0,0.0
flight_number_time_bucket,HNL,SJC,WN,WN2087.0,SJC→HNL,early_morning,,2024-01-01,2024-12-31,22,22,0,0,0.0,0,0.0,0,0.0,-7.36,-13.0,22.3,5.5,0.0,10.9,2,0.090909,1,0.045455,1,0.045455,0.55,0.0,0,0.0,0,0.0
flight_number_time_bucket,HNL,SJC,WN,WN2759.0,SJC→HNL,afternoon,,2024-01-01,2024-12-31,20,20,0,0,0.0,2,0.1,0,0.0,7.8,-1.0,53.1,22.8,8.5,81.4,6,0.3,4,0.2,3,0.15,4.75,3.0,0,0.0,0,0.0
flight_number_time_bucket,HNL,SJC,WN,WN2785.0,SJC→HNL,afternoon,,2024-01-01,2024-12-31,62,62,0,0,0.0,2,0.032258,0,0.0,-1.53,-10.0,12.9,9.0,0.0,20.0,10,0.16129,3,0.048387,2,0.032258,1.4,0.0,0,0.0,0,0.0
flight_number_time_bucket,HNL,SJC,WN,WN3533.0,SJC→HNL,afternoon,,2024-01-01,2024-12-31,30,30,0,0,0.0,0,0.0,0,0.0,-4.0,-8.0,29.8,9.67,0.0,35.0,7,0.233333,4,0.133333,1,0.033333,3.0,0.0,0,0.0,0,0.0
flight_number_time_bucket,HNL,SJC,WN,WN3632.0,SJC→HNL,afternoon,,2024-01-01,2024-12-31,59,59,0,0,0.0,7,0.118644,1,0.016949,25.29,16.0,64.0,17.08,3.0,44.2,17,0.288136,11,0.186441,4,0.067797,-11.88,-8.0,0,0.0,0,0.0
flight_number_time_bucket,HNL,SJC,WN,WN3684.0,SJC→HNL,early_morning,,2024-01-01,2024-12-31,7,7,0,0,0.0,0,0.0,0,0.0,-16.43,-20.0,0.8,0.0,0.0,0.0,0,0.0,0,0.0,0,0.0,-0.29,0.0,0,,0,
flight_number_time_bucket,HNL,SJC,WN,WN4206.0,SJC→HNL,early_morning,,2024-01-01,2024-12-31,40,40,0,0,0.0,1,0.025,0,0.0,-5.53,-7.0,11.0,5.33,0.0,9.1,4,0.1,2,0.05,1,0.025,0.9,0.0,0,0.0,0,0.0
flight_number_time_bucket,HNL,SJC,WN,WN4394.0,SJC→HNL,afternoon,,2024-01-01,2024-12-31,59,59,0,1,0.0,0,0.0,0,0.0,-3.55,-5.5,15.3,7.31,0.5,21.3,9,0.152542,3,0.050847,2,0.033898,2.66,0.0,0,0.0,0,0.0
flight_number_time_bucket,HNL,SJC,WN,WN464.0,SJC→HNL,early_morning,,2024-01-01,2024-12-31,62,62,0,0,0.0,1,0.016129,1,0.016129,-2.79,-10.5,5.0,7.85,0.0,7.9,3,0.048387,1,0.016129,1,0.016129,0.6,0.0,0,0.0,0,0.0
flight_number_time_bucket,HNL,SJC,WN,WN648.0,SJC→HNL,early_morning,,2024-01-01,2024-12-31,1,1,0,0,0.0,0,0.0,0,0.0,-27.0,-27.0,-27.0,0.0,0.0,0.0,0,0.0,0,0.0,0,0.0,0.0,0.0,0,,0,
flight_number_time_bucket,HNL,SJC,WN,WN771.0,SJC→HNL,afternoon,,2024-01-01,2024-12-31,33,33,0,0,0.0,0,0.0,0,0.0,-14.79,-17.0,0.8,3.3,0.0,7.6,2,0.060606,1,0.030303,0,0.0,1.82,0.0,0,0.0,0,
flight_number_time_bucket,HNL,SJC,WN,WN834.0,SJC→HNL,early_morning,,2024-01-01,2024-12-31,59,59,0,0,0.0,3,0.050847,0,0.0,9.42,10.0,39.6,3.93,0.0,12.0,5,0.084746,3,0.050847,0,0.0,-12.0,-10.0,0,0.0,0,
flight_number_time_bucket,HNL,SJC,WN,WN840.0,SJC→HNL,early_morning,,2024-01-01,2024-12-31,1,1,0,0,0.0,0,0.0,0,0.0,-6.0,-6.0,-6.0,0.0,0.0,0.0,0,0.0,0,0.0,0,0.0,0.0,0.0,0,,0,
flight_number_time_bucket,HNL,SLC,DL,DL316.0,SLC→HNL,late_morning,,2024-01-01,2024-12-31,114,111,3,0,0.026316,11,0.099099,2,0.018018,6.02,-8.0,42.0,14.89,0.0,37.0,15,0.135135,12,0.108108,9,0.081081,-1.68,0.0,0,0.0,0,0.0
flight_number_time_bucket,HNL,SLC,DL,DL382.0,SLC→HNL,afternoon,,2024-01-01,2024-12-31,36,36,0,0,0.0,3,0.083333,3,0.083333,50.97,3.0,35.0,52.56,0.5,31.5,8,0.222222,4,0.111111,3,0.083333,-4.67,0.0,1,0.25,0,0.0
flight_number_time_bucket,HNL,SLC,DL,DL397.0,SLC→HNL,late_morning,,2024-01-01,2024-12-31,252,250,2,0,0.007937,19,0.076,9,0.036,16.04,-4.0,43.1,22.78,0.0,30.5,36,0.144,25,0.1,20,0.08,-2.42,0.0,0,0.0,0,0.0
flight_number_time_bucket,HNL,SLC,HA,HA83.0,SLC→HNL,early_morning,,2024-01-01,2024-12-31,171,171,0,0,0.0,5,0.02924,1,0.005848,-5.99,-10.0,11.0,8.68,0.0,19.0,25,0.146199,8,0.046784,6,0.035088,2.63,0.0,2,0.25,1,0.166667
flight_number_time_bucket,HNL,SLC,HA,HA95.0,SLC→HNL,early_morning,,2024-01-01,2024-12-31,59,59,0,1,0.0,5,0.084746,0,0.0,16.81,12.5,55.2,8.14,0.0,31.4,9,0.152542,6,0.101695,1,0.016949,-12.72,-9.0,1,0.166667,0,0.0
flight_number_time_bucket,HNL,SMF,HA,HA1019.0,SMF→HNL,late_morning,,2024-01-01,2024-12-31,1,1,0,0,0.0,0,0.0,0,0.0,19.0,19.0,19.0,35.0,35.0,35.0,1,1.0,1,1.0,0,0.0,16.0,16.0,0,0.0,0,
flight_number_time_bucket,HNL,SMF,HA,HA19.0,SMF→HNL,early_morning,,2024-01-01,2024-12-31,115,114,1,0,0.008696,8,0.070175,3,0.026316,14.64,1.0,45.7,15.24,0.0,31.5,21,0.184211,12,0.105263,6,0.052632,-5.24,0.0,1,0.083333,0,0.0
flight_number_time_bucket,HNL,SMF,HA,HA19.0,SMF→HNL,late_morning,,2024-01-01,2024-12-31,251,250,1,0,0.003984,12,0.048,5,0.02,19.57,3.0,32.0,20.18,0.0,26.3,38,0.152,24,0.096,11,0.044,-3.62,0.0,0,0.0,0,0.0
flight_number_time_bucket,HNL,SMF,WN,WN1139.0,SMF→HNL,early_morning,,2024-01-01,2024-12-31,59,59,0,0,0.0,3,0.050847,0,0.0,8.49,9.0,34.8,3.44,0.0,12.2,5,0.084746,1,0.016949,0,0.0,-10.61,-9.0,0,0.0,0,
flight_number_time_bucket,HNL,SMF,WN,WN1183.0,SMF→HNL,early_morning,,2024-01-01,2024-12-31,7,7,0,0,0.0,0,0.0,0,0.0,-17.57,-17.0,-5.2,0.0,0.0,0.0,0,0.0,0,0.0,0,0.0,0.0,0.0,0,,0,
flight_number_time_bucket,HNL,SMF,WN,WN1372.0,SMF→HNL,early_morning,,2024-01-01,2024-12-31,59,59,0,0,0.0,2,0.033898,0,0.0,-14.39,-21.0,16.4,6.9,0.0,10.2,5,0.084746,5,0.084746,3,0.050847,1.02,0.0,0,0.0,0,0.0
flight_number_time_bucket,HNL,SMF,WN,WN1529.0,SMF→HNL,early_morning,,2024-01-01,2024-12-31,33,33,0,0,0.0,0,0.0,0,0.0,-20.85,-22.0,-4.0,3.15,0.0,7.0,2,0.060606,1,0.030303,0,0.0,1.18,0.0,0,0.0,0,
flight_number_time_bucket,HNL,SMF,WN,WN1654.0,SMF→HNL,late_morning,,2024-01-01,2024-12-31,59,59,0,0,0.0,4,0.067797,0,0.0,-2.27,-8.0,16.0,10.49,0.0,29.0,7,0.118644,6,0.101695,5,0.084746,2.63,0.0,0,0.0,0,0.0
flight_number_time_bucket,HNL,SMF,WN,WN1948.0,SMF→HNL,late_morning,,2024-01-01,2024-12-31,62,62,0,0,0.0,0,0.0,0,0.0,-9.6,-13.0,8.9,3.92,0.0,11.9,5,0.080645,2,0.032258,0,0.0,1.52,0.0,0,0.0,0,
flight_number_time_bucket,HNL,SMF,WN,WN2756.0,SMF→HNL,late_morning,,2024-01-01,2024-12-31,31,31,0,0,0.0,0,0.0,0,0.0,-9.68,-14.0,11.0,5.97,0.0,11.0,3,0.096774,3,0.096774,0,0.0,2.29,0.0,0,0.0,0,0.0
flight_number_time_bucket,HNL,SMF,WN,WN5519.0,SMF→HNL,late_morning,,2024-01-01,2024-12-31,56,56,0,0,0.0,2,0.035714,0,0.0,-8.59,-12.0,12.0,9.36,0.0,21.5,8,0.142857,4,0.071429,2,0.035714,3.41,0.0,1,0.25,0,0.0
