level,dest,origin,airline,flight_number,route,scheduled_departure_bucket,scheduled_departure_hour,data_period_start,data_period_end,total_scheduled_flights,completed_flights,cancelled_count,diverted_count,cancellation_rate,delay_over_60min_count,delay_over_60min_rate,delay_over_180min_count,delay_over_180min_rate,avg_arrival_delay_minutes,median_arrival_delay_minutes,p90_arrival_delay_minutes,avg_departure_delay_minutes,median_departure_delay_minutes,p90_departure_delay_minutes,departure_delay_over_15min_count,departure_delay_over_15min_rate,departure_delay_over_30min_count,departure_delay_over_30min_rate,departure_delay_over_60min_count,departure_delay_over_60min_rate,avg_delay_recovery_minutes,median_delay_recovery_minutes,recovered_from_30min_departure_delay_count,recovered_from_30min_departure_delay_rate,recovered_from_60min_departure_delay_count,recovered_from_60min_departure_delay_rate
airport_total,ANC,,,,,,,2024-01-01,2024-12-31,18545,18251,294,27,0.015853,879,0.048162,124,0.006794,4.6,-3.0,37.0,12.13,0.0,35.0,3667,0.20092,2079,0.113912,880,0.048217,-0.62,0.0,122,0.05685,8,0.00885
origin_route,ANC,ADK,,,ADK→ANC,,,2024-01-01,2024-12-31,104,96,8,0,0.076923,5,0.052083,1,0.010417,-6.83,-14.0,30.0,11.95,0.0,34.0,17,0.177083,11,0.114583,5,0.052083,0.7,0.0,0,0.0,0,0.0
origin_route,ANC,ADQ,,,ADQ→ANC,,,2024-01-01,2024-12-31,816,799,17,0,0.020833,39,0.048811,9,0.011264,1.35,-10.0,29.0,11.58,0.0,29.0,111,0.138924,75,0.093867,41,0.051314,-0.06,0.0,0,0.0,0,0.0
origin_route,ANC,AKN,,,AKN→ANC,,,2024-01-01,2024-12-31,178,177,1,0,0.005618,4,0.022599,0,0.0,-3.27,-8.0,21.4,4.95,0.0,20.8,21,0.118644,8,0.045198,2,0.011299,-2.02,0.0,0,0.0,0,0.0
origin_route,ANC,ATL,,,ATL→ANC,,,2024-01-01,2024-12-31,109,105,4,0,0.036697,10,0.095238,1,0.009524,19.91,8.0,58.0,17.28,4.0,55.6,30,0.285714,18,0.171429,8,0.07619,-5.12,0.0,0,0.0,0,0.0
origin_route,ANC,BET,,,BET→ANC,,,2024-01-01,2024-12-31,726,718,8,0,0.011019,50,0.069638,7,0.009749,12.03,3.0,45.0,13.74,0.0,39.0,172,0.239554,94,0.130919,46,0.064067,-2.36,0.0,0,0.0,0,0.0
origin_route,ANC,BRW,,,BRW→ANC,,,2024-01-01,2024-12-31,364,345,19,0,0.052198,20,0.057971,4,0.011594,11.36,3.0,44.4,14.59,0.0,41.6,94,0.272464,51,0.147826,15,0.043478,-1.19,0.0,0,0.0,0,0.0
origin_route,ANC,CDV,,,CDV→ANC,,,2024-01-01,2024-12-31,363,351,12,0,0.033058,16,0.045584,2,0.005698,3.19,-5.0,36.0,10.32,0.0,33.0,60,0.17094,39,0.111111,13,0.037037,-1.26,0.0,0,0.0,0,0.0
origin_route,ANC,DEN,,,DEN→ANC,,,2024-01-01,2024-12-31,604,601,3,3,0.004967,20,0.033278,2,0.003328,1.04,-6.0,26.3,10.88,0.0,27.0,104,0.173045,53,0.088186,23,0.03827,1.03,0.0,9,0.163636,0,0.0
origin_route,ANC,DFW,,,DFW→ANC,,,2024-01-01,2024-12-31,381,379,2,1,0.005249,31,0.081794,8,0.021108,18.36,4.0,52.9,25.15,5.0,59.6,121,0.319261,81,0.21372,38,0.100264,0.7,0.0,6,0.068966,0,0.0
origin_route,ANC,DLG,,,DLG→ANC,,,2024-01-01,2024-12-31,110,107,3,0,0.027273,8,0.074766,4,0.037383,3.52,-13.0,25.8,13.84,0.0,23.0,13,0.121495,9,0.084112,7,0.065421,-1.67,0.0,0,0.0,0,0.0
origin_route,ANC,DTW,,,DTW→ANC,,,2024-01-01,2024-12-31,45,43,2,1,0.044444,7,0.162791,3,0.069767,21.86,0.0,84.0,37.33,12.0,103.8,18,0.418605,13,0.302326,11,0.255814,7.79,2.5,2,0.153846,1,0.090909
origin_route,ANC,EWR,,,EWR→ANC,,,2024-01-01,2024-12-31,103,101,2,0,0.019417,14,0.138614,4,0.039604,21.91,1.0,80.0,34.52,0.0,80.0,32,0.316832,24,0.237624,15,0.148515,2.32,0.0,6,0.230769,2,0.125
origin_route,ANC,FAI,,,FAI→ANC,,,2024-01-01,2024-12-31,790,782,8,2,0.010127,23,0.029412,2,0.002558,-3.07,-8.0,13.1,5.39,0.0,7.0,57,0.07289,39,0.049872,21,0.026854,-0.95,0.0,1,0.025,0,0.0
origin_route,ANC,HNL,,,HNL→ANC,,,2024-01-01,2024-12-31,366,356,10,1,0.027322,32,0.089888,7,0.019663,2.31,-9.0,48.6,18.34,0.0,58.2,83,0.233146,59,0.16573,34,0.095506,2.56,0.0,5,0.084746,0,0.0
origin_route,ANC,IAD,,,IAD→ANC,,,2024-01-01,2024-12-31,103,99,4,0,0.038835,1,0.010101,0,0.0,-6.23,-11.0,23.0,6.98,0.0,22.2,15,0.151515,6,0.060606,1,0.010101,0.6,0.0,1,0.166667,0,0.0
origin_route,ANC,IAH,,,IAH→ANC,,,2024-01-01,2024-12-31,126,124,2,0,0.015873,7,0.056452,0,0.0,5.49,-2.5,32.4,8.87,0.0,25.5,18,0.145161,12,0.096774,5,0.040323,-2.82,0.0,0,0.0,0,0.0
origin_route,ANC,JFK,,,JFK→ANC,,,2024-01-01,2024-12-31,68,68,0,0,0.0,2,0.029412,1,0.014706,0.76,-8.0,23.1,7.24,0.0,6.3,5,0.073529,4,0.058824,2,0.029412,-3.5,0.0,0,0.0,0,0.0
origin_route,ANC,JNU,,,JNU→ANC,,,2024-01-01,2024-12-31,1218,1196,22,0,0.018062,55,0.045987,15,0.012542,-1.66,-12.0,27.0,9.36,0.0,23.0,153,0.127926,97,0.081104,56,0.046823,-1.03,0.0,0,0.0,0,0.0
origin_route,ANC,KOA,,,KOA→ANC,,,2024-01-01,2024-12-31,92,87,5,1,0.054348,8,0.091954,2,0.022989,6.34,-5.5,47.0,19.7,0.5,46.5,25,0.287356,14,0.16092,7,0.08046,2.92,0.0,2,0.133333,0,0.0
origin_route,ANC,LAS,,,LAS→ANC,,,2024-01-01,2024-12-31,117,115,2,1,0.017094,16,0.13913,0,0.0,19.32,11.5,65.0,26.09,14.0,76.7,54,0.469565,36,0.313043,20,0.173913,1.46,0.0,3,0.083333,1,0.05
origin_route,ANC,LAX,,,LAX→ANC,,,2024-01-01,2024-12-31,348,341,7,1,0.020115,11,0.032258,0,0.0,4.63,0.0,37.0,10.01,0.0,24.1,54,0.158358,27,0.079179,9,0.026393,-2.42,0.0,1,0.037037,0,0.0
origin_route,ANC,MSP,,,MSP→ANC,,,2024-01-01,2024-12-31,655,649,6,0,0.00916,25,0.038521,5,0.007704,4.23,-5.0,35.2,14.34,0.0,35.0,129,0.198767,76,0.117103,33,0.050847,0.84,0.0,8,0.101266,0,0.0
origin_route,ANC,OGG,,,OGG→ANC,,,2024-01-01,2024-12-31,33,28,5,2,0.151515,2,0.071429,1,0.035714,14.81,-1.0,37.5,24.62,1.0,60.5,6,0.214286,4,0.142857,3,0.107143,2.88,0.0,0,0.0,1,0.333333
origin_route,ANC,OME,,,OME→ANC,,,2024-01-01,2024-12-31,303,296,7,0,0.023102,11,0.037162,1,0.003378,4.13,-3.0,31.0,8.48,0.0,27.0,49,0.165541,25,0.084459,10,0.033784,-2.38,0.0,0,0.0,0,0.0
origin_route,ANC,ORD,,,ORD→ANC,,,2024-01-01,2024-12-31,783,780,3,4,0.003831,47,0.060256,4,0.005128,4.33,-5.0,42.0,14.59,0.0,43.0,188,0.241026,110,0.141026,53,0.067949,0.71,0.0,14,0.119658,0,0.0
origin_route,ANC,OTZ,,,OTZ→ANC,,,2024-01-01,2024-12-31,365,343,22,0,0.060274,11,0.03207,3,0.008746,-1.22,-10.0,15.8,7.96,0.0,15.6,35,0.102041,24,0.069971,9,0.026239,-0.73,0.0,0,0.0,0,0.0
origin_route,ANC,PDX,,,PDX→ANC,,,2024-01-01,2024-12-31,359,352,7,1,0.019499,10,0.028409,0,0.0,3.71,1.0,27.0,6.96,0.0,22.0,53,0.150568,23,0.065341,7,0.019886,-2.73,0.0,0,0.0,0,0.0
origin_route,ANC,PHX,,,PHX→ANC,,,2024-01-01,2024-12-31,353,347,6,1,0.016997,22,0.063401,1,0.002882,6.21,0.0,46.5,12.21,0.0,41.5,82,0.236311,49,0.14121,18,0.051873,-1.88,0.0,5,0.096154,0,0.0
origin_route,ANC,SAN,,,SAN→ANC,,,2024-01-01,2024-12-31,20,20,0,0,0.0,1,0.05,0,0.0,-2.2,-5.5,12.3,9.15,1.5,25.6,5,0.25,2,0.1,1,0.05,2.95,0.0,1,0.5,0,0.0
origin_route,ANC,SCC,,,SCC→ANC,,,2024-01-01,2024-12-31,569,551,18,0,0.031634,18,0.032668,5,0.009074,-8.26,-17.0,19.0,7.42,0.0,14.0,54,0.098004,35,0.063521,20,0.036298,-0.35,0.0,0,0.0,0,0.0
origin_route,ANC,SEA,,,SEA→ANC,,,2024-01-01,2024-12-31,7590,7516,74,8,0.00975,332,0.044172,29,0.003858,6.32,0.0,38.0,12.31,1.0,35.0,1723,0.229244,913,0.121474,327,0.043507,-0.69,0.0,53,0.056204,3,0.008902
origin_route,ANC,SFO,,,SFO→ANC,,,2024-01-01,2024-12-31,264,263,1,0,0.003788,19,0.072243,3,0.011407,9.15,0.0,45.8,13.87,0.0,42.8,58,0.220532,36,0.136882,18,0.068441,-2.12,0.0,2,0.055556,0,0.0
origin_route,ANC,SLC,,,SLC→ANC,,,2024-01-01,2024-12-31,120,116,4,0,0.033333,2,0.017241,0,0.0,2.41,-1.0,28.5,9.27,0.0,30.5,28,0.241379,12,0.103448,2,0.017241,1.21,0.0,3,0.230769,0,0.0
origin_airline_route,ANC,ADK,AS,,ADK→ANC AS,,,2024-01-01,2024-12-31,104,96,8,0,0.076923,5,0.052083,1,0.010417,-6.83,-14.0,30.0,11.95,0.0,34.0,17,0.177083,11,0.114583,5,0.052083,0.7,0.0,0,0.0,0,0.0
origin_airline_route,ANC,ADQ,AS,,ADQ→ANC AS,,,2024-01-01,2024-12-31,816,799,17,0,0.020833,39,0.048811,9,0.011264,1.35,-10.0,29.0,11.58,0.0,29.0,111,0.138924,75,0.093867,41,0.051314,-0.06,0.0,0,0.0,0,0.0
origin_airline_route,ANC,AKN,AS,,AKN→ANC AS,,,2024-01-01,2024-12-31,178,177,1,0,0.005618,4,0.022599,0,0.0,-3.27,-8.0,21.4,4.95,0.0,20.8,21,0.118644,8,0.045198,2,0.011299,-2.02,0.0,0,0.0,0,0.0
origin_airline_route,ANC,ATL,DL,,ATL→ANC DL,,,2024-01-01,2024-12-31,109,105,4,0,0.036697,10,0.095238,1,0.009524,19.91,8.0,58.0,17.28,4.0,55.6,30,0.285714,18,0.171429,8,0.07619,-5.12,0.0,0,0.0,0,0.0
origin_airline_route,ANC,BET,AS,,BET→ANC AS,,,2024-01-01,2024-12-31,726,718,8,0,0.011019,50,0.069638,7,0.009749,12.03,3.0,45.0,13.74,0.0,39.0,172,0.239554,94,0.130919,46,0.064067,-2.36,0.0,0,0.0,0,0.0
origin_airline_route,ANC,BRW,AS,,BRW→ANC AS,,,2024-01-01,2024-12-31,364,345,19,0,0.052198,20,0.057971,4,0.011594,11.36,3.0,44.4,14.59,0.0,41.6,94,0.272464,51,0.147826,15,0.043478,-1.19,0.0,0,0.0,0,0.0
origin_airline_route,ANC,CDV,AS,,CDV→ANC AS,,,2024-01-01,2024-12-31,363,351,12,0,0.033058,16,0.045584,2,0.005698,3.19,-5.0,36.0,10.32,0.0,33.0,60,0.17094,39,0.111111,13,0.037037,-1.26,0.0,0,0.0,0,0.0
origin_airline_route,ANC,DEN,AS,,DEN→ANC AS,,,2024-01-01,2024-12-31,135,134,1,0,0.007407,8,0.059701,1,0.007463,4.69,-4.0,21.7,9.97,0.0,17.7,15,0.11194,10,0.074627,7,0.052239,-1.84,0.0,0,0.0,0,0.0
origin_airline_route,ANC,DEN,UA,,DEN→ANC UA,,,2024-01-01,2024-12-31,469,467,2,3,0.004264,12,0.025696,1,0.002141,-0.02,-6.0,26.7,11.14,1.0,28.7,89,0.190578,43,0.092077,16,0.034261,1.86,0.0,9,0.2,0,0.0
origin_airline_route,ANC,DFW,AA,,DFW→ANC AA,,,2024-01-01,2024-12-31,381,379,2,1,0.005249,31,0.081794,8,0.021108,18.36,4.0,52.9,25.15,5.0,59.6,121,0.319261,81,0.21372,38,0.100264,0.7,0.0,6,0.068966,0,0.0
origin_airline_route,ANC,DLG,AS,,DLG→ANC AS,,,2024-01-01,2024-12-31,110,107,3,0,0.027273,8,0.074766,4,0.037383,3.52,-13.0,25.8,13.84,0.0,23.0,13,0.121495,9,0.084112,7,0.065421,-1.67,0.0,0,0.0,0,0.0
origin_airline_route,ANC,DTW,DL,,DTW→ANC DL,,,2024-01-01,2024-12-31,45,43,2,1,0.044444,7,0.162791,3,0.069767,21.86,0.0,84.0,37.33,12.0,103.8,18,0.418605,13,0.302326,11,0.255814,7.79,2.5,2,0.153846,1,0.090909
origin_airline_route,ANC,EWR,UA,,EWR→ANC UA,,,2024-01-01,2024-12-31,103,101,2,0,0.019417,14,0.138614,4,0.039604,21.91,1.0,80.0,34.52,0.0,80.0,32,0.316832,24,0.237624,15,0.148515,2.32,0.0,6,0.230769,2,0.125
origin_airline_route,ANC,FAI,AS,,FAI→ANC AS,,,2024-01-01,2024-12-31,790,782,8,2,0.010127,23,0.029412,2,0.002558,-3.07,-8.0,13.1,5.39,0.0,7.0,57,0.07289,39,0.049872,21,0.026854,-0.95,0.0,1,0.025,0,0.0
origin_airline_route,ANC,HNL,AS,,HNL→ANC AS,,,2024-01-01,2024-12-31,366,356,10,1,0.027322,32,0.089888,7,0.019663,2.31,-9.0,48.6,18.34,0.0,58.2,83,0.233146,59,0.16573,34,0.095506,2.56,0.0,5,0.084746,0,0.0
origin_airline_route,ANC,IAD,UA,,IAD→ANC UA,,,2024-01-01,2024-12-31,103,99,4,0,0.038835,1,0.010101,0,0.0,-6.23,-11.0,23.0,6.98,0.0,22.2,15,0.151515,6,0.060606,1,0.010101,0.6,0.0,1,0.166667,0,0.0
origin_airline_route,ANC,IAH,UA,,IAH→ANC UA,,,2024-01-01,2024-12-31,126,124,2,0,0.015873,7,0.056452,0,0.0,5.49,-2.5,32.4,8.87,0.0,25.5,18,0.145161,12,0.096774,5,0.040323,-2.82,0.0,0,0.0,0,0.0
origin_airline_route,ANC,JFK,AS,,JFK→ANC AS,,,2024-01-01,2024-12-31,68,68,0,0,0.0,2,0.029412,1,0.014706,0.76,-8.0,23.1,7.24,0.0,6.3,5,0.073529,4,0.058824,2,0.029412,-3.5,0.0,0,0.0,0,0.0
origin_airline_route,ANC,JNU,AS,,JNU→ANC AS,,,2024-01-01,2024-12-31,1218,1196,22,0,0.018062,55,0.045987,15,0.012542,-1.66,-12.0,27.0,9.36,0.0,23.0,153,0.127926,97,0.081104,56,0.046823,-1.03,0.0,0,0.0,0,0.0
origin_airline_route,ANC,KOA,AS,,KOA→ANC AS,,,2024-01-01,2024-12-31,92,87,5,1,0.054348,8,0.091954,2,0.022989,6.34,-5.5,47.0,19.7,0.5,46.5,25,0.287356,14,0.16092,7,0.08046,2.92,0.0,2,0.133333,0,0.0
origin_airline_route,ANC,LAS,AS,,LAS→ANC AS,,,2024-01-01,2024-12-31,117,115,2,1,0.017094,16,0.13913,0,0.0,19.32,11.5,65.0,26.09,14.0,76.7,54,0.469565,36,0.313043,20,0.173913,1.46,0.0,3,0.083333,1,0.05
origin_airline_route,ANC,LAX,AS,,LAX→ANC AS,,,2024-01-01,2024-12-31,348,341,7,1,0.020115,11,0.032258,0,0.0,4.63,0.0,37.0,10.01,0.0,24.1,54,0.158358,27,0.079179,9,0.026393,-2.42,0.0,1,0.037037,0,0.0
origin_airline_route,ANC,MSP,AS,,MSP→ANC AS,,,2024-01-01,2024-12-31,79,78,1,0,0.012658,1,0.012821,0,0.0,6.54,6.0,37.2,12.41,1.0,43.3,24,0.307692,12,0.153846,2,0.025641,0.27,0.0,0,0.0,0,0.0
origin_airline_route,ANC,MSP,DL,,MSP→ANC DL,,,2024-01-01,2024-12-31,576,571,5,0,0.008681,24,0.042032,5,0.008757,3.92,-5.0,34.0,14.61,0.0,33.0,105,0.183888,64,0.112084,31,0.054291,0.92,0.0,8,0.119403,0,0.0
origin_airline_route,ANC,OGG,AS,,OGG→ANC AS,,,2024-01-01,2024-12-31,33,28,5,2,0.151515,2,0.071429,1,0.035714,14.81,-1.0,37.5,24.62,1.0,60.5,6,0.214286,4,0.142857,3,0.107143,2.88,0.0,0,0.0,1,0.333333
origin_airline_route,ANC,OME,AS,,OME→ANC AS,,,2024-01-01,2024-12-31,303,296,7,0,0.023102,11,0.037162,1,0.003378,4.13,-3.0,31.0,8.48,0.0,27.0,49,0.165541,25,0.084459,10,0.033784,-2.38,0.0,0,0.0,0,0.0
origin_airline_route,ANC,ORD,AA,,ORD→ANC AA,,,2024-01-01,2024-12-31,121,121,0,1,0.0,7,0.057851,0,0.0,14.15,4.0,52.1,16.03,3.0,50.3,38,0.31405,22,0.181818,9,0.07438,-1.73,0.0,3,0.136364,0,0.0
origin_airline_route,ANC,ORD,AS,,ORD→ANC AS,,,2024-01-01,2024-12-31,285,283,2,2,0.007018,17,0.060071,2,0.007067,7.12,-2.0,42.0,16.72,1.0,52.0,83,0.293286,46,0.162544,21,0.074205,1.21,0.0,3,0.06,0,0.0
origin_airline_route,ANC,ORD,UA,,ORD→ANC UA,,,2024-01-01,2024-12-31,377,376,1,1,0.002653,23,0.06117,2,0.005319,-0.9,-10.0,29.6,12.52,0.0,32.2,67,0.178191,42,0.111702,23,0.06117,1.11,0.0,8,0.177778,0,0.0
origin_airline_route,ANC,OTZ,AS,,OTZ→ANC AS,,,2024-01-01,2024-12-31,365,343,22,0,0.060274,11,0.03207,3,0.008746,-1.22,-10.0,15.8,7.96,0.0,15.6,35,0.102041,24,0.069971,9,0.026239,-0.73,0.0,0,0.0,0,0.0
origin_airline_route,ANC,PDX,AS,,PDX→ANC AS,,,2024-01-01,2024-12-31,359,352,7,1,0.019499,10,0.028409,0,0.0,3.71,1.0,27.0,6.96,0.0,22.0,53,0.150568,23,0.065341,7,0.019886,-2.73,0.0,0,0.0,0,0.0
origin_airline_route,ANC,PHX,AS,,PHX→ANC AS,,,2024-01-01,2024-12-31,353,347,6,1,0.016997,22,0.063401,1,0.002882,6.21,0.0,46.5,12.21,0.0,41.5,82,0.236311,49,0.14121,18,0.051873,-1.88,0.0,5,0.096154,0,0.0
origin_airline_route,ANC,SAN,AS,,SAN→ANC AS,,,2024-01-01,2024-12-31,20,20,0,0,0.0,1,0.05,0,0.0,-2.2,-5.5,12.3,9.15,1.5,25.6,5,0.25,2,0.1,1,0.05,2.95,0.0,1,0.5,0,0.0
origin_airline_route,ANC,SCC,AS,,SCC→ANC AS,,,2024-01-01,2024-12-31,569,551,18,0,0.031634,18,0.032668,5,0.009074,-8.26,-17.0,19.0,7.42,0.0,14.0,54,0.098004,35,0.063521,20,0.036298,-0.35,0.0,0,0.0,0,0.0
origin_airline_route,ANC,SEA,AS,,SEA→ANC AS,,,2024-01-01,2024-12-31,5928,5857,71,3,0.011977,266,0.045416,25,0.004268,7.76,2.0,39.0,12.82,2.0,36.0,1453,0.248079,751,0.128223,247,0.042172,-0.86,0.0,34,0.043984,3,0.011673
origin_airline_route,ANC,SEA,DL,,SEA→ANC DL,,,2024-01-01,2024-12-31,1662,1659,3,5,0.001805,66,0.039783,4,0.002411,1.25,-6.0,32.0,10.51,0.0,30.0,270,0.162749,162,0.097649,80,0.048222,-0.12,0.0,19,0.111765,0,0.0
origin_airline_route,ANC,SFO,AS,,SFO→ANC AS,,,2024-01-01,2024-12-31,148,148,0,0,0.0,16,0.108108,3,0.02027,18.95,9.5,68.6,18.01,0.0,56.3,39,0.263514,24,0.162162,13,0.087838,-5.09,0.0,0,0.0,0,0.0
origin_airline_route,ANC,SFO,UA,,SFO→ANC UA,,,2024-01-01,2024-12-31,116,115,1,0,0.008621,3,0.026087,0,0.0,-3.45,-6.0,18.2,8.55,0.0,30.2,19,0.165217,12,0.104348,5,0.043478,1.7,0.0,2,0.166667,0,0.0
origin_airline_route,ANC,SLC,AS,,SLC→ANC AS,,,2024-01-01,2024-12-31,44,42,2,0,0.045455,0,0.0,0,0.0,-2.43,-3.0,13.8,5.57,0.0,20.8,6,0.142857,3,0.071429,0,0.0,1.69,0.0,2,0.666667,0,
origin_airline_route,ANC,SLC,DL,,SLC→ANC DL,,,2024-01-01,2024-12-31,76,74,2,0,0.026316,2,0.027027,0,0.0,5.15,2.0,32.7,11.36,0.5,34.5,22,0.297297,9,0.121622,2,0.027027,0.93,0.0,1,0.1,0,0.0
flight_number,ANC,ADK,AS,AS184.0,ADK→ANC,,,2024-01-01,2024-12-31,11,10,1,0,0.090909,0,0.0,0,0.0,-13.9,-21.0,37.2,5.9,0.0,28.3,2,0.2,1,0.1,0,0.0,-4.0,0.0,0,0.0,0,
flight_number,ANC,ADK,AS,AS187.0,ADK→ANC,,,2024-01-01,2024-12-31,93,86,7,0,0.075269,5,0.05814,1,0.011628,-6.01,-12.5,23.0,12.65,0.0,39.5,15,0.174419,10,0.116279,5,0.05814,1.24,0.0,0,0.0,0,0.0
flight_number,ANC,ADQ,AS,AS1088.0,ADQ→ANC,,,2024-01-01,2024-12-31,1,1,0,0,0.0,0,0.0,0,0.0,3.0,3.0,3.0,0.0,0.0,0.0,0,0.0,0,0.0,0,0.0,-3.0,-3.0,0,,0,
flight_number,ANC,ADQ,AS,AS1096.0,ADQ→ANC,,,2024-01-01,2024-12-31,1,1,0,0,0.0,0,0.0,0,0.0,-3.0,-3.0,-3.0,0.0,0.0,0.0,0,0.0,0,0.0,0,0.0,0.0,0.0,0,,0,
flight_number,ANC,ADQ,AS,AS194.0,ADQ→ANC,,,2024-01-01,2024-12-31,58,53,5,0,0.086207,0,0.0,0,0.0,-11.21,-12.0,1.0,0.02,0.0,0.0,0,0.0,0,0.0,0,0.0,-0.77,0.0,0,,0,
flight_number,ANC,ADQ,AS,AS196.0,ADQ→ANC,,,2024-01-01,2024-12-31,359,354,5,0,0.013928,20,0.056497,5,0.014124,1.89,-11.0,29.0,13.13,0.0,26.7,46,0.129944,34,0.096045,21,0.059322,0.19,0.0,0,0.0,0,0.0
flight_number,ANC,ADQ,AS,AS32.0,ADQ→ANC,,,2024-01-01,2024-12-31,42,42,0,0,0.0,0,0.0,0,0.0,-12.05,-14.5,-0.2,1.6,0.0,0.0,1,0.02381,1,0.02381,0,0.0,-0.38,0.0,0,0.0,0,
flight_number,ANC,ADQ,AS,AS88.0,ADQ→ANC,,,2024-01-01,2024-12-31,338,332,6,0,0.017751,18,0.054217,4,0.012048,4.53,-6.0,36.0,13.01,0.0,32.8,59,0.177711,36,0.108434,19,0.057229,-0.25,0.0,0,0.0,0,0.0
flight_number,ANC,ADQ,AS,AS98.0,ADQ→ANC,,,2024-01-01,2024-12-31,17,16,1,0,0.058824,1,0.0625,0,0.0,0.25,-7.5,47.0,13.69,0.0,52.0,5,0.3125,4,0.25,1,0.0625,1.81,0.0,0,0.0,0,0.0
flight_number,ANC,AKN,AS,AS104.0,AKN→ANC,,,2024-01-01,2024-12-31,104,104,0,0,0.0,1,0.009615,0,0.0,-2.39,-7.0,22.4,5.34,0.0,21.4,13,0.125,5,0.048077,1,0.009615,-1.36,0.0,0,0.0,0,0.0
flight_number,ANC,AKN,AS,AS108.0,AKN→ANC,,,2024-01-01,2024-12-31,6,6,0,0,0.0,1,0.166667,0,0.0,7.5,0.0,42.0,14.17,1.0,41.5,2,0.333333,1,0.166667,0,0.0,-1.67,0.0,0,0.0,0,0.0
flight_number,ANC,AKN,AS,AS126.0,AKN→ANC,,,2024-01-01,2024-12-31,28,27,1,0,0.035714,1,0.037037,0,0.0,-4.04,-10.0,20.4,2.93,0.0,13.0,3,0.111111,0,0.0,0,0.0,-5.04,0.0,0,,0,
flight_number,ANC,AKN,AS,AS168.0,AKN→ANC,,,2024-01-01,2024-12-31,13,13,0,0,0.0,0,0.0,0,0.0,-21.62,-23.0,-13.2,0.0,0.0,0.0,0,0.0,0,0.0,0,0.0,0.0,0.0,0,,0,
flight_number,ANC,AKN,AS,AS180.0,AKN→ANC,,,2024-01-01,2024-12-31,8,8,0,0,0.0,1,0.125,0,0.0,14.0,7.5,37.2,10.25,0.0,24.6,1,0.125,1,0.125,1,0.125,-5.12,-2.0,0,0.0,0,0.0
flight_number,ANC,AKN,AS,AS52.0,AKN→ANC,,,2024-01-01,2024-12-31,19,19,0,0,0.0,0,0.0,0,0.0,-5.05,-4.0,16.4,3.95,0.0,15.2,2,0.105263,1,0.052632,0,0.0,-1.58,0.0,0,0.0,0,
flight_number,ANC,ATL,DL,DL810.0,ATL→ANC,,,2024-01-01,2024-12-31,15,15,0,0,0.0,0,0.0,0,0.0,5.87,-3.0,28.4,6.2,0.0,12.2,1,0.066667,1,0.066667,0,0.0,-3.0,0.0,0,0.0,0,
flight_number,ANC,ATL,DL,DL824.0,ATL→ANC,,,2024-01-01,2024-12-31,94,90,4,0,0.042553,10,0.111111,1,0.011111,22.26,8.0,61.1,19.12,6.0,56.0,29,0.322222,17,0.188889,8,0.088889,-5.48,-2.0,0,0.0,0,0.0
flight_number,ANC,BET,AS,AS44.0,BET→ANC,,,2024-01-01,2024-12-31,363,360,3,0,0.008264,29,0.080556,7,0.019444,12.57,2.5,45.0,14.6,0.0,42.1,78,0.216667,47,0.130556,27,0.075,-2.68,0.0,0,0.0,0,0.0
flight_number,ANC,BET,AS,AS46.0,BET→ANC,,,2024-01-01,2024-12-31,363,358,5,0,0.013774,21,0.058659,0,0.0,11.49,4.0,43.9,12.87,2.0,38.3,94,0.26257,47,0.131285,19,0.053073,-2.03,0.0,0,0.0,0,0.0
flight_number,ANC,BRW,AS,AS50.0,BRW→ANC,,,2024-01-01,2024-12-31,363,344,19,0,0.052342,20,0.05814,4,0.011628,11.39,3.0,44.8,14.63,0.0,41.7,94,0.273256,51,0.148256,15,0.043605,-1.19,0.0,0,0.0,0,0.0
flight_number,ANC,BRW,AS,AS55.0,BRW→ANC,,,2024-01-01,2024-12-31,1,1,0,0,0.0,0,0.0,0,0.0,1.0,1.0,1.0,0.0,0.0,0.0,0,0.0,0,0.0,0,0.0,-1.0,-1.0,0,,0,
flight_number,ANC,CDV,AS,AS61.0,CDV→ANC,,,2024-01-01,2024-12-31,363,351,12,0,0.033058,16,0.045584,2,0.005698,3.19,-5.0,36.0,10.32,0.0,33.0,60,0.17094,39,0.111111,13,0.037037,-1.26,0.0,0,0.0,0,0.0
flight_number,ANC,DEN,AS,AS1367.0,DEN→ANC,,,2024-01-01,2024-12-31,10,10,0,0,0.0,1,0.1,0,0.0,19.7,6.5,35.0,19.2,0.0,26.3,1,0.1,1,0.1,1,0.1,-4.1,0.0,0,0.0,0,0.0
flight_number,ANC,DEN,AS,AS165.0,DEN→ANC,,,2024-01-01,2024-12-31,28,27,1,0,0.035714,3,0.111111,0,0.0,8.41,-4.0,49.4,12.37,0.0,34.2,4,0.148148,3,0.111111,2,0.074074,-2.81,0.0,0,0.0,0,0.0
flight_number,ANC,DEN,AS,AS240.0,DEN→ANC,,,2024-01-01,2024-12-31,68,68,0,0,0.0,3,0.044118,0,0.0,0.88,-4.0,18.0,6.56,0.0,10.9,6,0.088235,4,0.058824,3,0.044118,-1.56,0.0,0,0.0,0,0.0
flight_number,ANC,DEN,AS,AS652.0,DEN→ANC,,,2024-01-01,2024-12-31,29,29,0,0,0.0,1,0.034483,1,0.034483,5.0,-9.0,39.0,12.55,0.0,18.4,4,0.137931,2,0.068966,1,0.034483,-0.83,0.0,0,0.0,0,0.0
flight_number,ANC,DEN,UA,UA280.0,DEN→ANC,,,2024-01-01,2024-12-31,366,365,1,0,0.002732,11,0.030137,1,0.00274,1.0,-6.0,28.0,12.53,2.0,30.0,80,0.219178,36,0.09863,13,0.035616,2.06,0.0,9,0.236842,0,0.0
flight_number,ANC,DEN,UA,UA583.0,DEN→ANC,,,2024-01-01,2024-12-31,103,102,1,3,0.009709,1,0.009804,0,0.0,-3.76,-7.0,13.2,6.03,0.0,14.2,9,0.088235,7,0.068627,3,0.029412,1.09,0.0,0,0.0,0,0.0
flight_number,ANC,DFW,AA,AA1233.0,DFW→ANC,,,2024-01-01,2024-12-31,75,75,0,0,0.0,8,0.106667,2,0.026667,19.21,-6.0,59.2,32.11,0.0,69.2,19,0.253333,13,0.173333,9,0.12,2.27,0.0,2,0.133333,0,0.0
flight_number,ANC,DFW,AA,AA395.0,DFW→ANC,,,2024-01-01,2024-12-31,91,91,0,1,0.0,7,0.076923,1,0.010989,27.53,9.5,49.2,31.17,12.0,64.3,36,0.395604,23,0.252747,10,0.10989,1.11,1.0,0,0.0,0,0.0
flight_number,ANC,DFW,AA,AA399.0,DFW→ANC,,,2024-01-01,2024-12-31,215,213,2,0,0.009302,16,0.075117,5,0.023474,14.19,4.0,54.4,20.16,4.0,55.8,66,0.309859,45,0.211268,19,0.089202,-0.03,0.0,4,0.083333,0,0.0
flight_number,ANC,DLG,AS,AS54.0,DLG→ANC,,,2024-01-01,2024-12-31,110,107,3,0,0.027273,8,0.074766,4,0.037383,3.52,-13.0,25.8,13.84,0.0,23.0,13,0.121495,9,0.084112,7,0.065421,-1.67,0.0,0,0.0,0,0.0
flight_number,ANC,DTW,DL,DL1602.0,DTW→ANC,,,2024-01-01,2024-12-31,45,43,2,1,0.044444,7,0.162791,3,0.069767,21.86,0.0,84.0,37.33,12.0,103.8,18,0.418605,13,0.302326,11,0.255814,7.79,2.5,2,0.153846,1,0.090909
flight_number,ANC,EWR,UA,UA1267.0,EWR→ANC,,,2024-01-01,2024-12-31,103,101,2,0,0.019417,14,0.138614,4,0.039604,21.91,1.0,80.0,34.52,0.0,80.0,32,0.316832,24,0.237624,15,0.148515,2.32,0.0,6,0.230769,2,0.125
flight_number,ANC,FAI,AS,AS103.0,FAI→ANC,,,2024-01-01,2024-12-31,35,35,0,0,0.0,1,0.028571,0,0.0,-10.97,-16.0,-3.4,2.51,0.0,0.0,2,0.057143,1,0.028571,0,0.0,-0.29,0.0,0,0.0,0,
flight_number,ANC,FAI,AS,AS1072.0,FAI→ANC,,,2024-01-01,2024-12-31,89,88,1,0,0.011236,1,0.011364,0,0.0,-5.99,-7.0,4.9,1.22,0.0,0.0,1,0.011364,1,0.011364,1,0.011364,-1.94,0.0,0,0.0,0,0.0
flight_number,ANC,FAI,AS,AS112.0,FAI→ANC,,,2024-01-01,2024-12-31,14,14,0,0,0.0,1,0.071429,0,0.0,4.5,-2.5,29.4,10.5,0.0,33.5,3,0.214286,2,0.142857,1,0.071429,-0.21,0.0,0,0.0,0,0.0
flight_number,ANC,FAI,AS,AS1146.0,FAI→ANC,,,2024-01-01,2024-12-31,2,2,0,0,0.0,0,0.0,0,0.0,-0.5,-0.5,2.3,0.0,0.0,0.0,0,0.0,0,0.0,0,0.0,-1.5,-1.5,0,,0,
flight_number,ANC,FAI,AS,AS122.0,FAI→ANC,,,2024-01-01,2024-12-31,2,2,0,0,0.0,0,0.0,0,0.0,-9.0,-9.0,-6.6,0.0,0.0,0.0,0,0.0,0,0.0,0,0.0,0.0,0.0,0,,0,
flight_number,ANC,FAI,AS,AS124.0,FAI→ANC,,,2024-01-01,2024-12-31,10,10,0,0,0.0,3,0.3,1,0.1,51.3,5.5,175.7,53.0,0.5,182.1,3,0.3,3,0.3,3,0.3,-0.5,0.0,0,0.0,0,0.0
flight_number,ANC,FAI,AS,AS145.0,FAI→ANC,,,2024-01-01,2024-12-31,2,2,0,0,0.0,0,0.0,0,0.0,-1.0,-1.0,-0.2,4.0,4.0,7.2,0,0.0,0,0.0,0,0.0,4.0,4.0,0,,0,
flight_number,ANC,FAI,AS,AS146.0,FAI→ANC,,,2024-01-01,2024-12-31,1,1,0,0,0.0,1,1.0,0,0.0,88.0,88.0,88.0,76.0,76.0,76.0,1,1.0,1,1.0,1,1.0,-12.0,-12.0,0,0.0,0,0.0
flight_number,ANC,FAI,AS,AS148.0,FAI→ANC,,,2024-01-01,2024-12-31,11,10,1,0,0.090909,1,0.1,0,0.0,2.6,-10.0,30.8,7.9,0.0,34.1,2,0.2,2,0.2,0,0.0,-3.3,0.0,0,0.0,0,
flight_number,ANC,FAI,AS,AS150.0,FAI→ANC,,,2024-01-01,2024-12-31,1,1,0,0,0.0,0,0.0,0,0.0,-5.0,-5.0,-5.0,0.0,0.0,0.0,0,0.0,0,0.0,0,0.0,0.0,0.0,0,,0,
flight_number,ANC,FAI,AS,AS157.0,FAI→ANC,,,2024-01-01,2024-12-31,4,4,0,0,0.0,0,0.0,0,0.0,-10.0,-10.0,-4.3,0.0,0.0,0.0,0,0.0,0,0.0,0,0.0,0.0,0.0,0,,0,
flight_number,ANC,FAI,AS,AS163.0,FAI→ANC,,,2024-01-01,2024-12-31,8,8,0,0,0.0,0,0.0,0,0.0,-8.38,-9.0,-2.6,0.0,0.0,0.0,0,0.0,0,0.0,0,0.0,-0.38,0.0,0,,0,
flight_number,ANC,FAI,AS,AS165.0,FAI→ANC,,,2024-01-01,2024-12-31,12,12,0,0,0.0,1,0.083333,0,0.0,4.0,-8.5,43.4,15.33,0.0,51.5,2,0.166667,2,0.166667,1,0.083333,0.83,0.0,0,0.0,0,0.0
flight_number,ANC,FAI,AS,AS171.0,FAI→ANC,,,2024-01-01,2024-12-31,7,7,0,0,0.0,1,0.142857,0,0.0,6.86,-14.0,49.4,19.71,0.0,55.2,1,0.142857,1,0.142857,1,0.142857,-0.29,0.0,0,0.0,0,0.0
flight_number,ANC,FAI,AS,AS194.0,FAI→ANC,,,2024-01-01,2024-12-31,4,4,0,0,0.0,0,0.0,0,0.0,-10.5,-11.0,-6.6,0.0,0.0,0.0,0,0.0,0,0.0,0,0.0,0.0,0.0,0,,0,
flight_number,ANC,FAI,AS,AS217.0,FAI→ANC,,,2024-01-01,2024-12-31,4,4,0,1,0.0,0,0.0,0,0.0,-6.0,-7.0,-2.2,0.0,0.0,0.0,0,0.0,0,0.0,0,0.0,0.0,0.0,0,,0,
flight_number,ANC,FAI,AS,AS240.0,FAI→ANC,,,2024-01-01,2024-12-31,6,6,0,0,0.0,0,0.0,0,0.0,-4.83,-13.5,24.5,11.17,0.0,33.5,1,0.166667,1,0.166667,1,0.166667,1.67,0.0,0,0.0,0,0.0
flight_number,ANC,FAI,AS,AS273.0,FAI→ANC,,,2024-01-01,2024-12-31,7,7,0,0,0.0,0,0.0,0,0.0,3.57,1.0,13.4,0.0,0.0,0.0,0,0.0,0,0.0,0,0.0,-4.29,-1.0,0,,0,
flight_number,ANC,FAI,AS,AS278.0,FAI→ANC,,,2024-01-01,2024-12-31,8,8,0,0,0.0,0,0.0,0,0.0,-12.0,-12.0,-4.1,0.0,0.0,0.0,0,0.0,0,0.0,0,0.0,-0.62,0.0,0,,0,
flight_number,ANC,FAI,AS,AS279.0,FAI→ANC,,,2024-01-01,2024-12-31,162,157,5,1,0.030864,1,0.006369,0,0.0,-7.13,-10.0,6.0,2.57,0.0,0.5,5,0.031847,4,0.025478,1,0.006369,-0.71,0.0,0,0.0,0,0.0
flight_number,ANC,FAI,AS,AS314.0,FAI→ANC,,,2024-01-01,2024-12-31,4,4,0,0,0.0,0,0.0,0,0.0,-4.0,-5.5,3.0,1.0,1.0,2.0,0,0.0,0,0.0,0,0.0,-0.5,0.0,0,,0,
flight_number,ANC,FAI,AS,AS335.0,FAI→ANC,,,2024-01-01,2024-12-31,3,3,0,0,0.0,0,0.0,0,0.0,-8.67,-5.0,-5.0,0.0,0.0,0.0,0,0.0,0,0.0,0,0.0,0.0,0.0,0,,0,
flight_number,ANC,FAI,AS,AS341.0,FAI→ANC,,,2024-01-01,2024-12-31,19,18,1,0,0.052632,0,0.0,0,0.0,0.11,-7.0,21.4,6.89,0.0,19.0,2,0.111111,2,0.111111,0,0.0,-0.11,0.0,0,0.0,0,0.0
flight_number,ANC,FAI,AS,AS401.0,FAI→ANC,,,2024-01-01,2024-12-31,2,2,0,0,0.0,0,0.0,0,0.0,-0.5,-0.5,-0.1,1.0,1.0,1.8,0,0.0,0,0.0,0,0.0,1.0,1.0,0,,0,
flight_number,ANC,FAI,AS,AS424.0,FAI→ANC,,,2024-01-01,2024-12-31,1,1,0,0,0.0,0,0.0,0,0.0,-20.0,-20.0,-20.0,0.0,0.0,0.0,0,0.0,0,0.0,0,0.0,0.0,0.0,0,,0,
flight_number,ANC,FAI,AS,AS436.0,FAI→ANC,,,2024-01-01,2024-12-31,4,4,0,0,0.0,0,0.0,0,0.0,-7.75,-9.0,2.9,0.0,0.0,0.0,0,0.0,0,0.0,0,0.0,-1.25,0.0,0,,0,
flight_number,ANC,FAI,AS,AS452.0,FAI→ANC,,,2024-01-01,2024-12-31,3,3,0,0,0.0,1,0.333333,0,0.0,59.0,13.0,146.6,64.33,15.0,145.4,1,0.333333,1,0.333333,1,0.333333,0.0,0.0,0,0.0,0,0.0
flight_number,ANC,FAI,AS,AS464.0,FAI→ANC,,,2024-01-01,2024-12-31,19,19,0,0,0.0,0,0.0,0,0.0,-5.42,-11.0,11.6,5.16,0.0,17.4,3,0.157895,1,0.052632,0,0.0,0.21,0.0,0,0.0,0,
flight_number,ANC,FAI,AS,AS514.0,FAI→ANC,,,2024-01-01,2024-12-31,1,1,0,0,0.0,0,0.0,0,0.0,-15.0,-15.0,-15.0,0.0,0.0,0.0,0,0.0,0,0.0,0,0.0,0.0,0.0,0,,0,
flight_number,ANC,FAI,AS,AS547.0,FAI→ANC,,,2024-01-01,2024-12-31,3,3,0,0,0.0,0,0.0,0,0.0,18.67,25.0,31.4,17.33,25.0,26.6,2,0.666667,0,0.0,0,0.0,-2.0,0.0,0,,0,
flight_number,ANC,FAI,AS,AS549.0,FAI→ANC,,,2024-01-01,2024-12-31,1,1,0,0,0.0,0,0.0,0,0.0,3.0,3.0,3.0,0.0,0.0,0.0,0,0.0,0,0.0,0,0.0,-3.0,-3.0,0,,0,
flight_number,ANC,FAI,AS,AS633.0,FAI→ANC,,,2024-01-01,2024-12-31,3,3,0,0,0.0,0,0.0,0,0.0,13.33,17.0,41.8,20.0,1.0,47.4,1,0.333333,1,0.333333,0,0.0,-1.67,0.0,0,0.0,0,
flight_number,ANC,FAI,AS,AS72.0,FAI→ANC,,,2024-01-01,2024-12-31,6,6,0,0,0.0,0,0.0,0,0.0,-6.83,-12.5,11.5,0.83,0.0,2.5,0,0.0,0,0.0,0,0.0,-3.0,0.0,0,,0,
flight_number,ANC,FAI,AS,AS75.0,FAI→ANC,,,2024-01-01,2024-12-31,4,4,0,0,0.0,0,0.0,0,0.0,-8.5,-19.5,16.2,6.75,0.0,18.9,1,0.25,0,0.0,0,0.0,-0.75,0.0,0,,0,
flight_number,ANC,FAI,AS,AS82.0,FAI→ANC,,,2024-01-01,2024-12-31,4,4,0,0,0.0,0,0.0,0,0.0,-8.5,-6.0,-3.3,0.5,0.0,1.4,0,0.0,0,0.0,0,0.0,0.5,0.0,0,,0,
flight_number,ANC,FAI,AS,AS90.0,FAI→ANC,,,2024-01-01,2024-12-31,136,136,0,0,0.0,6,0.044118,0,0.0,-4.78,-10.0,13.5,4.49,0.0,0.0,8,0.058824,7,0.051471,6,0.044118,-1.82,0.0,0,0.0,0,0.0
flight_number,ANC,FAI,AS,AS931.0,FAI→ANC,,,2024-01-01,2024-12-31,18,18,0,0,0.0,0,0.0,0,0.0,-8.67,-7.5,0.0,0.11,0.0,0.0,0,0.0,0,0.0,0,0.0,0.11,0.0,0,,0,
flight_number,ANC,FAI,AS,AS967.0,FAI→ANC,,,2024-01-01,2024-12-31,22,22,0,0,0.0,1,0.045455,0,0.0,9.05,2.0,21.6,8.45,0.0,5.9,1,0.045455,1,0.045455,1,0.045455,-4.86,0.0,0,0.0,0,0.0
flight_number,ANC,FAI,AS,AS99.0,FAI→ANC,,,2024-01-01,2024-12-31,148,148,0,0,0.0,4,0.027027,1,0.006757,-1.45,-4.5,16.0,6.83,0.0,20.3,17,0.114865,8,0.054054,3,0.02027,0.05,0.0,1,0.111111,0,0.0
flight_number,ANC,HNL,AS,AS828.0,HNL→ANC,,,2024-01-01,2024-12-31,366,356,10,1,0.027322,32,0.089888,7,0.019663,2.31,-9.0,48.6,18.34,0.0,58.2,83,0.233146,59,0.16573,34,0.095506,2.56,0.0,5,0.084746,0,0.0
flight_number,ANC,IAD,UA,UA1470.0,IAD→ANC,,,2024-01-01,2024-12-31,103,99,4,0,0.038835,1,0.010101,0,0.0,-6.23,-11.0,23.0,6.98,0.0,22.2,15,0.151515,6,0.060606,1,0.010101,0.6,0.0,1,0.166667,0,0.0
flight_number,ANC,IAH,UA,UA1552.0,IAH→ANC,,,2024-01-01,2024-12-31,126,124,2,0,0.015873,7,0.056452,0,0.0,5.49,-2.5,32.4,8.87,0.0,25.5,18,0.145161,12,0.096774,5,0.040323,-2.82,0.0,0,0.0,0,0.0
flight_number,ANC,JFK,AS,AS615.0,JFK→ANC,,,2024-01-01,2024-12-31,68,68,0,0,0.0,2,0.029412,1,0.014706,0.76,-8.0,23.1,7.24,0.0,6.3,5,0.073529,4,0.058824,2,0.029412,-3.5,0.0,0,0.0,0,0.0
flight_number,ANC,JNU,AS,AS1065.0,JNU→ANC,,,2024-01-01,2024-12-31,1,1,0,0,0.0,0,0.0,0,0.0,0.0,0.0,0.0,0.0,0.0,0.0,0,0.0,0,0.0,0,0.0,0.0,0.0,0,,0,
flight_number,ANC,JNU,AS,AS1171.0,JNU→ANC,,,2024-01-01,2024-12-31,1,1,0,0,0.0,0,0.0,0,0.0,2.0,2.0,2.0,0.0,0.0,0.0,0,0.0,0,0.0,0,0.0,-2.0,-2.0,0,,0,
flight_number,ANC,JNU,AS,AS167.0,JNU→ANC,,,2024-01-01,2024-12-31,1,1,0,0,0.0,0,0.0,0,0.0,-23.0,-23.0,-23.0,0.0,0.0,0.0,0,0.0,0,0.0,0,0.0,0.0,0.0,0,,0,
flight_number,ANC,JNU,AS,AS65.0,JNU→ANC,,,2024-01-01,2024-12-31,361,358,3,0,0.00831,19,0.053073,8,0.022346,1.73,-9.0,27.3,11.29,0.0,27.3,51,0.142458,32,0.089385,18,0.050279,-0.71,0.0,0,0.0,0,0.0
flight_number,ANC,JNU,AS,AS67.0,JNU→ANC,,,2024-01-01,2024-12-31,365,359,6,0,0.016438,16,0.044568,0,0.0,-2.79,-11.0,36.6,8.3,0.0,28.2,57,0.158774,34,0.094708,18,0.050139,-1.18,0.0,0,0.0,0,0.0
flight_number,ANC,JNU,AS,AS73.0,JNU→ANC,,,2024-01-01,2024-12-31,362,352,10,0,0.027624,14,0.039773,7,0.019886,-3.59,-15.0,14.7,9.05,0.0,12.9,33,0.09375,23,0.065341,14,0.039773,-1.33,0.0,0,0.0,0,0.0
flight_number,ANC,JNU,AS,AS75.0,JNU→ANC,,,2024-01-01,2024-12-31,1,1,0,0,0.0,0,0.0,0,0.0,36.0,36.0,36.0,40.0,40.0,40.0,1,1.0,1,1.0,0,0.0,4.0,4.0,0,0.0,0,
flight_number,ANC,JNU,AS,AS82.0,JNU→ANC,,,2024-01-01,2024-12-31,126,123,3,0,0.02381,6,0.04878,0,0.0,-2.88,-11.0,14.0,7.67,0.0,14.0,11,0.089431,7,0.056911,6,0.04878,-0.74,0.0,0,0.0,0,0.0
flight_number,ANC,KOA,AS,AS1136.0,KOA→ANC,,,2024-01-01,2024-12-31,13,13,0,0,0.0,1,0.076923,0,0.0,-6.31,-15.0,42.2,10.92,0.0,40.0,3,0.230769,2,0.153846,1,0.076923,1.85,0.0,0,0.0,0,0.0
flight_number,ANC,KOA,AS,AS117.0,KOA→ANC,,,2024-01-01,2024-12-31,8,8,0,0,0.0,0,0.0,0,0.0,2.75,-3.0,22.1,8.12,0.0,22.4,2,0.25,1,0.125,0,0.0,2.0,0.0,0,0.0,0,
flight_number,ANC,KOA,AS,AS822.0,KOA→ANC,,,2024-01-01,2024-12-31,2,2,0,0,0.0,0,0.0,0,0.0,-2.0,-2.0,8.4,15.0,15.0,27.0,1,0.5,0,0.0,0,0.0,9.5,9.5,1,1.0,0,
flight_number,ANC,KOA,AS,AS873.0,KOA→ANC,,,2024-01-01,2024-12-31,69,64,5,1,0.072464,7,0.109375,2,0.03125,9.67,-4.0,56.8,23.13,1.0,51.0,19,0.296875,11,0.171875,6,0.09375,3.05,0.0,1,0.090909,0,0.0
flight_number,ANC,LAS,AS,AS1189.0,LAS→ANC,,,2024-01-01,2024-12-31,46,46,0,1,0.0,8,0.173913,0,0.0,29.8,22.0,71.6,30.24,19.0,75.8,28,0.608696,16,0.347826,10,0.217391,-1.53,0.0,1,0.0625,1,0.1
flight_number,ANC,LAS,AS,AS448.0,LAS→ANC,,,2024-01-01,2024-12-31,8,8,0,0,0.0,1,0.125,0,0.0,26.0,9.5,71.6,18.62,6.0,53.9,2,0.25,2,0.25,1,0.125,-9.38,-6.0,0,0.0,0,0.0
flight_number,ANC,LAS,AS,AS53.0,LAS→ANC,,,2024-01-01,2024-12-31,43,41,2,0,0.046512,5,0.121951,0,0.0,12.29,5.0,61.0,28.9,14.0,80.0,20,0.487805,15,0.365854,8,0.195122,7.8,6.0,2,0.133333,0,0.0
flight_number,ANC,LAS,AS,AS578.0,LAS→ANC,,,2024-01-01,2024-12-31,20,20,0,0,0.0,2,0.1,0,0.0,7.45,-3.0,50.6,13.95,0.0,44.4,4,0.2,3,0.15,1,0.05,-0.5,0.0,0,0.0,0,0.0
flight_number,ANC,LAX,AS,AS169.0,LAX→ANC,,,2024-01-01,2024-12-31,59,59,0,0,0.0,2,0.033898,0,0.0,2.03,-2.0,23.8,8.59,0.0,18.2,7,0.118644,4,0.067797,2,0.033898,-1.2,0.0,0,0.0,0,0.0
flight_number,ANC,LAX,AS,AS192.0,LAX→ANC,,,2024-01-01,2024-12-31,1,1,0,0,0.0,0,0.0,0,0.0,-33.0,-33.0,-33.0,0.0,0.0,0.0,0,0.0,0,0.0,0,0.0,0.0,0.0,0,,0,
flight_number,ANC,LAX,AS,AS193.0,LAX→ANC,,,2024-01-01,2024-12-31,271,264,7,1,0.02583,9,0.034091,0,0.0,6.02,0.0,39.0,10.53,0.0,27.8,44,0.166667,22,0.083333,7,0.026515,-3.03,0.0,1,0.045455,0,0.0
flight_number,ANC,LAX,AS,AS239.0,LAX→ANC,,,2024-01-01,2024-12-31,7,7,0,0,0.0,0,0.0,0,0.0,-10.71,-8.0,-0.2,1.14,0.0,3.2,0,0.0,0,0.0,0,0.0,0.57,0.0,0,,0,
flight_number,ANC,LAX,AS,AS750.0,LAX→ANC,,,2024-01-01,2024-12-31,10,10,0,0,0.0,0,0.0,0,0.0,-2.3,-6.0,17.1,11.7,8.0,25.2,3,0.3,1,0.1,0,0.0,4.1,4.0,0,0.0,0,
flight_number,ANC,MSP,AS,AS183.0,MSP→ANC,,,2024-01-01,2024-12-31,12,12,0,0,0.0,0,0.0,0,0.0,-10.75,-14.5,9.4,6.67,0.0,25.0,3,0.25,0,0.0,0,0.0,4.5,0.0,0,,0,
flight_number,ANC,MSP,AS,AS294.0,MSP→ANC,,,2024-01-01,2024-12-31,67,66,1,0,0.014925,1,0.015152,0,0.0,9.68,7.0,40.0,13.45,3.0,45.0,21,0.318182,12,0.181818,2,0.030303,-0.5,0.0,0,0.0,0,0.0
flight_number,ANC,MSP,DL,DL377.0,MSP→ANC,,,2024-01-01,2024-12-31,204,202,2,0,0.009804,6,0.029703,1,0.00495,2.48,-9.0,37.9,14.5,0.0,31.9,37,0.183168,24,0.118812,10,0.049505,1.03,0.0,3,0.12,0,0.0
flight_number,ANC,MSP,DL,DL390.0,MSP→ANC,,,2024-01-01,2024-12-31,5,5,0,0,0.0,0,0.0,0,0.0,-25.4,-28.0,-8.6,5.0,0.0,13.0,0,0.0,0,0.0,0,0.0,5.0,0.0,0,,0,
flight_number,ANC,MSP,DL,DL411.0,MSP→ANC,,,2024-01-01,2024-12-31,121,119,2,0,0.016529,10,0.084034,1,0.008403,6.81,-4.0,50.0,16.38,0.0,59.8,30,0.252101,20,0.168067,12,0.10084,1.6,0.0,1,0.047619,0,0.0
flight_number,ANC,MSP,DL,DL458.0,MSP→ANC,,,2024-01-01,2024-12-31,31,31,0,0,0.0,0,0.0,0,0.0,4.16,-2.0,29.0,11.03,4.0,28.0,7,0.225806,3,0.096774,2,0.064516,1.61,0.0,0,0.0,0,0.0
flight_number,ANC,MSP,DL,DL474.0,MSP→ANC,,,2024-01-01,2024-12-31,89,89,0,0,0.0,4,0.044944,1,0.011236,1.33,-7.0,21.8,12.69,0.0,22.2,12,0.134831,6,0.067416,2,0.022472,0.21,0.0,0,0.0,0,0.0
flight_number,ANC,MSP,DL,DL517.0,MSP→ANC,,,2024-01-01,2024-12-31,32,32,0,0,0.0,1,0.03125,1,0.03125,12.31,-16.0,3.9,32.62,0.0,13.5,3,0.09375,2,0.0625,1,0.03125,2.66,0.0,1,0.5,0,0.0
flight_number,ANC,MSP,DL,DL563.0,MSP→ANC,,,2024-01-01,2024-12-31,94,93,1,0,0.010638,3,0.032258,1,0.010753,4.43,-2.0,25.0,9.91,0.0,29.2,16,0.172043,9,0.096774,4,0.043011,-0.58,0.0,3,0.3,0,0.0
flight_number,ANC,OGG,AS,AS1311.0,OGG→ANC,,,2024-01-01,2024-12-31,4,4,0,0,0.0,0,0.0,0,0.0,-8.0,-11.5,10.9,5.25,3.5,11.0,0,0.0,0,0.0,0,0.0,1.25,1.5,0,,0,
flight_number,ANC,OGG,AS,AS881.0,OGG→ANC,,,2024-01-01,2024-12-31,27,22,5,2,0.185185,2,0.090909,1,0.045455,21.2,-0.5,50.5,30.95,1.0,65.4,6,0.272727,4,0.181818,3,0.136364,3.5,0.0,0,0.0,1,0.333333
flight_number,ANC,OGG,AS,AS890.0,OGG→ANC,,,2024-01-01,2024-12-31,2,2,0,0,0.0,0,0.0,0,0.0,-3.5,-3.5,-0.7,0.0,0.0,0.0,0,0.0,0,0.0,0,0.0,0.0,0.0,0,,0,
flight_number,ANC,OME,AS,AS1193.0,OME→ANC,,,2024-01-01,2024-12-31,1,1,0,0,0.0,0,0.0,0,0.0,-4.0,-4.0,-4.0,2.0,2.0,2.0,0,0.0,0,0.0,0,0.0,2.0,2.0,0,,0,
flight_number,ANC,OME,AS,AS151.0,OME→ANC,,,2024-01-01,2024-12-31,1,1,0,0,0.0,0,0.0,0,0.0,31.0,31.0,31.0,49.0,49.0,49.0,1,1.0,1,1.0,0,0.0,18.0,18.0,0,0.0,0,
flight_number,ANC,OME,AS,AS153.0,OME→ANC,,,2024-01-01,2024-12-31,1,1,0,0,0.0,0,0.0,0,0.0,27.0,27.0,27.0,27.0,27.0,27.0,1,1.0,0,0.0,0,0.0,0.0,0.0,0,,0,
flight_number,ANC,OME,AS,AS155.0,OME→ANC,,,2024-01-01,2024-12-31,299,292,7,0,0.023411,11,0.037671,1,0.003425,3.88,-3.5,30.0,8.25,0.0,26.9,46,0.157534,24,0.082192,10,0.034247,-2.45,0.0,0,0.0,0,0.0
flight_number,ANC,OME,AS,AS157.0,OME→ANC,,,2024-01-01,2024-12-31,1,1,0,0,0.0,0,0.0,0,0.0,34.0,34.0,34.0,23.0,23.0,23.0,1,1.0,0,0.0,0,0.0,-11.0,-11.0,0,,0,
flight_number,ANC,ORD,AA,AA1309.0,ORD→ANC,,,2024-01-01,2024-12-31,121,121,0,1,0.0,7,0.057851,0,0.0,14.15,4.0,52.1,16.03,3.0,50.3,38,0.31405,22,0.181818,9,0.07438,-1.73,0.0,3,0.136364,0,0.0
flight_number,ANC,ORD,AS,AS127.0,ORD→ANC,,,2024-01-01,2024-12-31,3,3,0,0,0.0,1,0.333333,0,0.0,39.67,2.0,93.2,23.0,22.0,38.8,2,0.666667,1,0.333333,0,0.0,-16.67,2.0,0,0.0,0,
flight_number,ANC,ORD,AS,AS139.0,ORD→ANC,,,2024-01-01,2024-12-31,177,176,1,1,0.00565,9,0.051136,2,0.011364,8.14,-2.0,41.2,16.85,0.0,51.2,47,0.267045,27,0.153409,13,0.073864,0.75,0.0,1,0.034483,0,0.0
flight_number,ANC,ORD,AS,AS143.0,ORD→ANC,,,2024-01-01,2024-12-31,27,27,0,0,0.0,3,0.111111,0,0.0,6.07,-2.0,44.2,24.52,17.0,62.4,14,0.518519,7,0.259259,3,0.111111,10.07,12.0,1,0.125,0,0.0
flight_number,ANC,ORD,AS,AS47.0,ORD→ANC,,,2024-01-01,2024-12-31,10,10,0,0,0.0,1,0.1,0,0.0,5.6,0.5,41.7,8.6,0.5,22.0,2,0.2,1,0.1,0,0.0,-5.0,0.0,0,0.0,0,
flight_number,ANC,ORD,AS,AS565.0,ORD→ANC,,,2024-01-01,2024-12-31,68,67,1,1,0.014706,3,0.044776,0,0.0,3.62,-6.0,42.0,14.14,0.0,52.0,18,0.268657,10,0.149254,5,0.074627,0.55,0.0,1,0.090909,0,0.0
flight_number,ANC,ORD,UA,UA1325.0,ORD→ANC,,,2024-01-01,2024-12-31,8,8,0,1,0.0,1,0.125,1,0.125,46.0,-7.0,168.0,48.71,6.0,137.6,2,0.25,2,0.25,1,0.125,-10.43,0.0,0,0.0,0,0.0
flight_number,ANC,ORD,UA,UA2390.0,ORD→ANC,,,2024-01-01,2024-12-31,36,36,0,0,0.0,0,0.0,0,0.0,-8.28,-8.0,15.5,6.69,0.0,26.5,7,0.194444,3,0.083333,0,0.0,3.22,0.0,1,0.333333,0,
flight_number,ANC,ORD,UA,UA2465.0,ORD→ANC,,,2024-01-01,2024-12-31,88,88,0,0,0.0,6,0.068182,1,0.011364,-1.67,-11.0,18.8,14.88,0.0,31.9,17,0.193182,11,0.125,7,0.079545,3.75,0.0,5,0.416667,0,0.0
flight_number,ANC,ORD,UA,UA2604.0,ORD→ANC,,,2024-01-01,2024-12-31,21,20,1,0,0.047619,4,0.2,0,0.0,30.5,23.0,87.2,32.0,17.5,69.2,12,0.6,7,0.35,3,0.15,-0.2,3.0,0,0.0,0,0.0
flight_number,ANC,ORD,UA,UA329.0,ORD→ANC,,,2024-01-01,2024-12-31,1,1,0,0,0.0,0,0.0,0,0.0,-5.0,-5.0,-5.0,1.0,1.0,1.0,0,0.0,0,0.0,0,0.0,1.0,1.0,0,,0,
flight_number,ANC,ORD,UA,UA450.0,ORD→ANC,,,2024-01-01,2024-12-31,177,177,0,0,0.0,10,0.056497,0,0.0,-3.38,-11.0,19.2,9.84,0.0,19.2,22,0.124294,14,0.079096,9,0.050847,0.29,0.0,1,0.071429,0,0.0
flight_number,ANC,ORD,UA,UA48.0,ORD→ANC,,,2024-01-01,2024-12-31,1,1,0,0,0.0,0,0.0,0,0.0,-13.0,-13.0,-13.0,0.0,0.0,0.0,0,0.0,0,0.0,0,0.0,0.0,0.0,0,,0,
flight_number,ANC,ORD,UA,UA606.0,ORD→ANC,,,2024-01-01,2024-12-31,45,45,0,0,0.0,2,0.044444,0,0.0,-4.64,-14.0,30.4,9.38,0.0,33.6,7,0.155556,5,0.111111,3,0.066667,-0.13,0.0,1,0.166667,0,0.0
flight_number,ANC,OTZ,AS,AS137.0,OTZ→ANC,,,2024-01-01,2024-12-31,258,251,7,0,0.027132,6,0.023904,2,0.007968,-2.42,-10.0,14.0,6.25,0.0,11.0,22,0.087649,15,0.059761,4,0.015936,-0.79,0.0,0,0.0,0,0.0
flight_number,ANC,OTZ,AS,AS153.0,OTZ→ANC,,,2024-01-01,2024-12-31,62,55,7,0,0.112903,1,0.018182,0,0.0,-7.64,-17.0,18.2,5.44,0.0,19.8,7,0.127273,4,0.072727,1,0.018182,-0.96,0.0,0,0.0,0,0.0
flight_number,ANC,OTZ,AS,AS159.0,OTZ→ANC,,,2024-01-01,2024-12-31,3,1,2,0,0.666667,0,0.0,0,0.0,-20.0,-20.0,-20.0,0.0,0.0,0.0,0,0.0,0,0.0,0,0.0,0.0,0.0,0,,0,
flight_number,ANC,OTZ,AS,AS172.0,OTZ→ANC,,,2024-01-01,2024-12-31,42,36,6,0,0.142857,4,0.111111,1,0.027778,17.47,-4.0,84.0,23.92,0.0,89.5,6,0.166667,5,0.138889,4,0.111111,0.03,0.0,0,0.0,0,0.0
flight_number,ANC,PDX,AS,AS129.0,PDX→ANC,,,2024-01-01,2024-12-31,1,1,0,0,0.0,0,0.0,0,0.0,8.0,8.0,8.0,7.0,7.0,7.0,0,0.0,0,0.0,0,0.0,-1.0,-1.0,0,,0,
flight_number,ANC,PDX,AS,AS195.0,PDX→ANC,,,2024-01-01,2024-12-31,1,1,0,0,0.0,0,0.0,0,0.0,-12.0,-12.0,-12.0,13.0,13.0,13.0,0,0.0,0,0.0,0,0.0,13.0,13.0,0,,0,
flight_number,ANC,PDX,AS,AS197.0,PDX→ANC,,,2024-01-01,2024-12-31,352,347,5,1,0.014205,10,0.028818,0,0.0,3.72,1.0,27.0,6.89,0.0,22.0,52,0.149856,23,0.066282,7,0.020173,-2.83,0.0,0,0.0,0,0.0
flight_number,ANC,PDX,AS,AS199.0,PDX→ANC,,,2024-01-01,2024-12-31,5,3,2,0,0.4,0,0.0,0,0.0,6.0,11.0,16.6,13.0,13.0,23.4,1,0.333333,0,0.0,0,0.0,3.33,0.0,0,,0,
flight_number,ANC,PHX,AS,AS141.0,PHX→ANC,,,2024-01-01,2024-12-31,290,290,0,1,0.0,19,0.065517,0,0.0,7.47,3.0,49.0,12.52,0.0,41.2,70,0.241379,43,0.148276,16,0.055172,-1.86,0.0,5,0.108696,0,0.0
flight_number,ANC,PHX,AS,AS147.0,PHX→ANC,,,2024-01-01,2024-12-31,8,8,0,0,0.0,0,0.0,0,0.0,4.5,3.0,28.1,2.5,0.0,9.6,0,0.0,0,0.0,0,0.0,-7.88,-0.5,0,,0,
flight_number,ANC,PHX,AS,AS163.0,PHX→ANC,,,2024-01-01,2024-12-31,10,10,0,0,0.0,0,0.0,0,0.0,-10.8,-11.0,7.3,5.5,0.0,13.5,1,0.1,1,0.1,0,0.0,2.2,0.0,0,0.0,0,
flight_number,ANC,PHX,AS,AS57.0,PHX→ANC,,,2024-01-01,2024-12-31,45,39,6,0,0.133333,3,0.076923,1,0.025641,1.54,-13.0,42.4,13.62,0.0,45.6,11,0.282051,5,0.128205,2,0.051282,-1.85,0.0,0,0.0,0,0.0
flight_number,ANC,SAN,AS,AS743.0,SAN→ANC,,,2024-01-01,2024-12-31,16,16,0,0,0.0,1,0.0625,0,0.0,0.25,-5.5,21.5,10.88,1.5,28.0,5,0.3125,2,0.125,1,0.0625,3.69,0.0,1,0.5,0,0.0
flight_number,ANC,SAN,AS,AS933.0,SAN→ANC,,,2024-01-01,2024-12-31,4,4,0,0,0.0,0,0.0,0,0.0,-12.0,-3.5,6.3,2.25,2.0,4.7,0,0.0,0,0.0,0,0.0,0.0,0.0,0,,0,
flight_number,ANC,SCC,AS,AS55.0,SCC→ANC,,,2024-01-01,2024-12-31,311,300,11,0,0.03537,10,0.033333,4,0.013333,-10.47,-19.0,8.1,7.55,0.0,7.1,25,0.083333,17,0.056667,11,0.036667,0.03,0.0,0,0.0,0,0.0
flight_number,ANC,SCC,AS,AS87.0,SCC→ANC,,,2024-01-01,2024-12-31,258,251,7,0,0.027132,8,0.031873,1,0.003984,-5.61,-14.0,24.0,7.26,0.0,20.0,29,0.115538,18,0.071713,9,0.035857,-0.8,0.0,0,0.0,0,0.0
flight_number,ANC,SEA,AS,AS101.0,SEA→ANC,,,2024-01-01,2024-12-31,96,95,1,0,0.010417,6,0.063158,1,0.010526,15.66,8.0,34.4,15.07,4.0,32.6,23,0.242105,12,0.126316,6,0.063158,-3.05,0.0,0,0.0,0,0.0
flight_number,ANC,SEA,AS,AS103.0,SEA→ANC,,,2024-01-01,2024-12-31,40,40,0,0,0.0,1,0.025,1,0.025,7.97,-1.0,27.2,9.95,0.0,25.3,7,0.175,2,0.05,1,0.025,-3.55,0.0,0,0.0,0,0.0
flight_number,ANC,SEA,AS,AS105.0,SEA→ANC,,,2024-01-01,2024-12-31,8,8,0,0,0.0,2,0.25,0,0.0,27.0,21.5,96.7,27.88,7.5,90.5,3,0.375,2,0.25,2,0.25,-7.5,0.0,0,0.0,0,0.0
flight_number,ANC,SEA,AS,AS107.0,SEA→ANC,,,2024-01-01,2024-12-31,270,263,7,1,0.025926,12,0.045627,1,0.003802,15.9,12.0,42.0,15.82,5.5,38.0,94,0.357414,46,0.174905,13,0.04943,-3.02,0.0,2,0.040816,0,0.0
flight_number,ANC,SEA,AS,AS109.0,SEA→ANC,,,2024-01-01,2024-12-31,339,337,2,0,0.0059,13,0.038576,1,0.002967,4.2,-1.0,29.0,11.47,2.0,32.4,71,0.210682,42,0.124629,12,0.035608,0.59,0.0,3,0.069767,0,0.0
flight_number,ANC,SEA,AS,AS110.0,SEA→ANC,,,2024-01-01,2024-12-31,1,1,0,0,0.0,0,0.0,0,0.0,45.0,45.0,45.0,32.0,32.0,32.0,1,1.0,1,1.0,0,0.0,-13.0,-13.0,0,0.0,0,
flight_number,ANC,SEA,AS,AS1101.0,SEA→ANC,,,2024-01-01,2024-12-31,10,10,0,0,0.0,0,0.0,0,0.0,7.1,3.0,34.6,6.3,4.5,12.2,1,0.1,1,0.1,0,0.0,-3.2,0.0,0,0.0,0,
flight_number,ANC,SEA,AS,AS111.0,SEA→ANC,,,2024-01-01,2024-12-31,5,5,0,0,0.0,0,0.0,0,0.0,-5.6,-7.0,17.2,2.4,0.0,7.2,0,0.0,0,0.0,0,0.0,-3.4,0.0,0,,0,
flight_number,ANC,SEA,AS,AS113.0,SEA→ANC,,,2024-01-01,2024-12-31,16,16,0,0,0.0,1,0.0625,0,0.0,8.88,0.5,38.5,16.38,13.0,36.0,6,0.375,2,0.125,0,0.0,0.31,5.5,0,0.0,0,
flight_number,ANC,SEA,AS,AS115.0,SEA→ANC,,,2024-01-01,2024-12-31,1,1,0,0,0.0,0,0.0,0,0.0,0.0,0.0,0.0,0.0,0.0,0.0,0,0.0,0,0.0,0,0.0,0.0,0.0,0,,0,
flight_number,ANC,SEA,AS,AS119.0,SEA→ANC,,,2024-01-01,2024-12-31,38,31,7,0,0.184211,1,0.032258,0,0.0,-0.58,-7.0,22.0,13.26,3.0,35.0,8,0.258065,4,0.129032,1,0.032258,3.71,0.0,1,0.25,0,0.0
flight_number,ANC,SEA,AS,AS121.0,SEA→ANC,,,2024-01-01,2024-12-31,33,29,4,0,0.121212,1,0.034483,1,0.034483,2.1,-17.0,47.0,20.0,1.0,48.8,9,0.310345,8,0.275862,2,0.068966,3.28,0.0,1,0.111111,0,0.0
flight_number,ANC,SEA,AS,AS1218.0,SEA→ANC,,,2024-01-01,2024-12-31,2,2,0,0,0.0,0,0.0,0,0.0,22.5,22.5,47.7,32.5,32.5,57.7,1,0.5,1,0.5,1,0.5,5.5,5.5,0,0.0,0,0.0
flight_number,ANC,SEA,AS,AS1270.0,SEA→ANC,,,2024-01-01,2024-12-31,5,5,0,0,0.0,1,0.2,0,0.0,33.0,16.0,83.8,36.6,9.0,94.6,2,0.4,1,0.2,1,0.2,3.2,9.0,0,0.0,0,0.0
flight_number,ANC,SEA,AS,AS131.0,SEA→ANC,,,2024-01-01,2024-12-31,349,345,4,1,0.011461,18,0.052174,3,0.008696,4.25,-4.0,41.4,12.98,0.0,42.7,70,0.202899,49,0.142029,23,0.066667,0.58,0.0,1,0.020408,0,0.0
flight_number,ANC,SEA,AS,AS133.0,SEA→ANC,,,2024-01-01,2024-12-31,28,28,0,0,0.0,2,0.071429,0,0.0,21.25,9.5,51.3,20.64,3.0,45.8,8,0.285714,4,0.142857,2,0.071429,-3.64,0.0,0,0.0,0,0.0
flight_number,ANC,SEA,AS,AS134.0,SEA→ANC,,,2024-01-01,2024-12-31,10,10,0,0,0.0,0,0.0,0,0.0,4.1,-0.5,18.7,7.5,0.0,15.8,1,0.1,1,0.1,0,0.0,-0.2,0.0,0,0.0,0,
flight_number,ANC,SEA,AS,AS135.0,SEA→ANC,,,2024-01-01,2024-12-31,198,197,1,0,0.005051,13,0.06599,1,0.005076,15.12,6.0,49.0,15.12,6.0,43.0,59,0.299492,32,0.162437,7,0.035533,-3.16,0.0,0,0.0,0,0.0
flight_number,ANC,SEA,AS,AS1350.0,SEA→ANC,,,2024-01-01,2024-12-31,4,4,0,0,0.0,0,0.0,0,0.0,-8.75,-9.0,4.6,0.25,0.0,0.7,0,0.0,0,0.0,0,0.0,-1.5,0.0,0,,0,
flight_number,ANC,SEA,AS,AS137.0,SEA→ANC,,,2024-01-01,2024-12-31,32,32,0,0,0.0,2,0.0625,0,0.0,11.0,5.0,40.8,19.38,13.5,55.0,14,0.4375,8,0.25,2,0.0625,3.34,1.0,1,0.125,1,0.5
flight_number,ANC,SEA,AS,AS141.0,SEA→ANC,,,2024-01-01,2024-12-31,5,5,0,0,0.0,1,0.2,0,0.0,45.4,28.0,92.0,59.0,46.0,95.2,5,1.0,4,0.8,1,0.2,13.6,17.0,0,0.0,0,0.0
flight_number,ANC,SEA,AS,AS143.0,SEA→ANC,,,2024-01-01,2024-12-31,231,230,1,0,0.004329,13,0.056522,0,0.0,9.59,4.0,41.1,12.23,1.0,39.2,65,0.282609,29,0.126087,11,0.047826,-1.48,0.0,0,0.0,0,0.0
flight_number,ANC,SEA,AS,AS145.0,SEA→ANC,,,2024-01-01,2024-12-31,6,6,0,0,0.0,1,0.166667,0,0.0,13.5,-0.5,50.0,18.0,6.5,47.5,2,0.333333,1,0.166667,1,0.166667,0.83,0.5,0,0.0,0,0.0
flight_number,ANC,SEA,AS,AS1451.0,SEA→ANC,,,2024-01-01,2024-12-31,5,5,0,0,0.0,0,0.0,0,0.0,-12.0,-5.0,4.4,3.8,0.0,10.0,0,0.0,0,0.0,0,0.0,2.2,0.0,0,,0,
flight_number,ANC,SEA,AS,AS149.0,SEA→ANC,,,2024-01-01,2024-12-31,3,3,0,0,0.0,0,0.0,0,0.0,23.0,14.0,46.8,9.67,5.0,20.2,1,0.333333,0,0.0,0,0.0,-13.33,-14.0,0,,0,
flight_number,ANC,SEA,AS,AS150.0,SEA→ANC,,,2024-01-01,2024-12-31,1,1,0,0,0.0,0,0.0,0,0.0,53.0,53.0,53.0,40.0,40.0,40.0,1,1.0,1,1.0,0,0.0,-13.0,-13.0,0,0.0,0,
flight_number,ANC,SEA,AS,AS157.0,SEA→ANC,,,2024-01-01,2024-12-31,6,6,0,0,0.0,0,0.0,0,0.0,-8.83,-8.0,0.5,8.5,2.5,23.0,2,0.333333,0,0.0,0,0.0,8.0,2.5,0,,0,
flight_number,ANC,SEA,AS,AS163.0,SEA→ANC,,,2024-01-01,2024-12-31,94,93,1,0,0.010638,3,0.032258,0,0.0,6.51,2.0,30.8,9.17,0.0,25.0,23,0.247312,8,0.086022,3,0.032258,-1.65,0.0,0,0.0,0,0.0
flight_number,ANC,SEA,AS,AS164.0,SEA→ANC,,,2024-01-01,2024-12-31,7,7,0,0,0.0,2,0.285714,0,0.0,20.14,10.0,64.0,18.0,12.0,37.8,3,0.428571,1,0.142857,0,0.0,-5.43,-1.0,0,0.0,0,
flight_number,ANC,SEA,AS,AS171.0,SEA→ANC,,,2024-01-01,2024-12-31,2,2,0,0,0.0,0,0.0,0,0.0,-4.0,-4.0,16.8,0.5,0.5,0.9,0,0.0,0,0.0,0,0.0,-10.5,-10.5,0,,0,
flight_number,ANC,SEA,AS,AS173.0,SEA→ANC,,,2024-01-01,2024-12-31,278,270,8,0,0.028777,1,0.003704,1,0.003704,-5.63,-7.0,11.1,4.99,0.0,14.1,23,0.085185,8,0.02963,1,0.003704,1.04,0.0,1,0.125,0,0.0
flight_number,ANC,SEA,AS,AS175.0,SEA→ANC,,,2024-01-01,2024-12-31,344,341,3,0,0.008721,15,0.043988,0,0.0,8.77,7.0,42.0,13.87,5.0,40.0,98,0.28739,44,0.129032,19,0.055718,-0.75,0.0,4,0.086957,1,0.05
flight_number,ANC,SEA,AS,AS179.0,SEA→ANC,,,2024-01-01,2024-12-31,13,11,2,0,0.153846,1,0.090909,0,0.0,27.0,15.0,49.0,18.36,0.0,37.0,2,0.181818,2,0.181818,1,0.090909,-9.27,-9.0,0,0.0,0,0.0
flight_number,ANC,SEA,AS,AS181.0,SEA→ANC,,,2024-01-01,2024-12-31,1,1,0,0,0.0,0,0.0,0,0.0,12.0,12.0,12.0,11.0,11.0,11.0,0,0.0,0,0.0,0,0.0,-1.0,-1.0,0,,0,
flight_number,ANC,SEA,AS,AS189.0,SEA→ANC,,,2024-01-01,2024-12-31,261,254,7,0,0.02682,11,0.043307,0,0.0,4.51,-1.0,34.0,12.5,3.5,34.7,70,0.275591,29,0.114173,14,0.055118,1.13,0.0,0,0.0,0,0.0
flight_number,ANC,SEA,AS,AS191.0,SEA→ANC,,,2024-01-01,2024-12-31,4,4,0,0,0.0,0,0.0,0,0.0,-7.75,-6.0,3.1,5.0,1.5,12.8,1,0.25,0,0.0,0,0.0,3.75,1.5,0,,0,
flight_number,ANC,SEA,AS,AS195.0,SEA→ANC,,,2024-01-01,2024-12-31,2,2,0,0,0.0,0,0.0,0,0.0,37.5,37.5,45.9,26.0,26.0,39.6,1,0.5,1,0.5,0,0.0,-11.5,-11.5,0,0.0,0,
flight_number,ANC,SEA,AS,AS199.0,SEA→ANC,,,2024-01-01,2024-12-31,12,12,0,0,0.0,0,0.0,0,0.0,6.58,4.5,31.3,7.5,1.0,21.9,2,0.166667,1,0.083333,0,0.0,-4.17,0.0,0,0.0,0,
flight_number,ANC,SEA,AS,AS212.0,SEA→ANC,,,2024-01-01,2024-12-31,245,245,0,0,0.0,8,0.032653,0,0.0,7.05,2.0,35.6,10.57,1.0,31.6,55,0.22449,26,0.106122,9,0.036735,-1.1,0.0,1,0.038462,0,0.0
flight_number,ANC,SEA,AS,AS214.0,SEA→ANC,,,2024-01-01,2024-12-31,9,9,0,0,0.0,0,0.0,0,0.0,6.67,-1.0,38.2,15.56,0.0,49.2,3,0.333333,2,0.222222,0,0.0,3.56,0.0,0,0.0,0,
flight_number,ANC,SEA,AS,AS222.0,SEA→ANC,,,2024-01-01,2024-12-31,131,131,0,0,0.0,2,0.015267,0,0.0,-2.9,-7.0,24.0,7.54,0.0,23.0,21,0.160305,10,0.076336,1,0.007634,-0.08,0.0,0,0.0,0,0.0
flight_number,ANC,SEA,AS,AS225.0,SEA→ANC,,,2024-01-01,2024-12-31,186,186,0,0,0.0,5,0.026882,2,0.010753,16.76,14.0,43.0,16.96,10.0,38.0,67,0.360215,29,0.155914,6,0.032258,-2.66,0.0,1,0.034483,0,0.0
flight_number,ANC,SEA,AS,AS227.0,SEA→ANC,,,2024-01-01,2024-12-31,38,36,2,0,0.052632,5,0.138889,0,0.0,10.69,-5.0,71.5,22.36,5.0,72.5,11,0.305556,7,0.194444,5,0.138889,3.86,3.0,1,0.142857,0,0.0
flight_number,ANC,SEA,AS,AS228.0,SEA→ANC,,,2024-01-01,2024-12-31,243,243,0,0,0.0,12,0.049383,0,0.0,12.4,8.0,43.0,14.63,6.0,41.8,76,0.312757,43,0.176955,10,0.041152,-1.42,0.0,1,0.022727,0,0.0
flight_number,ANC,SEA,AS,AS229.0,SEA→ANC,,,2024-01-01,2024-12-31,3,3,0,0,0.0,0,0.0,0,0.0,-9.67,-12.0,-4.8,0.33,0.0,0.8,0,0.0,0,0.0,0,0.0,0.33,0.0,0,,0,
flight_number,ANC,SEA,AS,AS230.0,SEA→ANC,,,2024-01-01,2024-12-31,230,230,0,0,0.0,13,0.056522,3,0.013043,8.29,1.0,38.1,14.65,0.0,38.2,58,0.252174,31,0.134783,12,0.052174,-0.17,0.0,3,0.088235,0,0.0
flight_number,ANC,SEA,AS,AS241.0,SEA→ANC,,,2024-01-01,2024-12-31,4,4,0,0,0.0,1,0.25,0,0.0,32.0,8.0,92.4,35.75,10.0,91.5,2,0.5,1,0.25,1,0.25,-0.25,0.0,0,0.0,0,0.0
flight_number,ANC,SEA,AS,AS250.0,SEA→ANC,,,2024-01-01,2024-12-31,4,4,0,0,0.0,1,0.25,0,0.0,12.75,6.5,52.2,25.0,12.5,55.0,1,0.25,1,0.25,1,0.25,2.5,6.0,0,0.0,0,0.0
flight_number,ANC,SEA,AS,AS275.0,SEA→ANC,,,2024-01-01,2024-12-31,243,243,0,0,0.0,15,0.061728,3,0.012346,9.33,1.0,39.8,14.42,2.0,35.0,54,0.222222,29,0.119342,11,0.045267,-0.88,0.0,0,0.0,0,0.0
flight_number,ANC,SEA,AS,AS29.0,SEA→ANC,,,2024-01-01,2024-12-31,18,18,0,0,0.0,0,0.0,0,0.0,-8.44,-9.0,1.3,2.0,0.0,0.9,1,0.055556,1,0.055556,0,0.0,0.5,0.0,0,0.0,0,
flight_number,ANC,SEA,AS,AS319.0,SEA→ANC,,,2024-01-01,2024-12-31,24,24,0,0,0.0,2,0.083333,0,0.0,21.54,13.5,51.4,19.38,10.5,40.3,9,0.375,3,0.125,1,0.041667,-4.96,-5.0,0,0.0,0,0.0
flight_number,ANC,SEA,AS,AS32.0,SEA→ANC,,,2024-01-01,2024-12-31,18,18,0,0,0.0,1,0.055556,1,0.055556,13.72,4.0,31.3,18.17,3.0,40.2,5,0.277778,3,0.166667,1,0.055556,-0.17,0.0,0,0.0,0,0.0
flight_number,ANC,SEA,AS,AS37.0,SEA→ANC,,,2024-01-01,2024-12-31,1,1,0,0,0.0,0,0.0,0,0.0,-22.0,-22.0,-22.0,0.0,0.0,0.0,0,0.0,0,0.0,0,0.0,0.0,0.0,0,,0,
flight_number,ANC,SEA,AS,AS416.0,SEA→ANC,,,2024-01-01,2024-12-31,68,67,1,0,0.014706,1,0.014925,0,0.0,5.78,4.0,26.4,8.16,0.0,28.4,13,0.19403,6,0.089552,1,0.014925,-1.06,0.0,0,0.0,0,0.0
flight_number,ANC,SEA,AS,AS436.0,SEA→ANC,,,2024-01-01,2024-12-31,6,6,0,0,0.0,0,0.0,0,0.0,-7.5,-10.0,3.0,10.33,6.0,24.5,1,0.166667,1,0.166667,0,0.0,9.0,6.0,1,1.0,0,
flight_number,ANC,SEA,AS,AS49.0,SEA→ANC,,,2024-01-01,2024-12-31,355,355,0,1,0.0,20,0.056338,2,0.005634,10.4,4.5,36.4,14.32,3.0,36.7,86,0.242254,48,0.135211,18,0.050704,-1.25,0.0,3,0.06,1,0.055556
flight_number,ANC,SEA,AS,AS544.0,SEA→ANC,,,2024-01-01,2024-12-31,4,4,0,0,0.0,0,0.0,0,0.0,16.25,15.5,26.9,22.75,26.0,37.2,3,0.75,2,0.5,0,0.0,6.5,10.5,0,0.0,0,
flight_number,ANC,SEA,AS,AS545.0,SEA→ANC,,,2024-01-01,2024-12-31,27,27,0,0,0.0,1,0.037037,0,0.0,12.04,6.0,48.8,14.89,8.0,40.8,7,0.259259,5,0.185185,1,0.037037,-1.33,0.0,0,0.0,0,0.0
flight_number,ANC,SEA,AS,AS59.0,SEA→ANC,,,2024-01-01,2024-12-31,149,146,3,0,0.020134,3,0.020548,0,0.0,1.94,0.0,26.5,6.67,0.0,22.0,20,0.136986,9,0.061644,3,0.020548,-2.08,0.0,2,0.2,0,0.0
flight_number,ANC,SEA,AS,AS615.0,SEA→ANC,,,2024-01-01,2024-12-31,2,2,0,0,0.0,0,0.0,0,0.0,-13.5,-13.5,-12.3,0.0,0.0,0.0,0,0.0,0,0.0,0,0.0,0.0,0.0,0,,0,
flight_number,ANC,SEA,AS,AS63.0,SEA→ANC,,,2024-01-01,2024-12-31,3,3,0,0,0.0,0,0.0,0,0.0,-29.33,-31.0,-17.4,0.0,0.0,0.0,0,0.0,0,0.0,0,0.0,0.0,0.0,0,,0,
flight_number,ANC,SEA,AS,AS647.0,SEA→ANC,,,2024-01-01,2024-12-31,126,125,1,0,0.007937,7,0.056,1,0.008,10.21,4.0,40.0,15.77,5.0,40.0,34,0.272,19,0.152,7,0.056,-0.39,0.0,1,0.052632,0,0.0
flight_number,ANC,SEA,AS,AS745.0,SEA→ANC,,,2024-01-01,2024-12-31,1,1,0,0,0.0,0,0.0,0,0.0,4.0,4.0,4.0,8.0,8.0,8.0,0,0.0,0,0.0,0,0.0,4.0,4.0,0,,0,
flight_number,ANC,SEA,AS,AS83.0,SEA→ANC,,,2024-01-01,2024-12-31,332,329,3,0,0.009036,18,0.054711,1,0.00304,6.89,0.0,46.6,14.39,4.0,38.4,97,0.294833,46,0.139818,13,0.039514,0.5,0.0,2,0.043478,0,0.0
flight_number,ANC,SEA,AS,AS84.0,SEA→ANC,,,2024-01-01,2024-12-31,2,2,0,0,0.0,0,0.0,0,0.0,1.0,1.0,12.2,11.5,11.5,20.7,1,0.5,0,0.0,0,0.0,4.0,4.0,0,,0,
flight_number,ANC,SEA,AS,AS85.0,SEA→ANC,,,2024-01-01,2024-12-31,318,312,6,0,0.018868,6,0.019231,1,0.003205,-3.06,-7.0,15.9,4.87,0.0,12.0,20,0.064103,11,0.035256,5,0.016026,-1.42,0.0,0,0.0,0,0.0
flight_number,ANC,SEA,AS,AS922.0,SEA→ANC,,,2024-01-01,2024-12-31,58,57,1,0,0.017241,5,0.087719,0,0.0,22.63,17.0,54.2,14.72,5.0,42.0,15,0.263158,10,0.175439,4,0.070175,-8.93,-4.0,0,0.0,0,0.0
flight_number,ANC,SEA,AS,AS93.0,SEA→ANC,,,2024-01-01,2024-12-31,257,252,5,0,0.019455,16,0.063492,1,0.003968,15.09,12.0,49.0,18.07,10.0,45.0,100,0.396825,52,0.206349,12,0.047619,-1.48,0.0,2,0.037736,0,0.0
flight_number,ANC,SEA,AS,AS957.0,SEA→ANC,,,2024-01-01,2024-12-31,1,1,0,0,0.0,0,0.0,0,0.0,-14.0,-14.0,-14.0,2.0,2.0,2.0,0,0.0,0,0.0,0,0.0,2.0,2.0,0,,0,
flight_number,ANC,SEA,AS,AS99.0,SEA→ANC,,,2024-01-01,2024-12-31,62,61,1,0,0.016129,3,0.04918,0,0.0,8.44,3.0,37.0,12.02,3.0,35.0,16,0.262295,11,0.180328,1,0.016393,-1.38,0.0,2,0.181818,0,0.0
flight_number,ANC,SEA,DL,DL1027.0,SEA→ANC,,,2024-01-01,2024-12-31,28,28,0,0,0.0,0,0.0,0,0.0,-4.93,-11.0,10.4,4.04,0.0,11.5,3,0.107143,1,0.035714,0,0.0,0.18,0.0,0,0.0,0,
flight_number,ANC,SEA,DL,DL2355.0,SEA→ANC,,,2024-01-01,2024-12-31,93,90,3,0,0.032258,2,0.022222,0,0.0,6.08,1.5,28.4,10.21,0.0,28.1,19,0.211111,7,0.077778,2,0.022222,-0.6,0.0,1,0.125,0,0.0
flight_number,ANC,SEA,DL,DL415.0,SEA→ANC,,,2024-01-01,2024-12-31,50,50,0,0,0.0,4,0.08,1,0.02,32.38,12.0,53.7,32.78,2.0,52.2,16,0.32,11,0.22,5,0.1,-3.5,0.0,0,0.0,0,0.0
flight_number,ANC,SEA,DL,DL459.0,SEA→ANC,,,2024-01-01,2024-12-31,28,28,0,0,0.0,3,0.107143,0,0.0,7.04,-0.5,38.9,10.07,0.0,36.3,5,0.178571,3,0.107143,2,0.071429,-1.68,0.0,0,0.0,0,0.0
flight_number,ANC,SEA,DL,DL546.0,SEA→ANC,,,2024-01-01,2024-12-31,12,12,0,0,0.0,1,0.083333,0,0.0,6.42,-5.0,34.1,16.08,0.5,45.4,3,0.25,3,0.25,1,0.083333,3.08,0.0,0,0.0,0,0.0
flight_number,ANC,SEA,DL,DL655.0,SEA→ANC,,,2024-01-01,2024-12-31,62,62,0,0,0.0,5,0.080645,0,0.0,2.11,-9.0,49.3,15.89,0.0,45.9,14,0.225806,11,0.177419,6,0.096774,1.5,0.0,1,0.090909,0,0.0
flight_number,ANC,SEA,DL,DL657.0,SEA→ANC,,,2024-01-01,2024-12-31,62,62,0,0,0.0,7,0.112903,1,0.016129,14.18,-6.5,62.6,28.65,0.0,75.6,16,0.258065,11,0.177419,8,0.129032,2.27,0.0,1,0.083333,0,0.0
flight_number,ANC,SEA,DL,DL741.0,SEA→ANC,,,2024-01-01,2024-12-31,38,38,0,0,0.0,2,0.052632,0,0.0,4.45,-2.0,32.3,7.68,0.0,9.6,2,0.052632,2,0.052632,2,0.052632,-3.13,0.0,0,0.0,0,0.0
flight_number,ANC,SEA,DL,DL781.0,SEA→ANC,,,2024-01-01,2024-12-31,31,31,0,0,0.0,3,0.096774,0,0.0,13.94,1.0,46.0,16.23,0.0,42.0,7,0.225806,5,0.16129,3,0.096774,-1.77,0.0,0,0.0,0,0.0
flight_number,ANC,SEA,DL,DL829.0,SEA→ANC,,,2024-01-01,2024-12-31,84,84,0,0,0.0,0,0.0,0,0.0,-1.33,-3.0,25.1,3.51,0.0,12.7,6,0.071429,2,0.02381,1,0.011905,-2.93,0.0,0,0.0,0,0.0
flight_number,ANC,SEA,DL,DL854.0,SEA→ANC,,,2024-01-01,2024-12-31,158,158,0,2,0.0,10,0.063291,0,0.0,1.44,-5.0,26.5,10.96,0.0,33.0,27,0.170886,17,0.107595,11,0.06962,0.49,0.0,5,0.294118,0,0.0
flight_number,ANC,SEA,DL,DL922.0,SEA→ANC,,,2024-01-01,2024-12-31,208,208,0,2,0.0,4,0.019231,0,0.0,-6.66,-8.5,12.5,6.93,0.0,14.5,20,0.096154,13,0.0625,6,0.028846,1.48,0.0,5,0.357143,0,0.0
flight_number,ANC,SEA,DL,DL928.0,SEA→ANC,,,2024-01-01,2024-12-31,208,208,0,0,0.0,6,0.028846,1,0.004808,-7.76,-15.0,21.3,8.0,0.0,25.0,25,0.120192,18,0.086538,10,0.048077,1.32,0.0,2,0.1,0,0.0
flight_number,ANC,SEA,DL,DL929.0,SEA→ANC,,,2024-01-01,2024-12-31,50,50,0,0,0.0,1,0.02,0,0.0,4.84,-3.5,32.7,9.06,0.0,27.1,12,0.24,3,0.06,1,0.02,-2.26,0.0,0,0.0,0,0.0
flight_number,ANC,SEA,DL,DL930.0,SEA→ANC,,,2024-01-01,2024-12-31,139,139,0,0,0.0,2,0.014388,0,0.0,-3.68,-8.0,17.2,3.11,0.0,1.2,7,0.05036,4,0.028777,3,0.021583,-2.55,0.0,0,0.0,0,0.0
flight_number,ANC,SEA,DL,DL931.0,SEA→ANC,,,2024-01-01,2024-12-31,206,206,0,1,0.0,8,0.038835,0,0.0,4.05,-2.0,40.6,12.19,0.0,36.0,50,0.242718,27,0.131068,10,0.048544,0.29,0.0,2,0.068966,0,0.0
flight_number,ANC,SEA,DL,DL936.0,SEA→ANC,,,2024-01-01,2024-12-31,205,205,0,0,0.0,8,0.039024,1,0.004878,2.25,-6.0,31.6,10.77,0.0,34.6,38,0.185366,24,0.117073,9,0.043902,-0.1,0.0,2,0.083333,0,0.0
flight_number,ANC,SFO,AS,AS269.0,SFO→ANC,,,2024-01-01,2024-12-31,24,24,0,0,0.0,2,0.083333,0,0.0,12.17,8.5,41.2,8.38,3.0,20.3,3,0.125,2,0.083333,1,0.041667,-7.79,-5.0,0,0.0,0,0.0
flight_number,ANC,SFO,AS,AS276.0,SFO→ANC,,,2024-01-01,2024-12-31,4,4,0,0,0.0,1,0.25,0,0.0,26.25,20.5,62.4,28.0,19.0,63.2,2,0.5,2,0.5,1,0.25,-1.75,-2.0,0,0.0,0,0.0
flight_number,ANC,SFO,AS,AS521.0,SFO→ANC,,,2024-01-01,2024-12-31,1,1,0,0,0.0,0,0.0,0,0.0,5.0,5.0,5.0,0.0,0.0,0.0,0,0.0,0,0.0,0,0.0,-5.0,-5.0,0,,0,
flight_number,ANC,SFO,AS,AS525.0,SFO→ANC,,,2024-01-01,2024-12-31,35,35,0,0,0.0,3,0.085714,1,0.028571,20.77,17.0,44.0,15.91,0.0,44.8,10,0.285714,6,0.171429,2,0.057143,-8.86,-6.0,0,0.0,0,0.0
flight_number,ANC,SFO,AS,AS527.0,SFO→ANC,,,2024-01-01,2024-12-31,6,6,0,0,0.0,1,0.166667,0,0.0,36.0,12.0,95.5,27.83,4.0,79.5,1,0.166667,1,0.166667,1,0.166667,-9.33,-4.0,0,0.0,0,0.0
flight_number,ANC,SFO,AS,AS558.0,SFO→ANC,,,2024-01-01,2024-12-31,10,10,0,0,0.0,0,0.0,0,0.0,-1.4,0.5,14.5,3.3,0.0,15.2,1,0.1,0,0.0,0,0.0,-3.0,0.0,0,,0,
flight_number,ANC,SFO,AS,AS635.0,SFO→ANC,,,2024-01-01,2024-12-31,68,68,0,0,0.0,9,0.132353,2,0.029412,21.66,6.0,86.6,23.47,1.0,77.3,22,0.323529,13,0.191176,8,0.117647,-2.34,0.0,0,0.0,0,0.0
flight_number,ANC,SFO,UA,UA1678.0,SFO→ANC,,,2024-01-01,2024-12-31,8,8,0,0,0.0,0,0.0,0,0.0,-7.12,-12.5,12.6,10.25,0.0,30.6,1,0.125,1,0.125,1,0.125,4.12,0.0,0,0.0,0,0.0
flight_number,ANC,SFO,UA,UA2481.0,SFO→ANC,,,2024-01-01,2024-12-31,103,102,1,0,0.009709,3,0.029412,0,0.0,-2.84,-4.5,18.8,8.83,0.0,30.8,18,0.176471,11,0.107843,4,0.039216,1.8,0.0,2,0.181818,0,0.0
flight_number,ANC,SFO,UA,UA391.0,SFO→ANC,,,2024-01-01,2024-12-31,5,5,0,0,0.0,0,0.0,0,0.0,-10.0,-15.0,11.6,0.0,0.0,0.0,0,0.0,0,0.0,0,0.0,-4.2,0.0,0,,0,
flight_number,ANC,SLC,AS,AS39.0,SLC→ANC,,,2024-01-01,2024-12-31,42,40,2,0,0.047619,0,0.0,0,0.0,-2.48,-3.0,14.2,5.85,0.0,21.4,6,0.15,3,0.075,0,0.0,1.82,0.0,2,0.666667,0,
flight_number,ANC,SLC,AS,AS75.0,SLC→ANC,,,2024-01-01,2024-12-31,2,2,0,0,0.0,0,0.0,0,0.0,-1.5,-1.5,1.3,0.0,0.0,0.0,0,0.0,0,0.0,0,0.0,-1.0,-1.0,0,,0,
flight_number,ANC,SLC,DL,DL394.0,SLC→ANC,,,2024-01-01,2024-12-31,67,65,2,0,0.029851,1,0.015385,0,0.0,5.68,5.0,32.6,10.77,1.0,30.6,20,0.307692,7,0.107692,1,0.015385,0.31,0.0,0,0.0,0,0.0
flight_number,ANC,SLC,DL,DL444.0,SLC→ANC,,,2024-01-01,2024-12-31,9,9,0,0,0.0,1,0.111111,0,0.0,1.33,-5.0,27.2,15.67,0.0,47.4,2,0.222222,2,0.222222,1,0.111111,5.44,0.0,1,0.5,0,0.0
origin_route_time_bucket,ANC,ADK,,,ADK→ANC,afternoon,,2024-01-01,2024-12-31,104,96,8,0,0.076923,5,0.052083,1,0.010417,-6.83,-14.0,30.0,11.95,0.0,34.0,17,0.177083,11,0.114583,5,0.052083,0.7,0.0,0,0.0,0,0.0
origin_route_time_bucket,ANC,ADQ,,,ADQ→ANC,afternoon,,2024-01-01,2024-12-31,355,348,7,0,0.019718,19,0.054598,4,0.011494,4.4,-6.0,36.3,13.04,0.0,37.3,64,0.183908,40,0.114943,20,0.057471,-0.16,0.0,0,0.0,0,0.0
origin_route_time_bucket,ANC,ADQ,,,ADQ→ANC,early_morning,,2024-01-01,2024-12-31,359,354,5,0,0.013928,20,0.056497,5,0.014124,1.89,-11.0,29.0,13.13,0.0,26.7,46,0.129944,34,0.096045,21,0.059322,0.19,0.0,0,0.0,0,0.0
origin_route_time_bucket,ANC,ADQ,,,ADQ→ANC,late_morning,,2024-01-01,2024-12-31,99,95,4,0,0.040404,0,0.0,0,0.0,-11.49,-13.0,1.0,0.72,0.0,0.0,1,0.010526,1,0.010526,0,0.0,-0.6,0.0,0,0.0,0,
origin_route_time_bucket,ANC,ADQ,,,ADQ→ANC,night,,2024-01-01,2024-12-31,3,2,1,0,0.333333,0,0.0,0,0.0,-15.0,-15.0,-5.4,0.0,0.0,0.0,0,0.0,0,0.0,0,0.0,0.0,0.0,0,,0,
origin_route_time_bucket,ANC,AKN,,,AKN→ANC,afternoon,,2024-01-01,2024-12-31,68,67,1,0,0.014706,2,0.029851,0,0.0,-5.58,-12.0,20.4,3.52,0.0,10.2,6,0.089552,2,0.029851,1,0.014925,-3.09,0.0,0,0.0,0,0.0
origin_route_time_bucket,ANC,AKN,,,AKN→ANC,evening,,2024-01-01,2024-12-31,110,110,0,0,0.0,2,0.018182,0,0.0,-1.85,-7.0,23.5,5.82,0.0,23.1,15,0.136364,6,0.054545,1,0.009091,-1.37,0.0,0,0.0,0,0.0
origin_route_time_bucket,ANC,ATL,,,ATL→ANC,afternoon,,2024-01-01,2024-12-31,109,105,4,0,0.036697,10,0.095238,1,0.009524,19.91,8.0,58.0,17.28,4.0,55.6,30,0.285714,18,0.171429,8,0.07619,-5.12,0.0,0,0.0,0,0.0
origin_route_time_bucket,ANC,BET,,,BET→ANC,afternoon,,2024-01-01,2024-12-31,354,351,3,0,0.008475,29,0.082621,7,0.019943,12.52,2.0,43.0,14.65,0.0,42.0,76,0.216524,46,0.131054,27,0.076923,-2.64,0.0,0,0.0,0,0.0
origin_route_time_bucket,ANC,BET,,,BET→ANC,evening,,2024-01-01,2024-12-31,363,358,5,0,0.013774,21,0.058659,0,0.0,11.49,4.0,43.9,12.87,2.0,38.3,94,0.26257,47,0.131285,19,0.053073,-2.03,0.0,0,0.0,0,0.0
origin_route_time_bucket,ANC,BET,,,BET→ANC,late_morning,,2024-01-01,2024-12-31,9,9,0,0,0.0,0,0.0,0,0.0,14.67,8.0,47.8,12.78,11.0,26.6,2,0.222222,1,0.111111,0,0.0,-4.22,4.0,0,0.0,0,
origin_route_time_bucket,ANC,BRW,,,BRW→ANC,evening,,2024-01-01,2024-12-31,363,344,19,0,0.052342,20,0.05814,4,0.011628,11.39,3.0,44.8,14.63,0.0,41.7,94,0.273256,51,0.148256,15,0.043605,-1.19,0.0,0,0.0,0,0.0
origin_route_time_bucket,ANC,BRW,,,BRW→ANC,late_morning,,2024-01-01,2024-12-31,1,1,0,0,0.0,0,0.0,0,0.0,1.0,1.0,1.0,0.0,0.0,0.0,0,0.0,0,0.0,0,0.0,-1.0,-1.0,0,,0,
origin_route_time_bucket,ANC,CDV,,,CDV→ANC,afternoon,,2024-01-01,2024-12-31,363,351,12,0,0.033058,16,0.045584,2,0.005698,3.19,-5.0,36.0,10.32,0.0,33.0,60,0.17094,39,0.111111,13,0.037037,-1.26,0.0,0,0.0,0,0.0
origin_route_time_bucket,ANC,DEN,,,DEN→ANC,early_morning,,2024-01-01,2024-12-31,96,95,1,0,0.010417,6,0.063158,0,0.0,3.02,-4.0,20.6,8.21,0.0,15.4,10,0.105263,7,0.073684,5,0.052632,-1.92,0.0,0,0.0,0,0.0
origin_route_time_bucket,ANC,DEN,,,DEN→ANC,evening,,2024-01-01,2024-12-31,365,364,1,0,0.00274,11,0.03022,1,0.002747,0.99,-6.0,28.0,12.55,2.0,30.0,80,0.21978,36,0.098901,13,0.035714,2.07,0.0,9,0.236842,0,0.0
origin_route_time_bucket,ANC,DEN,,,DEN→ANC,late_morning,,2024-01-01,2024-12-31,143,142,1,3,0.006993,3,0.021127,1,0.007042,-0.19,-7.0,16.8,8.32,0.0,15.6,14,0.098592,10,0.070423,5,0.035211,0.31,0.0,0,0.0,0,0.0
origin_route_time_bucket,ANC,DFW,,,DFW→ANC,afternoon,,2024-01-01,2024-12-31,290,288,2,0,0.006897,24,0.083333,7,0.024306,15.5,1.0,55.3,23.27,3.0,58.3,85,0.295139,58,0.201389,28,0.097222,0.57,0.0,6,0.095238,0,0.0
origin_route_time_bucket,ANC,DFW,,,DFW→ANC,evening,,2024-01-01,2024-12-31,91,91,0,1,0.0,7,0.076923,1,0.010989,27.53,9.5,49.2,31.17,12.0,64.3,36,0.395604,23,0.252747,10,0.10989,1.11,1.0,0,0.0,0,0.0
origin_route_time_bucket,ANC,DLG,,,DLG→ANC,late_morning,,2024-01-01,2024-12-31,110,107,3,0,0.027273,8,0.074766,4,0.037383,3.52,-13.0,25.8,13.84,0.0,23.0,13,0.121495,9,0.084112,7,0.065421,-1.67,0.0,0,0.0,0,0.0
origin_route_time_bucket,ANC,DTW,,,DTW→ANC,afternoon,,2024-01-01,2024-12-31,9,8,1,0,0.111111,1,0.125,1,0.125,20.88,-8.0,72.2,33.5,8.5,85.8,2,0.25,2,0.25,1,0.125,4.12,2.0,1,0.5,0,0.0
origin_route_time_bucket,ANC,DTW,,,DTW→ANC,evening,,2024-01-01,2024-12-31,36,35,1,1,0.027778,6,0.171429,2,0.057143,22.09,2.5,84.0,38.24,14.0,101.4,16,0.457143,11,0.314286,10,0.285714,8.65,3.0,1,0.090909,1,0.1
origin_route_time_bucket,ANC,EWR,,,EWR→ANC,afternoon,,2024-01-01,2024-12-31,103,101,2,0,0.019417,14,0.138614,4,0.039604,21.91,1.0,80.0,34.52,0.0,80.0,32,0.316832,24,0.237624,15,0.148515,2.32,0.0,6,0.230769,2,0.125
origin_route_time_bucket,ANC,FAI,,,FAI→ANC,afternoon,,2024-01-01,2024-12-31,144,143,1,1,0.006944,2,0.013986,0,0.0,-0.88,-5.0,13.9,4.37,0.0,5.9,10,0.06993,7,0.048951,2,0.013986,-1.87,0.0,0,0.0,0,0.0
origin_route_time_bucket,ANC,FAI,,,FAI→ANC,early_morning,,2024-01-01,2024-12-31,236,235,1,0,0.004237,7,0.029787,0,0.0,-5.66,-10.0,8.6,3.06,0.0,0.0,9,0.038298,8,0.034043,7,0.029787,-1.78,0.0,0,0.0,0,0.0
origin_route_time_bucket,ANC,FAI,,,FAI→ANC,evening,,2024-01-01,2024-12-31,91,91,0,0,0.0,7,0.076923,1,0.010989,7.58,-6.0,47.0,15.55,0.0,45.0,14,0.153846,11,0.120879,8,0.087912,0.11,0.0,0,0.0,0,0.0
origin_route_time_bucket,ANC,FAI,,,FAI→ANC,late_morning,,2024-01-01,2024-12-31,151,146,5,1,0.033113,2,0.013699,0,0.0,-9.81,-12.0,0.0,2.06,0.0,0.0,4,0.027397,2,0.013699,1,0.006849,-0.26,0.0,0,0.0,0,0.0
origin_route_time_bucket,ANC,FAI,,,FAI→ANC,night,,2024-01-01,2024-12-31,168,167,1,0,0.005952,5,0.02994,1,0.005988,-1.25,-5.0,17.8,6.89,0.0,21.0,20,0.11976,11,0.065868,3,0.017964,-0.19,0.0,1,0.083333,0,0.0
origin_route_time_bucket,ANC,HNL,,,HNL→ANC,night,,2024-01-01,2024-12-31,366,356,10,1,0.027322,32,0.089888,7,0.019663,2.31,-9.0,48.6,18.34,0.0,58.2,83,0.233146,59,0.16573,34,0.095506,2.56,0.0,5,0.084746,0,0.0
origin_route_time_bucket,ANC,IAD,,,IAD→ANC,evening,,2024-01-01,2024-12-31,103,99,4,0,0.038835,1,0.010101,0,0.0,-6.23,-11.0,23.0,6.98,0.0,22.2,15,0.151515,6,0.060606,1,0.010101,0.6,0.0,1,0.166667,0,0.0
origin_route_time_bucket,ANC,IAH,,,IAH→ANC,afternoon,,2024-01-01,2024-12-31,103,101,2,0,0.019417,7,0.069307,0,0.0,7.44,0.0,45.0,10.4,0.0,36.0,16,0.158416,12,0.118812,5,0.049505,-2.66,0.0,0,0.0,0,0.0
origin_route_time_bucket,ANC,IAH,,,IAH→ANC,evening,,2024-01-01,2024-12-31,23,23,0,0,0.0,0,0.0,0,0.0,-3.04,-6.0,17.2,2.17,0.0,7.0,2,0.086957,0,0.0,0,0.0,-3.52,0.0,0,,0,
origin_route_time_bucket,ANC,JFK,,,JFK→ANC,late_morning,,2024-01-01,2024-12-31,68,68,0,0,0.0,2,0.029412,1,0.014706,0.76,-8.0,23.1,7.24,0.0,6.3,5,0.073529,4,0.058824,2,0.029412,-3.5,0.0,0,0.0,0,0.0
origin_route_time_bucket,ANC,JNU,,,JNU→ANC,afternoon,,2024-01-01,2024-12-31,364,361,3,0,0.008242,19,0.052632,8,0.022161,1.75,-9.0,28.0,11.31,0.0,28.0,52,0.144044,33,0.091413,18,0.049861,-0.69,0.0,0,0.0,0,0.0
origin_route_time_bucket,ANC,JNU,,,JNU→ANC,early_morning,,2024-01-01,2024-12-31,363,353,10,0,0.027548,14,0.03966,7,0.01983,-3.57,-15.0,14.4,9.02,0.0,12.8,33,0.093484,23,0.065156,14,0.03966,-1.33,0.0,0,0.0,0,0.0
origin_route_time_bucket,ANC,JNU,,,JNU→ANC,evening,,2024-01-01,2024-12-31,126,123,3,0,0.02381,6,0.04878,0,0.0,-2.88,-11.0,14.0,7.67,0.0,14.0,11,0.089431,7,0.056911,6,0.04878,-0.74,0.0,0,0.0,0,0.0
origin_route_time_bucket,ANC,JNU,,,JNU→ANC,night,,2024-01-01,2024-12-31,365,359,6,0,0.016438,16,0.044568,0,0.0,-2.79,-11.0,36.6,8.3,0.0,28.2,57,0.158774,34,0.094708,18,0.050139,-1.18,0.0,0,0.0,0,0.0
origin_route_time_bucket,ANC,KOA,,,KOA→ANC,evening,,2024-01-01,2024-12-31,7,7,0,0,0.0,0,0.0,0,0.0,-17.57,-16.0,-15.0,0.43,0.0,1.2,0,0.0,0,0.0,0,0.0,0.43,0.0,0,,0,
origin_route_time_bucket,ANC,KOA,,,KOA→ANC,night,,2024-01-01,2024-12-31,85,80,5,1,0.058824,8,0.1,2,0.025,8.46,-4.0,55.4,21.41,1.0,48.0,25,0.3125,14,0.175,7,0.0875,3.14,0.0,2,0.133333,0,0.0
origin_route_time_bucket,ANC,LAS,,,LAS→ANC,evening,,2024-01-01,2024-12-31,117,115,2,1,0.017094,16,0.13913,0,0.0,19.32,11.5,65.0,26.09,14.0,76.7,54,0.469565,36,0.313043,20,0.173913,1.46,0.0,3,0.083333,1,0.05
origin_route_time_bucket,ANC,LAX,,,LAX→ANC,early_morning,,2024-01-01,2024-12-31,7,7,0,0,0.0,0,0.0,0,0.0,-10.71,-8.0,-0.2,1.14,0.0,3.2,0,0.0,0,0.0,0,0.0,0.57,0.0,0,,0,
origin_route_time_bucket,ANC,LAX,,,LAX→ANC,evening,,2024-01-01,2024-12-31,289,282,7,1,0.024221,10,0.035461,0,0.0,6.31,0.0,39.0,11.23,0.0,28.0,50,0.177305,24,0.085106,8,0.028369,-2.5,0.0,1,0.041667,0,0.0
origin_route_time_bucket,ANC,LAX,,,LAX→ANC,night,,2024-01-01,2024-12-31,52,52,0,0,0.0,1,0.019231,0,0.0,-2.4,-5.0,22.4,4.58,0.0,7.7,4,0.076923,3,0.057692,1,0.019231,-2.42,0.0,0,0.0,0,0.0
origin_route_time_bucket,ANC,MSP,,,MSP→ANC,afternoon,,2024-01-01,2024-12-31,43,43,0,0,0.0,0,0.0,0,0.0,-18.28,-19.0,1.8,2.53,0.0,12.4,1,0.023256,0,0.0,0,0.0,1.12,0.0,1,1.0,0,
origin_route_time_bucket,ANC,MSP,,,MSP→ANC,early_morning,,2024-01-01,2024-12-31,98,97,1,0,0.010204,1,0.010309,0,0.0,8.28,7.0,39.4,12.16,3.0,41.8,27,0.278351,15,0.154639,3,0.030928,-0.74,0.0,1,0.0625,0,0.0
origin_route_time_bucket,ANC,MSP,,,MSP→ANC,evening,,2024-01-01,2024-12-31,287,285,2,0,0.006969,11,0.038596,3,0.010526,5.87,-7.0,37.0,17.61,0.0,31.6,51,0.178947,32,0.112281,13,0.045614,1.02,0.0,3,0.09375,0,0.0
origin_route_time_bucket,ANC,MSP,,,MSP→ANC,late_morning,,2024-01-01,2024-12-31,75,74,1,0,0.013333,3,0.040541,1,0.013514,1.61,-5.0,17.8,9.59,0.0,25.0,13,0.175676,6,0.081081,3,0.040541,0.53,0.0,2,0.333333,0,0.0
origin_route_time_bucket,ANC,MSP,,,MSP→ANC,night,,2024-01-01,2024-12-31,152,150,2,0,0.013158,10,0.066667,1,0.006667,6.26,-3.0,48.1,15.27,0.0,50.8,37,0.246667,23,0.153333,14,0.093333,1.6,0.0,1,0.041667,0,0.0
origin_route_time_bucket,ANC,OGG,,,OGG→ANC,night,,2024-01-01,2024-12-31,33,28,5,2,0.151515,2,0.071429,1,0.035714,14.81,-1.0,37.5,24.62,1.0,60.5,6,0.214286,4,0.142857,3,0.107143,2.88,0.0,0,0.0,1,0.333333
origin_route_time_bucket,ANC,OME,,,OME→ANC,evening,,2024-01-01,2024-12-31,300,293,7,0,0.023333,11,0.037543,1,0.003413,3.96,-3.0,30.0,8.31,0.0,27.0,47,0.16041,24,0.081911,10,0.03413,-2.44,0.0,0,0.0,0,0.0
origin_route_time_bucket,ANC,OME,,,OME→ANC,late_morning,,2024-01-01,2024-12-31,2,2,0,0,0.0,0,0.0,0,0.0,13.5,13.5,27.5,25.5,25.5,44.3,1,0.5,1,0.5,0,0.0,10.0,10.0,0,0.0,0,
origin_route_time_bucket,ANC,OME,,,OME→ANC,night,,2024-01-01,2024-12-31,1,1,0,0,0.0,0,0.0,0,0.0,34.0,34.0,34.0,23.0,23.0,23.0,1,1.0,0,0.0,0,0.0,-11.0,-11.0,0,,0,
origin_route_time_bucket,ANC,ORD,,,ORD→ANC,afternoon,,2024-01-01,2024-12-31,87,87,0,0,0.0,3,0.034483,0,0.0,-7.53,-14.0,25.0,8.71,0.0,32.4,12,0.137931,9,0.103448,4,0.045977,0.56,0.0,1,0.1,0,0.0
origin_route_time_bucket,ANC,ORD,,,ORD→ANC,early_morning,,2024-01-01,2024-12-31,17,17,0,0,0.0,3,0.176471,0,0.0,27.06,27.0,71.6,17.82,12.0,45.4,7,0.411765,3,0.176471,1,0.058824,-11.53,0.0,0,0.0,0,0.0
origin_route_time_bucket,ANC,ORD,,,ORD→ANC,evening,,2024-01-01,2024-12-31,308,307,1,2,0.003247,21,0.068404,1,0.003257,7.45,-3.0,46.6,14.53,0.0,44.8,72,0.234528,43,0.140065,21,0.068404,-0.81,0.0,4,0.090909,0,0.0
origin_route_time_bucket,ANC,ORD,,,ORD→ANC,late_morning,,2024-01-01,2024-12-31,275,274,1,1,0.003636,14,0.051095,3,0.010949,3.23,-6.0,38.0,15.41,0.0,40.2,64,0.233577,38,0.138686,19,0.069343,2.25,0.0,7,0.170732,0,0.0
origin_route_time_bucket,ANC,ORD,,,ORD→ANC,red_eye,,2024-01-01,2024-12-31,96,95,1,1,0.010417,6,0.063158,0,0.0,4.3,-4.5,42.0,17.2,6.5,52.0,33,0.347368,17,0.178947,8,0.084211,3.5,0.0,2,0.105263,0,0.0
origin_route_time_bucket,ANC,OTZ,,,OTZ→ANC,afternoon,,2024-01-01,2024-12-31,1,1,0,0,0.0,0,0.0,0,0.0,-9.0,-9.0,-9.0,0.0,0.0,0.0,0,0.0,0,0.0,0,0.0,0.0,0.0,0,,0,
origin_route_time_bucket,ANC,OTZ,,,OTZ→ANC,evening,,2024-01-01,2024-12-31,65,56,9,0,0.138462,1,0.017857,0,0.0,-7.86,-17.0,18.0,5.34,0.0,19.5,7,0.125,4,0.071429,1,0.017857,-0.95,0.0,0,0.0,0,0.0
origin_route_time_bucket,ANC,OTZ,,,OTZ→ANC,late_morning,,2024-01-01,2024-12-31,299,286,13,0,0.043478,10,0.034965,3,0.01049,0.1,-9.0,15.0,8.5,0.0,13.5,28,0.097902,20,0.06993,8,0.027972,-0.69,0.0,0,0.0,0,0.0
origin_route_time_bucket,ANC,PDX,,,PDX→ANC,night,,2024-01-01,2024-12-31,359,352,7,1,0.019499,10,0.028409,0,0.0,3.71,1.0,27.0,6.96,0.0,22.0,53,0.150568,23,0.065341,7,0.019886,-2.73,0.0,0,0.0,0,0.0
origin_route_time_bucket,ANC,PHX,,,PHX→ANC,evening,,2024-01-01,2024-12-31,343,337,6,1,0.017493,22,0.065282,1,0.002967,6.71,1.0,48.0,12.41,0.0,41.5,81,0.240356,48,0.142433,18,0.053412,-2.0,0.0,5,0.098039,0,0.0
origin_route_time_bucket,ANC,PHX,,,PHX→ANC,night,,2024-01-01,2024-12-31,10,10,0,0,0.0,0,0.0,0,0.0,-10.8,-11.0,7.3,5.5,0.0,13.5,1,0.1,1,0.1,0,0.0,2.2,0.0,0,0.0,0,
origin_route_time_bucket,ANC,SAN,,,SAN→ANC,late_morning,,2024-01-01,2024-12-31,20,20,0,0,0.0,1,0.05,0,0.0,-2.2,-5.5,12.3,9.15,1.5,25.6,5,0.25,2,0.1,1,0.05,2.95,0.0,1,0.5,0,0.0
origin_route_time_bucket,ANC,SCC,,,SCC→ANC,early_morning,,2024-01-01,2024-12-31,311,300,11,0,0.03537,10,0.033333,4,0.013333,-10.47,-19.0,8.1,7.55,0.0,7.1,25,0.083333,17,0.056667,11,0.036667,0.03,0.0,0,0.0,0,0.0
origin_route_time_bucket,ANC,SCC,,,SCC→ANC,evening,,2024-01-01,2024-12-31,258,251,7,0,0.027132,8,0.031873,1,0.003984,-5.61,-14.0,24.0,7.26,0.0,20.0,29,0.115538,18,0.071713,9,0.035857,-0.8,0.0,0,0.0,0,0.0
origin_route_time_bucket,ANC,SEA,,,SEA→ANC,afternoon,,2024-01-01,2024-12-31,1674,1661,13,1,0.007766,72,0.043347,9,0.005418,4.0,-2.0,37.0,12.36,0.0,36.0,374,0.225166,197,0.118603,84,0.050572,0.3,0.0,9,0.043478,1,0.011905
origin_route_time_bucket,ANC,SEA,,,SEA→ANC,early_morning,,2024-01-01,2024-12-31,989,972,17,0,0.017189,14,0.014403,4,0.004115,-2.11,-6.0,20.0,5.45,0.0,14.0,86,0.088477,38,0.039095,15,0.015432,-1.14,0.0,3,0.076923,0,0.0
origin_route_time_bucket,ANC,SEA,,,SEA→ANC,evening,,2024-01-01,2024-12-31,1403,1398,5,1,0.003564,66,0.04721,3,0.002146,7.5,1.0,38.4,12.74,2.0,37.0,333,0.238197,192,0.137339,65,0.046495,-0.5,0.0,11,0.055838,0,0.0
origin_route_time_bucket,ANC,SEA,,,SEA→ANC,late_morning,,2024-01-01,2024-12-31,1702,1688,14,5,0.008226,83,0.049171,5,0.002962,7.0,1.0,37.8,12.99,2.0,36.0,411,0.243483,215,0.12737,76,0.045024,-0.73,0.0,18,0.082192,1,0.0125
origin_route_time_bucket,ANC,SEA,,,SEA→ANC,night,,2024-01-01,2024-12-31,1808,1783,25,1,0.013827,96,0.053842,8,0.004487,11.49,5.0,45.0,14.98,3.0,40.0,514,0.288278,267,0.149748,86,0.048233,-1.5,0.0,12,0.043321,1,0.011236
origin_route_time_bucket,ANC,SEA,,,SEA→ANC,red_eye,,2024-01-01,2024-12-31,14,14,0,0,0.0,1,0.071429,0,0.0,10.64,-4.0,52.4,20.14,0.0,52.1,5,0.357143,4,0.285714,1,0.071429,1.29,0.0,0,0.0,0,0.0
origin_route_time_bucket,ANC,SFO,,,SFO→ANC,afternoon,,2024-01-01,2024-12-31,30,30,0,0,0.0,3,0.1,0,0.0,16.93,8.5,48.2,12.27,3.0,25.4,4,0.133333,3,0.1,2,0.066667,-8.1,-5.0,0,0.0,0,0.0
origin_route_time_bucket,ANC,SFO,,,SFO→ANC,early_morning,,2024-01-01,2024-12-31,10,10,0,0,0.0,0,0.0,0,0.0,-1.4,0.5,14.5,3.3,0.0,15.2,1,0.1,0,0.0,0,0.0,-3.0,0.0,0,,0,
origin_route_time_bucket,ANC,SFO,,,SFO→ANC,evening,,2024-01-01,2024-12-31,175,174,1,0,0.005714,13,0.074713,2,0.011494,7.4,-1.0,48.5,14.99,0.0,44.1,42,0.241379,26,0.149425,13,0.074713,0.1,0.0,2,0.076923,0,0.0
origin_route_time_bucket,ANC,SFO,,,SFO→ANC,late_morning,,2024-01-01,2024-12-31,49,49,0,0,0.0,3,0.061224,1,0.020408,12.76,9.0,42.0,13.04,0.0,43.6,11,0.22449,7,0.142857,3,0.061224,-6.18,0.0,0,0.0,0,0.0
origin_route_time_bucket,ANC,SLC,,,SLC→ANC,early_morning,,2024-01-01,2024-12-31,44,42,2,0,0.045455,0,0.0,0,0.0,-2.43,-3.0,13.8,5.57,0.0,20.8,6,0.142857,3,0.071429,0,0.0,1.69,0.0,2,0.666667,0,
origin_route_time_bucket,ANC,SLC,,,SLC→ANC,night,,2024-01-01,2024-12-31,76,74,2,0,0.026316,2,0.027027,0,0.0,5.15,2.0,32.7,11.36,0.5,34.5,22,0.297297,9,0.121622,2,0.027027,0.93,0.0,1,0.1,0,0.0
origin_airline_route_time_bucket,ANC,ADK,AS,,ADK→ANC AS,afternoon,,2024-01-01,2024-12-31,104,96,8,0,0.076923,5,0.052083,1,0.010417,-6.83,-14.0,30.0,11.95,0.0,34.0,17,0.177083,11,0.114583,5,0.052083,0.7,0.0,0,0.0,0,0.0
origin_airline_route_time_bucket,ANC,ADQ,AS,,ADQ→ANC AS,afternoon,,2024-01-01,2024-12-31,355,348,7,0,0.019718,19,0.054598,4,0.011494,4.4,-6.0,36.3,13.04,0.0,37.3,64,0.183908,40,0.114943,20,0.057471,-0.16,0.0,0,0.0,0,0.0
origin_airline_route_time_bucket,ANC,ADQ,AS,,ADQ→ANC AS,early_morning,,2024-01-01,2024-12-31,359,354,5,0,0.013928,20,0.056497,5,0.014124,1.89,-11.0,29.0,13.13,0.0,26.7,46,0.129944,34,0.096045,21,0.059322,0.19,0.0,0,0.0,0,0.0
origin_airline_route_time_bucket,ANC,ADQ,AS,,ADQ→ANC AS,late_morning,,2024-01-01,2024-12-31,99,95,4,0,0.040404,0,0.0,0,0.0,-11.49,-13.0,1.0,0.72,0.0,0.0,1,0.010526,1,0.010526,0,0.0,-0.6,0.0,0,0.0,0,
origin_airline_route_time_bucket,ANC,ADQ,AS,,ADQ→ANC AS,night,,2024-01-01,2024-12-31,3,2,1,0,0.333333,0,0.0,0,0.0,-15.0,-15.0,-5.4,0.0,0.0,0.0,0,0.0,0,0.0,0,0.0,0.0,0.0,0,,0,
origin_airline_route_time_bucket,ANC,AKN,AS,,AKN→ANC AS,afternoon,,2024-01-01,2024-12-31,68,67,1,0,0.014706,2,0.029851,0,0.0,-5.58,-12.0,20.4,3.52,0.0,10.2,6,0.089552,2,0.029851,1,0.014925,-3.09,0.0,0,0.0,0,0.0
origin_airline_route_time_bucket,ANC,AKN,AS,,AKN→ANC AS,evening,,2024-01-01,2024-12-31,110,110,0,0,0.0,2,0.018182,0,0.0,-1.85,-7.0,23.5,5.82,0.0,23.1,15,0.136364,6,0.054545,1,0.009091,-1.37,0.0,0,0.0,0,0.0
origin_airline_route_time_bucket,ANC,ATL,DL,,ATL→ANC DL,afternoon,,2024-01-01,2024-12-31,109,105,4,0,0.036697,10,0.095238,1,0.009524,19.91,8.0,58.0,17.28,4.0,55.6,30,0.285714,18,0.171429,8,0.07619,-5.12,0.0,0,0.0,0,0.0
origin_airline_route_time_bucket,ANC,BET,AS,,BET→ANC AS,afternoon,,2024-01-01,2024-12-31,354,351,3,0,0.008475,29,0.082621,7,0.019943,12.52,2.0,43.0,14.65,0.0,42.0,76,0.216524,46,0.131054,27,0.076923,-2.64,0.0,0,0.0,0,0.0
origin_airline_route_time_bucket,ANC,BET,AS,,BET→ANC AS,evening,,2024-01-01,2024-12-31,363,358,5,0,0.013774,21,0.058659,0,0.0,11.49,4.0,43.9,12.87,2.0,38.3,94,0.26257,47,0.131285,19,0.053073,-2.03,0.0,0,0.0,0,0.0
origin_airline_route_time_bucket,ANC,BET,AS,,BET→ANC AS,late_morning,,2024-01-01,2024-12-31,9,9,0,0,0.0,0,0.0,0,0.0,14.67,8.0,47.8,12.78,11.0,26.6,2,0.222222,1,0.111111,0,0.0,-4.22,4.0,0,0.0,0,
origin_airline_route_time_bucket,ANC,BRW,AS,,BRW→ANC AS,evening,,2024-01-01,2024-12-31,363,344,19,0,0.052342,20,0.05814,4,0.011628,11.39,3.0,44.8,14.63,0.0,41.7,94,0.273256,51,0.148256,15,0.043605,-1.19,0.0,0,0.0,0,0.0
origin_airline_route_time_bucket,ANC,BRW,AS,,BRW→ANC AS,late_morning,,2024-01-01,2024-12-31,1,1,0,0,0.0,0,0.0,0,0.0,1.0,1.0,1.0,0.0,0.0,0.0,0,0.0,0,0.0,0,0.0,-1.0,-1.0,0,,0,
origin_airline_route_time_bucket,ANC,CDV,AS,,CDV→ANC AS,afternoon,,2024-01-01,2024-12-31,363,351,12,0,0.033058,16,0.045584,2,0.005698,3.19,-5.0,36.0,10.32,0.0,33.0,60,0.17094,39,0.111111,13,0.037037,-1.26,0.0,0,0.0,0,0.0
origin_airline_route_time_bucket,ANC,DEN,AS,,DEN→ANC AS,early_morning,,2024-01-01,2024-12-31,96,95,1,0,0.010417,6,0.063158,0,0.0,3.02,-4.0,20.6,8.21,0.0,15.4,10,0.105263,7,0.073684,5,0.052632,-1.92,0.0,0,0.0,0,0.0
origin_airline_route_time_bucket,ANC,DEN,AS,,DEN→ANC AS,late_morning,,2024-01-01,2024-12-31,39,39,0,0,0.0,2,0.051282,1,0.025641,8.77,-4.0,39.0,14.26,0.0,18.4,5,0.128205,3,0.076923,2,0.051282,-1.67,0.0,0,0.0,0,0.0
origin_airline_route_time_bucket,ANC,DEN,UA,,DEN→ANC UA,evening,,2024-01-01,2024-12-31,365,364,1,0,0.00274,11,0.03022,1,0.002747,0.99,-6.0,28.0,12.55,2.0,30.0,80,0.21978,36,0.098901,13,0.035714,2.07,0.0,9,0.236842,0,0.0
origin_airline_route_time_bucket,ANC,DEN,UA,,DEN→ANC UA,late_morning,,2024-01-01,2024-12-31,104,103,1,3,0.009615,1,0.009709,0,0.0,-3.69,-7.0,13.1,6.0,0.0,14.1,9,0.087379,7,0.067961,3,0.029126,1.08,0.0,0,0.0,0,0.0
origin_airline_route_time_bucket,ANC,DFW,AA,,DFW→ANC AA,afternoon,,2024-01-01,2024-12-31,290,288,2,0,0.006897,24,0.083333,7,0.024306,15.5,1.0,55.3,23.27,3.0,58.3,85,0.295139,58,0.201389,28,0.097222,0.57,0.0,6,0.095238,0,0.0
origin_airline_route_time_bucket,ANC,DFW,AA,,DFW→ANC AA,evening,,2024-01-01,2024-12-31,91,91,0,1,0.0,7,0.076923,1,0.010989,27.53,9.5,49.2,31.17,12.0,64.3,36,0.395604,23,0.252747,10,0.10989,1.11,1.0,0,0.0,0,0.0
origin_airline_route_time_bucket,ANC,DLG,AS,,DLG→ANC AS,late_morning,,2024-01-01,2024-12-31,110,107,3,0,0.027273,8,0.074766,4,0.037383,3.52,-13.0,25.8,13.84,0.0,23.0,13,0.121495,9,0.084112,7,0.065421,-1.67,0.0,0,0.0,0,0.0
origin_airline_route_time_bucket,ANC,DTW,DL,,DTW→ANC DL,afternoon,,2024-01-01,2024-12-31,9,8,1,0,0.111111,1,0.125,1,0.125,20.88,-8.0,72.2,33.5,8.5,85.8,2,0.25,2,0.25,1,0.125,4.12,2.0,1,0.5,0,0.0
origin_airline_route_time_bucket,ANC,DTW,DL,,DTW→ANC DL,evening,,2024-01-01,2024-12-31,36,35,1,1,0.027778,6,0.171429,2,0.057143,22.09,2.5,84.0,38.24,14.0,101.4,16,0.457143,11,0.314286,10,0.285714,8.65,3.0,1,0.090909,1,0.1
origin_airline_route_time_bucket,ANC,EWR,UA,,EWR→ANC UA,afternoon,,2024-01-01,2024-12-31,103,101,2,0,0.019417,14,0.138614,4,0.039604,21.91,1.0,80.0,34.52,0.0,80.0,32,0.316832,24,0.237624,15,0.148515,2.32,0.0,6,0.230769,2,0.125
origin_airline_route_time_bucket,ANC,FAI,AS,,FAI→ANC AS,afternoon,,2024-01-01,2024-12-31,144,143,1,1,0.006944,2,0.013986,0,0.0,-0.88,-5.0,13.9,4.37,0.0,5.9,10,0.06993,7,0.048951,2,0.013986,-1.87,0.0,0,0.0,0,0.0
origin_airline_route_time_bucket,ANC,FAI,AS,,FAI→ANC AS,early_morning,,2024-01-01,2024-12-31,236,235,1,0,0.004237,7,0.029787,0,0.0,-5.66,-10.0,8.6,3.06,0.0,0.0,9,0.038298,8,0.034043,7,0.029787,-1.78,0.0,0,0.0,0,0.0
origin_airline_route_time_bucket,ANC,FAI,AS,,FAI→ANC AS,evening,,2024-01-01,2024-12-31,91,91,0,0,0.0,7,0.076923,1,0.010989,7.58,-6.0,47.0,15.55,0.0,45.0,14,0.153846,11,0.120879,8,0.087912,0.11,0.0,0,0.0,0,0.0
origin_airline_route_time_bucket,ANC,FAI,AS,,FAI→ANC AS,late_morning,,2024-01-01,2024-12-31,151,146,5,1,0.033113,2,0.013699,0,0.0,-9.81,-12.0,0.0,2.06,0.0,0.0,4,0.027397,2,0.013699,1,0.006849,-0.26,0.0,0,0.0,0,0.0
origin_airline_route_time_bucket,ANC,FAI,AS,,FAI→ANC AS,night,,2024-01-01,2024-12-31,168,167,1,0,0.005952,5,0.02994,1,0.005988,-1.25,-5.0,17.8,6.89,0.0,21.0,20,0.11976,11,0.065868,3,0.017964,-0.19,0.0,1,0.083333,0,0.0
origin_airline_route_time_bucket,ANC,HNL,AS,,HNL→ANC AS,night,,2024-01-01,2024-12-31,366,356,10,1,0.027322,32,0.089888,7,0.019663,2.31,-9.0,48.6,18.34,0.0,58.2,83,0.233146,59,0.16573,34,0.095506,2.56,0.0,5,0.084746,0,0.0
origin_airline_route_time_bucket,ANC,IAD,UA,,IAD→ANC UA,evening,,2024-01-01,2024-12-31,103,99,4,0,0.038835,1,0.010101,0,0.0,-6.23,-11.0,23.0,6.98,0.0,22.2,15,0.151515,6,0.060606,1,0.010101,0.6,0.0,1,0.166667,0,0.0
origin_airline_route_time_bucket,ANC,IAH,UA,,IAH→ANC UA,afternoon,,2024-01-01,2024-12-31,103,101,2,0,0.019417,7,0.069307,0,0.0,7.44,0.0,45.0,10.4,0.0,36.0,16,0.158416,12,0.118812,5,0.049505,-2.66,0.0,0,0.0,0,0.0
origin_airline_route_time_bucket,ANC,IAH,UA,,IAH→ANC UA,evening,,2024-01-01,2024-12-31,23,23,0,0,0.0,0,0.0,0,0.0,-3.04,-6.0,17.2,2.17,0.0,7.0,2,0.086957,0,0.0,0,0.0,-3.52,0.0,0,,0,
origin_airline_route_time_bucket,ANC,JFK,AS,,JFK→ANC AS,late_morning,,2024-01-01,2024-12-31,68,68,0,0,0.0,2,0.029412,1,0.014706,0.76,-8.0,23.1,7.24,0.0,6.3,5,0.073529,4,0.058824,2,0.029412,-3.5,0.0,0,0.0,0,0.0
origin_airline_route_time_bucket,ANC,JNU,AS,,JNU→ANC AS,afternoon,,2024-01-01,2024-12-31,364,361,3,0,0.008242,19,0.052632,8,0.022161,1.75,-9.0,28.0,11.31,0.0,28.0,52,0.144044,33,0.091413,18,0.049861,-0.69,0.0,0,0.0,0,0.0
origin_airline_route_time_bucket,ANC,JNU,AS,,JNU→ANC AS,early_morning,,2024-01-01,2024-12-31,363,353,10,0,0.027548,14,0.03966,7,0.01983,-3.57,-15.0,14.4,9.02,0.0,12.8,33,0.093484,23,0.065156,14,0.03966,-1.33,0.0,0,0.0,0,0.0
origin_airline_route_time_bucket,ANC,JNU,AS,,JNU→ANC AS,evening,,2024-01-01,2024-12-31,126,123,3,0,0.02381,6,0.04878,0,0.0,-2.88,-11.0,14.0,7.67,0.0,14.0,11,0.089431,7,0.056911,6,0.04878,-0.74,0.0,0,0.0,0,0.0
origin_airline_route_time_bucket,ANC,JNU,AS,,JNU→ANC AS,night,,2024-01-01,2024-12-31,365,359,6,0,0.016438,16,0.044568,0,0.0,-2.79,-11.0,36.6,8.3,0.0,28.2,57,0.158774,34,0.094708,18,0.050139,-1.18,0.0,0,0.0,0,0.0
origin_airline_route_time_bucket,ANC,KOA,AS,,KOA→ANC AS,evening,,2024-01-01,2024-12-31,7,7,0,0,0.0,0,0.0,0,0.0,-17.57,-16.0,-15.0,0.43,0.0,1.2,0,0.0,0,0.0,0,0.0,0.43,0.0,0,,0,
origin_airline_route_time_bucket,ANC,KOA,AS,,KOA→ANC AS,night,,2024-01-01,2024-12-31,85,80,5,1,0.058824,8,0.1,2,0.025,8.46,-4.0,55.4,21.41,1.0,48.0,25,0.3125,14,0.175,7,0.0875,3.14,0.0,2,0.133333,0,0.0
origin_airline_route_time_bucket,ANC,LAS,AS,,LAS→ANC AS,evening,,2024-01-01,2024-12-31,117,115,2,1,0.017094,16,0.13913,0,0.0,19.32,11.5,65.0,26.09,14.0,76.7,54,0.469565,36,0.313043,20,0.173913,1.46,0.0,3,0.083333,1,0.05
origin_airline_route_time_bucket,ANC,LAX,AS,,LAX→ANC AS,early_morning,,2024-01-01,2024-12-31,7,7,0,0,0.0,0,0.0,0,0.0,-10.71,-8.0,-0.2,1.14,0.0,3.2,0,0.0,0,0.0,0,0.0,0.57,0.0,0,,0,
origin_airline_route_time_bucket,ANC,LAX,AS,,LAX→ANC AS,evening,,2024-01-01,2024-12-31,289,282,7,1,0.024221,10,0.035461,0,0.0,6.31,0.0,39.0,11.23,0.0,28.0,50,0.177305,24,0.085106,8,0.028369,-2.5,0.0,1,0.041667,0,0.0
origin_airline_route_time_bucket,ANC,LAX,AS,,LAX→ANC AS,night,,2024-01-01,2024-12-31,52,52,0,0,0.0,1,0.019231,0,0.0,-2.4,-5.0,22.4,4.58,0.0,7.7,4,0.076923,3,0.057692,1,0.019231,-2.42,0.0,0,0.0,0,0.0
origin_airline_route_time_bucket,ANC,MSP,AS,,MSP→ANC AS,early_morning,,2024-01-01,2024-12-31,67,66,1,0,0.014925,1,0.015152,0,0.0,9.68,7.0,40.0,13.45,3.0,45.0,21,0.318182,12,0.181818,2,0.030303,-0.5,0.0,0,0.0,0,0.0
origin_airline_route_time_bucket,ANC,MSP,AS,,MSP→ANC AS,late_morning,,2024-01-01,2024-12-31,12,12,0,0,0.0,0,0.0,0,0.0,-10.75,-14.5,9.4,6.67,0.0,25.0,3,0.25,0,0.0,0,0.0,4.5,0.0,0,,0,
origin_airline_route_time_bucket,ANC,MSP,DL,,MSP→ANC DL,afternoon,,2024-01-01,2024-12-31,43,43,0,0,0.0,0,0.0,0,0.0,-18.28,-19.0,1.8,2.53,0.0,12.4,1,0.023256,0,0.0,0,0.0,1.12,0.0,1,1.0,0,
origin_airline_route_time_bucket,ANC,MSP,DL,,MSP→ANC DL,early_morning,,2024-01-01,2024-12-31,31,31,0,0,0.0,0,0.0,0,0.0,5.29,1.0,34.0,9.42,3.0,30.0,6,0.193548,3,0.096774,1,0.032258,-1.26,0.0,1,0.25,0,0.0
origin_airline_route_time_bucket,ANC,MSP,DL,,MSP→ANC DL,evening,,2024-01-01,2024-12-31,287,285,2,0,0.006969,11,0.038596,3,0.010526,5.87,-7.0,37.0,17.61,0.0,31.6,51,0.178947,32,0.112281,13,0.045614,1.02,0.0,3,0.09375,0,0.0
origin_airline_route_time_bucket,ANC,MSP,DL,,MSP→ANC DL,late_morning,,2024-01-01,2024-12-31,63,62,1,0,0.015873,3,0.048387,1,0.016129,4.0,-4.0,22.6,10.16,0.0,21.0,10,0.16129,6,0.096774,3,0.048387,-0.24,0.0,2,0.333333,0,0.0
origin_airline_route_time_bucket,ANC,MSP,DL,,MSP→ANC DL,night,,2024-01-01,2024-12-31,152,150,2,0,0.013158,10,0.066667,1,0.006667,6.26,-3.0,48.1,15.27,0.0,50.8,37,0.246667,23,0.153333,14,0.093333,1.6,0.0,1,0.041667,0,0.0
origin_airline_route_time_bucket,ANC,OGG,AS,,OGG→ANC AS,night,,2024-01-01,2024-12-31,33,28,5,2,0.151515,2,0.071429,1,0.035714,14.81,-1.0,37.5,24.62,1.0,60.5,6,0.214286,4,0.142857,3,0.107143,2.88,0.0,0,0.0,1,0.333333
origin_airline_route_time_bucket,ANC,OME,AS,,OME→ANC AS,evening,,2024-01-01,2024-12-31,300,293,7,0,0.023333,11,0.037543,1,0.003413,3.96,-3.0,30.0,8.31,0.0,27.0,47,0.16041,24,0.081911,10,0.03413,-2.44,0.0,0,0.0,0,0.0
origin_airline_route_time_bucket,ANC,OME,AS,,OME→ANC AS,late_morning,,2024-01-01,2024-12-31,2,2,0,0,0.0,0,0.0,0,0.0,13.5,13.5,27.5,25.5,25.5,44.3,1,0.5,1,0.5,0,0.0,10.0,10.0,0,0.0,0,
origin_airline_route_time_bucket,ANC,OME,AS,,OME→ANC AS,night,,2024-01-01,2024-12-31,1,1,0,0,0.0,0,0.0,0,0.0,34.0,34.0,34.0,23.0,23.0,23.0,1,1.0,0,0.0,0,0.0,-11.0,-11.0,0,,0,
origin_airline_route_time_bucket,ANC,ORD,AA,,ORD→ANC AA,evening,,2024-01-01,2024-12-31,121,121,0,1,0.0,7,0.057851,0,0.0,14.15,4.0,52.1,16.03,3.0,50.3,38,0.31405,22,0.181818,9,0.07438,-1.73,0.0,3,0.136364,0,0.0
origin_airline_route_time_bucket,ANC,ORD,AS,,ORD→ANC AS,early_morning,,2024-01-01,2024-12-31,17,17,0,0,0.0,3,0.176471,0,0.0,27.06,27.0,71.6,17.82,12.0,45.4,7,0.411765,3,0.176471,1,0.058824,-11.53,0.0,0,0.0,0,0.0
origin_airline_route_time_bucket,ANC,ORD,AS,,ORD→ANC AS,late_morning,,2024-01-01,2024-12-31,172,171,1,1,0.005814,8,0.046784,2,0.011696,6.69,-3.0,40.0,16.34,0.0,50.2,43,0.251462,26,0.152047,12,0.070175,1.22,0.0,1,0.035714,0,0.0
origin_airline_route_time_bucket,ANC,ORD,AS,,ORD→ANC AS,red_eye,,2024-01-01,2024-12-31,96,95,1,1,0.010417,6,0.063158,0,0.0,4.3,-4.5,42.0,17.2,6.5,52.0,33,0.347368,17,0.178947,8,0.084211,3.5,0.0,2,0.105263,0,0.0
origin_airline_route_time_bucket,ANC,ORD,UA,,ORD→ANC UA,afternoon,,2024-01-01,2024-12-31,87,87,0,0,0.0,3,0.034483,0,0.0,-7.53,-14.0,25.0,8.71,0.0,32.4,12,0.137931,9,0.103448,4,0.045977,0.56,0.0,1,0.1,0,0.0
origin_airline_route_time_bucket,ANC,ORD,UA,,ORD→ANC UA,evening,,2024-01-01,2024-12-31,187,186,1,1,0.005348,14,0.075269,1,0.005376,3.1,-7.0,41.8,13.56,0.0,34.2,34,0.182796,21,0.112903,12,0.064516,-0.22,0.0,1,0.045455,0,0.0
origin_airline_route_time_bucket,ANC,ORD,UA,,ORD→ANC UA,late_morning,,2024-01-01,2024-12-31,103,103,0,0,0.0,6,0.058252,1,0.009709,-2.5,-10.0,16.6,13.88,0.0,31.0,21,0.203883,12,0.116505,7,0.067961,3.95,0.0,6,0.461538,0,0.0
origin_airline_route_time_bucket,ANC,OTZ,AS,,OTZ→ANC AS,afternoon,,2024-01-01,2024-12-31,1,1,0,0,0.0,0,0.0,0,0.0,-9.0,-9.0,-9.0,0.0,0.0,0.0,0,0.0,0,0.0,0,0.0,0.0,0.0,0,,0,
origin_airline_route_time_bucket,ANC,OTZ,AS,,OTZ→ANC AS,evening,,2024-01-01,2024-12-31,65,56,9,0,0.138462,1,0.017857,0,0.0,-7.86,-17.0,18.0,5.34,0.0,19.5,7,0.125,4,0.071429,1,0.017857,-0.95,0.0,0,0.0,0,0.0
origin_airline_route_time_bucket,ANC,OTZ,AS,,OTZ→ANC AS,late_morning,,2024-01-01,2024-12-31,299,286,13,0,0.043478,10,0.034965,3,0.01049,0.1,-9.0,15.0,8.5,0.0,13.5,28,0.097902,20,0.06993,8,0.027972,-0.69,0.0,0,0.0,0,0.0
origin_airline_route_time_bucket,ANC,PDX,AS,,PDX→ANC AS,night,,2024-01-01,2024-12-31,359,352,7,1,0.019499,10,0.028409,0,0.0,3.71,1.0,27.0,6.96,0.0,22.0,53,0.150568,23,0.065341,7,0.019886,-2.73,0.0,0,0.0,0,0.0
origin_airline_route_time_bucket,ANC,PHX,AS,,PHX→ANC AS,evening,,2024-01-01,2024-12-31,343,337,6,1,0.017493,22,0.065282,1,0.002967,6.71,1.0,48.0,12.41,0.0,41.5,81,0.240356,48,0.142433,18,0.053412,-2.0,0.0,5,0.098039,0,0.0
origin_airline_route_time_bucket,ANC,PHX,AS,,PHX→ANC AS,night,,2024-01-01,2024-12-31,10,10,0,0,0.0,0,0.0,0,0.0,-10.8,-11.0,7.3,5.5,0.0,13.5,1,0.1,1,0.1,0,0.0,2.2,0.0,0,0.0,0,
origin_airline_route_time_bucket,ANC,SAN,AS,,SAN→ANC AS,late_morning,,2024-01-01,2024-12-31,20,20,0,0,0.0,1,0.05,0,0.0,-2.2,-5.5,12.3,9.15,1.5,25.6,5,0.25,2,0.1,1,0.05,2.95,0.0,1,0.5,0,0.0
origin_airline_route_time_bucket,ANC,SCC,AS,,SCC→ANC AS,early_morning,,2024-01-01,2024-12-31,311,300,11,0,0.03537,10,0.033333,4,0.013333,-10.47,-19.0,8.1,7.55,0.0,7.1,25,0.083333,17,0.056667,11,0.036667,0.03,0.0,0,0.0,0,0.0
origin_airline_route_time_bucket,ANC,SCC,AS,,SCC→ANC AS,evening,,2024-01-01,2024-12-31,258,251,7,0,0.027132,8,0.031873,1,0.003984,-5.61,-14.0,24.0,7.26,0.0,20.0,29,0.115538,18,0.071713,9,0.035857,-0.8,0.0,0,0.0,0,0.0
origin_airline_route_time_bucket,ANC,SEA,AS,,SEA→ANC AS,afternoon,,2024-01-01,2024-12-31,1446,1433,13,1,0.00899,65,0.045359,8,0.005583,5.85,0.0,38.0,12.99,1.0,37.0,344,0.240056,176,0.122819,72,0.050244,0.11,0.0,7,0.038251,1,0.013889
origin_airline_route_time_bucket,ANC,SEA,AS,,SEA→ANC AS,early_morning,,2024-01-01,2024-12-31,850,833,17,0,0.02,12,0.014406,4,0.004802,-1.85,-5.0,21.0,5.84,0.0,15.0,79,0.094838,34,0.040816,12,0.014406,-0.9,0.0,3,0.085714,0,0.0
origin_airline_route_time_bucket,ANC,SEA,AS,,SEA→ANC AS,evening,,2024-01-01,2024-12-31,1057,1052,5,0,0.00473,50,0.047529,3,0.002852,8.52,2.0,38.0,13.04,3.0,36.0,258,0.245247,148,0.140684,46,0.043726,-0.54,0.0,8,0.052632,0,0.0
origin_airline_route_time_bucket,ANC,SEA,AS,,SEA→ANC AS,late_morning,,2024-01-01,2024-12-31,1221,1207,14,1,0.011466,68,0.056338,5,0.004143,10.66,5.0,43.0,15.11,4.0,40.5,357,0.295775,182,0.150787,57,0.047225,-1.04,0.0,8,0.043243,1,0.016393
origin_airline_route_time_bucket,ANC,SEA,AS,,SEA→ANC AS,night,,2024-01-01,2024-12-31,1340,1318,22,1,0.016418,70,0.053111,5,0.003794,12.59,7.0,45.4,14.71,5.0,40.4,410,0.311077,207,0.157056,59,0.044765,-1.99,0.0,8,0.037383,1,0.016129
origin_airline_route_time_bucket,ANC,SEA,AS,,SEA→ANC AS,red_eye,,2024-01-01,2024-12-31,14,14,0,0,0.0,1,0.071429,0,0.0,10.64,-4.0,52.4,20.14,0.0,52.1,5,0.357143,4,0.285714,1,0.071429,1.29,0.0,0,0.0,0,0.0
origin_airline_route_time_bucket,ANC,SEA,DL,,SEA→ANC DL,afternoon,,2024-01-01,2024-12-31,228,228,0,0,0.0,7,0.030702,1,0.004386,-7.64,-15.0,22.6,8.46,0.0,30.0,30,0.131579,21,0.092105,12,0.052632,1.46,0.0,2,0.083333,0,0.0
origin_airline_route_time_bucket,ANC,SEA,DL,,SEA→ANC DL,early_morning,,2024-01-01,2024-12-31,139,139,0,0,0.0,2,0.014388,0,0.0,-3.68,-8.0,17.2,3.11,0.0,1.2,7,0.05036,4,0.028777,3,0.021583,-2.55,0.0,0,0.0,0,0.0
origin_airline_route_time_bucket,ANC,SEA,DL,,SEA→ANC DL,evening,,2024-01-01,2024-12-31,346,346,0,1,0.0,16,0.046243,0,0.0,4.37,-4.0,40.0,11.83,0.0,37.6,75,0.216763,44,0.127168,19,0.054913,-0.38,0.0,3,0.066667,0,0.0
origin_airline_route_time_bucket,ANC,SEA,DL,,SEA→ANC DL,late_morning,,2024-01-01,2024-12-31,481,481,0,4,0.0,15,0.031185,0,0.0,-2.27,-5.0,20.0,7.62,0.0,18.0,54,0.112266,33,0.068607,19,0.039501,0.03,0.0,10,0.294118,0,0.0
origin_airline_route_time_bucket,ANC,SEA,DL,,SEA→ANC DL,night,,2024-01-01,2024-12-31,468,465,3,0,0.00641,26,0.055914,3,0.006452,8.37,-1.0,40.0,15.73,0.0,36.0,104,0.223656,60,0.129032,27,0.058065,-0.12,0.0,4,0.063492,0,0.0
origin_airline_route_time_bucket,ANC,SFO,AS,,SFO→ANC AS,afternoon,,2024-01-01,2024-12-31,30,30,0,0,0.0,3,0.1,0,0.0,16.93,8.5,48.2,12.27,3.0,25.4,4,0.133333,3,0.1,2,0.066667,-8.1,-5.0,0,0.0,0,0.0
origin_airline_route_time_bucket,ANC,SFO,AS,,SFO→ANC AS,early_morning,,2024-01-01,2024-12-31,10,10,0,0,0.0,0,0.0,0,0.0,-1.4,0.5,14.5,3.3,0.0,15.2,1,0.1,0,0.0,0,0.0,-3.0,0.0,0,,0,
origin_airline_route_time_bucket,ANC,SFO,AS,,SFO→ANC AS,evening,,2024-01-01,2024-12-31,72,72,0,0,0.0,10,0.138889,2,0.027778,21.92,6.5,85.3,23.72,1.0,74.0,24,0.333333,15,0.208333,9,0.125,-2.31,0.0,0,0.0,0,0.0
origin_airline_route_time_bucket,ANC,SFO,AS,,SFO→ANC AS,late_morning,,2024-01-01,2024-12-31,36,36,0,0,0.0,3,0.083333,1,0.027778,20.33,16.0,43.5,15.47,0.0,44.5,10,0.277778,6,0.166667,2,0.055556,-8.75,-6.0,0,0.0,0,0.0
origin_airline_route_time_bucket,ANC,SFO,UA,,SFO→ANC UA,evening,,2024-01-01,2024-12-31,103,102,1,0,0.009709,3,0.029412,0,0.0,-2.84,-4.5,18.8,8.83,0.0,30.8,18,0.176471,11,0.107843,4,0.039216,1.8,0.0,2,0.181818,0,0.0
origin_airline_route_time_bucket,ANC,SFO,UA,,SFO→ANC UA,late_morning,,2024-01-01,2024-12-31,13,13,0,0,0.0,0,0.0,0,0.0,-8.23,-13.0,13.8,6.31,0.0,12.0,1,0.076923,1,0.076923,1,0.076923,0.92,0.0,0,0.0,0,0.0
origin_airline_route_time_bucket,ANC,SLC,AS,,SLC→ANC AS,early_morning,,2024-01-01,2024-12-31,44,42,2,0,0.045455,0,0.0,0,0.0,-2.43,-3.0,13.8,5.57,0.0,20.8,6,0.142857,3,0.071429,0,0.0,1.69,0.0,2,0.666667,0,
origin_airline_route_time_bucket,ANC,SLC,DL,,SLC→ANC DL,night,,2024-01-01,2024-12-31,76,74,2,0,0.026316,2,0.027027,0,0.0,5.15,2.0,32.7,11.36,0.5,34.5,22,0.297297,9,0.121622,2,0.027027,0.93,0.0,1,0.1,0,0.0
flight_number_time_bucket,ANC,ADK,AS,AS184.0,ADK→ANC,afternoon,,2024-01-01,2024-12-31,11,10,1,0,0.090909,0,0.0,0,0.0,-13.9,-21.0,37.2,5.9,0.0,28.3,2,0.2,1,0.1,0,0.0,-4.0,0.0,0,0.0,0,
flight_number_time_bucket,ANC,ADK,AS,AS187.0,ADK→ANC,afternoon,,2024-01-01,2024-12-31,93,86,7,0,0.075269,5,0.05814,1,0.011628,-6.01,-12.5,23.0,12.65,0.0,39.5,15,0.174419,10,0.116279,5,0.05814,1.24,0.0,0,0.0,0,0.0
flight_number_time_bucket,ANC,ADQ,AS,AS1088.0,ADQ→ANC,afternoon,,2024-01-01,2024-12-31,1,1,0,0,0.0,0,0.0,0,0.0,3.0,3.0,3.0,0.0,0.0,0.0,0,0.0,0,0.0,0,0.0,-3.0,-3.0,0,,0,
flight_number_time_bucket,ANC,ADQ,AS,AS1096.0,ADQ→ANC,night,,2024-01-01,2024-12-31,1,1,0,0,0.0,0,0.0,0,0.0,-3.0,-3.0,-3.0,0.0,0.0,0.0,0,0.0,0,0.0,0,0.0,0.0,0.0,0,,0,
flight_number_time_bucket,ANC,ADQ,AS,AS194.0,ADQ→ANC,late_morning,,2024-01-01,2024-12-31,56,52,4,0,0.071429,0,0.0,0,0.0,-10.9,-12.0,1.0,0.02,0.0,0.0,0,0.0,0,0.0,0,0.0,-0.79,0.0,0,,0,
flight_number_time_bucket,ANC,ADQ,AS,AS194.0,ADQ→ANC,night,,2024-01-01,2024-12-31,2,1,1,0,0.5,0,0.0,0,0.0,-27.0,-27.0,-27.0,0.0,0.0,0.0,0,0.0,0,0.0,0,0.0,0.0,0.0,0,,0,
flight_number_time_bucket,ANC,ADQ,AS,AS196.0,ADQ→ANC,early_morning,,2024-01-01,2024-12-31,359,354,5,0,0.013928,20,0.056497,5,0.014124,1.89,-11.0,29.0,13.13,0.0,26.7,46,0.129944,34,0.096045,21,0.059322,0.19,0.0,0,0.0,0,0.0
flight_number_time_bucket,ANC,ADQ,AS,AS32.0,ADQ→ANC,late_morning,,2024-01-01,2024-12-31,42,42,0,0,0.0,0,0.0,0,0.0,-12.05,-14.5,-0.2,1.6,0.0,0.0,1,0.02381,1,0.02381,0,0.0,-0.38,0.0,0,0.0,0,
flight_number_time_bucket,ANC,ADQ,AS,AS88.0,ADQ→ANC,afternoon,,2024-01-01,2024-12-31,337,331,6,0,0.017804,18,0.054381,4,0.012085,4.6,-6.0,36.0,13.05,0.0,33.0,59,0.178248,36,0.108761,19,0.057402,-0.25,0.0,0,0.0,0,0.0
flight_number_time_bucket,ANC,ADQ,AS,AS88.0,ADQ→ANC,late_morning,,2024-01-01,2024-12-31,1,1,0,0,0.0,0,0.0,0,0.0,-19.0,-19.0,-19.0,0.0,0.0,0.0,0,0.0,0,0.0,0,0.0,0.0,0.0,0,,0,
flight_number_time_bucket,ANC,ADQ,AS,AS98.0,ADQ→ANC,afternoon,,2024-01-01,2024-12-31,17,16,1,0,0.058824,1,0.0625,0,0.0,0.25,-7.5,47.0,13.69,0.0,52.0,5,0.3125,4,0.25,1,0.0625,1.81,0.0,0,0.0,0,0.0
flight_number_time_bucket,ANC,AKN,AS,AS104.0,AKN→ANC,evening,,2024-01-01,2024-12-31,104,104,0,0,0.0,1,0.009615,0,0.0,-2.39,-7.0,22.4,5.34,0.0,21.4,13,0.125,5,0.048077,1,0.009615,-1.36,0.0,0,0.0,0,0.0
flight_number_time_bucket,ANC,AKN,AS,AS108.0,AKN→ANC,evening,,2024-01-01,2024-12-31,6,6,0,0,0.0,1,0.166667,0,0.0,7.5,0.0,42.0,14.17,1.0,41.5,2,0.333333,1,0.166667,0,0.0,-1.67,0.0,0,0.0,0,0.0
flight_number_time_bucket,ANC,AKN,AS,AS126.0,AKN→ANC,afternoon,,2024-01-01,2024-12-31,28,27,1,0,0.035714,1,0.037037,0,0.0,-4.04,-10.0,20.4,2.93,0.0,13.0,3,0.111111,0,0.0,0,0.0,-5.04,0.0,0,,0,
flight_number_time_bucket,ANC,AKN,AS,AS168.0,AKN→ANC,afternoon,,2024-01-01,2024-12-31,13,13,0,0,0.0,0,0.0,0,0.0,-21.62,-23.0,-13.2,0.0,0.0,0.0,0,0.0,0,0.0,0,0.0,0.0,0.0,0,,0,
flight_number_time_bucket,ANC,AKN,AS,AS180.0,AKN→ANC,afternoon,,2024-01-01,2024-12-31,8,8,0,0,0.0,1,0.125,0,0.0,14.0,7.5,37.2,10.25,0.0,24.6,1,0.125,1,0.125,1,0.125,-5.12,-2.0,0,0.0,0,0.0
flight_number_time_bucket,ANC,AKN,AS,AS52.0,AKN→ANC,afternoon,,2024-01-01,2024-12-31,19,19,0,0,0.0,0,0.0,0,0.0,-5.05,-4.0,16.4,3.95,0.0,15.2,2,0.105263,1,0.052632,0,0.0,-1.58,0.0,0,0.0,0,
flight_number_time_bucket,ANC,ATL,DL,DL810.0,ATL→ANC,afternoon,,2024-01-01,2024-12-31,15,15,0,0,0.0,0,0.0,0,0.0,5.87,-3.0,28.4,6.2,0.0,12.2,1,0.066667,1,0.066667,0,0.0,-3.0,0.0,0,0.0,0,
flight_number_time_bucket,ANC,ATL,DL,DL824.0,ATL→ANC,afternoon,,2024-01-01,2024-12-31,94,90,4,0,0.042553,10,0.111111,1,0.011111,22.26,8.0,61.1,19.12,6.0,56.0,29,0.322222,17,0.188889,8,0.088889,-5.48,-2.0,0,0.0,0,0.0
flight_number_time_bucket,ANC,BET,AS,AS44.0,BET→ANC,afternoon,,2024-01-01,2024-12-31,354,351,3,0,0.008475,29,0.082621,7,0.019943,12.52,2.0,43.0,14.65,0.0,42.0,76,0.216524,46,0.131054,27,0.076923,-2.64,0.0,0,0.0,0,0.0
flight_number_time_bucket,ANC,BET,AS,AS44.0,BET→ANC,late_morning,,2024-01-01,2024-12-31,9,9,0,0,0.0,0,0.0,0,0.0,14.67,8.0,47.8,12.78,11.0,26.6,2,0.222222,1,0.111111,0,0.0,-4.22,4.0,0,0.0,0,
flight_number_time_bucket,ANC,BET,AS,AS46.0,BET→ANC,evening,,2024-01-01,2024-12-31,363,358,5,0,0.013774,21,0.058659,0,0.0,11.49,4.0,43.9,12.87,2.0,38.3,94,0.26257,47,0.131285,19,0.053073,-2.03,0.0,0,0.0,0,0.0
flight_number_time_bucket,ANC,BRW,AS,AS50.0,BRW→ANC,evening,,2024-01-01,2024-12-31,363,344,19,0,0.052342,20,0.05814,4,0.011628,11.39,3.0,44.8,14.63,0.0,41.7,94,0.273256,51,0.148256,15,0.043605,-1.19,0.0,0,0.0,0,0.0
flight_number_time_bucket,ANC,BRW,AS,AS55.0,BRW→ANC,late_morning,,2024-01-01,2024-12-31,1,1,0,0,0.0,0,0.0,0,0.0,1.0,1.0,1.0,0.0,0.0,0.0,0,0.0,0,0.0,0,0.0,-1.0,-1.0,0,,0,
flight_number_time_bucket,ANC,CDV,AS,AS61.0,CDV→ANC,afternoon,,2024-01-01,2024-12-31,363,351,12,0,0.033058,16,0.045584,2,0.005698,3.19,-5.0,36.0,10.32,0.0,33.0,60,0.17094,39,0.111111,13,0.037037,-1.26,0.0,0,0.0,0,0.0
flight_number_time_bucket,ANC,DEN,AS,AS1367.0,DEN→ANC,late_morning,,2024-01-01,2024-12-31,10,10,0,0,0.0,1,0.1,0,0.0,19.7,6.5,35.0,19.2,0.0,26.3,1,0.1,1,0.1,1,0.1,-4.1,0.0,0,0.0,0,0.0
flight_number_time_bucket,ANC,DEN,AS,AS165.0,DEN→ANC,early_morning,,2024-01-01,2024-12-31,28,27,1,0,0.035714,3,0.111111,0,0.0,8.41,-4.0,49.4,12.37,0.0,34.2,4,0.148148,3,0.111111,2,0.074074,-2.81,0.0,0,0.0,0,0.0
flight_number_time_bucket,ANC,DEN,AS,AS240.0,DEN→ANC,early_morning,,2024-01-01,2024-12-31,68,68,0,0,0.0,3,0.044118,0,0.0,0.88,-4.0,18.0,6.56,0.0,10.9,6,0.088235,4,0.058824,3,0.044118,-1.56,0.0,0,0.0,0,0.0
flight_number_time_bucket,ANC,DEN,AS,AS652.0,DEN→ANC,late_morning,,2024-01-01,2024-12-31,29,29,0,0,0.0,1,0.034483,1,0.034483,5.0,-9.0,39.0,12.55,0.0,18.4,4,0.137931,2,0.068966,1,0.034483,-0.83,0.0,0,0.0,0,0.0
flight_number_time_bucket,ANC,DEN,UA,UA280.0,DEN→ANC,evening,,2024-01-01,2024-12-31,365,364,1,0,0.00274,11,0.03022,1,0.002747,0.99,-6.0,28.0,12.55,2.0,30.0,80,0.21978,36,0.098901,13,0.035714,2.07,0.0,9,0.236842,0,0.0
flight_number_time_bucket,ANC,DEN,UA,UA280.0,DEN→ANC,late_morning,,2024-01-01,2024-12-31,1,1,0,0,0.0,0,0.0,0,0.0,3.0,3.0,3.0,3.0,3.0,3.0,0,0.0,0,0.0,0,0.0,0.0,0.0,0,,0,
flight_number_time_bucket,ANC,DEN,UA,UA583.0,DEN→ANC,late_morning,,2024-01-01,2024-12-31,103,102,1,3,0.009709,1,0.009804,0,0.0,-3.76,-7.0,13.2,6.03,0.0,14.2,9,0.088235,7,0.068627,3,0.029412,1.09,0.0,0,0.0,0,0.0
flight_number_time_bucket,ANC,DFW,AA,AA1233.0,DFW→ANC,afternoon,,2024-01-01,2024-12-31,75,75,0,0,0.0,8,0.106667,2,0.026667,19.21,-6.0,59.2,32.11,0.0,69.2,19,0.253333,13,0.173333,9,0.12,2.27,0.0,2,0.133333,0,0.0
flight_number_time_bucket,ANC,DFW,AA,AA395.0,DFW→ANC,evening,,2024-01-01,2024-12-31,91,91,0,1,0.0,7,0.076923,1,0.010989,27.53,9.5,49.2,31.17,12.0,64.3,36,0.395604,23,0.252747,10,0.10989,1.11,1.0,0,0.0,0,0.0
flight_number_time_bucket,ANC,DFW,AA,AA399.0,DFW→ANC,afternoon,,2024-01-01,2024-12-31,215,213,2,0,0.009302,16,0.075117,5,0.023474,14.19,4.0,54.4,20.16,4.0,55.8,66,0.309859,45,0.211268,19,0.089202,-0.03,0.0,4,0.083333,0,0.0
flight_number_time_bucket,ANC,DLG,AS,AS54.0,DLG→ANC,late_morning,,2024-01-01,2024-12-31,110,107,3,0,0.027273,8,0.074766,4,0.037383,3.52,-13.0,25.8,13.84,0.0,23.0,13,0.121495,9,0.084112,7,0.065421,-1.67,0.0,0,0.0,0,0.0
flight_number_time_bucket,ANC,DTW,DL,DL1602.0,DTW→ANC,afternoon,,2024-01-01,2024-12-31,9,8,1,0,0.111111,1,0.125,1,0.125,20.88,-8.0,72.2,33.5,8.5,85.8,2,0.25,2,0.25,1,0.125,4.12,2.0,1,0.5,0,0.0
flight_number_time_bucket,ANC,DTW,DL,DL1602.0,DTW→ANC,evening,,2024-01-01,2024-12-31,36,35,1,1,0.027778,6,0.171429,2,0.057143,22.09,2.5,84.0,38.24,14.0,101.4,16,0.457143,11,0.314286,10,0.285714,8.65,3.0,1,0.090909,1,0.1
flight_number_time_bucket,ANC,EWR,UA,UA1267.0,EWR→ANC,afternoon,,2024-01-01,2024-12-31,103,101,2,0,0.019417,14,0.138614,4,0.039604,21.91,1.0,80.0,34.52,0.0,80.0,32,0.316832,24,0.237624,15,0.148515,2.32,0.0,6,0.230769,2,0.125
flight_number_time_bucket,ANC,FAI,AS,AS103.0,FAI→ANC,early_morning,,2024-01-01,2024-12-31,11,11,0,0,0.0,0,0.0,0,0.0,-13.82,-16.0,-5.0,0.0,0.0,0.0,0,0.0,0,0.0,0,0.0,0.0,0.0,0,,0,
flight_number_time_bucket,ANC,FAI,AS,AS103.0,FAI→ANC,late_morning,,2024-01-01,2024-12-31,24,24,0,0,0.0,1,0.041667,0,0.0,-9.67,-14.5,-0.2,3.67,0.0,2.8,2,0.083333,1,0.041667,0,0.0,-0.42,0.0,0,0.0,0,
flight_number_time_bucket,ANC,FAI,AS,AS1072.0,FAI→ANC,early_morning,,2024-01-01,2024-12-31,89,88,1,0,0.011236,1,0.011364,0,0.0,-5.99,-7.0,4.9,1.22,0.0,0.0,1,0.011364,1,0.011364,1,0.011364,-1.94,0.0,0,0.0,0,0.0
flight_number_time_bucket,ANC,FAI,AS,AS112.0,FAI→ANC,evening,,2024-01-01,2024-12-31,14,14,0,0,0.0,1,0.071429,0,0.0,4.5,-2.5,29.4,10.5,0.0,33.5,3,0.214286,2,0.142857,1,0.071429,-0.21,0.0,0,0.0,0,0.0
flight_number_time_bucket,ANC,FAI,AS,AS1146.0,FAI→ANC,evening,,2024-01-01,2024-12-31,2,2,0,0,0.0,0,0.0,0,0.0,-0.5,-0.5,2.3,0.0,0.0,0.0,0,0.0,0,0.0,0,0.0,-1.5,-1.5,0,,0,
flight_number_time_bucket,ANC,FAI,AS,AS122.0,FAI→ANC,evening,,2024-01-01,2024-12-31,2,2,0,0,0.0,0,0.0,0,0.0,-9.0,-9.0,-6.6,0.0,0.0,0.0,0,0.0,0,0.0,0,0.0,0.0,0.0,0,,0,
flight_number_time_bucket,ANC,FAI,AS,AS124.0,FAI→ANC,evening,,2024-01-01,2024-12-31,10,10,0,0,0.0,3,0.3,1,0.1,51.3,5.5,175.7,53.0,0.5,182.1,3,0.3,3,0.3,3,0.3,-0.5,0.0,0,0.0,0,0.0
flight_number_time_bucket,ANC,FAI,AS,AS145.0,FAI→ANC,evening,,2024-01-01,2024-12-31,2,2,0,0,0.0,0,0.0,0,0.0,-1.0,-1.0,-0.2,4.0,4.0,7.2,0,0.0,0,0.0,0,0.0,4.0,4.0,0,,0,
flight_number_time_bucket,ANC,FAI,AS,AS146.0,FAI→ANC,afternoon,,2024-01-01,2024-12-31,1,1,0,0,0.0,1,1.0,0,0.0,88.0,88.0,88.0,76.0,76.0,76.0,1,1.0,1,1.0,1,1.0,-12.0,-12.0,0,0.0,0,0.0
flight_number_time_bucket,ANC,FAI,AS,AS148.0,FAI→ANC,night,,2024-01-01,2024-12-31,11,10,1,0,0.090909,1,0.1,0,0.0,2.6,-10.0,30.8,7.9,0.0,34.1,2,0.2,2,0.2,0,0.0,-3.3,0.0,0,0.0,0,
flight_number_time_bucket,ANC,FAI,AS,AS150.0,FAI→ANC,night,,2024-01-01,2024-12-31,1,1,0,0,0.0,0,0.0,0,0.0,-5.0,-5.0,-5.0,0.0,0.0,0.0,0,0.0,0,0.0,0,0.0,0.0,0.0,0,,0,
flight_number_time_bucket,ANC,FAI,AS,AS157.0,FAI→ANC,night,,2024-01-01,2024-12-31,4,4,0,0,0.0,0,0.0,0,0.0,-10.0,-10.0,-4.3,0.0,0.0,0.0,0,0.0,0,0.0,0,0.0,0.0,0.0,0,,0,
flight_number_time_bucket,ANC,FAI,AS,AS163.0,FAI→ANC,afternoon,,2024-01-01,2024-12-31,8,8,0,0,0.0,0,0.0,0,0.0,-8.38,-9.0,-2.6,0.0,0.0,0.0,0,0.0,0,0.0,0,0.0,-0.38,0.0,0,,0,
flight_number_time_bucket,ANC,FAI,AS,AS165.0,FAI→ANC,evening,,2024-01-01,2024-12-31,12,12,0,0,0.0,1,0.083333,0,0.0,4.0,-8.5,43.4,15.33,0.0,51.5,2,0.166667,2,0.166667,1,0.083333,0.83,0.0,0,0.0,0,0.0
flight_number_time_bucket,ANC,FAI,AS,AS171.0,FAI→ANC,late_morning,,2024-01-01,2024-12-31,7,7,0,0,0.0,1,0.142857,0,0.0,6.86,-14.0,49.4,19.71,0.0,55.2,1,0.142857,1,0.142857,1,0.142857,-0.29,0.0,0,0.0,0,0.0
flight_number_time_bucket,ANC,FAI,AS,AS194.0,FAI→ANC,evening,,2024-01-01,2024-12-31,4,4,0,0,0.0,0,0.0,0,0.0,-10.5,-11.0,-6.6,0.0,0.0,0.0,0,0.0,0,0.0,0,0.0,0.0,0.0,0,,0,
flight_number_time_bucket,ANC,FAI,AS,AS217.0,FAI→ANC,afternoon,,2024-01-01,2024-12-31,4,4,0,1,0.0,0,0.0,0,0.0,-6.0,-7.0,-2.2,0.0,0.0,0.0,0,0.0,0,0.0,0,0.0,0.0,0.0,0,,0,
flight_number_time_bucket,ANC,FAI,AS,AS240.0,FAI→ANC,evening,,2024-01-01,2024-12-31,6,6,0,0,0.0,0,0.0,0,0.0,-4.83,-13.5,24.5,11.17,0.0,33.5,1,0.166667,1,0.166667,1,0.166667,1.67,0.0,0,0.0,0,0.0
flight_number_time_bucket,ANC,FAI,AS,AS273.0,FAI→ANC,afternoon,,2024-01-01,2024-12-31,7,7,0,0,0.0,0,0.0,0,0.0,3.57,1.0,13.4,0.0,0.0,0.0,0,0.0,0,0.0,0,0.0,-4.29,-1.0,0,,0,
flight_number_time_bucket,ANC,FAI,AS,AS278.0,FAI→ANC,late_morning,,2024-01-01,2024-12-31,8,8,0,0,0.0,0,0.0,0,0.0,-12.0,-12.0,-4.1,0.0,0.0,0.0,0,0.0,0,0.0,0,0.0,-0.62,0.0,0,,0,
flight_number_time_bucket,ANC,FAI,AS,AS279.0,FAI→ANC,afternoon,,2024-01-01,2024-12-31,62,62,0,0,0.0,0,0.0,0,0.0,-4.77,-7.0,6.0,2.35,0.0,0.0,3,0.048387,3,0.048387,0,0.0,-1.27,0.0,0,0.0,0,
flight_number_time_bucket,ANC,FAI,AS,AS279.0,FAI→ANC,evening,,2024-01-01,2024-12-31,10,10,0,0,0.0,1,0.1,0,0.0,13.6,-6.5,32.2,18.6,0.0,25.2,1,0.1,1,0.1,1,0.1,-0.8,0.0,0,0.0,0,0.0
flight_number_time_bucket,ANC,FAI,AS,AS279.0,FAI→ANC,late_morning,,2024-01-01,2024-12-31,90,85,5,1,0.055556,0,0.0,0,0.0,-11.35,-13.0,0.7,0.82,0.0,0.0,1,0.011765,0,0.0,0,0.0,-0.29,0.0,0,,0,
flight_number_time_bucket,ANC,FAI,AS,AS314.0,FAI→ANC,afternoon,,2024-01-01,2024-12-31,4,4,0,0,0.0,0,0.0,0,0.0,-4.0,-5.5,3.0,1.0,1.0,2.0,0,0.0,0,0.0,0,0.0,-0.5,0.0,0,,0,
flight_number_time_bucket,ANC,FAI,AS,AS335.0,FAI→ANC,afternoon,,2024-01-01,2024-12-31,3,3,0,0,0.0,0,0.0,0,0.0,-8.67,-5.0,-5.0,0.0,0.0,0.0,0,0.0,0,0.0,0,0.0,0.0,0.0,0,,0,
flight_number_time_bucket,ANC,FAI,AS,AS341.0,FAI→ANC,afternoon,,2024-01-01,2024-12-31,19,18,1,0,0.052632,0,0.0,0,0.0,0.11,-7.0,21.4,6.89,0.0,19.0,2,0.111111,2,0.111111,0,0.0,-0.11,0.0,0,0.0,0,0.0
flight_number_time_bucket,ANC,FAI,AS,AS401.0,FAI→ANC,evening,,2024-01-01,2024-12-31,2,2,0,0,0.0,0,0.0,0,0.0,-0.5,-0.5,-0.1,1.0,1.0,1.8,0,0.0,0,0.0,0,0.0,1.0,1.0,0,,0,
flight_number_time_bucket,ANC,FAI,AS,AS424.0,FAI→ANC,evening,,2024-01-01,2024-12-31,1,1,0,0,0.0,0,0.0,0,0.0,-20.0,-20.0,-20.0,0.0,0.0,0.0,0,0.0,0,0.0,0,0.0,0.0,0.0,0,,0,
flight_number_time_bucket,ANC,FAI,AS,AS436.0,FAI→ANC,evening,,2024-01-01,2024-12-31,4,4,0,0,0.0,0,0.0,0,0.0,-7.75,-9.0,2.9,0.0,0.0,0.0,0,0.0,0,0.0,0,0.0,-1.25,0.0,0,,0,
flight_number_time_bucket,ANC,FAI,AS,AS452.0,FAI→ANC,evening,,2024-01-01,2024-12-31,3,3,0,0,0.0,1,0.333333,0,0.0,59.0,13.0,146.6,64.33,15.0,145.4,1,0.333333,1,0.333333,1,0.333333,0.0,0.0,0,0.0,0,0.0
flight_number_time_bucket,ANC,FAI,AS,AS464.0,FAI→ANC,evening,,2024-01-01,2024-12-31,19,19,0,0,0.0,0,0.0,0,0.0,-5.42,-11.0,11.6,5.16,0.0,17.4,3,0.157895,1,0.052632,0,0.0,0.21,0.0,0,0.0,0,
flight_number_time_bucket,ANC,FAI,AS,AS514.0,FAI→ANC,night,,2024-01-01,2024-12-31,1,1,0,0,0.0,0,0.0,0,0.0,-15.0,-15.0,-15.0,0.0,0.0,0.0,0,0.0,0,0.0,0,0.0,0.0,0.0,0,,0,
flight_number_time_bucket,ANC,FAI,AS,AS547.0,FAI→ANC,afternoon,,2024-01-01,2024-12-31,3,3,0,0,0.0,0,0.0,0,0.0,18.67,25.0,31.4,17.33,25.0,26.6,2,0.666667,0,0.0,0,0.0,-2.0,0.0,0,,0,
flight_number_time_bucket,ANC,FAI,AS,AS549.0,FAI→ANC,afternoon,,2024-01-01,2024-12-31,1,1,0,0,0.0,0,0.0,0,0.0,3.0,3.0,3.0,0.0,0.0,0.0,0,0.0,0,0.0,0,0.0,-3.0,-3.0,0,,0,
flight_number_time_bucket,ANC,FAI,AS,AS633.0,FAI→ANC,night,,2024-01-01,2024-12-31,3,3,0,0,0.0,0,0.0,0,0.0,13.33,17.0,41.8,20.0,1.0,47.4,1,0.333333,1,0.333333,0,0.0,-1.67,0.0,0,0.0,0,
flight_number_time_bucket,ANC,FAI,AS,AS72.0,FAI→ANC,afternoon,,2024-01-01,2024-12-31,6,6,0,0,0.0,0,0.0,0,0.0,-6.83,-12.5,11.5,0.83,0.0,2.5,0,0.0,0,0.0,0,0.0,-3.0,0.0,0,,0,
flight_number_time_bucket,ANC,FAI,AS,AS75.0,FAI→ANC,afternoon,,2024-01-01,2024-12-31,4,4,0,0,0.0,0,0.0,0,0.0,-8.5,-19.5,16.2,6.75,0.0,18.9,1,0.25,0,0.0,0,0.0,-0.75,0.0,0,,0,
flight_number_time_bucket,ANC,FAI,AS,AS82.0,FAI→ANC,late_morning,,2024-01-01,2024-12-31,4,4,0,0,0.0,0,0.0,0,0.0,-8.5,-6.0,-3.3,0.5,0.0,1.4,0,0.0,0,0.0,0,0.0,0.5,0.0,0,,0,
flight_number_time_bucket,ANC,FAI,AS,AS90.0,FAI→ANC,early_morning,,2024-01-01,2024-12-31,136,136,0,0,0.0,6,0.044118,0,0.0,-4.78,-10.0,13.5,4.49,0.0,0.0,8,0.058824,7,0.051471,6,0.044118,-1.82,0.0,0,0.0,0,0.0
flight_number_time_bucket,ANC,FAI,AS,AS931.0,FAI→ANC,late_morning,,2024-01-01,2024-12-31,18,18,0,0,0.0,0,0.0,0,0.0,-8.67,-7.5,0.0,0.11,0.0,0.0,0,0.0,0,0.0,0,0.0,0.11,0.0,0,,0,
flight_number_time_bucket,ANC,FAI,AS,AS967.0,FAI→ANC,afternoon,,2024-01-01,2024-12-31,22,22,0,0,0.0,1,0.045455,0,0.0,9.05,2.0,21.6,8.45,0.0,5.9,1,0.045455,1,0.045455,1,0.045455,-4.86,0.0,0,0.0,0,0.0
flight_number_time_bucket,ANC,FAI,AS,AS99.0,FAI→ANC,night,,2024-01-01,2024-12-31,148,148,0,0,0.0,4,0.027027,1,0.006757,-1.45,-4.5,16.0,6.83,0.0,20.3,17,0.114865,8,0.054054,3,0.02027,0.05,0.0,1,0.111111,0,0.0
flight_number_time_bucket,ANC,HNL,AS,AS828.0,HNL→ANC,night,,2024-01-01,2024-12-31,366,356,10,1,0.027322,32,0.089888,7,0.019663,2.31,-9.0,48.6,18.34,0.0,58.2,83,0.233146,59,0.16573,34,0.095506,2.56,0.0,5,0.084746,0,0.0
flight_number_time_bucket,ANC,IAD,UA,UA1470.0,IAD→ANC,evening,,2024-01-01,2024-12-31,103,99,4,0,0.038835,1,0.010101,0,0.0,-6.23,-11.0,23.0,6.98,0.0,22.2,15,0.151515,6,0.060606,1,0.010101,0.6,0.0,1,0.166667,0,0.0
flight_number_time_bucket,ANC,IAH,UA,UA1552.0,IAH→ANC,afternoon,,2024-01-01,2024-12-31,103,101,2,0,0.019417,7,0.069307,0,0.0,7.44,0.0,45.0,10.4,0.0,36.0,16,0.158416,12,0.118812,5,0.049505,-2.66,0.0,0,0.0,0,0.0
flight_number_time_bucket,ANC,IAH,UA,UA1552.0,IAH→ANC,evening,,2024-01-01,2024-12-31,23,23,0,0,0.0,0,0.0,0,0.0,-3.04,-6.0,17.2,2.17,0.0,7.0,2,0.086957,0,0.0,0,0.0,-3.52,0.0,0,,0,
flight_number_time_bucket,ANC,JFK,AS,AS615.0,JFK→ANC,late_morning,,2024-01-01,2024-12-31,68,68,0,0,0.0,2,0.029412,1,0.014706,0.76,-8.0,23.1,7.24,0.0,6.3,5,0.073529,4,0.058824,2,0.029412,-3.5,0.0,0,0.0,0,0.0
flight_number_time_bucket,ANC,JNU,AS,AS1065.0,JNU→ANC,afternoon,,2024-01-01,2024-12-31,1,1,0,0,0.0,0,0.0,0,0.0,0.0,0.0,0.0,0.0,0.0,0.0,0,0.0,0,0.0,0,0.0,0.0,0.0,0,,0,
flight_number_time_bucket,ANC,JNU,AS,AS1171.0,JNU→ANC,early_morning,,2024-01-01,2024-12-31,1,1,0,0,0.0,0,0.0,0,0.0,2.0,2.0,2.0,0.0,0.0,0.0,0,0.0,0,0.0,0,0.0,-2.0,-2.0,0,,0,
flight_number_time_bucket,ANC,JNU,AS,AS167.0,JNU→ANC,afternoon,,2024-01-01,2024-12-31,1,1,0,0,0.0,0,0.0,0,0.0,-23.0,-23.0,-23.0,0.0,0.0,0.0,0,0.0,0,0.0,0,0.0,0.0,0.0,0,,0,
flight_number_time_bucket,ANC,JNU,AS,AS65.0,JNU→ANC,afternoon,,2024-01-01,2024-12-31,361,358,3,0,0.00831,19,0.053073,8,0.022346,1.73,-9.0,27.3,11.29,0.0,27.3,51,0.142458,32,0.089385,18,0.050279,-0.71,0.0,0,0.0,0,0.0
flight_number_time_bucket,ANC,JNU,AS,AS67.0,JNU→ANC,night,,2024-01-01,2024-12-31,365,359,6,0,0.016438,16,0.044568,0,0.0,-2.79,-11.0,36.6,8.3,0.0,28.2,57,0.158774,34,0.094708,18,0.050139,-1.18,0.0,0,0.0,0,0.0
flight_number_time_bucket,ANC,JNU,AS,AS73.0,JNU→ANC,early_morning,,2024-01-01,2024-12-31,362,352,10,0,0.027624,14,0.039773,7,0.019886,-3.59,-15.0,14.7,9.05,0.0,12.9,33,0.09375,23,0.065341,14,0.039773,-1.33,0.0,0,0.0,0,0.0
flight_number_time_bucket,ANC,JNU,AS,AS75.0,JNU→ANC,afternoon,,2024-01-01,2024-12-31,1,1,0,0,0.0,0,0.0,0,0.0,36.0,36.0,36.0,40.0,40.0,40.0,1,1.0,1,1.0,0,0.0,4.0,4.0,0,0.0,0,
flight_number_time_bucket,ANC,JNU,AS,AS82.0,JNU→ANC,evening,,2024-01-01,2024-12-31,126,123,3,0,0.02381,6,0.04878,0,0.0,-2.88,-11.0,14.0,7.67,0.0,14.0,11,0.089431,7,0.056911,6,0.04878,-0.74,0.0,0,0.0,0,0.0
flight_number_time_bucket,ANC,KOA,AS,AS1136.0,KOA→ANC,evening,,2024-01-01,2024-12-31,7,7,0,0,0.0,0,0.0,0,0.0,-17.57,-16.0,-15.0,0.43,0.0,1.2,0,0.0,0,0.0,0,0.0,0.43,0.0,0,,0,
flight_number_time_bucket,ANC,KOA,AS,AS1136.0,KOA→ANC,night,,2024-01-01,2024-12-31,6,6,0,0,0.0,1,0.166667,0,0.0,6.83,-8.0,59.0,23.17,10.5,59.0,3,0.5,2,0.333333,1,0.166667,3.5,2.5,0,0.0,0,0.0
flight_number_time_bucket,ANC,KOA,AS,AS117.0,KOA→ANC,night,,2024-01-01,2024-12-31,8,8,0,0,0.0,0,0.0,0,0.0,2.75,-3.0,22.1,8.12,0.0,22.4,2,0.25,1,0.125,0,0.0,2.0,0.0,0,0.0,0,
flight_number_time_bucket,ANC,KOA,AS,AS822.0,KOA→ANC,night,,2024-01-01,2024-12-31,2,2,0,0,0.0,0,0.0,0,0.0,-2.0,-2.0,8.4,15.0,15.0,27.0,1,0.5,0,0.0,0,0.0,9.5,9.5,1,1.0,0,
flight_number_time_bucket,ANC,KOA,AS,AS873.0,KOA→ANC,night,,2024-01-01,2024-12-31,69,64,5,1,0.072464,7,0.109375,2,0.03125,9.67,-4.0,56.8,23.13,1.0,51.0,19,0.296875,11,0.171875,6,0.09375,3.05,0.0,1,0.090909,0,0.0
flight_number_time_bucket,ANC,LAS,AS,AS1189.0,LAS→ANC,evening,,2024-01-01,2024-12-31,46,46,0,1,0.0,8,0.173913,0,0.0,29.8,22.0,71.6,30.24,19.0,75.8,28,0.608696,16,0.347826,10,0.217391,-1.53,0.0,1,0.0625,1,0.1
flight_number_time_bucket,ANC,LAS,AS,AS448.0,LAS→ANC,evening,,2024-01-01,2024-12-31,8,8,0,0,0.0,1,0.125,0,0.0,26.0,9.5,71.6,18.62,6.0,53.9,2,0.25,2,0.25,1,0.125,-9.38,-6.0,0,0.0,0,0.0
flight_number_time_bucket,ANC,LAS,AS,AS53.0,LAS→ANC,evening,,2024-01-01,2024-12-31,43,41,2,0,0.046512,5,0.121951,0,0.0,12.29,5.0,61.0,28.9,14.0,80.0,20,0.487805,15,0.365854,8,0.195122,7.8,6.0,2,0.133333,0,0.0
flight_number_time_bucket,ANC,LAS,AS,AS578.0,LAS→ANC,evening,,2024-01-01,2024-12-31,20,20,0,0,0.0,2,0.1,0,0.0,7.45,-3.0,50.6,13.95,0.0,44.4,4,0.2,3,0.15,1,0.05,-0.5,0.0,0,0.0,0,0.0
flight_number_time_bucket,ANC,LAX,AS,AS169.0,LAX→ANC,evening,,2024-01-01,2024-12-31,14,14,0,0,0.0,1,0.071429,0,0.0,13.64,2.0,20.5,19.57,6.5,18.7,3,0.214286,1,0.071429,1,0.071429,3.21,0.5,0,0.0,0,0.0
flight_number_time_bucket,ANC,LAX,AS,AS169.0,LAX→ANC,night,,2024-01-01,2024-12-31,45,45,0,0,0.0,1,0.022222,0,0.0,-1.58,-4.0,25.4,5.18,0.0,8.0,4,0.088889,3,0.066667,1,0.022222,-2.58,0.0,0,0.0,0,0.0
flight_number_time_bucket,ANC,LAX,AS,AS192.0,LAX→ANC,evening,,2024-01-01,2024-12-31,1,1,0,0,0.0,0,0.0,0,0.0,-33.0,-33.0,-33.0,0.0,0.0,0.0,0,0.0,0,0.0,0,0.0,0.0,0.0,0,,0,
flight_number_time_bucket,ANC,LAX,AS,AS193.0,LAX→ANC,evening,,2024-01-01,2024-12-31,264,257,7,1,0.026515,9,0.035019,0,0.0,6.4,0.0,39.0,10.8,0.0,28.0,44,0.171206,22,0.085603,7,0.027237,-3.08,0.0,1,0.045455,0,0.0
flight_number_time_bucket,ANC,LAX,AS,AS193.0,LAX→ANC,night,,2024-01-01,2024-12-31,7,7,0,0,0.0,0,0.0,0,0.0,-7.71,-10.0,6.2,0.71,0.0,2.0,0,0.0,0,0.0,0,0.0,-1.43,0.0,0,,0,
flight_number_time_bucket,ANC,LAX,AS,AS239.0,LAX→ANC,early_morning,,2024-01-01,2024-12-31,7,7,0,0,0.0,0,0.0,0,0.0,-10.71,-8.0,-0.2,1.14,0.0,3.2,0,0.0,0,0.0,0,0.0,0.57,0.0,0,,0,
flight_number_time_bucket,ANC,LAX,AS,AS750.0,LAX→ANC,evening,,2024-01-01,2024-12-31,10,10,0,0,0.0,0,0.0,0,0.0,-2.3,-6.0,17.1,11.7,8.0,25.2,3,0.3,1,0.1,0,0.0,4.1,4.0,0,0.0,0,
flight_number_time_bucket,ANC,MSP,AS,AS183.0,MSP→ANC,late_morning,,2024-01-01,2024-12-31,12,12,0,0,0.0,0,0.0,0,0.0,-10.75,-14.5,9.4,6.67,0.0,25.0,3,0.25,0,0.0,0,0.0,4.5,0.0,0,,0,
flight_number_time_bucket,ANC,MSP,AS,AS294.0,MSP→ANC,early_morning,,2024-01-01,2024-12-31,67,66,1,0,0.014925,1,0.015152,0,0.0,9.68,7.0,40.0,13.45,3.0,45.0,21,0.318182,12,0.181818,2,0.030303,-0.5,0.0,0,0.0,0,0.0
flight_number_time_bucket,ANC,MSP,DL,DL377.0,MSP→ANC,afternoon,,2024-01-01,2024-12-31,38,38,0,0,0.0,0,0.0,0,0.0,-17.34,-18.5,4.2,2.21,0.0,8.1,1,0.026316,0,0.0,0,0.0,0.61,0.0,1,1.0,0,
flight_number_time_bucket,ANC,MSP,DL,DL377.0,MSP→ANC,evening,,2024-01-01,2024-12-31,166,164,2,0,0.012048,6,0.036585,1,0.006098,7.07,-5.0,40.7,17.35,0.0,38.0,36,0.219512,24,0.146341,10,0.060976,1.13,0.0,2,0.083333,0,0.0
flight_number_time_bucket,ANC,MSP,DL,DL390.0,MSP→ANC,afternoon,,2024-01-01,2024-12-31,5,5,0,0,0.0,0,0.0,0,0.0,-25.4,-28.0,-8.6,5.0,0.0,13.0,0,0.0,0,0.0,0,0.0,5.0,0.0,0,,0,
flight_number_time_bucket,ANC,MSP,DL,DL411.0,MSP→ANC,night,,2024-01-01,2024-12-31,121,119,2,0,0.016529,10,0.084034,1,0.008403,6.81,-4.0,50.0,16.38,0.0,59.8,30,0.252101,20,0.168067,12,0.10084,1.6,0.0,1,0.047619,0,0.0
flight_number_time_bucket,ANC,MSP,DL,DL458.0,MSP→ANC,night,,2024-01-01,2024-12-31,31,31,0,0,0.0,0,0.0,0,0.0,4.16,-2.0,29.0,11.03,4.0,28.0,7,0.225806,3,0.096774,2,0.064516,1.61,0.0,0,0.0,0,0.0
flight_number_time_bucket,ANC,MSP,DL,DL474.0,MSP→ANC,evening,,2024-01-01,2024-12-31,89,89,0,0,0.0,4,0.044944,1,0.011236,1.33,-7.0,21.8,12.69,0.0,22.2,12,0.134831,6,0.067416,2,0.022472,0.21,0.0,0,0.0,0,0.0
flight_number_time_bucket,ANC,MSP,DL,DL517.0,MSP→ANC,evening,,2024-01-01,2024-12-31,32,32,0,0,0.0,1,0.03125,1,0.03125,12.31,-16.0,3.9,32.62,0.0,13.5,3,0.09375,2,0.0625,1,0.03125,2.66,0.0,1,0.5,0,0.0
flight_number_time_bucket,ANC,MSP,DL,DL563.0,MSP→ANC,early_morning,,2024-01-01,2024-12-31,31,31,0,0,0.0,0,0.0,0,0.0,5.29,1.0,34.0,9.42,3.0,30.0,6,0.193548,3,0.096774,1,0.032258,-1.26,0.0,1,0.25,0,0.0
flight_number_time_bucket,ANC,MSP,DL,DL563.0,MSP→ANC,late_morning,,2024-01-01,2024-12-31,63,62,1,0,0.015873,3,0.048387,1,0.016129,4.0,-4.0,22.6,10.16,0.0,21.0,10,0.16129,6,0.096774,3,0.048387,-0.24,0.0,2,0.333333,0,0.0
flight_number_time_bucket,ANC,OGG,AS,AS1311.0,OGG→ANC,night,,2024-01-01,2024-12-31,4,4,0,0,0.0,0,0.0,0,0.0,-8.0,-11.5,10.9,5.25,3.5,11.0,0,0.0,0,0.0,0,0.0,1.25,1.5,0,,0,
flight_number_time_bucket,ANC,OGG,AS,AS881.0,OGG→ANC,night,,2024-01-01,2024-12-31,27,22,5,2,0.185185,2,0.090909,1,0.045455,21.2,-0.5,50.5,30.95,1.0,65.4,6,0.272727,4,0.181818,3,0.136364,3.5,0.0,0,0.0,1,0.333333
flight_number_time_bucket,ANC,OGG,AS,AS890.0,OGG→ANC,night,,2024-01-01,2024-12-31,2,2,0,0,0.0,0,0.0,0,0.0,-3.5,-3.5,-0.7,0.0,0.0,0.0,0,0.0,0,0.0,0,0.0,0.0,0.0,0,,0,
flight_number_time_bucket,ANC,OME,AS,AS1193.0,OME→ANC,late_morning,,2024-01-01,2024-12-31,1,1,0,0,0.0,0,0.0,0,0.0,-4.0,-4.0,-4.0,2.0,2.0,2.0,0,0.0,0,0.0,0,0.0,2.0,2.0,0,,0,
flight_number_time_bucket,ANC,OME,AS,AS151.0,OME→ANC,late_morning,,2024-01-01,2024-12-31,1,1,0,0,0.0,0,0.0,0,0.0,31.0,31.0,31.0,49.0,49.0,49.0,1,1.0,1,1.0,0,0.0,18.0,18.0,0,0.0,0,
flight_number_time_bucket,ANC,OME,AS,AS153.0,OME→ANC,evening,,2024-01-01,2024-12-31,1,1,0,0,0.0,0,0.0,0,0.0,27.0,27.0,27.0,27.0,27.0,27.0,1,1.0,0,0.0,0,0.0,0.0,0.0,0,,0,
flight_number_time_bucket,ANC,OME,AS,AS155.0,OME→ANC,evening,,2024-01-01,2024-12-31,299,292,7,0,0.023411,11,0.037671,1,0.003425,3.88,-3.5,30.0,8.25,0.0,26.9,46,0.157534,24,0.082192,10,0.034247,-2.45,0.0,0,0.0,0,0.0
flight_number_time_bucket,ANC,OME,AS,AS157.0,OME→ANC,night,,2024-01-01,2024-12-31,1,1,0,0,0.0,0,0.0,0,0.0,34.0,34.0,34.0,23.0,23.0,23.0,1,1.0,0,0.0,0,0.0,-11.0,-11.0,0,,0,
flight_number_time_bucket,ANC,ORD,AA,AA1309.0,ORD→ANC,evening,,2024-01-01,2024-12-31,121,121,0,1,0.0,7,0.057851,0,0.0,14.15,4.0,52.1,16.03,3.0,50.3,38,0.31405,22,0.181818,9,0.07438,-1.73,0.0,3,0.136364,0,0.0
flight_number_time_bucket,ANC,ORD,AS,AS127.0,ORD→ANC,early_morning,,2024-01-01,2024-12-31,2,2,0,0,0.0,1,0.5,0,0.0,59.0,59.0,104.6,23.5,23.5,39.1,1,0.5,1,0.5,0,0.0,-35.5,-35.5,0,0.0,0,
flight_number_time_bucket,ANC,ORD,AS,AS127.0,ORD→ANC,red_eye,,2024-01-01,2024-12-31,1,1,0,0,0.0,0,0.0,0,0.0,1.0,1.0,1.0,22.0,22.0,22.0,1,1.0,0,0.0,0,0.0,21.0,21.0,0,,0,
flight_number_time_bucket,ANC,ORD,AS,AS139.0,ORD→ANC,early_morning,,2024-01-01,2024-12-31,10,10,0,0,0.0,1,0.1,0,0.0,26.1,27.0,59.3,17.1,12.5,31.8,4,0.4,1,0.1,1,0.1,-10.1,-5.5,0,0.0,0,0.0
flight_number_time_bucket,ANC,ORD,AS,AS139.0,ORD→ANC,late_morning,,2024-01-01,2024-12-31,167,166,1,1,0.005988,8,0.048193,2,0.012048,7.05,-3.0,40.0,16.83,0.0,51.2,43,0.259036,26,0.156627,12,0.072289,1.41,0.0,1,0.035714,0,0.0
flight_number_time_bucket,ANC,ORD,AS,AS143.0,ORD→ANC,red_eye,,2024-01-01,2024-12-31,27,27,0,0,0.0,3,0.111111,0,0.0,6.07,-2.0,44.2,24.52,17.0,62.4,14,0.518519,7,0.259259,3,0.111111,10.07,12.0,1,0.125,0,0.0
flight_number_time_bucket,ANC,ORD,AS,AS47.0,ORD→ANC,early_morning,,2024-01-01,2024-12-31,5,5,0,0,0.0,1,0.2,0,0.0,16.2,4.0,55.2,17.0,10.0,37.0,2,0.4,1,0.2,0,0.0,-4.8,0.0,0,0.0,0,
flight_number_time_bucket,ANC,ORD,AS,AS47.0,ORD→ANC,late_morning,,2024-01-01,2024-12-31,5,5,0,0,0.0,0,0.0,0,0.0,-5.0,-3.0,14.4,0.2,0.0,0.6,0,0.0,0,0.0,0,0.0,-5.2,0.0,0,,0,
flight_number_time_bucket,ANC,ORD,AS,AS565.0,ORD→ANC,red_eye,,2024-01-01,2024-12-31,68,67,1,1,0.014706,3,0.044776,0,0.0,3.62,-6.0,42.0,14.14,0.0,52.0,18,0.268657,10,0.149254,5,0.074627,0.55,0.0,1,0.090909,0,0.0
flight_number_time_bucket,ANC,ORD,UA,UA1325.0,ORD→ANC,evening,,2024-01-01,2024-12-31,8,8,0,1,0.0,1,0.125,1,0.125,46.0,-7.0,168.0,48.71,6.0,137.6,2,0.25,2,0.25,1,0.125,-10.43,0.0,0,0.0,0,0.0
flight_number_time_bucket,ANC,ORD,UA,UA2390.0,ORD→ANC,afternoon,,2024-01-01,2024-12-31,21,21,0,0,0.0,0,0.0,0,0.0,-8.95,-9.0,16.0,5.71,0.0,23.0,3,0.142857,2,0.095238,0,0.0,1.86,0.0,0,0.0,0,
flight_number_time_bucket,ANC,ORD,UA,UA2390.0,ORD→ANC,late_morning,,2024-01-01,2024-12-31,15,15,0,0,0.0,0,0.0,0,0.0,-7.33,-8.0,9.0,8.07,0.0,26.8,4,0.266667,1,0.066667,0,0.0,5.13,0.0,1,1.0,0,
flight_number_time_bucket,ANC,ORD,UA,UA2465.0,ORD→ANC,late_morning,,2024-01-01,2024-12-31,88,88,0,0,0.0,6,0.068182,1,0.011364,-1.67,-11.0,18.8,14.88,0.0,31.9,17,0.193182,11,0.125,7,0.079545,3.75,0.0,5,0.416667,0,0.0
flight_number_time_bucket,ANC,ORD,UA,UA2604.0,ORD→ANC,evening,,2024-01-01,2024-12-31,21,20,1,0,0.047619,4,0.2,0,0.0,30.5,23.0,87.2,32.0,17.5,69.2,12,0.6,7,0.35,3,0.15,-0.2,3.0,0,0.0,0,0.0
flight_number_time_bucket,ANC,ORD,UA,UA329.0,ORD→ANC,evening,,2024-01-01,2024-12-31,1,1,0,0,0.0,0,0.0,0,0.0,-5.0,-5.0,-5.0,1.0,1.0,1.0,0,0.0,0,0.0,0,0.0,1.0,1.0,0,,0,
flight_number_time_bucket,ANC,ORD,UA,UA450.0,ORD→ANC,afternoon,,2024-01-01,2024-12-31,20,20,0,0,0.0,1,0.05,0,0.0,-12.25,-21.5,-0.7,10.8,5.0,17.6,2,0.1,2,0.1,1,0.05,0.8,2.5,0,0.0,0,0.0
flight_number_time_bucket,ANC,ORD,UA,UA450.0,ORD→ANC,evening,,2024-01-01,2024-12-31,157,157,0,0,0.0,9,0.057325,0,0.0,-2.25,-10.0,19.2,9.72,0.0,19.2,20,0.127389,12,0.076433,8,0.050955,0.23,0.0,1,0.083333,0,0.0
flight_number_time_bucket,ANC,ORD,UA,UA48.0,ORD→ANC,afternoon,,2024-01-01,2024-12-31,1,1,0,0,0.0,0,0.0,0,0.0,-13.0,-13.0,-13.0,0.0,0.0,0.0,0,0.0,0,0.0,0,0.0,0.0,0.0,0,,0,
flight_number_time_bucket,ANC,ORD,UA,UA606.0,ORD→ANC,afternoon,,2024-01-01,2024-12-31,45,45,0,0,0.0,2,0.044444,0,0.0,-4.64,-14.0,30.4,9.38,0.0,33.6,7,0.155556,5,0.111111,3,0.066667,-0.13,0.0,1,0.166667,0,0.0
flight_number_time_bucket,ANC,OTZ,AS,AS137.0,OTZ→ANC,late_morning,,2024-01-01,2024-12-31,258,251,7,0,0.027132,6,0.023904,2,0.007968,-2.42,-10.0,14.0,6.25,0.0,11.0,22,0.087649,15,0.059761,4,0.015936,-0.79,0.0,0,0.0,0,0.0
flight_number_time_bucket,ANC,OTZ,AS,AS153.0,OTZ→ANC,evening,,2024-01-01,2024-12-31,62,55,7,0,0.112903,1,0.018182,0,0.0,-7.64,-17.0,18.2,5.44,0.0,19.8,7,0.127273,4,0.072727,1,0.018182,-0.96,0.0,0,0.0,0,0.0
flight_number_time_bucket,ANC,OTZ,AS,AS159.0,OTZ→ANC,evening,,2024-01-01,2024-12-31,3,1,2,0,0.666667,0,0.0,0,0.0,-20.0,-20.0,-20.0,0.0,0.0,0.0,0,0.0,0,0.0,0,0.0,0.0,0.0,0,,0,
flight_number_time_bucket,ANC,OTZ,AS,AS172.0,OTZ→ANC,afternoon,,2024-01-01,2024-12-31,1,1,0,0,0.0,0,0.0,0,0.0,-9.0,-9.0,-9.0,0.0,0.0,0.0,0,0.0,0,0.0,0,0.0,0.0,0.0,0,,0,
flight_number_time_bucket,ANC,OTZ,AS,AS172.0,OTZ→ANC,late_morning,,2024-01-01,2024-12-31,41,35,6,0,0.146341,4,0.114286,1,0.028571,18.23,-3.0,94.8,24.6,0.0,99.2,6,0.171429,5,0.142857,4,0.114286,0.03,0.0,0,0.0,0,0.0
flight_number_time_bucket,ANC,PDX,AS,AS129.0,PDX→ANC,night,,2024-01-01,2024-12-31,1,1,0,0,0.0,0,0.0,0,0.0,8.0,8.0,8.0,7.0,7.0,7.0,0,0.0,0,0.0,0,0.0,-1.0,-1.0,0,,0,
flight_number_time_bucket,ANC,PDX,AS,AS195.0,PDX→ANC,night,,2024-01-01,2024-12-31,1,1,0,0,0.0,0,0.0,0,0.0,-12.0,-12.0,-12.0,13.0,13.0,13.0,0,0.0,0,0.0,0,0.0,13.0,13.0,0,,0,
flight_number_time_bucket,ANC,PDX,AS,AS197.0,PDX→ANC,night,,2024-01-01,2024-12-31,352,347,5,1,0.014205,10,0.028818,0,0.0,3.72,1.0,27.0,6.89,0.0,22.0,52,0.149856,23,0.066282,7,0.020173,-2.83,0.0,0,0.0,0,0.0
flight_number_time_bucket,ANC,PDX,AS,AS199.0,PDX→ANC,night,,2024-01-01,2024-12-31,5,3,2,0,0.4,0,0.0,0,0.0,6.0,11.0,16.6,13.0,13.0,23.4,1,0.333333,0,0.0,0,0.0,3.33,0.0,0,,0,
flight_number_time_bucket,ANC,PHX,AS,AS141.0,PHX→ANC,evening,,2024-01-01,2024-12-31,290,290,0,1,0.0,19,0.065517,0,0.0,7.47,3.0,49.0,12.52,0.0,41.2,70,0.241379,43,0.148276,16,0.055172,-1.86,0.0,5,0.108696,0,0.0
flight_number_time_bucket,ANC,PHX,AS,AS147.0,PHX→ANC,evening,,2024-01-01,2024-12-31,8,8,0,0,0.0,0,0.0,0,0.0,4.5,3.0,28.1,2.5,0.0,9.6,0,0.0,0,0.0,0,0.0,-7.88,-0.5,0,,0,
flight_number_time_bucket,ANC,PHX,AS,AS163.0,PHX→ANC,night,,2024-01-01,2024-12-31,10,10,0,0,0.0,0,0.0,0,0.0,-10.8,-11.0,7.3,5.5,0.0,13.5,1,0.1,1,0.1,0,0.0,2.2,0.0,0,0.0,0,
flight_number_time_bucket,ANC,PHX,AS,AS57.0,PHX→ANC,evening,,2024-01-01,2024-12-31,45,39,6,0,0.133333,3,0.076923,1,0.025641,1.54,-13.0,42.4,13.62,0.0,45.6,11,0.282051,5,0.128205,2,0.051282,-1.85,0.0,0,0.0,0,0.0
flight_number_time_bucket,ANC,SAN,AS,AS743.0,SAN→ANC,late_morning,,2024-01-01,2024-12-31,16,16,0,0,0.0,1,0.0625,0,0.0,0.25,-5.5,21.5,10.88,1.5,28.0,5,0.3125,2,0.125,1,0.0625,3.69,0.0,1,0.5,0,0.0
flight_number_time_bucket,ANC,SAN,AS,AS933.0,SAN→ANC,late_morning,,2024-01-01,2024-12-31,4,4,0,0,0.0,0,0.0,0,0.0,-12.0,-3.5,6.3,2.25,2.0,4.7,0,0.0,0,0.0,0,0.0,0.0,0.0,0,,0,
flight_number_time_bucket,ANC,SCC,AS,AS55.0,SCC→ANC,early_morning,,2024-01-01,2024-12-31,311,300,11,0,0.03537,10,0.033333,4,0.013333,-10.47,-19.0,8.1,7.55,0.0,7.1,25,0.083333,17,0.056667,11,0.036667,0.03,0.0,0,0.0,0,0.0
flight_number_time_bucket,ANC,SCC,AS,AS87.0,SCC→ANC,evening,,2024-01-01,2024-12-31,258,251,7,0,0.027132,8,0.031873,1,0.003984,-5.61,-14.0,24.0,7.26,0.0,20.0,29,0.115538,18,0.071713,9,0.035857,-0.8,0.0,0,0.0,0,0.0
flight_number_time_bucket,ANC,SEA,AS,AS101.0,SEA→ANC,early_morning,,2024-01-01,2024-12-31,28,28,0,0,0.0,1,0.035714,1,0.035714,20.54,7.0,32.5,16.36,0.0,21.9,5,0.178571,2,0.071429,2,0.071429,-6.25,-4.0,0,0.0,0,0.0
flight_number_time_bucket,ANC,SEA,AS,AS101.0,SEA→ANC,night,,2024-01-01,2024-12-31,68,67,1,0,0.014706,5,0.074627,0,0.0,13.63,9.0,39.6,14.54,6.0,36.2,18,0.268657,10,0.149254,4,0.059701,-1.72,0.0,0,0.0,0,0.0
flight_number_time_bucket,ANC,SEA,AS,AS103.0,SEA→ANC,early_morning,,2024-01-01,2024-12-31,40,40,0,0,0.0,1,0.025,1,0.025,7.97,-1.0,27.2,9.95,0.0,25.3,7,0.175,2,0.05,1,0.025,-3.55,0.0,0,0.0,0,0.0
flight_number_time_bucket,ANC,SEA,AS,AS105.0,SEA→ANC,night,,2024-01-01,2024-12-31,4,4,0,0,0.0,1,0.25,0,0.0,45.0,32.5,78.7,33.5,20.0,73.3,2,0.5,1,0.25,1,0.25,-11.5,-10.5,0,0.0,0,0.0
flight_number_time_bucket,ANC,SEA,AS,AS105.0,SEA→ANC,red_eye,,2024-01-01,2024-12-31,4,4,0,0,0.0,1,0.25,0,0.0,9.0,-20.5,66.4,22.25,0.0,62.3,1,0.25,1,0.25,1,0.25,-3.5,0.0,0,0.0,0,0.0
flight_number_time_bucket,ANC,SEA,AS,AS107.0,SEA→ANC,night,,2024-01-01,2024-12-31,270,263,7,1,0.025926,12,0.045627,1,0.003802,15.9,12.0,42.0,15.82,5.5,38.0,94,0.357414,46,0.174905,13,0.04943,-3.02,0.0,2,0.040816,0,0.0
flight_number_time_bucket,ANC,SEA,AS,AS109.0,SEA→ANC,evening,,2024-01-01,2024-12-31,318,316,2,0,0.006289,13,0.041139,1,0.003165,5.08,-0.5,30.5,11.85,2.0,33.0,68,0.21519,41,0.129747,12,0.037975,0.39,0.0,3,0.071429,0,0.0
flight_number_time_bucket,ANC,SEA,AS,AS109.0,SEA→ANC,night,,2024-01-01,2024-12-31,21,21,0,0,0.0,0,0.0,0,0.0,-9.05,-11.0,3.0,5.71,1.0,16.0,3,0.142857,1,0.047619,0,0.0,3.57,0.0,0,0.0,0,
flight_number_time_bucket,ANC,SEA,AS,AS110.0,SEA→ANC,night,,2024-01-01,2024-12-31,1,1,0,0,0.0,0,0.0,0,0.0,45.0,45.0,45.0,32.0,32.0,32.0,1,1.0,1,1.0,0,0.0,-13.0,-13.0,0,0.0,0,
flight_number_time_bucket,ANC,SEA,AS,AS1101.0,SEA→ANC,night,,2024-01-01,2024-12-31,10,10,0,0,0.0,0,0.0,0,0.0,7.1,3.0,34.6,6.3,4.5,12.2,1,0.1,1,0.1,0,0.0,-3.2,0.0,0,0.0,0,
flight_number_time_bucket,ANC,SEA,AS,AS111.0,SEA→ANC,early_morning,,2024-01-01,2024-12-31,1,1,0,0,0.0,0,0.0,0,0.0,28.0,28.0,28.0,12.0,12.0,12.0,0,0.0,0,0.0,0,0.0,-16.0,-16.0,0,,0,
flight_number_time_bucket,ANC,SEA,AS,AS111.0,SEA→ANC,night,,2024-01-01,2024-12-31,4,4,0,0,0.0,0,0.0,0,0.0,-14.0,-13.0,-1.4,0.0,0.0,0.0,0,0.0,0,0.0,0,0.0,-0.25,0.0,0,,0,
flight_number_time_bucket,ANC,SEA,AS,AS113.0,SEA→ANC,night,,2024-01-01,2024-12-31,16,16,0,0,0.0,1,0.0625,0,0.0,8.88,0.5,38.5,16.38,13.0,36.0,6,0.375,2,0.125,0,0.0,0.31,5.5,0,0.0,0,
flight_number_time_bucket,ANC,SEA,AS,AS115.0,SEA→ANC,night,,2024-01-01,2024-12-31,1,1,0,0,0.0,0,0.0,0,0.0,0.0,0.0,0.0,0.0,0.0,0.0,0,0.0,0,0.0,0,0.0,0.0,0.0,0,,0,
flight_number_time_bucket,ANC,SEA,AS,AS119.0,SEA→ANC,night,,2024-01-01,2024-12-31,38,31,7,0,0.184211,1,0.032258,0,0.0,-0.58,-7.0,22.0,13.26,3.0,35.0,8,0.258065,4,0.129032,1,0.032258,3.71,0.0,1,0.25,0,0.0
flight_number_time_bucket,ANC,SEA,AS,AS121.0,SEA→ANC,night,,2024-01-01,2024-12-31,33,29,4,0,0.121212,1,0.034483,1,0.034483,2.1,-17.0,47.0,20.0,1.0,48.8,9,0.310345,8,0.275862,2,0.068966,3.28,0.0,1,0.111111,0,0.0
flight_number_time_bucket,ANC,SEA,AS,AS1218.0,SEA→ANC,night,,2024-01-01,2024-12-31,2,2,0,0,0.0,0,0.0,0,0.0,22.5,22.5,47.7,32.5,32.5,57.7,1,0.5,1,0.5,1,0.5,5.5,5.5,0,0.0,0,0.0
flight_number_time_bucket,ANC,SEA,AS,AS1270.0,SEA→ANC,evening,,2024-01-01,2024-12-31,5,5,0,0,0.0,1,0.2,0,0.0,33.0,16.0,83.8,36.6,9.0,94.6,2,0.4,1,0.2,1,0.2,3.2,9.0,0,0.0,0,0.0
flight_number_time_bucket,ANC,SEA,AS,AS131.0,SEA→ANC,afternoon,,2024-01-01,2024-12-31,349,345,4,1,0.011461,18,0.052174,3,0.008696,4.25,-4.0,41.4,12.98,0.0,42.7,70,0.202899,49,0.142029,23,0.066667,0.58,0.0,1,0.020408,0,0.0
flight_number_time_bucket,ANC,SEA,AS,AS133.0,SEA→ANC,afternoon,,2024-01-01,2024-12-31,28,28,0,0,0.0,2,0.071429,0,0.0,21.25,9.5,51.3,20.64,3.0,45.8,8,0.285714,4,0.142857,2,0.071429,-3.64,0.0,0,0.0,0,0.0
flight_number_time_bucket,ANC,SEA,AS,AS134.0,SEA→ANC,afternoon,,2024-01-01,2024-12-31,10,10,0,0,0.0,0,0.0,0,0.0,4.1,-0.5,18.7,7.5,0.0,15.8,1,0.1,1,0.1,0,0.0,-0.2,0.0,0,0.0,0,
flight_number_time_bucket,ANC,SEA,AS,AS135.0,SEA→ANC,night,,2024-01-01,2024-12-31,198,197,1,0,0.005051,13,0.06599,1,0.005076,15.12,6.0,49.0,15.12,6.0,43.0,59,0.299492,32,0.162437,7,0.035533,-3.16,0.0,0,0.0,0,0.0
flight_number_time_bucket,ANC,SEA,AS,AS1350.0,SEA→ANC,evening,,2024-01-01,2024-12-31,4,4,0,0,0.0,0,0.0,0,0.0,-8.75,-9.0,4.6,0.25,0.0,0.7,0,0.0,0,0.0,0,0.0,-1.5,0.0,0,,0,
flight_number_time_bucket,ANC,SEA,AS,AS137.0,SEA→ANC,night,,2024-01-01,2024-12-31,32,32,0,0,0.0,2,0.0625,0,0.0,11.0,5.0,40.8,19.38,13.5,55.0,14,0.4375,8,0.25,2,0.0625,3.34,1.0,1,0.125,1,0.5
flight_number_time_bucket,ANC,SEA,AS,AS141.0,SEA→ANC,afternoon,,2024-01-01,2024-12-31,5,5,0,0,0.0,1,0.2,0,0.0,45.4,28.0,92.0,59.0,46.0,95.2,5,1.0,4,0.8,1,0.2,13.6,17.0,0,0.0,0,0.0
flight_number_time_bucket,ANC,SEA,AS,AS143.0,SEA→ANC,night,,2024-01-01,2024-12-31,231,230,1,0,0.004329,13,0.056522,0,0.0,9.59,4.0,41.1,12.23,1.0,39.2,65,0.282609,29,0.126087,11,0.047826,-1.48,0.0,0,0.0,0,0.0
flight_number_time_bucket,ANC,SEA,AS,AS145.0,SEA→ANC,night,,2024-01-01,2024-12-31,6,6,0,0,0.0,1,0.166667,0,0.0,13.5,-0.5,50.0,18.0,6.5,47.5,2,0.333333,1,0.166667,1,0.166667,0.83,0.5,0,0.0,0,0.0
flight_number_time_bucket,ANC,SEA,AS,AS1451.0,SEA→ANC,night,,2024-01-01,2024-12-31,5,5,0,0,0.0,0,0.0,0,0.0,-12.0,-5.0,4.4,3.8,0.0,10.0,0,0.0,0,0.0,0,0.0,2.2,0.0,0,,0,
flight_number_time_bucket,ANC,SEA,AS,AS149.0,SEA→ANC,night,,2024-01-01,2024-12-31,3,3,0,0,0.0,0,0.0,0,0.0,23.0,14.0,46.8,9.67,5.0,20.2,1,0.333333,0,0.0,0,0.0,-13.33,-14.0,0,,0,
flight_number_time_bucket,ANC,SEA,AS,AS150.0,SEA→ANC,night,,2024-01-01,2024-12-31,1,1,0,0,0.0,0,0.0,0,0.0,53.0,53.0,53.0,40.0,40.0,40.0,1,1.0,1,1.0,0,0.0,-13.0,-13.0,0,0.0,0,
flight_number_time_bucket,ANC,SEA,AS,AS157.0,SEA→ANC,night,,2024-01-01,2024-12-31,6,6,0,0,0.0,0,0.0,0,0.0,-8.83,-8.0,0.5,8.5,2.5,23.0,2,0.333333,0,0.0,0,0.0,8.0,2.5,0,,0,
flight_number_time_bucket,ANC,SEA,AS,AS163.0,SEA→ANC,late_morning,,2024-01-01,2024-12-31,68,67,1,0,0.014706,2,0.029851,0,0.0,8.48,4.0,32.0,8.54,0.0,23.8,16,0.238806,4,0.059701,2,0.029851,-3.61,0.0,0,0.0,0,0.0
flight_number_time_bucket,ANC,SEA,AS,AS163.0,SEA→ANC,night,,2024-01-01,2024-12-31,26,26,0,0,0.0,1,0.038462,0,0.0,1.42,-1.0,19.5,10.81,2.0,32.0,7,0.269231,4,0.153846,1,0.038462,3.42,0.0,0,0.0,0,0.0
flight_number_time_bucket,ANC,SEA,AS,AS164.0,SEA→ANC,late_morning,,2024-01-01,2024-12-31,1,1,0,0,0.0,0,0.0,0,0.0,-1.0,-1.0,-1.0,12.0,12.0,12.0,0,0.0,0,0.0,0,0.0,12.0,12.0,0,,0,
flight_number_time_bucket,ANC,SEA,AS,AS164.0,SEA→ANC,night,,2024-01-01,2024-12-31,6,6,0,0,0.0,2,0.333333,0,0.0,23.67,17.5,64.5,19.0,15.5,40.5,3,0.5,1,0.166667,0,0.0,-8.33,-2.0,0,0.0,0,
flight_number_time_bucket,ANC,SEA,AS,AS171.0,SEA→ANC,afternoon,,2024-01-01,2024-12-31,2,2,0,0,0.0,0,0.0,0,0.0,-4.0,-4.0,16.8,0.5,0.5,0.9,0,0.0,0,0.0,0,0.0,-10.5,-10.5,0,,0,
flight_number_time_bucket,ANC,SEA,AS,AS173.0,SEA→ANC,early_morning,,2024-01-01,2024-12-31,278,270,8,0,0.028777,1,0.003704,1,0.003704,-5.63,-7.0,11.1,4.99,0.0,14.1,23,0.085185,8,0.02963,1,0.003704,1.04,0.0,1,0.125,0,0.0
flight_number_time_bucket,ANC,SEA,AS,AS175.0,SEA→ANC,afternoon,,2024-01-01,2024-12-31,277,276,1,0,0.00361,12,0.043478,0,0.0,8.68,6.5,42.0,13.71,6.0,36.0,78,0.282609,35,0.126812,16,0.057971,-0.56,0.0,4,0.108108,1,0.0625
flight_number_time_bucket,ANC,SEA,AS,AS175.0,SEA→ANC,late_morning,,2024-01-01,2024-12-31,67,65,2,0,0.029851,3,0.046154,0,0.0,9.18,10.0,41.8,14.54,3.0,42.2,20,0.307692,9,0.138462,3,0.046154,-1.57,0.0,0,0.0,0,0.0
flight_number_time_bucket,ANC,SEA,AS,AS179.0,SEA→ANC,late_morning,,2024-01-01,2024-12-31,13,11,2,0,0.153846,1,0.090909,0,0.0,27.0,15.0,49.0,18.36,0.0,37.0,2,0.181818,2,0.181818,1,0.090909,-9.27,-9.0,0,0.0,0,0.0
flight_number_time_bucket,ANC,SEA,AS,AS181.0,SEA→ANC,afternoon,,2024-01-01,2024-12-31,1,1,0,0,0.0,0,0.0,0,0.0,12.0,12.0,12.0,11.0,11.0,11.0,0,0.0,0,0.0,0,0.0,-1.0,-1.0,0,,0,
flight_number_time_bucket,ANC,SEA,AS,AS189.0,SEA→ANC,afternoon,,2024-01-01,2024-12-31,261,254,7,0,0.02682,11,0.043307,0,0.0,4.51,-1.0,34.0,12.5,3.5,34.7,70,0.275591,29,0.114173,14,0.055118,1.13,0.0,0,0.0,0,0.0
flight_number_time_bucket,ANC,SEA,AS,AS191.0,SEA→ANC,night,,2024-01-01,2024-12-31,4,4,0,0,0.0,0,0.0,0,0.0,-7.75,-6.0,3.1,5.0,1.5,12.8,1,0.25,0,0.0,0,0.0,3.75,1.5,0,,0,
flight_number_time_bucket,ANC,SEA,AS,AS195.0,SEA→ANC,late_morning,,2024-01-01,2024-12-31,2,2,0,0,0.0,0,0.0,0,0.0,37.5,37.5,45.9,26.0,26.0,39.6,1,0.5,1,0.5,0,0.0,-11.5,-11.5,0,0.0,0,
flight_number_time_bucket,ANC,SEA,AS,AS199.0,SEA→ANC,late_morning,,2024-01-01,2024-12-31,12,12,0,0,0.0,0,0.0,0,0.0,6.58,4.5,31.3,7.5,1.0,21.9,2,0.166667,1,0.083333,0,0.0,-4.17,0.0,0,0.0,0,
flight_number_time_bucket,ANC,SEA,AS,AS212.0,SEA→ANC,evening,,2024-01-01,2024-12-31,218,218,0,0,0.0,5,0.022936,0,0.0,6.4,2.0,32.2,10.22,1.0,29.6,47,0.215596,22,0.100917,7,0.03211,-0.82,0.0,1,0.045455,0,0.0
flight_number_time_bucket,ANC,SEA,AS,AS212.0,SEA→ANC,night,,2024-01-01,2024-12-31,27,27,0,0,0.0,3,0.111111,0,0.0,12.33,9.0,55.4,13.41,1.0,48.8,8,0.296296,4,0.148148,2,0.074074,-3.41,-1.0,0,0.0,0,0.0
flight_number_time_bucket,ANC,SEA,AS,AS214.0,SEA→ANC,red_eye,,2024-01-01,2024-12-31,9,9,0,0,0.0,0,0.0,0,0.0,6.67,-1.0,38.2,15.56,0.0,49.2,3,0.333333,2,0.222222,0,0.0,3.56,0.0,0,0.0,0,
flight_number_time_bucket,ANC,SEA,AS,AS222.0,SEA→ANC,afternoon,,2024-01-01,2024-12-31,131,131,0,0,0.0,2,0.015267,0,0.0,-2.9,-7.0,24.0,7.54,0.0,23.0,21,0.160305,10,0.076336,1,0.007634,-0.08,0.0,0,0.0,0,0.0
flight_number_time_bucket,ANC,SEA,AS,AS225.0,SEA→ANC,night,,2024-01-01,2024-12-31,186,186,0,0,0.0,5,0.026882,2,0.010753,16.76,14.0,43.0,16.96,10.0,38.0,67,0.360215,29,0.155914,6,0.032258,-2.66,0.0,1,0.034483,0,0.0
flight_number_time_bucket,ANC,SEA,AS,AS227.0,SEA→ANC,evening,,2024-01-01,2024-12-31,38,36,2,0,0.052632,5,0.138889,0,0.0,10.69,-5.0,71.5,22.36,5.0,72.5,11,0.305556,7,0.194444,5,0.138889,3.86,3.0,1,0.142857,0,0.0
flight_number_time_bucket,ANC,SEA,AS,AS228.0,SEA→ANC,evening,,2024-01-01,2024-12-31,243,243,0,0,0.0,12,0.049383,0,0.0,12.4,8.0,43.0,14.63,6.0,41.8,76,0.312757,43,0.176955,10,0.041152,-1.42,0.0,1,0.022727,0,0.0
flight_number_time_bucket,ANC,SEA,AS,AS229.0,SEA→ANC,evening,,2024-01-01,2024-12-31,3,3,0,0,0.0,0,0.0,0,0.0,-9.67,-12.0,-4.8,0.33,0.0,0.8,0,0.0,0,0.0,0,0.0,0.33,0.0,0,,0,
flight_number_time_bucket,ANC,SEA,AS,AS230.0,SEA→ANC,afternoon,,2024-01-01,2024-12-31,93,93,0,0,0.0,2,0.021505,1,0.010753,0.9,-1.0,29.0,11.63,2.0,28.6,22,0.236559,8,0.086022,2,0.021505,1.65,0.0,2,0.222222,0,0.0
flight_number_time_bucket,ANC,SEA,AS,AS230.0,SEA→ANC,evening,,2024-01-01,2024-12-31,137,137,0,0,0.0,11,0.080292,2,0.014599,13.31,3.0,48.2,16.69,0.0,44.8,36,0.262774,23,0.167883,10,0.072993,-1.39,0.0,1,0.04,0,0.0
flight_number_time_bucket,ANC,SEA,AS,AS241.0,SEA→ANC,late_morning,,2024-01-01,2024-12-31,4,4,0,0,0.0,1,0.25,0,0.0,32.0,8.0,92.4,35.75,10.0,91.5,2,0.5,1,0.25,1,0.25,-0.25,0.0,0,0.0,0,0.0
flight_number_time_bucket,ANC,SEA,AS,AS250.0,SEA→ANC,night,,2024-01-01,2024-12-31,4,4,0,0,0.0,1,0.25,0,0.0,12.75,6.5,52.2,25.0,12.5,55.0,1,0.25,1,0.25,1,0.25,2.5,6.0,0,0.0,0,0.0
flight_number_time_bucket,ANC,SEA,AS,AS275.0,SEA→ANC,afternoon,,2024-01-01,2024-12-31,201,201,0,0,0.0,15,0.074627,3,0.014925,10.81,1.0,48.0,16.15,2.0,40.0,50,0.248756,27,0.134328,11,0.054726,-0.95,0.0,0,0.0,0,0.0
flight_number_time_bucket,ANC,SEA,AS,AS275.0,SEA→ANC,evening,,2024-01-01,2024-12-31,42,42,0,0,0.0,0,0.0,0,0.0,2.26,0.5,24.7,6.17,0.0,14.9,4,0.095238,2,0.047619,0,0.0,-0.52,0.0,0,0.0,0,
flight_number_time_bucket,ANC,SEA,AS,AS29.0,SEA→ANC,early_morning,,2024-01-01,2024-12-31,18,18,0,0,0.0,0,0.0,0,0.0,-8.44,-9.0,1.3,2.0,0.0,0.9,1,0.055556,1,0.055556,0,0.0,0.5,0.0,0,0.0,0,
flight_number_time_bucket,ANC,SEA,AS,AS319.0,SEA→ANC,night,,2024-01-01,2024-12-31,24,24,0,0,0.0,2,0.083333,0,0.0,21.54,13.5,51.4,19.38,10.5,40.3,9,0.375,3,0.125,1,0.041667,-4.96,-5.0,0,0.0,0,0.0
flight_number_time_bucket,ANC,SEA,AS,AS32.0,SEA→ANC,afternoon,,2024-01-01,2024-12-31,18,18,0,0,0.0,1,0.055556,1,0.055556,13.72,4.0,31.3,18.17,3.0,40.2,5,0.277778,3,0.166667,1,0.055556,-0.17,0.0,0,0.0,0,0.0
flight_number_time_bucket,ANC,SEA,AS,AS37.0,SEA→ANC,night,,2024-01-01,2024-12-31,1,1,0,0,0.0,0,0.0,0,0.0,-22.0,-22.0,-22.0,0.0,0.0,0.0,0,0.0,0,0.0,0,0.0,0.0,0.0,0,,0,
flight_number_time_bucket,ANC,SEA,AS,AS416.0,SEA→ANC,afternoon,,2024-01-01,2024-12-31,68,67,1,0,0.014706,1,0.014925,0,0.0,5.78,4.0,26.4,8.16,0.0,28.4,13,0.19403,6,0.089552,1,0.014925,-1.06,0.0,0,0.0,0,0.0
flight_number_time_bucket,ANC,SEA,AS,AS436.0,SEA→ANC,night,,2024-01-01,2024-12-31,6,6,0,0,0.0,0,0.0,0,0.0,-7.5,-10.0,3.0,10.33,6.0,24.5,1,0.166667,1,0.166667,0,0.0,9.0,6.0,1,1.0,0,
flight_number_time_bucket,ANC,SEA,AS,AS49.0,SEA→ANC,late_morning,,2024-01-01,2024-12-31,355,355,0,1,0.0,20,0.056338,2,0.005634,10.4,4.5,36.4,14.32,3.0,36.7,86,0.242254,48,0.135211,18,0.050704,-1.25,0.0,3,0.06,1,0.055556
flight_number_time_bucket,ANC,SEA,AS,AS544.0,SEA→ANC,night,,2024-01-01,2024-12-31,4,4,0,0,0.0,0,0.0,0,0.0,16.25,15.5,26.9,22.75,26.0,37.2,3,0.75,2,0.5,0,0.0,6.5,10.5,0,0.0,0,
flight_number_time_bucket,ANC,SEA,AS,AS545.0,SEA→ANC,night,,2024-01-01,2024-12-31,26,26,0,0,0.0,1,0.038462,0,0.0,10.46,6.0,40.5,13.42,6.0,39.0,6,0.230769,4,0.153846,1,0.038462,-1.38,0.0,0,0.0,0,0.0
flight_number_time_bucket,ANC,SEA,AS,AS545.0,SEA→ANC,red_eye,,2024-01-01,2024-12-31,1,1,0,0,0.0,0,0.0,0,0.0,53.0,53.0,53.0,53.0,53.0,53.0,1,1.0,1,1.0,0,0.0,0.0,0.0,0,0.0,0,
flight_number_time_bucket,ANC,SEA,AS,AS59.0,SEA→ANC,early_morning,,2024-01-01,2024-12-31,145,142,3,0,0.02069,3,0.021127,0,0.0,1.61,-0.5,25.8,6.46,0.0,21.9,19,0.133803,8,0.056338,3,0.021127,-2.13,0.0,2,0.222222,0,0.0
flight_number_time_bucket,ANC,SEA,AS,AS59.0,SEA→ANC,late_morning,,2024-01-01,2024-12-31,4,4,0,0,0.0,0,0.0,0,0.0,13.75,8.0,32.2,14.0,8.0,31.0,1,0.25,1,0.25,0,0.0,0.0,2.0,0,0.0,0,
flight_number_time_bucket,ANC,SEA,AS,AS615.0,SEA→ANC,early_morning,,2024-01-01,2024-12-31,2,2,0,0,0.0,0,0.0,0,0.0,-13.5,-13.5,-12.3,0.0,0.0,0.0,0,0.0,0,0.0,0,0.0,0.0,0.0,0,,0,
flight_number_time_bucket,ANC,SEA,AS,AS63.0,SEA→ANC,night,,2024-01-01,2024-12-31,3,3,0,0,0.0,0,0.0,0,0.0,-29.33,-31.0,-17.4,0.0,0.0,0.0,0,0.0,0,0.0,0,0.0,0.0,0.0,0,,0,
flight_number_time_bucket,ANC,SEA,AS,AS647.0,SEA→ANC,early_morning,,2024-01-01,2024-12-31,2,2,0,0,0.0,0,0.0,0,0.0,-5.5,-5.5,2.1,0.0,0.0,0.0,0,0.0,0,0.0,0,0.0,-2.0,-2.0,0,,0,
flight_number_time_bucket,ANC,SEA,AS,AS647.0,SEA→ANC,late_morning,,2024-01-01,2024-12-31,124,123,1,0,0.008065,7,0.056911,1,0.00813,10.46,4.0,40.0,16.02,5.0,40.0,34,0.276423,19,0.154472,7,0.056911,-0.37,0.0,1,0.052632,0,0.0
flight_number_time_bucket,ANC,SEA,AS,AS745.0,SEA→ANC,night,,2024-01-01,2024-12-31,1,1,0,0,0.0,0,0.0,0,0.0,4.0,4.0,4.0,8.0,8.0,8.0,0,0.0,0,0.0,0,0.0,4.0,4.0,0,,0,
flight_number_time_bucket,ANC,SEA,AS,AS83.0,SEA→ANC,early_morning,,2024-01-01,2024-12-31,18,18,0,0,0.0,0,0.0,0,0.0,-1.28,-2.0,16.3,9.94,0.0,29.7,4,0.222222,2,0.111111,0,0.0,2.39,0.0,0,0.0,0,
flight_number_time_bucket,ANC,SEA,AS,AS83.0,SEA→ANC,late_morning,,2024-01-01,2024-12-31,314,311,3,0,0.009554,18,0.057878,1,0.003215,7.37,0.0,49.0,14.65,4.0,38.0,93,0.299035,44,0.141479,13,0.041801,0.39,0.0,2,0.045455,0,0.0
flight_number_time_bucket,ANC,SEA,AS,AS84.0,SEA→ANC,afternoon,,2024-01-01,2024-12-31,2,2,0,0,0.0,0,0.0,0,0.0,1.0,1.0,12.2,11.5,11.5,20.7,1,0.5,0,0.0,0,0.0,4.0,4.0,0,,0,
flight_number_time_bucket,ANC,SEA,AS,AS85.0,SEA→ANC,early_morning,,2024-01-01,2024-12-31,318,312,6,0,0.018868,6,0.019231,1,0.003205,-3.06,-7.0,15.9,4.87,0.0,12.0,20,0.064103,11,0.035256,5,0.016026,-1.42,0.0,0,0.0,0,0.0
flight_number_time_bucket,ANC,SEA,AS,AS922.0,SEA→ANC,night,,2024-01-01,2024-12-31,58,57,1,0,0.017241,5,0.087719,0,0.0,22.63,17.0,54.2,14.72,5.0,42.0,15,0.263158,10,0.175439,4,0.070175,-8.93,-4.0,0,0.0,0,0.0
flight_number_time_bucket,ANC,SEA,AS,AS93.0,SEA→ANC,late_morning,,2024-01-01,2024-12-31,257,252,5,0,0.019455,16,0.063492,1,0.003968,15.09,12.0,49.0,18.07,10.0,45.0,100,0.396825,52,0.206349,12,0.047619,-1.48,0.0,2,0.037736,0,0.0
flight_number_time_bucket,ANC,SEA,AS,AS957.0,SEA→ANC,night,,2024-01-01,2024-12-31,1,1,0,0,0.0,0,0.0,0,0.0,-14.0,-14.0,-14.0,2.0,2.0,2.0,0,0.0,0,0.0,0,0.0,2.0,2.0,0,,0,
flight_number_time_bucket,ANC,SEA,AS,AS99.0,SEA→ANC,evening,,2024-01-01,2024-12-31,49,48,1,0,0.020408,3,0.0625,0,0.0,11.42,3.5,46.0,13.54,4.0,40.9,14,0.291667,9,0.1875,1,0.020833,-2.23,0.0,1,0.111111,0,0.0
flight_number_time_bucket,ANC,SEA,AS,AS99.0,SEA→ANC,night,,2024-01-01,2024-12-31,13,13,0,0,0.0,0,0.0,0,0.0,-2.54,-7.0,9.8,6.38,1.0,26.4,2,0.153846,2,0.153846,0,0.0,1.77,0.0,1,0.5,0,
flight_number_time_bucket,ANC,SEA,DL,DL1027.0,SEA→ANC,evening,,2024-01-01,2024-12-31,28,28,0,0,0.0,0,0.0,0,0.0,-4.93,-11.0,10.4,4.04,0.0,11.5,3,0.107143,1,0.035714,0,0.0,0.18,0.0,0,0.0,0,
flight_number_time_bucket,ANC,SEA,DL,DL2355.0,SEA→ANC,night,,2024-01-01,2024-12-31,93,90,3,0,0.032258,2,0.022222,0,0.0,6.08,1.5,28.4,10.21,0.0,28.1,19,0.211111,7,0.077778,2,0.022222,-0.6,0.0,1,0.125,0,0.0
flight_number_time_bucket,ANC,SEA,DL,DL415.0,SEA→ANC,evening,,2024-01-01,2024-12-31,1,1,0,0,0.0,0,0.0,0,0.0,49.0,49.0,49.0,63.0,63.0,63.0,1,1.0,1,1.0,1,1.0,14.0,14.0,0,0.0,0,0.0
flight_number_time_bucket,ANC,SEA,DL,DL415.0,SEA→ANC,night,,2024-01-01,2024-12-31,49,49,0,0,0.0,4,0.081633,1,0.020408,32.04,11.0,54.4,32.16,2.0,45.4,15,0.306122,10,0.204082,4,0.081633,-3.86,0.0,0,0.0,0,0.0
flight_number_time_bucket,ANC,SEA,DL,DL459.0,SEA→ANC,night,,2024-01-01,2024-12-31,28,28,0,0,0.0,3,0.107143,0,0.0,7.04,-0.5,38.9,10.07,0.0,36.3,5,0.178571,3,0.107143,2,0.071429,-1.68,0.0,0,0.0,0,0.0
flight_number_time_bucket,ANC,SEA,DL,DL546.0,SEA→ANC,evening,,2024-01-01,2024-12-31,12,12,0,0,0.0,1,0.083333,0,0.0,6.42,-5.0,34.1,16.08,0.5,45.4,3,0.25,3,0.25,1,0.083333,3.08,0.0,0,0.0,0,0.0
flight_number_time_bucket,ANC,SEA,DL,DL655.0,SEA→ANC,evening,,2024-01-01,2024-12-31,62,62,0,0,0.0,5,0.080645,0,0.0,2.11,-9.0,49.3,15.89,0.0,45.9,14,0.225806,11,0.177419,6,0.096774,1.5,0.0,1,0.090909,0,0.0
flight_number_time_bucket,ANC,SEA,DL,DL657.0,SEA→ANC,night,,2024-01-01,2024-12-31,62,62,0,0,0.0,7,0.112903,1,0.016129,14.18,-6.5,62.6,28.65,0.0,75.6,16,0.258065,11,0.177419,8,0.129032,2.27,0.0,1,0.083333,0,0.0
flight_number_time_bucket,ANC,SEA,DL,DL741.0,SEA→ANC,late_morning,,2024-01-01,2024-12-31,38,38,0,0,0.0,2,0.052632,0,0.0,4.45,-2.0,32.3,7.68,0.0,9.6,2,0.052632,2,0.052632,2,0.052632,-3.13,0.0,0,0.0,0,0.0
flight_number_time_bucket,ANC,SEA,DL,DL781.0,SEA→ANC,evening,,2024-01-01,2024-12-31,31,31,0,0,0.0,3,0.096774,0,0.0,13.94,1.0,46.0,16.23,0.0,42.0,7,0.225806,5,0.16129,3,0.096774,-1.77,0.0,0,0.0,0,0.0
flight_number_time_bucket,ANC,SEA,DL,DL829.0,SEA→ANC,late_morning,,2024-01-01,2024-12-31,84,84,0,0,0.0,0,0.0,0,0.0,-1.33,-3.0,25.1,3.51,0.0,12.7,6,0.071429,2,0.02381,1,0.011905,-2.93,0.0,0,0.0,0,0.0
flight_number_time_bucket,ANC,SEA,DL,DL854.0,SEA→ANC,afternoon,,2024-01-01,2024-12-31,7,7,0,0,0.0,1,0.142857,0,0.0,-1.14,-9.0,37.2,13.0,0.0,39.0,1,0.142857,1,0.142857,1,0.142857,0.43,0.0,0,0.0,0,0.0
flight_number_time_bucket,ANC,SEA,DL,DL854.0,SEA→ANC,late_morning,,2024-01-01,2024-12-31,151,151,0,2,0.0,9,0.059603,0,0.0,1.56,-4.0,26.2,10.87,0.0,31.8,26,0.172185,16,0.10596,10,0.066225,0.5,0.0,5,0.3125,0,0.0
flight_number_time_bucket,ANC,SEA,DL,DL922.0,SEA→ANC,late_morning,,2024-01-01,2024-12-31,208,208,0,2,0.0,4,0.019231,0,0.0,-6.66,-8.5,12.5,6.93,0.0,14.5,20,0.096154,13,0.0625,6,0.028846,1.48,0.0,5,0.357143,0,0.0
flight_number_time_bucket,ANC,SEA,DL,DL928.0,SEA→ANC,afternoon,,2024-01-01,2024-12-31,208,208,0,0,0.0,6,0.028846,1,0.004808,-7.76,-15.0,21.3,8.0,0.0,25.0,25,0.120192,18,0.086538,10,0.048077,1.32,0.0,2,0.1,0,0.0
flight_number_time_bucket,ANC,SEA,DL,DL929.0,SEA→ANC,evening,,2024-01-01,2024-12-31,50,50,0,0,0.0,1,0.02,0,0.0,4.84,-3.5,32.7,9.06,0.0,27.1,12,0.24,3,0.06,1,0.02,-2.26,0.0,0,0.0,0,0.0
flight_number_time_bucket,ANC,SEA,DL,DL930.0,SEA→ANC,early_morning,,2024-01-01,2024-12-31,139,139,0,0,0.0,2,0.014388,0,0.0,-3.68,-8.0,17.2,3.11,0.0,1.2,7,0.05036,4,0.028777,3,0.021583,-2.55,0.0,0,0.0,0,0.0
flight_number_time_bucket,ANC,SEA,DL,DL931.0,SEA→ANC,afternoon,,2024-01-01,2024-12-31,13,13,0,0,0.0,0,0.0,0,0.0,-9.31,-21.0,29.0,13.38,0.0,50.0,4,0.307692,2,0.153846,1,0.076923,4.31,0.0,0,0.0,0,0.0
flight_number_time_bucket,ANC,SEA,DL,DL931.0,SEA→ANC,evening,,2024-01-01,2024-12-31,159,159,0,1,0.0,6,0.037736,0,0.0,4.73,-1.0,40.0,11.22,0.0,35.0,35,0.220126,20,0.125786,7,0.044025,-0.71,0.0,2,0.095238,0,0.0
flight_number_time_bucket,ANC,SEA,DL,DL931.0,SEA→ANC,night,,2024-01-01,2024-12-31,34,34,0,0,0.0,2,0.058824,0,0.0,6.03,-1.5,42.7,16.26,0.5,52.1,11,0.323529,5,0.147059,2,0.058824,3.38,0.0,0,0.0,0,0.0
flight_number_time_bucket,ANC,SEA,DL,DL936.0,SEA→ANC,evening,,2024-01-01,2024-12-31,3,3,0,0,0.0,0,0.0,0,0.0,-10.67,-10.0,-2.8,0.0,0.0,0.0,0,0.0,0,0.0,0,0.0,0.0,0.0,0,,0,
flight_number_time_bucket,ANC,SEA,DL,DL936.0,SEA→ANC,night,,2024-01-01,2024-12-31,202,202,0,0,0.0,8,0.039604,1,0.00495,2.45,-5.5,33.4,10.93,0.0,34.9,38,0.188119,24,0.118812,9,0.044554,-0.1,0.0,2,0.083333,0,0.0
flight_number_time_bucket,ANC,SFO,AS,AS269.0,SFO→ANC,afternoon,,2024-01-01,2024-12-31,24,24,0,0,0.0,2,0.083333,0,0.0,12.17,8.5,41.2,8.38,3.0,20.3,3,0.125,2,0.083333,1,0.041667,-7.79,-5.0,0,0.0,0,0.0
flight_number_time_bucket,ANC,SFO,AS,AS276.0,SFO→ANC,evening,,2024-01-01,2024-12-31,4,4,0,0,0.0,1,0.25,0,0.0,26.25,20.5,62.4,28.0,19.0,63.2,2,0.5,2,0.5,1,0.25,-1.75,-2.0,0,0.0,0,0.0
flight_number_time_bucket,ANC,SFO,AS,AS521.0,SFO→ANC,late_morning,,2024-01-01,2024-12-31,1,1,0,0,0.0,0,0.0,0,0.0,5.0,5.0,5.0,0.0,0.0,0.0,0,0.0,0,0.0,0,0.0,-5.0,-5.0,0,,0,
flight_number_time_bucket,ANC,SFO,AS,AS525.0,SFO→ANC,late_morning,,2024-01-01,2024-12-31,35,35,0,0,0.0,3,0.085714,1,0.028571,20.77,17.0,44.0,15.91,0.0,44.8,10,0.285714,6,0.171429,2,0.057143,-8.86,-6.0,0,0.0,0,0.0
flight_number_time_bucket,ANC,SFO,AS,AS527.0,SFO→ANC,afternoon,,2024-01-01,2024-12-31,6,6,0,0,0.0,1,0.166667,0,0.0,36.0,12.0,95.5,27.83,4.0,79.5,1,0.166667,1,0.166667,1,0.166667,-9.33,-4.0,0,0.0,0,0.0
flight_number_time_bucket,ANC,SFO,AS,AS558.0,SFO→ANC,early_morning,,2024-01-01,2024-12-31,10,10,0,0,0.0,0,0.0,0,0.0,-1.4,0.5,14.5,3.3,0.0,15.2,1,0.1,0,0.0,0,0.0,-3.0,0.0,0,,0,
flight_number_time_bucket,ANC,SFO,AS,AS635.0,SFO→ANC,evening,,2024-01-01,2024-12-31,68,68,0,0,0.0,9,0.132353,2,0.029412,21.66,6.0,86.6,23.47,1.0,77.3,22,0.323529,13,0.191176,8,0.117647,-2.34,0.0,0,0.0,0,0.0
flight_number_time_bucket,ANC,SFO,UA,UA1678.0,SFO→ANC,late_morning,,2024-01-01,2024-12-31,8,8,0,0,0.0,0,0.0,0,0.0,-7.12,-12.5,12.6,10.25,0.0,30.6,1,0.125,1,0.125,1,0.125,4.12,0.0,0,0.0,0,0.0
flight_number_time_bucket,ANC,SFO,UA,UA2481.0,SFO→ANC,evening,,2024-01-01,2024-12-31,103,102,1,0,0.009709,3,0.029412,0,0.0,-2.84,-4.5,18.8,8.83,0.0,30.8,18,0.176471,11,0.107843,4,0.039216,1.8,0.0,2,0.181818,0,0.0
flight_number_time_bucket,ANC,SFO,UA,UA391.0,SFO→ANC,late_morning,,2024-01-01,2024-12-31,5,5,0,0,0.0,0,0.0,0,0.0,-10.0,-15.0,11.6,0.0,0.0,0.0,0,0.0,0,0.0,0,0.0,-4.2,0.0,0,,0,
flight_number_time_bucket,ANC,SLC,AS,AS39.0,SLC→ANC,early_morning,,2024-01-01,2024-12-31,42,40,2,0,0.047619,0,0.0,0,0.0,-2.48,-3.0,14.2,5.85,0.0,21.4,6,0.15,3,0.075,0,0.0,1.82,0.0,2,0.666667,0,
flight_number_time_bucket,ANC,SLC,AS,AS75.0,SLC→ANC,early_morning,,2024-01-01,2024-12-31,2,2,0,0,0.0,0,0.0,0,0.0,-1.5,-1.5,1.3,0.0,0.0,0.0,0,0.0,0,0.0,0,0.0,-1.0,-1.0,0,,0,
flight_number_time_bucket,ANC,SLC,DL,DL394.0,SLC→ANC,night,,2024-01-01,2024-12-31,67,65,2,0,0.029851,1,0.015385,0,0.0,5.68,5.0,32.6,10.77,1.0,30.6,20,0.307692,7,0.107692,1,0.015385,0.31,0.0,0,0.0,0,0.0
flight_number_time_bucket,ANC,SLC,DL,DL444.0,SLC→ANC,night,,2024-01-01,2024-12-31,9,9,0,0,0.0,1,0.111111,0,0.0,1.33,-5.0,27.2,15.67,0.0,47.4,2,0.222222,2,0.222222,1,0.111111,5.44,0.0,1,0.5,0,0.0
